ISO-10303-21;
HEADER;
FILE_DESCRIPTION (( 'STEP AP214' ),
    '1' );
FILE_NAME ('cilinder_uit.STEP',
    '2026-09-30T14:30:10',
    ( '' ),
    ( '' ),
    'SwSTEP 2.0',
    'SolidWorks 2025',
    '' );
FILE_SCHEMA (( 'AUTOMOTIVE_DESIGN' ));
ENDSEC;

DATA;
#1 = ORIENTED_EDGE ( 'NONE', *, *, #2645, .F. ) ;
#2 = ORIENTED_EDGE ( 'NONE', *, *, #9618, .F. ) ;
#3 = ORIENTED_EDGE ( 'NONE', *, *, #3096, .F. ) ;
#4 = EDGE_CURVE ( 'NONE', #10389, #408, #164, .T. ) ;
#5 = CARTESIAN_POINT ( 'NONE',  ( -1.500000000000000000, 29.80000000000000426, -4.217000000000011184 ) ) ;
#6 = DIRECTION ( 'NONE',  ( -0.000000000000000000, -0.000000000000000000, 1.000000000000000000 ) ) ;
#7 = EDGE_CURVE ( 'NONE', #1758, #7486, #5769, .T. ) ;
#8 = AXIS2_PLACEMENT_3D ( 'NONE', #2923, #9254, #8502 ) ;
#9 = ADVANCED_FACE ( 'NONE', ( #8216 ), #657, .F. ) ;
#10 = DIRECTION ( 'NONE',  ( 1.000000000000000000, 0.000000000000000000, 0.000000000000000000 ) ) ;
#11 = EDGE_LOOP ( 'NONE', ( #125, #2865, #3840, #8357, #2178, #3673, #2938 ) ) ;
#12 = CYLINDRICAL_SURFACE ( 'NONE', #7227, 3.499999999999999556 ) ;
#13 = DIRECTION ( 'NONE',  ( -1.000000000000000000, 0.000000000000000000, 0.000000000000000000 ) ) ;
#14 = ORIENTED_EDGE ( 'NONE', *, *, #6265, .T. ) ;
#15 = DIRECTION ( 'NONE',  ( 0.8660254037842989305, -0.5000000000002420286, 0.000000000000000000 ) ) ;
#16 = EDGE_LOOP ( 'NONE', ( #5243, #5316, #7161, #7120, #1923, #8459, #7072 ) ) ;
#17 = CIRCLE ( 'NONE', #1201, 0.2000000000005539014 ) ;
#18 = CIRCLE ( 'NONE', #7269, 4.000000000000305533 ) ;
#19 = VERTEX_POINT ( 'NONE', #4129 ) ;
#20 = AXIS2_PLACEMENT_3D ( 'NONE', #4452, #1047, #8335 ) ;
#21 = ADVANCED_FACE ( 'NONE', ( #3271 ), #6043, .F. ) ;
#22 = EDGE_CURVE ( 'NONE', #4543, #5095, #9982, .T. ) ;
#23 = CARTESIAN_POINT ( 'NONE',  ( 9.350000000000003197, 35.00000000000000000, -17.00000000000000000 ) ) ;
#24 = EDGE_CURVE ( 'NONE', #7868, #1726, #6618, .T. ) ;
#25 = LINE ( 'NONE', #4758, #1711 ) ;
#26 = ORIENTED_EDGE ( 'NONE', *, *, #283, .T. ) ;
#27 = CIRCLE ( 'NONE', #1865, 0.5000000000006353806 ) ;
#28 = LINE ( 'NONE', #10430, #702 ) ;
#29 =( GEOMETRIC_REPRESENTATION_CONTEXT ( 3 ) GLOBAL_UNCERTAINTY_ASSIGNED_CONTEXT ( ( #200 ) ) GLOBAL_UNIT_ASSIGNED_CONTEXT ( ( #6892, #3808, #609 ) ) REPRESENTATION_CONTEXT ( 'NONE', 'WORKASPACE' ) );
#30 = FACE_OUTER_BOUND ( 'NONE', #4620, .T. ) ;
#31 = DIRECTION ( 'NONE',  ( -0.000000000000000000, -0.000000000000000000, 1.000000000000000000 ) ) ;
#32 = CARTESIAN_POINT ( 'NONE',  ( -1.500000000000000000, 19.80000000000001137, -143.5000000000000284 ) ) ;
#33 = ORIENTED_EDGE ( 'NONE', *, *, #2645, .T. ) ;
#34 = PLANE ( 'NONE',  #8453 ) ;
#35 = ORIENTED_EDGE ( 'NONE', *, *, #9338, .F. ) ;
#36 = CIRCLE ( 'NONE', #6604, 1.719999999999998419 ) ;
#37 = B_SPLINE_CURVE_WITH_KNOTS ( 'NONE', 3,
 ( #8109, #4704, #4931, #8169, #2686, #7366 ),
 .UNSPECIFIED., .F., .F.,
 ( 4, 2, 4 ),
 ( 7.282412306560287413E-07, 0.0008498777960104693125, 0.001699027350790282545 ),
 .UNSPECIFIED. ) ;
#38 = FACE_OUTER_BOUND ( 'NONE', #843, .T. ) ;
#39 = AXIS2_PLACEMENT_3D ( 'NONE', #10211, #2958, #7039 ) ;
#40 = EDGE_CURVE ( 'NONE', #1011, #3310, #1998, .T. ) ;
#41 = CARTESIAN_POINT ( 'NONE',  ( 8.000000000000000000, 24.26794919243099713, -152.0000000000000000 ) ) ;
#42 = LINE ( 'NONE', #7328, #3151 ) ;
#43 = AXIS2_PLACEMENT_3D ( 'NONE', #8010, #4661, #2236 ) ;
#44 = DIRECTION ( 'NONE',  ( -1.000000000000000000, 0.000000000000000000, 0.000000000000000000 ) ) ;
#45 = DIRECTION ( 'NONE',  ( 0.000000000000000000, -0.000000000000000000, -1.000000000000000000 ) ) ;
#46 = AXIS2_PLACEMENT_3D ( 'NONE', #9108, #3478, #1696 ) ;
#47 = CARTESIAN_POINT ( 'NONE',  ( -8.750000000000298428, -24.70096189432365108, -2.000000000000000000 ) ) ;
#48 = EDGE_LOOP ( 'NONE', ( #4275, #7727, #867, #4684, #6549, #10128, #8212 ) ) ;
#49 = LINE ( 'NONE', #4783, #3297 ) ;
#50 = LINE ( 'NONE', #7224, #8226 ) ;
#51 = DIRECTION ( 'NONE',  ( -0.000000000000000000, -0.000000000000000000, -1.000000000000000000 ) ) ;
#52 = DIRECTION ( 'NONE',  ( 1.000000000000000000, 0.000000000000000000, 0.000000000000000000 ) ) ;
#53 = VECTOR ( 'NONE', #4943, 1000.000000000000000 ) ;
#54 = CARTESIAN_POINT ( 'NONE',  ( -2.458500000000003460, 16.00000000000000000, 0.000000000000000000 ) ) ;
#55 = DIRECTION ( 'NONE',  ( 0.000000000000000000, -0.000000000000000000, 1.000000000000000000 ) ) ;
#56 = LINE ( 'NONE', #5694, #994 ) ;
#57 = EDGE_LOOP ( 'NONE', ( #2739, #1193, #8714, #10214 ) ) ;
#58 = CIRCLE ( 'NONE', #3740, 3.499999999999720224 ) ;
#59 = DIRECTION ( 'NONE',  ( -1.000000000000000000, 0.000000000000000000, 0.000000000000000000 ) ) ;
#60 = ORIENTED_EDGE ( 'NONE', *, *, #1003, .F. ) ;
#61 = ORIENTED_EDGE ( 'NONE', *, *, #8178, .T. ) ;
#62 = ORIENTED_EDGE ( 'NONE', *, *, #1179, .F. ) ;
#63 = PLANE ( 'NONE',  #5513 ) ;
#64 = DIRECTION ( 'NONE',  ( 0.000000000000000000, -1.000000000000000000, 0.000000000000000000 ) ) ;
#65 = CARTESIAN_POINT ( 'NONE',  ( 0.000000000000000000, 0.000000000000000000, 9.599415897570180434 ) ) ;
#66 = CARTESIAN_POINT ( 'NONE',  ( -0.4999999999993793853, -25.50000000000000355, -121.0000000000000000 ) ) ;
#67 = ORIENTED_EDGE ( 'NONE', *, *, #3198, .F. ) ;
#68 = AXIS2_PLACEMENT_3D ( 'NONE', #2592, #1031, #8110 ) ;
#69 = CARTESIAN_POINT ( 'NONE',  ( -8.015521883131921044, -22.00000000000000000, -148.0000000000000000 ) ) ;
#70 = PLANE ( 'NONE',  #5088 ) ;
#71 = VERTEX_POINT ( 'NONE', #9068 ) ;
#72 = FACE_OUTER_BOUND ( 'NONE', #8656, .T. ) ;
#73 = ADVANCED_FACE ( 'NONE', ( #869 ), #1708, .T. ) ;
#74 = EDGE_CURVE ( 'NONE', #5588, #2744, #9023, .T. ) ;
#75 = VERTEX_POINT ( 'NONE', #9746 ) ;
#76 = ORIENTED_EDGE ( 'NONE', *, *, #992, .F. ) ;
#77 = CARTESIAN_POINT ( 'NONE',  ( 12.00000000000000000, -25.99999999999969802, -152.0000000000000000 ) ) ;
#78 = ORIENTED_EDGE ( 'NONE', *, *, #5803, .F. ) ;
#79 =( NAMED_UNIT ( * ) SI_UNIT ( $, .STERADIAN. ) SOLID_ANGLE_UNIT ( ) );
#80 = DIRECTION ( 'NONE',  ( 0.000000000000000000, 0.000000000000000000, -1.000000000000000000 ) ) ;
#81 = FACE_OUTER_BOUND ( 'NONE', #8073, .T. ) ;
#82 = PLANE ( 'NONE',  #5562 ) ;
#83 = DIRECTION ( 'NONE',  ( -0.8660254037855547038, 0.000000000000000000, -0.4999999999980669907 ) ) ;
#84 = ORIENTED_EDGE ( 'NONE', *, *, #2315, .F. ) ;
#85 = EDGE_CURVE ( 'NONE', #976, #7664, #8855, .T. ) ;
#86 = CARTESIAN_POINT ( 'NONE',  ( -12.00000000000000000, -16.00000000000000000, -13.70000000000055529 ) ) ;
#87 = EDGE_CURVE ( 'NONE', #10414, #259, #135, .T. ) ;
#88 = ADVANCED_FACE ( 'NONE', ( #2436 ), #8942, .F. ) ;
#89 = VERTEX_POINT ( 'NONE', #4975 ) ;
#90 = CARTESIAN_POINT ( 'NONE',  ( 12.00000000000000000, 22.00000000000000000, -152.0000000000000000 ) ) ;
#91 = FACE_OUTER_BOUND ( 'NONE', #8623, .T. ) ;
#92 = CARTESIAN_POINT ( 'NONE',  ( 0.000000000000000000, 0.000000000000000000, 7.799999999999975842 ) ) ;
#93 = CONICAL_SURFACE ( 'NONE', #6996, 3.499999999999999556, 0.7853981633974305154 ) ;
#94 = DIRECTION ( 'NONE',  ( -1.000000000000000000, 0.000000000000000000, 0.000000000000000000 ) ) ;
#95 = CARTESIAN_POINT ( 'NONE',  ( 6.500000000000001776, 26.56751405593971427, -151.9295957082068469 ) ) ;
#96 = FACE_OUTER_BOUND ( 'NONE', #1146, .T. ) ;
#97 = ORIENTED_EDGE ( 'NONE', *, *, #2774, .T. ) ;
#98 = AXIS2_PLACEMENT_3D ( 'NONE', #7618, #4323, #2005 ) ;
#99 = DIRECTION ( 'NONE',  ( 0.000000000000000000, 0.000000000000000000, -1.000000000000000000 ) ) ;
#100 = EDGE_CURVE ( 'NONE', #7751, #3195, #5028, .T. ) ;
#101 = VECTOR ( 'NONE', #5454, 1000.000000000000000 ) ;
#102 = FACE_OUTER_BOUND ( 'NONE', #4419, .T. ) ;
#103 = LINE ( 'NONE', #838, #10407 ) ;
#104 = CARTESIAN_POINT ( 'NONE',  ( 6.759309155579778405, 24.98426238543857991, -151.9222887293126973 ) ) ;
#105 = DIRECTION ( 'NONE',  ( 0.000000000000000000, 0.000000000000000000, 1.000000000000000000 ) ) ;
#106 = CONICAL_SURFACE ( 'NONE', #6493, 1.720000000000001084, 1.047197551202451837 ) ;
#107 = DIRECTION ( 'NONE',  ( 0.000000000000000000, 0.000000000000000000, -1.000000000000000000 ) ) ;
#108 = ORIENTED_EDGE ( 'NONE', *, *, #5357, .F. ) ;
#109 = DIRECTION ( 'NONE',  ( -1.000000000000000000, 0.000000000000000000, 0.000000000000000000 ) ) ;
#110 = ORIENTED_EDGE ( 'NONE', *, *, #7622, .F. ) ;
#111 = VERTEX_POINT ( 'NONE', #3383 ) ;
#112 = ORIENTED_EDGE ( 'NONE', *, *, #2845, .F. ) ;
#113 = DIRECTION ( 'NONE',  ( 0.000000000000000000, 0.000000000000000000, 1.000000000000000000 ) ) ;
#114 = DIRECTION ( 'NONE',  ( 0.000000000000000000, 0.000000000000000000, -1.000000000000000000 ) ) ;
#115 = MANIFOLD_SOLID_BREP ( 'Fillet2', #5359 ) ;
#116 = FACE_OUTER_BOUND ( 'NONE', #275, .T. ) ;
#117 = VECTOR ( 'NONE', #8234, 1000.000000000000000 ) ;
#118 = VECTOR ( 'NONE', #2019, 1000.000000000000000 ) ;
#119 = ORIENTED_EDGE ( 'NONE', *, *, #4395, .F. ) ;
#120 = CYLINDRICAL_SURFACE ( 'NONE', #1935, 0.5000000000006370460 ) ;
#121 = CARTESIAN_POINT ( 'NONE',  ( 8.000000000000000000, 26.00000000000000355, -3.899999999999999911 ) ) ;
#122 = ORIENTED_EDGE ( 'NONE', *, *, #3364, .T. ) ;
#123 = CIRCLE ( 'NONE', #3800, 5.000000000000000888 ) ;
#124 = CARTESIAN_POINT ( 'NONE',  ( -7.249999999999388933, 34.99999999999999289, -135.0000000000000000 ) ) ;
#125 = ORIENTED_EDGE ( 'NONE', *, *, #6653, .F. ) ;
#126 = CARTESIAN_POINT ( 'NONE',  ( 8.000000000000310862, 26.00000000000000355, -148.0000000000000000 ) ) ;
#127 = ORIENTED_EDGE ( 'NONE', *, *, #601, .T. ) ;
#128 = VECTOR ( 'NONE', #5317, 1000.000000000000000 ) ;
#129 = AXIS2_PLACEMENT_3D ( 'NONE', #6287, #3908, #15 ) ;
#130 = VERTEX_POINT ( 'NONE', #247 ) ;
#131 = ADVANCED_FACE ( 'NONE', ( #1331 ), #12, .T. ) ;
#132 = DIRECTION ( 'NONE',  ( -0.000000000000000000, -0.000000000000000000, 1.000000000000000000 ) ) ;
#133 = ORIENTED_EDGE ( 'NONE', *, *, #9324, .F. ) ;
#134 = CONICAL_SURFACE ( 'NONE', #811, 3.249999999999988898, 0.7853981633974562726 ) ;
#135 = LINE ( 'NONE', #9692, #7910 ) ;
#136 = AXIS2_PLACEMENT_3D ( 'NONE', #974, #8802, #1025 ) ;
#137 = AXIS2_PLACEMENT_3D ( 'NONE', #695, #6434, #4686 ) ;
#138 = CARTESIAN_POINT ( 'NONE',  ( -1.738422021547136875, -17.73842202154713732, -141.7615779784528627 ) ) ;
#139 = DIRECTION ( 'NONE',  ( 0.000000000000000000, 0.000000000000000000, -1.000000000000000000 ) ) ;
#140 = CARTESIAN_POINT ( 'NONE',  ( -7.978903285765481357, -27.71987061392667329, -152.0000000000000000 ) ) ;
#141 = VERTEX_POINT ( 'NONE', #2371 ) ;
#142 = ORIENTED_EDGE ( 'NONE', *, *, #5194, .T. ) ;
#143 = AXIS2_PLACEMENT_3D ( 'NONE', #3662, #6096, #3017 ) ;
#144 = EDGE_LOOP ( 'NONE', ( #2192, #10405, #4849 ) ) ;
#145 = AXIS2_PLACEMENT_3D ( 'NONE', #8180, #3177, #3237 ) ;
#146 = VECTOR ( 'NONE', #9651, 1000.000000000000000 ) ;
#147 = FACE_OUTER_BOUND ( 'NONE', #4623, .T. ) ;
#148 = EDGE_CURVE ( 'NONE', #9964, #1505, #1641, .T. ) ;
#149 = CARTESIAN_POINT ( 'NONE',  ( 0.000000000000000000, 0.000000000000000000, 7.999999999999992895 ) ) ;
#150 = CARTESIAN_POINT ( 'NONE',  ( 4.335090188609796336, 29.80000000000000071, 0.000000000000000000 ) ) ;
#151 = EDGE_CURVE ( 'NONE', #5364, #2576, #2532, .T. ) ;
#152 = EDGE_CURVE ( 'NONE', #504, #4320, #1662, .T. ) ;
#153 = DIRECTION ( 'NONE',  ( 1.000000000000000000, 0.000000000000000000, 0.000000000000000000 ) ) ;
#154 = EDGE_CURVE ( 'NONE', #8224, #7305, #7352, .T. ) ;
#155 = CARTESIAN_POINT ( 'NONE',  ( -7.299999999999445599, 33.20000000000000284, -135.0000000000000000 ) ) ;
#156 = CIRCLE ( 'NONE', #6887, 3.099999999999977884 ) ;
#157 = CARTESIAN_POINT ( 'NONE',  ( 9.500000000000000000, 25.15833498349996944, -152.0000000000000000 ) ) ;
#158 = ORIENTED_EDGE ( 'NONE', *, *, #1263, .T. ) ;
#159 = DIRECTION ( 'NONE',  ( 0.000000000000000000, 1.000000000000000000, -0.000000000000000000 ) ) ;
#160 = CARTESIAN_POINT ( 'NONE',  ( -11.84999999999999964, 27.04174243050400150, -17.00000000000000000 ) ) ;
#161 = EDGE_CURVE ( 'NONE', #6391, #130, #8097, .T. ) ;
#162 = CARTESIAN_POINT ( 'NONE',  ( 4.900000000000022560, 26.00000000000000355, -152.0000000000000000 ) ) ;
#163 = DIRECTION ( 'NONE',  ( -0.000000000000000000, -0.000000000000000000, -1.000000000000000000 ) ) ;
#164 = CIRCLE ( 'NONE', #4188, 3.499999999999999556 ) ;
#165 = EDGE_CURVE ( 'NONE', #1798, #7007, #7577, .T. ) ;
#166 = EDGE_CURVE ( 'NONE', #1460, #9892, #7245, .T. ) ;
#167 = EDGE_CURVE ( 'NONE', #426, #7451, #1748, .T. ) ;
#168 = CARTESIAN_POINT ( 'NONE',  ( -12.00000000000000533, 26.00000000000094857, -17.00000000000000000 ) ) ;
#169 = PLANE ( 'NONE',  #7941 ) ;
#170 = ORIENTED_EDGE ( 'NONE', *, *, #7707, .F. ) ;
#171 = DIRECTION ( 'NONE',  ( -0.000000000000000000, 0.000000000000000000, -1.000000000000000000 ) ) ;
#172 = ORIENTED_EDGE ( 'NONE', *, *, #9710, .F. ) ;
#173 = ORIENTED_EDGE ( 'NONE', *, *, #3219, .T. ) ;
#174 = LINE ( 'NONE', #277, #2301 ) ;
#175 = CYLINDRICAL_SURFACE ( 'NONE', #7573, 2.458500000000003460 ) ;
#176 = PLANE ( 'NONE',  #3455 ) ;
#177 = EDGE_CURVE ( 'NONE', #3695, #6003, #7300, .T. ) ;
#178 = ORIENTED_EDGE ( 'NONE', *, *, #3082, .F. ) ;
#179 = DIRECTION ( 'NONE',  ( 0.000000000000000000, 0.000000000000000000, 1.000000000000000000 ) ) ;
#180 = DIRECTION ( 'NONE',  ( 1.000000000000000000, -0.000000000000000000, -0.000000000000000000 ) ) ;
#181 = ORIENTED_EDGE ( 'NONE', *, *, #1929, .F. ) ;
#182 = CARTESIAN_POINT ( 'NONE',  ( 3.749999999999998224, -7.250000000000000000, -145.5000000000000284 ) ) ;
#183 = PLANE ( 'NONE',  #136 ) ;
#184 = ORIENTED_EDGE ( 'NONE', *, *, #6722, .T. ) ;
#185 = ORIENTED_EDGE ( 'NONE', *, *, #3729, .T. ) ;
#186 = DIRECTION ( 'NONE',  ( -1.000000000000000000, 0.000000000000000000, 0.000000000000000000 ) ) ;
#187 = ORIENTED_EDGE ( 'NONE', *, *, #7961, .T. ) ;
#188 = CARTESIAN_POINT ( 'NONE',  ( -2.458499999999998575, 14.55984404309425884, -6.041500000000000092 ) ) ;
#189 = FACE_OUTER_BOUND ( 'NONE', #5970, .T. ) ;
#190 = DIRECTION ( 'NONE',  ( 0.5000000000002383649, -0.8660254037843009289, 0.000000000000000000 ) ) ;
#191 = DIRECTION ( 'NONE',  ( -1.000000000000000000, 0.000000000000000000, 0.000000000000000000 ) ) ;
#192 = ORIENTED_EDGE ( 'NONE', *, *, #6245, .T. ) ;
#193 = AXIS2_PLACEMENT_3D ( 'NONE', #5112, #8343, #2469 ) ;
#194 = ORIENTED_EDGE ( 'NONE', *, *, #4268, .T. ) ;
#195 = VECTOR ( 'NONE', #1878, 1000.000000000000000 ) ;
#196 = ORIENTED_EDGE ( 'NONE', *, *, #7890, .F. ) ;
#197 = CARTESIAN_POINT ( 'NONE',  ( 6.850000000000001421, 34.60000000000061959, -17.00000000000000000 ) ) ;
#198 = VECTOR ( 'NONE', #4173, 1000.000000000000000 ) ;
#199 = CIRCLE ( 'NONE', #9462, 4.000000000000305533 ) ;
#200 = UNCERTAINTY_MEASURE_WITH_UNIT (LENGTH_MEASURE( 1.000000000000000082E-05 ), #6892, 'distance_accuracy_value', 'NONE');
#201 = CARTESIAN_POINT ( 'NONE',  ( -12.00000000000000000, -22.00000000000000000, -152.0000000000000000 ) ) ;
#202 = DIRECTION ( 'NONE',  ( -0.000000000000000000, -0.000000000000000000, -1.000000000000000000 ) ) ;
#203 = DIRECTION ( 'NONE',  ( 0.000000000000000000, 0.000000000000000000, -1.000000000000000000 ) ) ;
#204 = CARTESIAN_POINT ( 'NONE',  ( -1.440155956905745605, 13.54150000000000276, -9.940155956905746493 ) ) ;
#205 = VERTEX_POINT ( 'NONE', #8156 ) ;
#206 = AXIS2_PLACEMENT_3D ( 'NONE', #4540, #2961, #6093 ) ;
#207 = LINE ( 'NONE', #6792, #7504 ) ;
#208 =( BOUNDED_CURVE ( )  B_SPLINE_CURVE ( 3, ( #1514, #2409, #782, #9607 ),
 .UNSPECIFIED., .F., .F. ) 
 B_SPLINE_CURVE_WITH_KNOTS ( ( 4, 4 ),
 ( 0.000000000000000000, 0.7853981633974488341 ),
 .UNSPECIFIED. ) 
 CURVE ( )  GEOMETRIC_REPRESENTATION_ITEM ( )  RATIONAL_B_SPLINE_CURVE ( ( 1.000000000000000000, 0.9492530216741910110, 0.9492530216741910110, 1.000000000000000000 ) ) 
 REPRESENTATION_ITEM ( '' )  );
#209 = CARTESIAN_POINT ( 'NONE',  ( -12.00000000000000000, -16.00000000000000000, -145.9585000000000150 ) ) ;
#210 = ADVANCED_FACE ( 'NONE', ( #2426 ), #3159, .F. ) ;
#211 = ADVANCED_FACE ( 'NONE', ( #6440 ), #120, .F. ) ;
#212 = AXIS2_PLACEMENT_3D ( 'NONE', #1911, #5713, #6615 ) ;
#213 = EDGE_CURVE ( 'NONE', #2474, #5616, #3318, .T. ) ;
#214 = DIRECTION ( 'NONE',  ( 0.000000000000000000, 0.000000000000000000, -1.000000000000000000 ) ) ;
#215 = FACE_OUTER_BOUND ( 'NONE', #6157, .T. ) ;
#216 = EDGE_CURVE ( 'NONE', #7683, #7786, #1584, .T. ) ;
#217 = VECTOR ( 'NONE', #5069, 1000.000000000000000 ) ;
#218 = CARTESIAN_POINT ( 'NONE',  ( 2.458500000000012786, -16.00000000000000000, -141.0415000000000134 ) ) ;
#220 = CYLINDRICAL_SURFACE ( 'NONE', #8546, 2.458500000000012786 ) ;
#219 = VECTOR ( 'NONE', #7807, 1000.000000000000000 ) ;
#221 = FACE_OUTER_BOUND ( 'NONE', #3003, .T. ) ;
#222 = ORIENTED_EDGE ( 'NONE', *, *, #3081, .F. ) ;
#223 = AXIS2_PLACEMENT_3D ( 'NONE', #6031, #349, #3693 ) ;
#224 = DIRECTION ( 'NONE',  ( 0.000000000000000000, 0.000000000000000000, 1.000000000000000000 ) ) ;
#225 = ORIENTED_EDGE ( 'NONE', *, *, #6323, .T. ) ;
#226 = EDGE_LOOP ( 'NONE', ( #1060, #225, #9585, #4992 ) ) ;
#227 = VERTEX_POINT ( 'NONE', #5805 ) ;
#228 = ADVANCED_FACE ( 'NONE', ( #4917 ), #968, .T. ) ;
#229 = EDGE_CURVE ( 'NONE', #757, #9662, #913, .T. ) ;
#230 = ADVANCED_FACE ( 'NONE', ( #9837 ), #1796, .T. ) ;
#231 = DIRECTION ( 'NONE',  ( 0.8660254037842981534, 0.5000000000002433609, 0.000000000000000000 ) ) ;
#232 = CONICAL_SURFACE ( 'NONE', #5430, 3.499999999999999556, 0.7853981633974589371 ) ;
#233 = CARTESIAN_POINT ( 'NONE',  ( -7.249999999999388933, 34.60000000000061959, -152.0010000000000048 ) ) ;
#234 = CARTESIAN_POINT ( 'NONE',  ( 12.00000000000000000, 26.00000000000094857, -148.0000000000000000 ) ) ;
#235 = VECTOR ( 'NONE', #4850, 1000.000000000000000 ) ;
#236 = ORIENTED_EDGE ( 'NONE', *, *, #6592, .T. ) ;
#237 = DIRECTION ( 'NONE',  ( 0.000000000000000000, 1.000000000000000000, 0.000000000000000000 ) ) ;
#238 = LINE ( 'NONE', #4962, #9161 ) ;
#239 = EDGE_LOOP ( 'NONE', ( #2587, #6558 ) ) ;
#240 = PLANE ( 'NONE',  #1461 ) ;
#241 = DIRECTION ( 'NONE',  ( 0.000000000000000000, 0.000000000000000000, 1.000000000000000000 ) ) ;
#242 = EDGE_CURVE ( 'NONE', #8451, #6109, #5141, .T. ) ;
#243 = AXIS2_PLACEMENT_3D ( 'NONE', #2721, #9301, #10038 ) ;
#244 = ORIENTED_EDGE ( 'NONE', *, *, #8522, .F. ) ;
#245 = DIRECTION ( 'NONE',  ( 1.000000000000000000, 0.000000000000000000, 0.000000000000000000 ) ) ;
#246 = ORIENTED_EDGE ( 'NONE', *, *, #3274, .T. ) ;
#247 = CARTESIAN_POINT ( 'NONE',  ( -9.500000000000000000, -26.00000000000000355, -150.0000000000000000 ) ) ;
#248 = CARTESIAN_POINT ( 'NONE',  ( 12.05000000000064020, 27.50000000000000000, -135.0000000000000000 ) ) ;
#249 = DIRECTION ( 'NONE',  ( 0.000000000000000000, -1.000000000000000000, 0.000000000000000000 ) ) ;
#250 = DIRECTION ( 'NONE',  ( -0.000000000000000000, -0.000000000000000000, -1.000000000000000000 ) ) ;
#251 = ORIENTED_EDGE ( 'NONE', *, *, #4445, .T. ) ;
#252 = EDGE_LOOP ( 'NONE', ( #2794, #7589, #2785, #2879 ) ) ;
#253 = ORIENTED_EDGE ( 'NONE', *, *, #7906, .F. ) ;
#254 = CARTESIAN_POINT ( 'NONE',  ( 0.000000000000000000, 0.000000000000000000, -152.0000000000000000 ) ) ;
#255 = LINE ( 'NONE', #9177, #1595 ) ;
#256 = CARTESIAN_POINT ( 'NONE',  ( 4.030983766875087859, 26.35136306023699149, 0.000000000000000000 ) ) ;
#257 = DIRECTION ( 'NONE',  ( -0.8660254037842992636, -0.5000000000002413625, 0.000000000000000000 ) ) ;
#258 = DIRECTION ( 'NONE',  ( 0.000000000000000000, 1.000000000000000000, 0.000000000000000000 ) ) ;
#259 = VERTEX_POINT ( 'NONE', #1846 ) ;
#260 = DIRECTION ( 'NONE',  ( 0.000000000000000000, 0.000000000000000000, -1.000000000000000000 ) ) ;
#261 = FACE_OUTER_BOUND ( 'NONE', #2928, .T. ) ;
#262 = AXIS2_PLACEMENT_3D ( 'NONE', #9641, #7947, #9537 ) ;
#263 = FACE_OUTER_BOUND ( 'NONE', #4136, .T. ) ;
#264 = CARTESIAN_POINT ( 'NONE',  ( 0.000000000000000000, 0.000000000000000000, 7.999999999999992895 ) ) ;
#265 = EDGE_CURVE ( 'NONE', #4512, #3850, #5126, .T. ) ;
#266 = CARTESIAN_POINT ( 'NONE',  ( -7.740690376478576162, -27.58233832662534724, -151.9222885766577917 ) ) ;
#267 = EDGE_CURVE ( 'NONE', #7667, #4357, #9998, .T. ) ;
#268 = CIRCLE ( 'NONE', #8524, 0.2000000000005541234 ) ;
#269 = DIRECTION ( 'NONE',  ( 0.000000000000000000, 0.000000000000000000, 1.000000000000000000 ) ) ;
#270 = DIRECTION ( 'NONE',  ( 0.000000000000000000, 0.000000000000000000, 1.000000000000000000 ) ) ;
#271 = DIRECTION ( 'NONE',  ( 1.000000000000000000, 0.000000000000000000, 0.000000000000000000 ) ) ;
#272 = ORIENTED_EDGE ( 'NONE', *, *, #7953, .T. ) ;
#273 = CARTESIAN_POINT ( 'NONE',  ( 2.458500000000000796, -16.66074916942604389, -145.9585000000000150 ) ) ;
#274 = VERTEX_POINT ( 'NONE', #1119 ) ;
#275 = EDGE_LOOP ( 'NONE', ( #9752, #8835, #2536, #7059 ) ) ;
#276 = ORIENTED_EDGE ( 'NONE', *, *, #3270, .T. ) ;
#277 = CARTESIAN_POINT ( 'NONE',  ( -7.249999999999717559, -27.29903810567634181, -2.000000000000000000 ) ) ;
#278 = CYLINDRICAL_SURFACE ( 'NONE', #8076, 0.3999999999993869571 ) ;
#279 = DIRECTION ( 'NONE',  ( -1.000000000000000000, 0.000000000000000000, 0.000000000000000000 ) ) ;
#280 = EDGE_CURVE ( 'NONE', #2602, #5956, #5978, .T. ) ;
#281 = ORIENTED_EDGE ( 'NONE', *, *, #5759, .F. ) ;
#282 = EDGE_CURVE ( 'NONE', #721, #400, #2932, .T. ) ;
#283 = EDGE_CURVE ( 'NONE', #5436, #4320, #1074, .T. ) ;
#284 = LINE ( 'NONE', #3477, #3121 ) ;
#285 = CARTESIAN_POINT ( 'NONE',  ( -3.647273485673901749, -22.00000000000000000, 0.000000000000000000 ) ) ;
#286 = EDGE_CURVE ( 'NONE', #8172, #1340, #3528, .T. ) ;
#287 = ORIENTED_EDGE ( 'NONE', *, *, #4837, .F. ) ;
#288 = CARTESIAN_POINT ( 'NONE',  ( -1.738422021547134655, -17.73842202154713732, -145.2384220215471657 ) ) ;
#289 = CARTESIAN_POINT ( 'NONE',  ( 4.136184427528460716, 0.000000000000000000, 9.599415897570180434 ) ) ;
#290 = AXIS2_PLACEMENT_3D ( 'NONE', #1155, #7597, #1203 ) ;
#291 = DIRECTION ( 'NONE',  ( 1.224646799147353207E-16, 1.000000000000000000, -0.000000000000000000 ) ) ;
#292 = ORIENTED_EDGE ( 'NONE', *, *, #8782, .T. ) ;
#293 = AXIS2_PLACEMENT_3D ( 'NONE', #1546, #766, #3172 ) ;
#294 = EDGE_CURVE ( 'NONE', #1220, #7936, #1102, .T. ) ;
#295 = DIRECTION ( 'NONE',  ( 0.000000000000000000, 0.000000000000000000, 1.000000000000000000 ) ) ;
#296 = ORIENTED_EDGE ( 'NONE', *, *, #5990, .F. ) ;
#297 = DIRECTION ( 'NONE',  ( 0.000000000000000000, 0.000000000000000000, -1.000000000000000000 ) ) ;
#298 = ADVANCED_FACE ( 'NONE', ( #5274 ), #7673, .T. ) ;
#299 = DIRECTION ( 'NONE',  ( -0.000000000000000000, -0.000000000000000000, -1.000000000000000000 ) ) ;
#300 = FACE_OUTER_BOUND ( 'NONE', #8735, .T. ) ;
#301 = ORIENTED_EDGE ( 'NONE', *, *, #280, .F. ) ;
#302 = AXIS2_PLACEMENT_3D ( 'NONE', #650, #5598, #10309 ) ;
#303 = ORIENTED_EDGE ( 'NONE', *, *, #9217, .T. ) ;
#304 = DIRECTION ( 'NONE',  ( 1.000000000000000000, 0.000000000000000000, -0.000000000000000000 ) ) ;
#305 = CONICAL_SURFACE ( 'NONE', #7876, 1.719999999999999307, 1.047197551202454280 ) ;
#306 = CARTESIAN_POINT ( 'NONE',  ( 2.458500000000003460, 16.00000000000000000, -121.0000000000000000 ) ) ;
#307 = PLANE ( 'NONE',  #2154 ) ;
#308 = ORIENTED_EDGE ( 'NONE', *, *, #5686, .T. ) ;
#309 = ORIENTED_EDGE ( 'NONE', *, *, #463, .T. ) ;
#310 = DIRECTION ( 'NONE',  ( 0.000000000000000000, -1.000000000000000000, 0.000000000000000000 ) ) ;
#311 = AXIS2_PLACEMENT_3D ( 'NONE', #10074, #10025, #6679 ) ;
#312 = CARTESIAN_POINT ( 'NONE',  ( 9.500000000000000000, 26.00000000000000355, -150.0000000000000000 ) ) ;
#313 = VERTEX_POINT ( 'NONE', #5962 ) ;
#314 = DIRECTION ( 'NONE',  ( 1.000000000000000000, 0.000000000000000000, 0.000000000000000000 ) ) ;
#315 = DIRECTION ( 'NONE',  ( 1.000000000000000000, 0.000000000000000000, 0.000000000000000000 ) ) ;
#316 = AXIS2_PLACEMENT_3D ( 'NONE', #5407, #8648, #6254 ) ;
#317 = AXIS2_PLACEMENT_3D ( 'NONE', #2282, #1504, #7753 ) ;
#318 = VECTOR ( 'NONE', #3422, 1000.000000000000000 ) ;
#319 = CARTESIAN_POINT ( 'NONE',  ( -5.688034792648446469, -1.909518315602324545, 7.999999999999992895 ) ) ;
#320 = VECTOR ( 'NONE', #1677, 1000.000000000000000 ) ;
#321 = LINE ( 'NONE', #7599, #3728 ) ;
#322 = CARTESIAN_POINT ( 'NONE',  ( -5.688034792648446469, -1.909518315602324545, 7.800000000000017586 ) ) ;
#323 = CARTESIAN_POINT ( 'NONE',  ( -0.5329999999999892601, -7.250000000000000000, -150.6715170305900529 ) ) ;
#324 = CARTESIAN_POINT ( 'NONE',  ( 2.458500000000006125, -16.66074916942604034, -10.95850000000000612 ) ) ;
#325 = FACE_OUTER_BOUND ( 'NONE', #3578, .T. ) ;
#326 = VERTEX_POINT ( 'NONE', #7460 ) ;
#327 = CARTESIAN_POINT ( 'NONE',  ( -1.999999999999988676, 0.000000000000000000, -152.0000000000000000 ) ) ;
#328 = ORIENTED_EDGE ( 'NONE', *, *, #4932, .T. ) ;
#329 = ORIENTED_EDGE ( 'NONE', *, *, #6393, .T. ) ;
#330 = AXIS2_PLACEMENT_3D ( 'NONE', #4270, #3585, #9104 ) ;
#331 = ORIENTED_EDGE ( 'NONE', *, *, #3784, .T. ) ;
#332 = CARTESIAN_POINT ( 'NONE',  ( 0.000000000000000000, 0.000000000000000000, -150.0000000000000000 ) ) ;
#333 = VECTOR ( 'NONE', #9734, 1000.000000000000000 ) ;
#334 = DIRECTION ( 'NONE',  ( -0.000000000000000000, -1.000000000000000000, -0.000000000000000000 ) ) ;
#335 = DIRECTION ( 'NONE',  ( 1.000000000000000000, 0.000000000000000000, 0.000000000000000000 ) ) ;
#336 = EDGE_LOOP ( 'NONE', ( #918, #10130 ) ) ;
#337 = DIRECTION ( 'NONE',  ( 1.000000000000000000, 0.000000000000000000, 0.000000000000000000 ) ) ;
#338 = DIRECTION ( 'NONE',  ( 0.7071067811864980568, 8.659560562354326421E-17, -0.7071067811865970887 ) ) ;
#339 = ORIENTED_EDGE ( 'NONE', *, *, #10298, .F. ) ;
#340 = CARTESIAN_POINT ( 'NONE',  ( -3.647273485673901749, -22.00000000000000000, -148.0000000000000000 ) ) ;
#341 = DIRECTION ( 'NONE',  ( 0.000000000000000000, 0.000000000000000000, -1.000000000000000000 ) ) ;
#342 = CARTESIAN_POINT ( 'NONE',  ( 0.4999999999993793853, -17.49999999999938183, -121.0000000000000000 ) ) ;
#343 = EDGE_CURVE ( 'NONE', #9239, #604, #5174, .T. ) ;
#344 = ADVANCED_FACE ( 'NONE', ( #9269 ), #4273, .F. ) ;
#345 = EDGE_CURVE ( 'NONE', #1750, #9781, #268, .T. ) ;
#346 = CARTESIAN_POINT ( 'NONE',  ( -6.500000000000000888, -25.13397459621599950, 0.000000000000000000 ) ) ;
#347 = ORIENTED_EDGE ( 'NONE', *, *, #395, .F. ) ;
#348 = CARTESIAN_POINT ( 'NONE',  ( -12.00000000000000000, -16.00000000000000000, -8.500000000000000000 ) ) ;
#349 = DIRECTION ( 'NONE',  ( 1.000000000000000000, -0.000000000000000000, -0.000000000000000000 ) ) ;
#350 = DIRECTION ( 'NONE',  ( 1.000000000000000000, -0.000000000000000000, -0.000000000000000000 ) ) ;
#351 = ORIENTED_EDGE ( 'NONE', *, *, #10330, .F. ) ;
#352 = ORIENTED_EDGE ( 'NONE', *, *, #778, .T. ) ;
#353 = ADVANCED_FACE ( 'NONE', ( #433 ), #8187, .T. ) ;
#354 = ADVANCED_FACE ( 'NONE', ( #6866 ), #431, .T. ) ;
#355 = DIRECTION ( 'NONE',  ( -0.4999999999986916022, 0.000000000000000000, -0.8660254037851941034 ) ) ;
#356 = CARTESIAN_POINT ( 'NONE',  ( 3.010794155703798726E-16, -18.45850000000002922, -141.0414999999999850 ) ) ;
#357 = ORIENTED_EDGE ( 'NONE', *, *, #8953, .T. ) ;
#358 = EDGE_LOOP ( 'NONE', ( #456, #8161 ) ) ;
#359 = DIRECTION ( 'NONE',  ( -0.8660254037842887165, -0.5000000000002595701, 0.000000000000000000 ) ) ;
#360 = VECTOR ( 'NONE', #7203, 1000.000000000000000 ) ;
#361 = CARTESIAN_POINT ( 'NONE',  ( -8.000000000000000000, -16.00000000000000000, -5.499999999999969802 ) ) ;
#362 = ORIENTED_EDGE ( 'NONE', *, *, #6827, .F. ) ;
#363 = CARTESIAN_POINT ( 'NONE',  ( -8.000000000000000000, -26.00000000000000355, -149.1339745962199856 ) ) ;
#364 = DIRECTION ( 'NONE',  ( 1.000000000000000000, 0.000000000000000000, 0.000000000000000000 ) ) ;
#365 = CIRCLE ( 'NONE', #5570, 0.2000000000005539014 ) ;
#366 = AXIS2_PLACEMENT_3D ( 'NONE', #7443, #3622, #1056 ) ;
#367 = EDGE_CURVE ( 'NONE', #4982, #7403, #3952, .T. ) ;
#368 = DIRECTION ( 'NONE',  ( 1.000000000000000000, 0.000000000000000000, 0.000000000000000000 ) ) ;
#369 = DIRECTION ( 'NONE',  ( -0.000000000000000000, -0.000000000000000000, -1.000000000000000000 ) ) ;
#370 = CYLINDRICAL_SURFACE ( 'NONE', #1982, 8.000000000000621725 ) ;
#371 = PLANE ( 'NONE',  #366 ) ;
#372 = CARTESIAN_POINT ( 'NONE',  ( 1.738422021547135765, -17.73842202154713732, -6.761577978452865345 ) ) ;
#373 = DIRECTION ( 'NONE',  ( -0.8660254037873669208, 0.000000000000000000, -0.4999999999949281126 ) ) ;
#374 = VERTEX_POINT ( 'NONE', #2622 ) ;
#375 = AXIS2_PLACEMENT_3D ( 'NONE', #554, #3752, #6938 ) ;
#376 = CARTESIAN_POINT ( 'NONE',  ( -6.500000000000000888, -25.29449244061914825, -151.9615327062502388 ) ) ;
#377 = VERTEX_POINT ( 'NONE', #5862 ) ;
#378 = ORIENTED_EDGE ( 'NONE', *, *, #9634, .F. ) ;
#379 = CARTESIAN_POINT ( 'NONE',  ( 7.999999999999694467, -30.00000000000000000, -135.0000000000000000 ) ) ;
#380 = AXIS2_PLACEMENT_3D ( 'NONE', #4436, #10109, #8624 ) ;
#381 = CARTESIAN_POINT ( 'NONE',  ( 0.000000000000000000, 13.54150000000000098, -8.500000000000000000 ) ) ;
#382 = CARTESIAN_POINT ( 'NONE',  ( -1.000000000000000000, 30.00000000000000000, -152.0010000000000048 ) ) ;
#383 = VECTOR ( 'NONE', #4385, 1000.000000000000000 ) ;
#384 = ORIENTED_EDGE ( 'NONE', *, *, #1302, .T. ) ;
#385 = CIRCLE ( 'NONE', #9825, 1.500000000000000666 ) ;
#386 = CARTESIAN_POINT ( 'NONE',  ( -8.000000000000000000, -26.00000000000000355, -0.3999999999999810929 ) ) ;
#387 = DIRECTION ( 'NONE',  ( 1.000000000000000000, 0.000000000000000000, 0.000000000000000000 ) ) ;
#388 = VERTEX_POINT ( 'NONE', #9107 ) ;
#389 = CARTESIAN_POINT ( 'NONE',  ( -9.500000000000000000, -25.13397459621599950, -152.0000000000000000 ) ) ;
#390 = CARTESIAN_POINT ( 'NONE',  ( -1.499999999999999556, 28.47151703059009265, -147.7829999999999870 ) ) ;
#391 = AXIS2_PLACEMENT_3D ( 'NONE', #4527, #8518, #8622 ) ;
#392 = CARTESIAN_POINT ( 'NONE',  ( -2.458500000000012786, -16.00000000000000000, 0.000000000000000000 ) ) ;
#393 = ORIENTED_EDGE ( 'NONE', *, *, #798, .F. ) ;
#394 = VECTOR ( 'NONE', #4144, 1000.000000000000000 ) ;
#395 = EDGE_CURVE ( 'NONE', #734, #4598, #284, .T. ) ;
#396 = DIRECTION ( 'NONE',  ( -0.000000000000000000, -0.000000000000000000, 1.000000000000000000 ) ) ;
#397 = EDGE_CURVE ( 'NONE', #4320, #5008, #9158, .T. ) ;
#398 = DIRECTION ( 'NONE',  ( 1.000000000000000000, 0.000000000000000000, 0.000000000000000000 ) ) ;
#399 = DIRECTION ( 'NONE',  ( -1.000000000000000000, 0.000000000000000000, 0.000000000000000000 ) ) ;
#400 = VERTEX_POINT ( 'NONE', #2302 ) ;
#401 = VECTOR ( 'NONE', #5809, 1000.000000000000000 ) ;
#402 = EDGE_LOOP ( 'NONE', ( #4461, #4547, #4465, #665, #2425, #8324, #8004 ) ) ;
#403 = LINE ( 'NONE', #10304, #2356 ) ;
#404 = CARTESIAN_POINT ( 'NONE',  ( -8.000000000000000000, -26.00000000000000355, -4.000000000000000000 ) ) ;
#405 = DIRECTION ( 'NONE',  ( 0.000000000000000000, 0.000000000000000000, -1.000000000000000000 ) ) ;
#406 = ORIENTED_EDGE ( 'NONE', *, *, #6578, .F. ) ;
#407 = EDGE_CURVE ( 'NONE', #734, #9054, #6162, .T. ) ;
#408 = VERTEX_POINT ( 'NONE', #5581 ) ;
#409 = CARTESIAN_POINT ( 'NONE',  ( -8.015521883131921044, -22.00000000000000000, -152.0000000000000000 ) ) ;
#410 = EDGE_CURVE ( 'NONE', #7667, #6119, #2596, .T. ) ;
#411 = DIRECTION ( 'NONE',  ( -0.000000000000000000, -0.000000000000000000, 1.000000000000000000 ) ) ;
#412 = ORIENTED_EDGE ( 'NONE', *, *, #6575, .F. ) ;
#413 = EDGE_CURVE ( 'NONE', #3259, #2322, #7188, .T. ) ;
#414 = DIRECTION ( 'NONE',  ( 1.000000000000000000, 0.000000000000000000, 0.000000000000000000 ) ) ;
#415 = DIRECTION ( 'NONE',  ( 1.000000000000000000, -0.000000000000000000, -0.000000000000000000 ) ) ;
#416 = VERTEX_POINT ( 'NONE', #4897 ) ;
#417 = CARTESIAN_POINT ( 'NONE',  ( 6.500000000000000888, 25.43251033452538579, -151.9225398006838361 ) ) ;
#418 = LINE ( 'NONE', #10031, #7118 ) ;
#419 = CARTESIAN_POINT ( 'NONE',  ( 0.000000000000000000, -16.00000000000000000, -121.0000000000000000 ) ) ;
#420 = CARTESIAN_POINT ( 'NONE',  ( -1.500000000000000000, 28.47151703059500960, -8.500000000000000000 ) ) ;
#421 = DIRECTION ( 'NONE',  ( -0.000000000000000000, -0.000000000000000000, -1.000000000000000000 ) ) ;
#422 = CYLINDRICAL_SURFACE ( 'NONE', #4534, 2.458499999999988361 ) ;
#423 = ORIENTED_EDGE ( 'NONE', *, *, #9519, .F. ) ;
#424 = EDGE_CURVE ( 'NONE', #2722, #806, #8140, .T. ) ;
#425 = DIRECTION ( 'NONE',  ( -1.000000000000000000, 0.000000000000000000, 0.000000000000000000 ) ) ;
#426 = VERTEX_POINT ( 'NONE', #3944 ) ;
#427 = ORIENTED_EDGE ( 'NONE', *, *, #7512, .T. ) ;
#428 = CARTESIAN_POINT ( 'NONE',  ( -8.000000000000000000, -27.73205080756899932, -152.0000000000000000 ) ) ;
#429 = CARTESIAN_POINT ( 'NONE',  ( 11.40000000000000036, 26.00000000000000355, -148.0000000000000000 ) ) ;
#430 = LINE ( 'NONE', #8456, #6669 ) ;
#431 = CONICAL_SURFACE ( 'NONE', #5812, 3.499999999999999556, 0.7853981633974589371 ) ;
#432 = AXIS2_PLACEMENT_3D ( 'NONE', #149, #3342, #6569 ) ;
#433 = FACE_OUTER_BOUND ( 'NONE', #1359, .T. ) ;
#434 = PLANE ( 'NONE',  #4896 ) ;
#435 = ORIENTED_EDGE ( 'NONE', *, *, #6987, .F. ) ;
#436 = CARTESIAN_POINT ( 'NONE',  ( -8.999092821677729503, -27.15522429802756932, -0.1267986305219047094 ) ) ;
#437 = CARTESIAN_POINT ( 'NONE',  ( -12.00000000000000000, -16.00000000000000000, -8.500000000000000000 ) ) ;
#438 = VECTOR ( 'NONE', #2931, 1000.000000000000000 ) ;
#439 = LINE ( 'NONE', #10005, #4924 ) ;
#440 = ORIENTED_EDGE ( 'NONE', *, *, #7180, .F. ) ;
#441 = CARTESIAN_POINT ( 'NONE',  ( 12.00000000000000178, 16.00000000000000000, -145.9584999999999866 ) ) ;
#442 = AXIS2_PLACEMENT_3D ( 'NONE', #5152, #1780, #1985 ) ;
#443 = CYLINDRICAL_SURFACE ( 'NONE', #6099, 0.2000000000005541234 ) ;
#444 = DIRECTION ( 'NONE',  ( 0.000000000000000000, 0.000000000000000000, 1.000000000000000000 ) ) ;
#445 = VERTEX_POINT ( 'NONE', #7173 ) ;
#446 = ORIENTED_EDGE ( 'NONE', *, *, #2774, .F. ) ;
#447 = VERTEX_POINT ( 'NONE', #6537 ) ;
#448 = VECTOR ( 'NONE', #8886, 1000.000000000000000 ) ;
#449 = AXIS2_PLACEMENT_3D ( 'NONE', #6147, #7703, #10079 ) ;
#450 = DIRECTION ( 'NONE',  ( -0.000000000000000000, 1.000000000000000000, 0.000000000000000000 ) ) ;
#451 = VERTEX_POINT ( 'NONE', #2519 ) ;
#452 = ORIENTED_EDGE ( 'NONE', *, *, #3676, .F. ) ;
#453 = CARTESIAN_POINT ( 'NONE',  ( 4.335090188609796336, 29.80000000000000071, 0.000000000000000000 ) ) ;
#454 = VECTOR ( 'NONE', #10323, 1000.000000000000000 ) ;
#455 = CARTESIAN_POINT ( 'NONE',  ( -3.249999999999988898, 16.00000000000000000, -152.0000000000000000 ) ) ;
#456 = ORIENTED_EDGE ( 'NONE', *, *, #10329, .F. ) ;
#457 = CIRCLE ( 'NONE', #6342, 4.282999999999981711 ) ;
#458 = CARTESIAN_POINT ( 'NONE',  ( -8.000000000000000000, -27.73205080756899932, -2.000000000000000000 ) ) ;
#459 = DIRECTION ( 'NONE',  ( 1.000000000000000000, 0.000000000000000000, 0.000000000000000000 ) ) ;
#460 = VECTOR ( 'NONE', #1618, 1000.000000000000000 ) ;
#461 = EDGE_CURVE ( 'NONE', #6059, #8554, #8829, .T. ) ;
#462 = EDGE_CURVE ( 'NONE', #7919, #9000, #954, .T. ) ;
#463 = EDGE_CURVE ( 'NONE', #3837, #1437, #3357, .T. ) ;
#464 = EDGE_CURVE ( 'NONE', #2474, #2800, #3188, .T. ) ;
#465 = DIRECTION ( 'NONE',  ( -0.8660254037842992636, -0.5000000000002413625, 0.000000000000000000 ) ) ;
#466 = FACE_OUTER_BOUND ( 'NONE', #1551, .T. ) ;
#467 = FACE_OUTER_BOUND ( 'NONE', #944, .T. ) ;
#468 = CIRCLE ( 'NONE', #7558, 1.719999999999999307 ) ;
#469 = FACE_BOUND ( 'NONE', #9460, .T. ) ;
#470 = AXIS2_PLACEMENT_3D ( 'NONE', #6556, #291, #723 ) ;
#472 = AXIS2_PLACEMENT_3D ( 'NONE', #9832, #4371, #2670 ) ;
#471 = DIRECTION ( 'NONE',  ( 0.5000000000002333689, -0.8660254037843038155, 0.000000000000000000 ) ) ;
#473 = ORIENTED_EDGE ( 'NONE', *, *, #2314, .F. ) ;
#474 = CARTESIAN_POINT ( 'NONE',  ( 7.500000000000000000, 30.00000000000000000, -135.0000000000000000 ) ) ;
#475 = ORIENTED_EDGE ( 'NONE', *, *, #3216, .T. ) ;
#476 = CIRCLE ( 'NONE', #7736, 0.3999999999993869571 ) ;
#477 = EDGE_LOOP ( 'NONE', ( #4434, #8519 ) ) ;
#478 = EDGE_CURVE ( 'NONE', #7839, #3429, #4843, .T. ) ;
#479 = EDGE_LOOP ( 'NONE', ( #659, #1661 ) ) ;
#480 = CARTESIAN_POINT ( 'NONE',  ( -1.738422021547135765, -17.73842202154713732, -10.23842202154713554 ) ) ;
#481 = EDGE_CURVE ( 'NONE', #8731, #4296, #4476, .T. ) ;
#482 = CONICAL_SURFACE ( 'NONE', #5517, 2.458500000000000796, 0.7853981633974562726 ) ;
#484 = EDGE_CURVE ( 'NONE', #1236, #5861, #2663, .T. ) ;
#483 = DIRECTION ( 'NONE',  ( 0.000000000000000000, 0.000000000000000000, -1.000000000000000000 ) ) ;
#485 = DIRECTION ( 'NONE',  ( -0.000000000000000000, -0.000000000000000000, 1.000000000000000000 ) ) ;
#486 = EDGE_LOOP ( 'NONE', ( #1766, #7411, #6353, #2595 ) ) ;
#487 = PLANE ( 'NONE',  #7268 ) ;
#488 = ORIENTED_EDGE ( 'NONE', *, *, #8469, .T. ) ;
#489 = AXIS2_PLACEMENT_3D ( 'NONE', #6963, #2155, #3035 ) ;
#490 = DIRECTION ( 'NONE',  ( 0.000000000000000000, -1.000000000000000000, 0.000000000000000000 ) ) ;
#491 = ORIENTED_EDGE ( 'NONE', *, *, #3877, .F. ) ;
#492 = CARTESIAN_POINT ( 'NONE',  ( -12.00000000000000000, 26.00000000000000355, -152.0000000000000000 ) ) ;
#493 = DIRECTION ( 'NONE',  ( 1.000000000000000000, 0.000000000000000000, 0.000000000000000000 ) ) ;
#494 = ADVANCED_FACE ( 'NONE', ( #5999 ), #2717, .F. ) ;
#495 = CARTESIAN_POINT ( 'NONE',  ( -8.500000000000000000, -25.50000000000000355, -121.0000000000000000 ) ) ;
#496 = ORIENTED_EDGE ( 'NONE', *, *, #6904, .T. ) ;
#497 = LINE ( 'NONE', #4584, #1718 ) ;
#498 = DIRECTION ( 'NONE',  ( -0.000000000000000000, -0.000000000000000000, 1.000000000000000000 ) ) ;
#499 = CARTESIAN_POINT ( 'NONE',  ( 9.350000000000003197, 35.00000000000000000, -135.0000000000000000 ) ) ;
#500 = ORIENTED_EDGE ( 'NONE', *, *, #10329, .T. ) ;
#501 = ORIENTED_EDGE ( 'NONE', *, *, #652, .T. ) ;
#502 = CARTESIAN_POINT ( 'NONE',  ( 7.500000000000000000, 30.39999999999938751, -17.00000000000001421 ) ) ;
#503 = ORIENTED_EDGE ( 'NONE', *, *, #9783, .F. ) ;
#504 = VERTEX_POINT ( 'NONE', #1991 ) ;
#505 = DIRECTION ( 'NONE',  ( -0.000000000000000000, 0.000000000000000000, 1.000000000000000000 ) ) ;
#506 = DIRECTION ( 'NONE',  ( 0.000000000000000000, 0.000000000000000000, 1.000000000000000000 ) ) ;
#507 = ORIENTED_EDGE ( 'NONE', *, *, #9758, .T. ) ;
#508 = VERTEX_POINT ( 'NONE', #10084 ) ;
#509 = DIRECTION ( 'NONE',  ( -1.000000000000000000, 0.000000000000000000, 0.000000000000000000 ) ) ;
#510 = DIRECTION ( 'NONE',  ( 0.000000000000000000, 0.000000000000000000, 1.000000000000000000 ) ) ;
#511 = LINE ( 'NONE', #5993, #1811 ) ;
#512 = AXIS2_PLACEMENT_3D ( 'NONE', #4084, #31, #8002 ) ;
#513 = DIRECTION ( 'NONE',  ( -1.000000000000000000, -0.000000000000000000, -0.000000000000000000 ) ) ;
#514 = DIRECTION ( 'NONE',  ( -1.000000000000000000, 0.000000000000000000, 0.000000000000000000 ) ) ;
#515 = FACE_OUTER_BOUND ( 'NONE', #2119, .T. ) ;
#516 = DIRECTION ( 'NONE',  ( 0.000000000000000000, 1.000000000000000000, 0.000000000000000000 ) ) ;
#517 = EDGE_CURVE ( 'NONE', #5429, #7308, #9553, .T. ) ;
#518 = LINE ( 'NONE', #1500, #9802 ) ;
#519 = ORIENTED_EDGE ( 'NONE', *, *, #990, .T. ) ;
#520 = EDGE_CURVE ( 'NONE', #4357, #5625, #5846, .T. ) ;
#521 = CARTESIAN_POINT ( 'NONE',  ( 2.458500000000003460, 16.00000000000000000, -141.0415000000000134 ) ) ;
#522 = ORIENTED_EDGE ( 'NONE', *, *, #4836, .T. ) ;
#523 = AXIS2_PLACEMENT_3D ( 'NONE', #10442, #891, #5568 ) ;
#524 = ADVANCED_FACE ( 'NONE', ( #9984 ), #5950, .F. ) ;
#525 = ORIENTED_EDGE ( 'NONE', *, *, #9896, .T. ) ;
#526 = VECTOR ( 'NONE', #1151, 1000.000000000000227 ) ;
#527 = ORIENTED_EDGE ( 'NONE', *, *, #1285, .F. ) ;
#528 = DIRECTION ( 'NONE',  ( 0.000000000000000000, 1.000000000000000000, 0.000000000000000000 ) ) ;
#529 = ADVANCED_FACE ( 'NONE', ( #1937 ), #3623, .T. ) ;
#530 = CARTESIAN_POINT ( 'NONE',  ( 9.500000000000000000, 26.00000000000025224, -0.1270170592245028485 ) ) ;
#531 = LINE ( 'NONE', #7771, #2273 ) ;
#532 = VECTOR ( 'NONE', #3384, 1000.000000000000000 ) ;
#533 = VECTOR ( 'NONE', #9915, 1000.000000000000000 ) ;
#534 = FACE_OUTER_BOUND ( 'NONE', #9422, .T. ) ;
#535 = ORIENTED_EDGE ( 'NONE', *, *, #8274, .T. ) ;
#536 = EDGE_CURVE ( 'NONE', #4760, #89, #6845, .T. ) ;
#537 = CARTESIAN_POINT ( 'NONE',  ( -9.500000000000000000, -26.84166501650004832, -152.0000000000000000 ) ) ;
#538 = ADVANCED_FACE ( 'NONE', ( #4258 ), #2822, .F. ) ;
#539 = CONICAL_SURFACE ( 'NONE', #8136, 1.719999999999999307, 1.047197551202454280 ) ;
#540 = FACE_OUTER_BOUND ( 'NONE', #9540, .T. ) ;
#541 = AXIS2_PLACEMENT_3D ( 'NONE', #9113, #4229, #245 ) ;
#542 = CARTESIAN_POINT ( 'NONE',  ( -2.458500000000003460, 16.00000000000000000, -141.0415000000000134 ) ) ;
#543 = CIRCLE ( 'NONE', #2710, 13.99999999999322675 ) ;
#544 = FACE_BOUND ( 'NONE', #3733, .T. ) ;
#545 = ORIENTED_EDGE ( 'NONE', *, *, #9505, .F. ) ;
#546 = AXIS2_PLACEMENT_3D ( 'NONE', #754, #7189, #10416 ) ;
#547 = LINE ( 'NONE', #3001, #6423 ) ;
#548 = DIRECTION ( 'NONE',  ( -0.000000000000000000, -0.000000000000000000, -1.000000000000000000 ) ) ;
#549 = EDGE_LOOP ( 'NONE', ( #9604, #6552, #6775, #10181 ) ) ;
#550 = CONICAL_SURFACE ( 'NONE', #9492, 1732.050807568950631, 1.047197551196616061 ) ;
#551 = EDGE_CURVE ( 'NONE', #7683, #5395, #3292, .T. ) ;
#552 = ORIENTED_EDGE ( 'NONE', *, *, #9263, .T. ) ;
#553 = CIRCLE ( 'NONE', #4248, 3.250000000000030642 ) ;
#554 = CARTESIAN_POINT ( 'NONE',  ( 8.000000000000000000, 26.00000000000000355, -2.000000000000000000 ) ) ;
#555 = ORIENTED_EDGE ( 'NONE', *, *, #6497, .T. ) ;
#556 = ORIENTED_EDGE ( 'NONE', *, *, #4854, .T. ) ;
#557 = CIRCLE ( 'NONE', #9008, 4.000000000000305533 ) ;
#558 = DIRECTION ( 'NONE',  ( 0.000000000000000000, 0.000000000000000000, 1.000000000000000000 ) ) ;
#559 = ORIENTED_EDGE ( 'NONE', *, *, #2376, .F. ) ;
#560 = DIRECTION ( 'NONE',  ( -0.000000000000000000, 0.000000000000000000, -1.000000000000000000 ) ) ;
#561 = CARTESIAN_POINT ( 'NONE',  ( -8.200000000000553513, -16.00000000000000000, -8.500000000000000000 ) ) ;
#562 = ORIENTED_EDGE ( 'NONE', *, *, #1755, .T. ) ;
#563 = VECTOR ( 'NONE', #171, 1000.000000000000000 ) ;
#564 = CYLINDRICAL_SURFACE ( 'NONE', #3642, 8.000000000000611067 ) ;
#565 = VECTOR ( 'NONE', #5822, 1000.000000000000000 ) ;
#566 = CARTESIAN_POINT ( 'NONE',  ( 0.000000000000000000, 0.000000000000000000, 7.999999999999992895 ) ) ;
#567 = LINE ( 'NONE', #1407, #10419 ) ;
#568 = DIRECTION ( 'NONE',  ( 1.000000000000000000, 0.000000000000000000, 0.000000000000000000 ) ) ;
#569 = ORIENTED_EDGE ( 'NONE', *, *, #4321, .T. ) ;
#570 = DIRECTION ( 'NONE',  ( -0.08784076505916561806, -0.9961345290641321348, -0.000000000000000000 ) ) ;
#571 = ORIENTED_EDGE ( 'NONE', *, *, #3473, .F. ) ;
#572 = EDGE_LOOP ( 'NONE', ( #2906, #3419, #7881, #7538, #9877, #6993, #9501, #7140, #7675, #9401, #2124, #670, #6227 ) ) ;
#573 = ORIENTED_EDGE ( 'NONE', *, *, #10197, .T. ) ;
#574 = CARTESIAN_POINT ( 'NONE',  ( -8.799999999999970512, 7.250000000000000000, -152.0000000000000000 ) ) ;
#575 = EDGE_CURVE ( 'NONE', #7768, #7414, #7662, .T. ) ;
#576 = CARTESIAN_POINT ( 'NONE',  ( 0.4999999999993932631, -25.50000000000000355, -31.00000000000000000 ) ) ;
#577 = CARTESIAN_POINT ( 'NONE',  ( 0.000000000000000000, 0.000000000000000000, 1.458499999999989249 ) ) ;
#578 = ADVANCED_FACE ( 'NONE', ( #9141 ), #220, .F. ) ;
#579 = ORIENTED_EDGE ( 'NONE', *, *, #5288, .T. ) ;
#580 = DIRECTION ( 'NONE',  ( -0.000000000000000000, -0.000000000000000000, 1.000000000000000000 ) ) ;
#581 = EDGE_LOOP ( 'NONE', ( #4872, #8329, #2246, #1962 ) ) ;
#582 = DIRECTION ( 'NONE',  ( 0.000000000000000000, 0.000000000000000000, -1.000000000000000000 ) ) ;
#583 = ORIENTED_EDGE ( 'NONE', *, *, #4967, .F. ) ;
#584 = EDGE_CURVE ( 'NONE', #1952, #9516, #5111, .T. ) ;
#585 = DIRECTION ( 'NONE',  ( 0.000000000000000000, 0.000000000000000000, -1.000000000000000000 ) ) ;
#586 = DIRECTION ( 'NONE',  ( 0.000000000000000000, 0.000000000000000000, 1.000000000000000000 ) ) ;
#587 = EDGE_CURVE ( 'NONE', #1065, #7839, #2271, .T. ) ;
#588 = EDGE_CURVE ( 'NONE', #3837, #5850, #2102, .T. ) ;
#589 = EDGE_CURVE ( 'NONE', #3697, #3769, #3446, .T. ) ;
#590 = CARTESIAN_POINT ( 'NONE',  ( -4.900000000000022560, -26.00000000000000355, -152.0000000000000000 ) ) ;
#591 = ORIENTED_EDGE ( 'NONE', *, *, #1817, .T. ) ;
#592 = CARTESIAN_POINT ( 'NONE',  ( 8.000000000000000000, 29.10000000000000142, -152.0000000000000000 ) ) ;
#593 = ORIENTED_EDGE ( 'NONE', *, *, #6827, .T. ) ;
#594 = AXIS2_PLACEMENT_3D ( 'NONE', #8904, #7565, #1175 ) ;
#595 =( BOUNDED_CURVE ( )  B_SPLINE_CURVE ( 3, ( #4711, #7954, #10435, #722 ),
 .UNSPECIFIED., .F., .F. ) 
 B_SPLINE_CURVE_WITH_KNOTS ( ( 4, 4 ),
 ( 3.141592653589793116, 4.712388980384689674 ),
 .UNSPECIFIED. ) 
 CURVE ( )  GEOMETRIC_REPRESENTATION_ITEM ( )  RATIONAL_B_SPLINE_CURVE ( ( 1.000000000000000000, 0.8047378541243649375, 0.8047378541243649375, 1.000000000000000000 ) ) 
 REPRESENTATION_ITEM ( '' )  );
#596 = DIRECTION ( 'NONE',  ( -1.000000000000000000, 0.000000000000000000, 0.000000000000000000 ) ) ;
#597 = ORIENTED_EDGE ( 'NONE', *, *, #2113, .F. ) ;
#598 = VECTOR ( 'NONE', #5831, 1000.000000000000000 ) ;
#599 = ORIENTED_EDGE ( 'NONE', *, *, #1139, .F. ) ;
#600 = ADVANCED_FACE ( 'NONE', ( #30 ), #784, .F. ) ;
#601 = EDGE_CURVE ( 'NONE', #6033, #5657, #1444, .T. ) ;
#602 = CARTESIAN_POINT ( 'NONE',  ( -5.000000000000000000, 0.000000000000000000, 29.23299999999995080 ) ) ;
#603 = VECTOR ( 'NONE', #8662, 1000.000000000000000 ) ;
#604 = VERTEX_POINT ( 'NONE', #2331 ) ;
#605 = ORIENTED_EDGE ( 'NONE', *, *, #6962, .F. ) ;
#606 = PLANE ( 'NONE',  #2546 ) ;
#607 = CARTESIAN_POINT ( 'NONE',  ( -12.00000000000000000, -21.99999999999999645, -148.0000000000000000 ) ) ;
#608 = LINE ( 'NONE', #822, #3468 ) ;
#609 =( NAMED_UNIT ( * ) SI_UNIT ( $, .STERADIAN. ) SOLID_ANGLE_UNIT ( ) );
#610 = ORIENTED_EDGE ( 'NONE', *, *, #4063, .T. ) ;
#611 = ORIENTED_EDGE ( 'NONE', *, *, #6520, .T. ) ;
#612 = CARTESIAN_POINT ( 'NONE',  ( 3.980102097228969229E-16, -30.00000000000000000, -140.2499999999999716 ) ) ;
#613 = PLANE ( 'NONE',  #7272 ) ;
#614 = VERTEX_POINT ( 'NONE', #607 ) ;
#615 = CIRCLE ( 'NONE', #6499, 0.3999999999993869571 ) ;
#616 = LINE ( 'NONE', #8066, #3048 ) ;
#617 = AXIS2_PLACEMENT_3D ( 'NONE', #8694, #8864, #2286 ) ;
#618 = ADVANCED_FACE ( 'NONE', ( #7259 ), #4596, .F. ) ;
#619 = CIRCLE ( 'NONE', #966, 13.99999999999323741 ) ;
#620 = DIRECTION ( 'NONE',  ( -0.000000000000000000, -0.000000000000000000, -1.000000000000000000 ) ) ;
#621 = DIRECTION ( 'NONE',  ( 0.000000000000000000, 0.000000000000000000, 1.000000000000000000 ) ) ;
#622 = VECTOR ( 'NONE', #3772, 1000.000000000000000 ) ;
#623 = FACE_OUTER_BOUND ( 'NONE', #6057, .T. ) ;
#624 = CARTESIAN_POINT ( 'NONE',  ( 9.248999599679702754, 29.80000000000000782, -135.0000000000000000 ) ) ;
#625 = VERTEX_POINT ( 'NONE', #5447 ) ;
#626 = CARTESIAN_POINT ( 'NONE',  ( 6.499999999999996447, 26.86602540378400406, 0.000000000000000000 ) ) ;
#627 = VECTOR ( 'NONE', #5463, 1000.000000000000000 ) ;
#628 = VERTEX_POINT ( 'NONE', #662 ) ;
#629 = AXIS2_PLACEMENT_3D ( 'NONE', #4175, #7464, #5760 ) ;
#630 = ORIENTED_EDGE ( 'NONE', *, *, #6280, .T. ) ;
#631 = CARTESIAN_POINT ( 'NONE',  ( 0.000000000000000000, 0.000000000000000000, -150.0000000000000000 ) ) ;
#632 = DIRECTION ( 'NONE',  ( 0.000000000000000000, 0.000000000000000000, -1.000000000000000000 ) ) ;
#633 = AXIS2_PLACEMENT_3D ( 'NONE', #7816, #1997, #6961 ) ;
#634 = ORIENTED_EDGE ( 'NONE', *, *, #2316, .F. ) ;
#635 = CARTESIAN_POINT ( 'NONE',  ( -8.000000000000000000, -26.00000000000000355, -152.0000000000000000 ) ) ;
#636 = ORIENTED_EDGE ( 'NONE', *, *, #8074, .T. ) ;
#637 = AXIS2_PLACEMENT_3D ( 'NONE', #4599, #9386, #10172 ) ;
#638 = CARTESIAN_POINT ( 'NONE',  ( -8.000000000000000000, -27.73205080756899932, -150.0000000000000000 ) ) ;
#639 = ORIENTED_EDGE ( 'NONE', *, *, #7309, .T. ) ;
#640 = VERTEX_POINT ( 'NONE', #4025 ) ;
#641 = VECTOR ( 'NONE', #5691, 1000.000000000000000 ) ;
#642 = VECTOR ( 'NONE', #6464, 1000.000000000000000 ) ;
#643 = CARTESIAN_POINT ( 'NONE',  ( 5.688034792648439364, 1.909518315602346084, 7.799999999999975842 ) ) ;
#644 = EDGE_CURVE ( 'NONE', #691, #5550, #7093, .T. ) ;
#645 = DIRECTION ( 'NONE',  ( -1.000000000000000000, 0.000000000000000000, 0.000000000000000000 ) ) ;
#646 = LINE ( 'NONE', #6386, #1888 ) ;
#647 = ORIENTED_EDGE ( 'NONE', *, *, #2910, .T. ) ;
#648 = AXIS2_PLACEMENT_3D ( 'NONE', #92, #8068, #6362 ) ;
#649 = DIRECTION ( 'NONE',  ( 1.000000000000000000, 0.000000000000000000, 0.000000000000000000 ) ) ;
#650 = CARTESIAN_POINT ( 'NONE',  ( 0.000000000000000000, 16.00000000000000000, -31.00000000000000000 ) ) ;
#651 = ORIENTED_EDGE ( 'NONE', *, *, #2326, .F. ) ;
#652 = EDGE_CURVE ( 'NONE', #4572, #7462, #7845, .T. ) ;
#653 = EDGE_CURVE ( 'NONE', #5616, #7233, #6648, .T. ) ;
#654 = EDGE_CURVE ( 'NONE', #1839, #3197, #4442, .T. ) ;
#655 = ORIENTED_EDGE ( 'NONE', *, *, #6307, .F. ) ;
#656 = EDGE_CURVE ( 'NONE', #4925, #10166, #7146, .T. ) ;
#657 = CONICAL_SURFACE ( 'NONE', #9429, 1732.050807568950631, 1.047197551196616061 ) ;
#658 = CYLINDRICAL_SURFACE ( 'NONE', #4912, 3.499999999999999556 ) ;
#659 = ORIENTED_EDGE ( 'NONE', *, *, #9440, .T. ) ;
#660 = ORIENTED_EDGE ( 'NONE', *, *, #6901, .F. ) ;
#661 = LINE ( 'NONE', #3857, #9470 ) ;
#662 = CARTESIAN_POINT ( 'NONE',  ( 2.458500000000003460, 16.00000000000000000, -31.00000000000000000 ) ) ;
#663 = PLANE ( 'NONE',  #6007 ) ;
#664 = ORIENTED_EDGE ( 'NONE', *, *, #7766, .T. ) ;
#665 = ORIENTED_EDGE ( 'NONE', *, *, #799, .F. ) ;
#666 = LINE ( 'NONE', #6894, #1148 ) ;
#667 = EDGE_CURVE ( 'NONE', #9840, #4511, #6134, .T. ) ;
#668 = CARTESIAN_POINT ( 'NONE',  ( 2.458499999999995911, 17.44015595690574472, -6.041500000000004533 ) ) ;
#669 = EDGE_CURVE ( 'NONE', #2947, #7751, #6348, .T. ) ;
#670 = ORIENTED_EDGE ( 'NONE', *, *, #2845, .T. ) ;
#671 = DIRECTION ( 'NONE',  ( -1.000000000000000000, 0.000000000000000000, 0.000000000000000000 ) ) ;
#672 = CARTESIAN_POINT ( 'NONE',  ( 9.500000000000000000, 25.13397459621599950, -2.000000000000000000 ) ) ;
#673 = DIRECTION ( 'NONE',  ( 1.000000000000000000, 0.000000000000000000, 0.000000000000000000 ) ) ;
#674 = CARTESIAN_POINT ( 'NONE',  ( -1.200000000000554179, 32.99999999999944578, -135.0000000000000000 ) ) ;
#675 = CARTESIAN_POINT ( 'NONE',  ( 0.000000000000000000, 18.45849999999999724, -143.5000000000000284 ) ) ;
#676 = ORIENTED_EDGE ( 'NONE', *, *, #8785, .T. ) ;
#677 = PLANE ( 'NONE',  #1479 ) ;
#678 = ADVANCED_FACE ( 'NONE', ( #1596 ), #2588, .T. ) ;
#679 = EDGE_CURVE ( 'NONE', #6622, #1065, #8846, .T. ) ;
#680 = CARTESIAN_POINT ( 'NONE',  ( -6.500000000000000888, -25.13397459621599950, -2.000000000000000000 ) ) ;
#681 = ORIENTED_EDGE ( 'NONE', *, *, #5544, .T. ) ;
#682 = CARTESIAN_POINT ( 'NONE',  ( 0.000000000000000000, 0.000000000000000000, 9.499999999999841904 ) ) ;
#683 = ADVANCED_BREP_SHAPE_REPRESENTATION ( '', ( #115, #9473 ), #10148 ) ;
#684 = PLANE ( 'NONE',  #2792 ) ;
#685 = CARTESIAN_POINT ( 'NONE',  ( 1.649999999999999911, 34.60000000000061959, -17.00000000000000000 ) ) ;
#686 = DIRECTION ( 'NONE',  ( 0.000000000000000000, 0.000000000000000000, -1.000000000000000000 ) ) ;
#687 = VECTOR ( 'NONE', #373, 1000.000000000000000 ) ;
#688 = CARTESIAN_POINT ( 'NONE',  ( 8.021096714234522196, 27.71987061392667684, 0.000000000000000000 ) ) ;
#689 = ORIENTED_EDGE ( 'NONE', *, *, #4205, .F. ) ;
#690 = DIRECTION ( 'NONE',  ( 1.000000000000000000, -3.751159154633072939E-16, 0.000000000000000000 ) ) ;
#691 = VERTEX_POINT ( 'NONE', #8795 ) ;
#692 = ORIENTED_EDGE ( 'NONE', *, *, #2745, .F. ) ;
#693 = VECTOR ( 'NONE', #9214, 1000.000000000000000 ) ;
#694 = ORIENTED_EDGE ( 'NONE', *, *, #8605, .T. ) ;
#695 = CARTESIAN_POINT ( 'NONE',  ( 7.999999999999694467, -25.99999999999969447, -17.00000000000000000 ) ) ;
#696 = AXIS2_PLACEMENT_3D ( 'NONE', #10349, #107, #9872 ) ;
#697 = CIRCLE ( 'NONE', #9630, 2.458500000000002572 ) ;
#698 = DIRECTION ( 'NONE',  ( 1.000000000000000000, 0.000000000000000000, 0.000000000000000000 ) ) ;
#699 = DIRECTION ( 'NONE',  ( 0.000000000000000000, 0.000000000000000000, 1.000000000000000000 ) ) ;
#700 = ORIENTED_EDGE ( 'NONE', *, *, #7704, .F. ) ;
#701 = DIRECTION ( 'NONE',  ( 1.000000000000000000, 0.000000000000000000, 0.000000000000000000 ) ) ;
#702 = VECTOR ( 'NONE', #6294, 1000.000000000000000 ) ;
#703 = CYLINDRICAL_SURFACE ( 'NONE', #7543, 4.000000000000305533 ) ;
#704 = EDGE_LOOP ( 'NONE', ( #1863, #1356, #3606, #2700, #5193, #5265, #5067, #8768 ) ) ;
#705 = AXIS2_PLACEMENT_3D ( 'NONE', #7799, #7899, #10216 ) ;
#706 = AXIS2_PLACEMENT_3D ( 'NONE', #9339, #3801, #8582 ) ;
#707 = ORIENTED_EDGE ( 'NONE', *, *, #1481, .F. ) ;
#708 = AXIS2_PLACEMENT_3D ( 'NONE', #9279, #2849, #4483 ) ;
#709 = ADVANCED_FACE ( 'NONE', ( #764 ), #8517, .F. ) ;
#710 = CARTESIAN_POINT ( 'NONE',  ( 3.750000000000000000, -7.250000000000000000, -152.0000000000000000 ) ) ;
#711 = EDGE_CURVE ( 'NONE', #9726, #4589, #9579, .T. ) ;
#712 = ORIENTED_EDGE ( 'NONE', *, *, #6842, .T. ) ;
#713 = AXIS2_PLACEMENT_3D ( 'NONE', #566, #9494, #4603 ) ;
#714 = ORIENTED_EDGE ( 'NONE', *, *, #9504, .T. ) ;
#715 = DIRECTION ( 'NONE',  ( 1.000000000000000000, 0.000000000000000000, 0.000000000000000000 ) ) ;
#716 = VECTOR ( 'NONE', #6821, 1000.000000000000000 ) ;
#717 = CARTESIAN_POINT ( 'NONE',  ( 2.756766064641383185, -18.75676606464138274, -142.7799220215471223 ) ) ;
#718 = CARTESIAN_POINT ( 'NONE',  ( 8.000000000001291411, 26.00000000000094857, -4.000000000000000000 ) ) ;
#719 = DIRECTION ( 'NONE',  ( 0.000000000000000000, 0.000000000000000000, -1.000000000000000000 ) ) ;
#720 = VERTEX_POINT ( 'NONE', #4705 ) ;
#721 = VERTEX_POINT ( 'NONE', #1543 ) ;
#722 = CARTESIAN_POINT ( 'NONE',  ( 0.000000000000000000, 18.45849999999999724, -8.500000000000000000 ) ) ;
#723 = DIRECTION ( 'NONE',  ( -1.000000000000000000, 1.224646799147351975E-16, 0.000000000000000000 ) ) ;
#724 = EDGE_LOOP ( 'NONE', ( #6427, #2329 ) ) ;
#725 = CIRCLE ( 'NONE', #6795, 1.719999999999998419 ) ;
#726 = CARTESIAN_POINT ( 'NONE',  ( 12.00000000000000000, 16.00000000000000000, -145.9584999999999866 ) ) ;
#727 = FACE_OUTER_BOUND ( 'NONE', #4003, .T. ) ;
#728 = AXIS2_PLACEMENT_3D ( 'NONE', #2893, #2784, #6071 ) ;
#729 = EDGE_CURVE ( 'NONE', #1391, #508, #4764, .T. ) ;
#730 = CARTESIAN_POINT ( 'NONE',  ( -8.000000000000000000, -16.00000000000000000, -11.50000000000003020 ) ) ;
#731 = ADVANCED_FACE ( 'NONE', ( #9852 ), #9367, .F. ) ;
#732 = CARTESIAN_POINT ( 'NONE',  ( 9.500000000000001776, 26.70550755938084819, -151.9615327062502388 ) ) ;
#733 = DIRECTION ( 'NONE',  ( 1.000000000000000000, 0.000000000000000000, 0.000000000000000000 ) ) ;
#734 = VERTEX_POINT ( 'NONE', #986 ) ;
#735 = CARTESIAN_POINT ( 'NONE',  ( -9.500000000000000000, -26.00000000000000355, -150.0000000000000000 ) ) ;
#736 = CONICAL_SURFACE ( 'NONE', #7481, 3.499999999999999556, 0.7853981633974305154 ) ;
#737 = EDGE_LOOP ( 'NONE', ( #2621, #2936, #7469, #8267 ) ) ;
#738 = CARTESIAN_POINT ( 'NONE',  ( 8.500000000000000000, -25.50000000000000355, -121.0000000000000000 ) ) ;
#739 = CARTESIAN_POINT ( 'NONE',  ( 7.050000000000554934, 33.40000000000055280, -152.0010000000000048 ) ) ;
#740 = CARTESIAN_POINT ( 'NONE',  ( 6.500000000000000000, 26.70550755938091214, -0.03846729375025203373 ) ) ;
#741 = ADVANCED_FACE ( 'NONE', ( #2439 ), #4933, .F. ) ;
#742 = DIRECTION ( 'NONE',  ( 0.000000000000000000, 0.000000000000000000, 1.000000000000000000 ) ) ;
#743 = CARTESIAN_POINT ( 'NONE',  ( -0.4999999999993793853, 25.50000000000000355, -121.0000000000000000 ) ) ;
#744 = DIRECTION ( 'NONE',  ( 0.7071067811865417996, 8.659560562355001884E-17, 0.7071067811865532349 ) ) ;
#745 = VERTEX_POINT ( 'NONE', #4083 ) ;
#746 = CARTESIAN_POINT ( 'NONE',  ( -8.200000000000553513, -16.00000000000000000, -13.50000000000000178 ) ) ;
#747 = VERTEX_POINT ( 'NONE', #5660 ) ;
#748 = EDGE_LOOP ( 'NONE', ( #9933, #7554, #3054, #3044, #10202 ) ) ;
#749 = FACE_OUTER_BOUND ( 'NONE', #2934, .T. ) ;
#750 = CARTESIAN_POINT ( 'NONE',  ( -8.000000000000000000, -26.00000000000000355, -152.0000000000000000 ) ) ;
#751 = CYLINDRICAL_SURFACE ( 'NONE', #6153, 8.000000000000611067 ) ;
#752 = PLANE ( 'NONE',  #8818 ) ;
#753 = VERTEX_POINT ( 'NONE', #7368 ) ;
#754 = CARTESIAN_POINT ( 'NONE',  ( 0.000000000000000000, -16.00000000000000000, -152.0000000000000000 ) ) ;
#755 = VERTEX_POINT ( 'NONE', #2550 ) ;
#756 = CARTESIAN_POINT ( 'NONE',  ( -9.248999599679702754, 29.80000000000000782, 0.000000000000000000 ) ) ;
#757 = VERTEX_POINT ( 'NONE', #3387 ) ;
#758 = CARTESIAN_POINT ( 'NONE',  ( 8.000000000000000000, 26.00000000000000355, -148.1000000000000512 ) ) ;
#759 = DIRECTION ( 'NONE',  ( 0.000000000000000000, 0.000000000000000000, -1.000000000000000000 ) ) ;
#760 = ORIENTED_EDGE ( 'NONE', *, *, #6656, .T. ) ;
#761 = EDGE_LOOP ( 'NONE', ( #7800, #3758 ) ) ;
#762 = DIRECTION ( 'NONE',  ( -1.000000000000000000, -0.000000000000000000, -0.000000000000000000 ) ) ;
#763 = VECTOR ( 'NONE', #9477, 1000.000000000000000 ) ;
#764 = FACE_OUTER_BOUND ( 'NONE', #4054, .T. ) ;
#765 = CARTESIAN_POINT ( 'NONE',  ( 4.335090188609796336, 29.80000000000000071, -152.0000000000000000 ) ) ;
#766 = DIRECTION ( 'NONE',  ( 0.000000000000000000, -1.000000000000000000, 0.000000000000000000 ) ) ;
#767 = EDGE_LOOP ( 'NONE', ( #7914, #8965 ) ) ;
#768 = CYLINDRICAL_SURFACE ( 'NONE', #1125, 3.499999999999999556 ) ;
#769 = EDGE_LOOP ( 'NONE', ( #4178, #1979, #9576, #4751 ) ) ;
#770 = AXIS2_PLACEMENT_3D ( 'NONE', #65, #2480, #7241 ) ;
#771 = FACE_OUTER_BOUND ( 'NONE', #9357, .T. ) ;
#772 = CARTESIAN_POINT ( 'NONE',  ( 8.000000000000000000, -16.00000000000000000, -8.500000000000000000 ) ) ;
#773 = CARTESIAN_POINT ( 'NONE',  ( 4.500000000000000000, 26.00000000000000355, -151.5999999999999943 ) ) ;
#774 = DIRECTION ( 'NONE',  ( -0.5000000000002420286, 0.8660254037842989305, 0.000000000000000000 ) ) ;
#775 = ORIENTED_EDGE ( 'NONE', *, *, #8880, .T. ) ;
#776 = AXIS2_PLACEMENT_3D ( 'NONE', #5577, #6532, #4842 ) ;
#777 = CARTESIAN_POINT ( 'NONE',  ( 9.720000000000002416, 26.00000000000000355, 0.000000000000000000 ) ) ;
#778 = EDGE_CURVE ( 'NONE', #755, #1093, #1856, .T. ) ;
#779 = ADVANCED_FACE ( 'NONE', ( #5717 ), #1567, .T. ) ;
#780 = EDGE_CURVE ( 'NONE', #1338, #5489, #6620, .T. ) ;
#781 = ORIENTED_EDGE ( 'NONE', *, *, #1113, .F. ) ;
#782 = CARTESIAN_POINT ( 'NONE',  ( -1.271201803182604229, -18.20564223991167196, -10.70564223991167729 ) ) ;
#783 = VECTOR ( 'NONE', #2905, 1000.000000000000114 ) ;
#784 = TOROIDAL_SURFACE ( 'NONE', #9041, 3.782999999993962081, 0.5000000000060270677 ) ;
#785 = CARTESIAN_POINT ( 'NONE',  ( 3.750000000000000000, -7.250000000000000000, -145.5000000000000000 ) ) ;
#786 = LINE ( 'NONE', #9774, #9229 ) ;
#787 = ORIENTED_EDGE ( 'NONE', *, *, #679, .T. ) ;
#788 = DIRECTION ( 'NONE',  ( 0.000000000000000000, -0.000000000000000000, 1.000000000000000000 ) ) ;
#789 = DIRECTION ( 'NONE',  ( -1.000000000000000000, 0.000000000000000000, 0.000000000000000000 ) ) ;
#790 = CARTESIAN_POINT ( 'NONE',  ( -12.00000000000000000, -22.00000000000000000, -148.0000000000000000 ) ) ;
#791 = ORIENTED_EDGE ( 'NONE', *, *, #7821, .F. ) ;
#792 = VECTOR ( 'NONE', #3106, 1000.000000000000000 ) ;
#793 = CARTESIAN_POINT ( 'NONE',  ( 0.000000000000000000, -16.00000000000000000, 0.000000000000000000 ) ) ;
#794 = ORIENTED_EDGE ( 'NONE', *, *, #2311, .T. ) ;
#795 = ORIENTED_EDGE ( 'NONE', *, *, #8237, .T. ) ;
#796 = EDGE_CURVE ( 'NONE', #6109, #6261, #4184, .T. ) ;
#797 = ORIENTED_EDGE ( 'NONE', *, *, #6857, .T. ) ;
#798 = EDGE_CURVE ( 'NONE', #7526, #3988, #4267, .T. ) ;
#799 = EDGE_CURVE ( 'NONE', #4915, #9991, #1813, .T. ) ;
#800 = FACE_OUTER_BOUND ( 'NONE', #6292, .T. ) ;
#801 = AXIS2_PLACEMENT_3D ( 'NONE', #8604, #5217, #1365 ) ;
#802 = CARTESIAN_POINT ( 'NONE',  ( -6.000000000000000000, 0.000000000000000000, -111.0000000000000000 ) ) ;
#803 = DIRECTION ( 'NONE',  ( -1.000000000000000000, -0.000000000000000000, -0.000000000000000000 ) ) ;
#804 = CIRCLE ( 'NONE', #6180, 5.000000000000000888 ) ;
#805 = DIRECTION ( 'NONE',  ( 0.000000000000000000, 0.000000000000000000, 1.000000000000000000 ) ) ;
#806 = VERTEX_POINT ( 'NONE', #874 ) ;
#807 = CARTESIAN_POINT ( 'NONE',  ( -8.000000000000000000, -24.26794919243099713, -150.0000000000000000 ) ) ;
#808 = CARTESIAN_POINT ( 'NONE',  ( 0.4999999999993932631, -25.50000000000000355, -121.0000000000000000 ) ) ;
#809 = EDGE_LOOP ( 'NONE', ( #4593, #10259, #3057, #2335 ) ) ;
#810 = LINE ( 'NONE', #4806, #4825 ) ;
#811 = AXIS2_PLACEMENT_3D ( 'NONE', #8443, #8596, #9395 ) ;
#812 = TOROIDAL_SURFACE ( 'NONE', #8568, 4.799999999999447375, 0.2000000000005540679 ) ;
#813 = AXIS2_PLACEMENT_3D ( 'NONE', #2310, #3951, #1633 ) ;
#814 = ORIENTED_EDGE ( 'NONE', *, *, #3874, .T. ) ;
#815 = EDGE_CURVE ( 'NONE', #7462, #3920, #1712, .T. ) ;
#816 = ORIENTED_EDGE ( 'NONE', *, *, #6653, .T. ) ;
#817 = AXIS2_PLACEMENT_3D ( 'NONE', #4884, #7271, #9809 ) ;
#818 = CARTESIAN_POINT ( 'NONE',  ( 0.000000000000000000, 0.000000000000000000, -2.000000000000000000 ) ) ;
#819 = ORIENTED_EDGE ( 'NONE', *, *, #3781, .T. ) ;
#820 = CARTESIAN_POINT ( 'NONE',  ( 8.000000000000000000, 26.00000000000000355, 0.000000000000000000 ) ) ;
#821 = FACE_OUTER_BOUND ( 'NONE', #1088, .T. ) ;
#822 = CARTESIAN_POINT ( 'NONE',  ( 12.00000000000000000, -29.50000000000000355, -17.00000000000000000 ) ) ;
#823 = VERTEX_POINT ( 'NONE', #6670 ) ;
#824 = EDGE_LOOP ( 'NONE', ( #8578, #4090 ) ) ;
#825 = VECTOR ( 'NONE', #9005, 1000.000000000000000 ) ;
#826 = DIRECTION ( 'NONE',  ( 0.000000000000000000, 1.000000000000000000, 0.000000000000000000 ) ) ;
#827 = ORIENTED_EDGE ( 'NONE', *, *, #10330, .T. ) ;
#828 = VECTOR ( 'NONE', #9624, 1000.000000000000000 ) ;
#829 = CARTESIAN_POINT ( 'NONE',  ( -12.00000000000000000, 16.00000000000000000, -143.5000000000000284 ) ) ;
#830 = CARTESIAN_POINT ( 'NONE',  ( 9.500000000000000000, 25.13397459621599950, -150.0000000000000000 ) ) ;
#831 = DIRECTION ( 'NONE',  ( 1.000000000000000000, 0.000000000000000000, 0.000000000000000000 ) ) ;
#832 = DIRECTION ( 'NONE',  ( -1.000000000000000000, 0.000000000000000000, 0.000000000000000000 ) ) ;
#833 = B_SPLINE_CURVE_WITH_KNOTS ( 'NONE', 3,
 ( #3992, #740, #4891, #10397, #8135, #4155, #897, #4103 ),
 .UNSPECIFIED., .F., .F.,
 ( 4, 2, 2, 4 ),
 ( 0.0006612996976838442491, 0.001085740483414447547, 0.001510181269145051061, 0.002359062840606257656 ),
 .UNSPECIFIED. ) ;
#834 = LINE ( 'NONE', #4781, #5402 ) ;
#835 = EDGE_LOOP ( 'NONE', ( #7137, #4106, #9201 ) ) ;
#836 = CARTESIAN_POINT ( 'NONE',  ( 1.649999999999999911, 35.00000000000000000, -17.00000000000000000 ) ) ;
#837 = CARTESIAN_POINT ( 'NONE',  ( 11.79999999999944649, -16.00000000000000000, -8.500000000000000000 ) ) ;
#838 = CARTESIAN_POINT ( 'NONE',  ( -9.500000000000000000, -26.86602540378400050, 0.000000000000000000 ) ) ;
#839 = DIRECTION ( 'NONE',  ( 0.000000000000000000, 0.000000000000000000, 1.000000000000000000 ) ) ;
#840 = EDGE_CURVE ( 'NONE', #6691, #2945, #1082, .T. ) ;
#841 = ADVANCED_FACE ( 'NONE', ( #81 ), #5958, .F. ) ;
#842 = DIRECTION ( 'NONE',  ( 0.000000000000000000, -1.000000000000000000, 0.000000000000000000 ) ) ;
#843 = EDGE_LOOP ( 'NONE', ( #2693, #5087 ) ) ;
#844 = CARTESIAN_POINT ( 'NONE',  ( -9.500000000000000000, -26.84166501650003056, 0.000000000000000000 ) ) ;
#845 = ORIENTED_EDGE ( 'NONE', *, *, #908, .F. ) ;
#846 = ORIENTED_EDGE ( 'NONE', *, *, #9764, .F. ) ;
#847 = ORIENTED_EDGE ( 'NONE', *, *, #167, .F. ) ;
#848 = CARTESIAN_POINT ( 'NONE',  ( 8.000000000000000000, 26.00000000000000355, -152.0000000000000000 ) ) ;
#849 = CARTESIAN_POINT ( 'NONE',  ( -2.458500000000012786, -16.00000000000000000, -141.0415000000000134 ) ) ;
#850 = DIRECTION ( 'NONE',  ( 1.000000000000000000, 0.000000000000000000, 0.000000000000000000 ) ) ;
#851 = AXIS2_PLACEMENT_3D ( 'NONE', #6641, #1059, #9719 ) ;
#852 = DIRECTION ( 'NONE',  ( -0.000000000000000000, -0.000000000000000000, 1.000000000000000000 ) ) ;
#853 = ORIENTED_EDGE ( 'NONE', *, *, #3161, .T. ) ;
#854 = ADVANCED_FACE ( 'NONE', ( #9749 ), #4285, .F. ) ;
#855 = CARTESIAN_POINT ( 'NONE',  ( -8.500000000000000000, 25.50000000000000355, -111.0000000000000000 ) ) ;
#856 = CARTESIAN_POINT ( 'NONE',  ( -1.738422021547136875, -17.73842202154713732, -141.7615779784528627 ) ) ;
#857 = EDGE_CURVE ( 'NONE', #1214, #3920, #1910, .T. ) ;
#858 = EDGE_LOOP ( 'NONE', ( #1845, #6889, #5278, #2491 ) ) ;
#859 = DIRECTION ( 'NONE',  ( -0.000000000000000000, -0.000000000000000000, -1.000000000000000000 ) ) ;
#860 = ORIENTED_EDGE ( 'NONE', *, *, #5104, .F. ) ;
#861 = ORIENTED_EDGE ( 'NONE', *, *, #9432, .F. ) ;
#862 = VECTOR ( 'NONE', #8461, 1000.000000000000000 ) ;
#863 = AXIS2_PLACEMENT_3D ( 'NONE', #4555, #2978, #6103 ) ;
#864 = ORIENTED_EDGE ( 'NONE', *, *, #3954, .F. ) ;
#865 = VECTOR ( 'NONE', #8862, 1000.000000000000000 ) ;
#866 = CARTESIAN_POINT ( 'NONE',  ( 1.200000000000554179, 32.99999999999944578, -17.00000000000001421 ) ) ;
#867 = ORIENTED_EDGE ( 'NONE', *, *, #8424, .F. ) ;
#868 = CIRCLE ( 'NONE', #4733, 2.458500000000003460 ) ;
#869 = FACE_OUTER_BOUND ( 'NONE', #8960, .T. ) ;
#870 = PLANE ( 'NONE',  #10147 ) ;
#871 = CIRCLE ( 'NONE', #8988, 1.719999999999998419 ) ;
#872 = EDGE_CURVE ( 'NONE', #111, #9854, #928, .T. ) ;
#874 = CARTESIAN_POINT ( 'NONE',  ( 11.84999999999999787, 27.95825756949600205, -17.00000000000000000 ) ) ;
#873 = AXIS2_PLACEMENT_3D ( 'NONE', #2752, #3450, #5784 ) ;
#875 = CARTESIAN_POINT ( 'NONE',  ( -2.458500000000012786, -16.00000000000000000, -145.9585000000000150 ) ) ;
#876 = DIRECTION ( 'NONE',  ( -0.000000000000000000, -0.000000000000000000, 1.000000000000000000 ) ) ;
#877 = APPLICATION_PROTOCOL_DEFINITION ( 'draft international standard', 'automotive_design', 1998, #3852 ) ;
#878 = ORIENTED_EDGE ( 'NONE', *, *, #7559, .T. ) ;
#879 = ORIENTED_EDGE ( 'NONE', *, *, #2720, .T. ) ;
#880 = CARTESIAN_POINT ( 'NONE',  ( -11.84999999999999964, -29.50000000000000355, -17.00000000000000000 ) ) ;
#881 = ORIENTED_EDGE ( 'NONE', *, *, #4967, .T. ) ;
#882 = VECTOR ( 'NONE', #3960, 1000.000000000000000 ) ;
#883 =( BOUNDED_CURVE ( )  B_SPLINE_CURVE ( 3, ( #8249, #1896, #4316, #1017 ),
 .UNSPECIFIED., .F., .F. ) 
 B_SPLINE_CURVE_WITH_KNOTS ( ( 4, 4 ),
 ( 1.570796326794896558, 3.141592653589793116 ),
 .UNSPECIFIED. ) 
 CURVE ( )  GEOMETRIC_REPRESENTATION_ITEM ( )  RATIONAL_B_SPLINE_CURVE ( ( 1.000000000000000000, 0.8047378541243649375, 0.8047378541243649375, 1.000000000000000000 ) ) 
 REPRESENTATION_ITEM ( '' )  );
#884 = DIRECTION ( 'NONE',  ( 0.000000000000000000, 0.000000000000000000, -1.000000000000000000 ) ) ;
#885 = CIRCLE ( 'NONE', #2549, 2.458500000000003460 ) ;
#886 = DIRECTION ( 'NONE',  ( -0.000000000000000000, -1.000000000000000000, -0.000000000000000000 ) ) ;
#887 = DIRECTION ( 'NONE',  ( 0.000000000000000000, 1.000000000000000000, 0.000000000000000000 ) ) ;
#888 = AXIS2_PLACEMENT_3D ( 'NONE', #4092, #4240, #2504 ) ;
#889 = CARTESIAN_POINT ( 'NONE',  ( -7.740690376478693402, -27.58233832662541829, -0.07771142334320776945 ) ) ;
#890 = LINE ( 'NONE', #1725, #1466 ) ;
#891 = DIRECTION ( 'NONE',  ( 0.000000000000000000, 0.000000000000000000, -1.000000000000000000 ) ) ;
#892 = ORIENTED_EDGE ( 'NONE', *, *, #2954, .T. ) ;
#893 = LINE ( 'NONE', #836, #9235 ) ;
#894 = CIRCLE ( 'NONE', #1728, 1.720000000000001084 ) ;
#895 = CARTESIAN_POINT ( 'NONE',  ( 12.00000000000000178, 16.00000000000000000, -143.5000000000000284 ) ) ;
#896 = DIRECTION ( 'NONE',  ( 0.000000000000000000, -1.000000000000000000, 0.000000000000000000 ) ) ;
#897 = CARTESIAN_POINT ( 'NONE',  ( 6.500000000000000888, 25.43256644311865955, -0.07747605115364665507 ) ) ;
#898 = CARTESIAN_POINT ( 'NONE',  ( 2.458500000000012786, -16.00000000000000000, -0.7915000000000169678 ) ) ;
#899 = AXIS2_PLACEMENT_3D ( 'NONE', #3344, #7962, #6571 ) ;
#900 = DIRECTION ( 'NONE',  ( 0.8660254037842978203, -0.5000000000002438050, 0.000000000000000000 ) ) ;
#901 = CARTESIAN_POINT ( 'NONE',  ( -1.449999999999445954, 33.40000000000055280, -17.00000000000001421 ) ) ;
#902 = CARTESIAN_POINT ( 'NONE',  ( 8.000000000000000000, -16.00000000000000000, -5.499999999999969802 ) ) ;
#903 = EDGE_LOOP ( 'NONE', ( #597, #10000, #4702, #4657 ) ) ;
#904 = AXIS2_PLACEMENT_3D ( 'NONE', #6429, #5742, #6588 ) ;
#905 = CARTESIAN_POINT ( 'NONE',  ( 0.000000000000000000, -29.20849999999996527, -143.5000000000000284 ) ) ;
#906 = ORIENTED_EDGE ( 'NONE', *, *, #8237, .F. ) ;
#907 = ORIENTED_EDGE ( 'NONE', *, *, #294, .T. ) ;
#908 = EDGE_CURVE ( 'NONE', #9847, #6769, #4590, .T. ) ;
#909 = DIRECTION ( 'NONE',  ( 1.000000000000000000, 0.000000000000000000, 0.000000000000000000 ) ) ;
#910 = DIRECTION ( 'NONE',  ( 0.000000000000000000, 0.000000000000000000, 1.000000000000000000 ) ) ;
#911 = DIRECTION ( 'NONE',  ( -1.000000000000000000, 0.000000000000000000, 0.000000000000000000 ) ) ;
#912 = VERTEX_POINT ( 'NONE', #9695 ) ;
#913 = LINE ( 'NONE', #3370, #6144 ) ;
#914 = FACE_BOUND ( 'NONE', #4793, .T. ) ;
#915 = ORIENTED_EDGE ( 'NONE', *, *, #9079, .T. ) ;
#916 = DIRECTION ( 'NONE',  ( 0.000000000000000000, 0.000000000000000000, -1.000000000000000000 ) ) ;
#917 = PLANE ( 'NONE',  #7392 ) ;
#918 = ORIENTED_EDGE ( 'NONE', *, *, #7767, .T. ) ;
#919 = EDGE_CURVE ( 'NONE', #7324, #5026, #2018, .T. ) ;
#920 = ORIENTED_EDGE ( 'NONE', *, *, #1283, .T. ) ;
#921 = EDGE_CURVE ( 'NONE', #9171, #2209, #6834, .T. ) ;
#922 = ADVANCED_FACE ( 'NONE', ( #7631 ), #1136, .F. ) ;
#923 = ADVANCED_FACE ( 'NONE', ( #8523 ), #1334, .F. ) ;
#924 = DIRECTION ( 'NONE',  ( -0.000000000000000000, -0.000000000000000000, 1.000000000000000000 ) ) ;
#925 = VERTEX_POINT ( 'NONE', #8475 ) ;
#926 = DIRECTION ( 'NONE',  ( -1.000000000000000000, 0.000000000000000000, 0.000000000000000000 ) ) ;
#927 = FACE_OUTER_BOUND ( 'NONE', #8805, .T. ) ;
#928 = LINE ( 'NONE', #4132, #9183 ) ;
#929 = CARTESIAN_POINT ( 'NONE',  ( 12.00000000000000178, 16.00000000000000000, -141.0415000000000418 ) ) ;
#930 = ORIENTED_EDGE ( 'NONE', *, *, #2705, .T. ) ;
#931 = VERTEX_POINT ( 'NONE', #2850 ) ;
#932 = ADVANCED_FACE ( 'NONE', ( #1185 ), #443, .T. ) ;
#933 = CARTESIAN_POINT ( 'NONE',  ( -12.00000000000000000, -22.00000000000000000, -152.0000000000000000 ) ) ;
#934 = ORIENTED_EDGE ( 'NONE', *, *, #9204, .F. ) ;
#935 = EDGE_CURVE ( 'NONE', #4867, #2112, #2741, .T. ) ;
#936 = EDGE_CURVE ( 'NONE', #7190, #823, #1234, .T. ) ;
#937 = CARTESIAN_POINT ( 'NONE',  ( -12.00000000000000000, -22.00000000000000000, 0.000000000000000000 ) ) ;
#938 = LINE ( 'NONE', #8326, #3615 ) ;
#939 = CYLINDRICAL_SURFACE ( 'NONE', #9765, 0.2000000000005541234 ) ;
#940 = CONICAL_SURFACE ( 'NONE', #4616, 1.719999999999999307, 1.047197551202454280 ) ;
#941 = FACE_OUTER_BOUND ( 'NONE', #1417, .T. ) ;
#942 = DIRECTION ( 'NONE',  ( -0.000000000000000000, 1.000000000000000000, -0.000000000000000000 ) ) ;
#943 = DIRECTION ( 'NONE',  ( 0.000000000000000000, 0.000000000000000000, 1.000000000000000000 ) ) ;
#944 = EDGE_LOOP ( 'NONE', ( #2503, #2677 ) ) ;
#945 = AXIS2_PLACEMENT_3D ( 'NONE', #9210, #2731, #2781 ) ;
#946 =( BOUNDED_CURVE ( )  B_SPLINE_CURVE ( 3, ( #10281, #9702, #6302, #5617 ),
 .UNSPECIFIED., .F., .T. ) 
 B_SPLINE_CURVE_WITH_KNOTS ( ( 4, 4 ),
 ( 2.356194490192345281, 3.926990816987240951 ),
 .UNSPECIFIED. ) 
 CURVE ( )  GEOMETRIC_REPRESENTATION_ITEM ( )  RATIONAL_B_SPLINE_CURVE ( ( 1.000000000000000000, 0.8047378541243652705, 0.8047378541243652705, 1.000000000000000000 ) ) 
 REPRESENTATION_ITEM ( '' )  );
#947 = CARTESIAN_POINT ( 'NONE',  ( 4.500000000000000888, 26.00000000000000355, -0.3999999999999810929 ) ) ;
#948 = CIRCLE ( 'NONE', #7858, 1.999999999999988010 ) ;
#949 = DIRECTION ( 'NONE',  ( 0.000000000000000000, -0.000000000000000000, 1.000000000000000000 ) ) ;
#950 = EDGE_CURVE ( 'NONE', #374, #1475, #10162, .T. ) ;
#951 = DIRECTION ( 'NONE',  ( 0.000000000000000000, 0.000000000000000000, -1.000000000000000000 ) ) ;
#952 = AXIS2_PLACEMENT_3D ( 'NONE', #4788, #163, #4732 ) ;
#953 = CARTESIAN_POINT ( 'NONE',  ( 12.00000000000000000, -30.00000000000000000, -17.00000000000000000 ) ) ;
#954 = LINE ( 'NONE', #168, #4147 ) ;
#955 = CARTESIAN_POINT ( 'NONE',  ( -4.352726514326100471, -30.00000000000000000, -4.000000000000000000 ) ) ;
#956 = ORIENTED_EDGE ( 'NONE', *, *, #4135, .T. ) ;
#957 = DIRECTION ( 'NONE',  ( -0.5000000000002420286, 0.8660254037842989305, 0.000000000000000000 ) ) ;
#958 = ORIENTED_EDGE ( 'NONE', *, *, #4135, .F. ) ;
#959 = ORIENTED_EDGE ( 'NONE', *, *, #3161, .F. ) ;
#960 = VERTEX_POINT ( 'NONE', #9329 ) ;
#961 = CARTESIAN_POINT ( 'NONE',  ( 7.978903285765483133, 27.71987061392667329, 0.000000000000000000 ) ) ;
#962 = VECTOR ( 'NONE', #620, 1000.000000000000000 ) ;
#963 = CARTESIAN_POINT ( 'NONE',  ( 7.249999999999709566, 27.29903810567635247, -150.0000000000000000 ) ) ;
#964 = DIRECTION ( 'NONE',  ( -0.7071067811864980568, 0.000000000000000000, -0.7071067811865970887 ) ) ;
#965 = AXIS2_PLACEMENT_3D ( 'NONE', #4199, #2559, #6417 ) ;
#966 = AXIS2_PLACEMENT_3D ( 'NONE', #5554, #6402, #10433 ) ;
#967 = ORIENTED_EDGE ( 'NONE', *, *, #1873, .T. ) ;
#968 = CYLINDRICAL_SURFACE ( 'NONE', #10054, 0.3999999999993869571 ) ;
#969 = LINE ( 'NONE', #9887, #198 ) ;
#970 = EDGE_LOOP ( 'NONE', ( #10230, #5298, #5398, #583, #8507, #1547, #8163 ) ) ;
#971 = AXIS2_PLACEMENT_3D ( 'NONE', #8823, #8078, #3185 ) ;
#972 = PLANE ( 'NONE',  #8657 ) ;
#973 = ORIENTED_EDGE ( 'NONE', *, *, #3674, .F. ) ;
#974 = CARTESIAN_POINT ( 'NONE',  ( 0.000000000000000000, 0.000000000000000000, 2.000000000000000000 ) ) ;
#975 = CIRCLE ( 'NONE', #3815, 1.499999999999999556 ) ;
#976 = VERTEX_POINT ( 'NONE', #2067 ) ;
#977 = CARTESIAN_POINT ( 'NONE',  ( 7.978903285765477804, 27.71987061392667329, -152.0000000000000000 ) ) ;
#978 = ORIENTED_EDGE ( 'NONE', *, *, #3290, .F. ) ;
#979 = CIRCLE ( 'NONE', #9757, 4.700000000000099654 ) ;
#980 = EDGE_CURVE ( 'NONE', #7936, #1220, #3397, .T. ) ;
#981 = CARTESIAN_POINT ( 'NONE',  ( 8.000000000000000000, 26.00000000000000355, 0.000000000000000000 ) ) ;
#982 = VECTOR ( 'NONE', #3812, 1000.000000000000227 ) ;
#983 = AXIS2_PLACEMENT_3D ( 'NONE', #3098, #7927, #7182 ) ;
#984 = CARTESIAN_POINT ( 'NONE',  ( -8.000000000000000000, -26.00000000000000355, -152.0000000000000000 ) ) ;
#985 = EDGE_CURVE ( 'NONE', #1364, #4369, #5256, .T. ) ;
#986 = CARTESIAN_POINT ( 'NONE',  ( 8.000000000000000000, 26.00000000000000355, -2.866025403784399739 ) ) ;
#987 = DIRECTION ( 'NONE',  ( -1.000000000000000000, 0.000000000000000000, 0.000000000000000000 ) ) ;
#988 = VERTEX_POINT ( 'NONE', #2689 ) ;
#989 = ORIENTED_EDGE ( 'NONE', *, *, #9129, .F. ) ;
#990 = EDGE_CURVE ( 'NONE', #9285, #7777, #6930, .T. ) ;
#991 = CARTESIAN_POINT ( 'NONE',  ( -8.000000000000000000, -26.00000000000000355, -150.0000000000000000 ) ) ;
#992 = EDGE_CURVE ( 'NONE', #3389, #6982, #6613, .T. ) ;
#993 = ORIENTED_EDGE ( 'NONE', *, *, #7501, .F. ) ;
#994 = VECTOR ( 'NONE', #9512, 1000.000000000000000 ) ;
#995 = CARTESIAN_POINT ( 'NONE',  ( 9.500000000000000000, 25.13397459621599950, -2.000000000000000000 ) ) ;
#996 = CARTESIAN_POINT ( 'NONE',  ( 8.015521883131921044, 26.00000000000030553, -152.0000000000000000 ) ) ;
#997 = CARTESIAN_POINT ( 'NONE',  ( -1.500000000000000000, 29.80000000000000426, -143.5000000000000284 ) ) ;
#998 = DIRECTION ( 'NONE',  ( -0.000000000000000000, -0.000000000000000000, -1.000000000000000000 ) ) ;
#999 = EDGE_CURVE ( 'NONE', #1270, #10280, #8569, .T. ) ;
#1000 = AXIS2_PLACEMENT_3D ( 'NONE', #1228, #5132, #7681 ) ;
#1001 = CARTESIAN_POINT ( 'NONE',  ( 8.015521883131921044, 22.00000000000000000, -4.000000000000000000 ) ) ;
#1002 = EDGE_LOOP ( 'NONE', ( #5055, #3707, #6510, #4473 ) ) ;
#1003 = EDGE_CURVE ( 'NONE', #2773, #6392, #5190, .T. ) ;
#1004 = FACE_OUTER_BOUND ( 'NONE', #7793, .T. ) ;
#1005 = CARTESIAN_POINT ( 'NONE',  ( 5.655795911827167899, 1.789201174398201921, 7.868853943432920772 ) ) ;
#1006 = DIRECTION ( 'NONE',  ( 1.000000000000000000, 0.000000000000000000, 0.000000000000000000 ) ) ;
#1007 = CARTESIAN_POINT ( 'NONE',  ( 8.500000000000000000, -25.50000000000000355, -31.00000000000000000 ) ) ;
#1008 = DIRECTION ( 'NONE',  ( -0.000000000000000000, 0.000000000000000000, 1.000000000000000000 ) ) ;
#1009 = EDGE_CURVE ( 'NONE', #6720, #1423, #4493, .T. ) ;
#1010 = CARTESIAN_POINT ( 'NONE',  ( 8.259309623521437160, 24.41766167337465276, -151.9222885766577917 ) ) ;
#1011 = VERTEX_POINT ( 'NONE', #3494 ) ;
#1012 = EDGE_CURVE ( 'NONE', #89, #4760, #6875, .T. ) ;
#1013 = PLANE ( 'NONE',  #10341 ) ;
#1014 = VERTEX_POINT ( 'NONE', #1914 ) ;
#1015 = EDGE_LOOP ( 'NONE', ( #8062, #2418, #3923, #378 ) ) ;
#1016 = ORIENTED_EDGE ( 'NONE', *, *, #4919, .T. ) ;
#1017 = CARTESIAN_POINT ( 'NONE',  ( 2.458500000000003460, 16.00000000000000000, -10.95850000000000257 ) ) ;
#1018 = FACE_OUTER_BOUND ( 'NONE', #4537, .T. ) ;
#1019 = CARTESIAN_POINT ( 'NONE',  ( -12.00000000000000000, 16.00000000000000000, -6.041500000000007198 ) ) ;
#1020 = ORIENTED_EDGE ( 'NONE', *, *, #1680, .F. ) ;
#1021 = DIRECTION ( 'NONE',  ( 0.000000000000000000, -1.000000000000000000, 0.000000000000000000 ) ) ;
#1022 = LINE ( 'NONE', #9159, #9476 ) ;
#1023 = ORIENTED_EDGE ( 'NONE', *, *, #3817, .T. ) ;
#1024 = DIRECTION ( 'NONE',  ( -1.000000000000000000, 0.000000000000000000, 0.000000000000000000 ) ) ;
#1025 = DIRECTION ( 'NONE',  ( 1.000000000000000000, 0.000000000000000000, -0.000000000000000000 ) ) ;
#1026 = ORIENTED_EDGE ( 'NONE', *, *, #5106, .T. ) ;
#1027 = CARTESIAN_POINT ( 'NONE',  ( 0.000000000000000000, -16.00000000000000000, -151.2084999999999866 ) ) ;
#1028 = VERTEX_POINT ( 'NONE', #5382 ) ;
#1029 = PRESENTATION_STYLE_ASSIGNMENT (( #1593 ) ) ;
#1030 = DIRECTION ( 'NONE',  ( 1.000000000000000000, 0.000000000000000000, -0.000000000000000000 ) ) ;
#1031 = DIRECTION ( 'NONE',  ( 0.000000000000000000, 0.000000000000000000, -1.000000000000000000 ) ) ;
#1032 = DIRECTION ( 'NONE',  ( 1.000000000000000000, 0.000000000000000000, 0.000000000000000000 ) ) ;
#1033 = ORIENTED_EDGE ( 'NONE', *, *, #5431, .T. ) ;
#1034 = AXIS2_PLACEMENT_3D ( 'NONE', #2262, #10014, #2213 ) ;
#1035 = ORIENTED_EDGE ( 'NONE', *, *, #4280, .F. ) ;
#1036 = VECTOR ( 'NONE', #826, 1000.000000000000000 ) ;
#1037 = ORIENTED_EDGE ( 'NONE', *, *, #5490, .F. ) ;
#1038 = EDGE_CURVE ( 'NONE', #10262, #2799, #3791, .T. ) ;
#1039 = EDGE_CURVE ( 'NONE', #5550, #111, #476, .T. ) ;
#1040 = LINE ( 'NONE', #7479, #1221 ) ;
#1041 = AXIS2_PLACEMENT_3D ( 'NONE', #4507, #9352, #2240 ) ;
#1042 = PRODUCT_DEFINITION_CONTEXT ( 'detailed design', #7605, 'design' ) ;
#1043 = LINE ( 'NONE', #2554, #7164 ) ;
#1044 = CARTESIAN_POINT ( 'NONE',  ( 11.50000000000000000, 26.00000000000000355, -0.3999999999999810929 ) ) ;
#1045 = ORIENTED_EDGE ( 'NONE', *, *, #167, .T. ) ;
#1046 = DIRECTION ( 'NONE',  ( -1.000000000000000000, 0.000000000000000000, 0.000000000000000000 ) ) ;
#1047 = DIRECTION ( 'NONE',  ( 1.000000000000000000, -0.000000000000000000, 0.000000000000000000 ) ) ;
#1048 = VECTOR ( 'NONE', #7576, 1000.000000000000000 ) ;
#1049 = ADVANCED_FACE ( 'NONE', ( #1004 ), #1314, .T. ) ;
#1050 = EDGE_CURVE ( 'NONE', #274, #9659, #4908, .T. ) ;
#1051 = ADVANCED_FACE ( 'NONE', ( #7436 ), #2656, .F. ) ;
#1052 = DIRECTION ( 'NONE',  ( 0.000000000000000000, 0.000000000000000000, 1.000000000000000000 ) ) ;
#1053 = FACE_BOUND ( 'NONE', #6447, .T. ) ;
#1054 = CIRCLE ( 'NONE', #10154, 6.000000000000000000 ) ;
#1055 = CARTESIAN_POINT ( 'NONE',  ( 8.000000000000000000, 26.00000000000000355, -152.0000000000000000 ) ) ;
#1056 = DIRECTION ( 'NONE',  ( -0.000000000000000000, 0.000000000000000000, 1.000000000000000000 ) ) ;
#1058 = DIRECTION ( 'NONE',  ( -1.000000000000000000, -0.000000000000000000, -0.000000000000000000 ) ) ;
#1057 = AXIS2_PLACEMENT_3D ( 'NONE', #1255, #9547, #4456 ) ;
#1059 = DIRECTION ( 'NONE',  ( 1.000000000000000000, 0.000000000000000000, -0.000000000000000000 ) ) ;
#1060 = ORIENTED_EDGE ( 'NONE', *, *, #7048, .F. ) ;
#1061 = VECTOR ( 'NONE', #6881, 1000.000000000000114 ) ;
#1062 = FACE_OUTER_BOUND ( 'NONE', #903, .T. ) ;
#1063 = ORIENTED_EDGE ( 'NONE', *, *, #6857, .F. ) ;
#1064 = ORIENTED_EDGE ( 'NONE', *, *, #644, .F. ) ;
#1065 = VERTEX_POINT ( 'NONE', #9862 ) ;
#1066 = EDGE_CURVE ( 'NONE', #6141, #9516, #207, .T. ) ;
#1067 = CARTESIAN_POINT ( 'NONE',  ( 7.499092215523702976, 27.44285156336224318, -0.1267986447599574740 ) ) ;
#1068 = AXIS2_PLACEMENT_3D ( 'NONE', #6730, #9858, #7646 ) ;
#1069 = ADVANCED_FACE ( 'NONE', ( #4355 ), #7593, .F. ) ;
#1070 = DIRECTION ( 'NONE',  ( -1.000000000000000000, 0.000000000000000000, 0.000000000000000000 ) ) ;
#1071 = CARTESIAN_POINT ( 'NONE',  ( 7.249999999999717559, 27.29903810567634181, -150.0000000000000000 ) ) ;
#1072 = AXIS2_PLACEMENT_3D ( 'NONE', #9943, #4430, #8515 ) ;
#1073 = VERTEX_POINT ( 'NONE', #363 ) ;
#1074 = LINE ( 'NONE', #10049, #1433 ) ;
#1075 = DIRECTION ( 'NONE',  ( 1.000000000000000000, 0.000000000000000000, 0.000000000000000000 ) ) ;
#1076 = ORIENTED_EDGE ( 'NONE', *, *, #6535, .F. ) ;
#1077 = DIRECTION ( 'NONE',  ( 1.000000000000000000, 0.000000000000000000, -0.000000000000000000 ) ) ;
#1078 = DIRECTION ( 'NONE',  ( -1.000000000000000000, 0.000000000000000000, 0.000000000000000000 ) ) ;
#1079 = CARTESIAN_POINT ( 'NONE',  ( 2.458499999999995911, 17.44015595690574472, -145.9585000000000150 ) ) ;
#1080 = AXIS2_PLACEMENT_3D ( 'NONE', #6744, #6853, #8504 ) ;
#1081 = VERTEX_POINT ( 'NONE', #2603 ) ;
#1082 = CIRCLE ( 'NONE', #5119, 4.100000000000000533 ) ;
#1083 = CARTESIAN_POINT ( 'NONE',  ( 0.4999999999993915423, 25.50000000000000355, -31.00000000000000000 ) ) ;
#1084 = EDGE_LOOP ( 'NONE', ( #1441, #5242, #7220, #579, #14, #5216, #4690 ) ) ;
#1085 = CARTESIAN_POINT ( 'NONE',  ( -8.000000000000000000, -16.00000000000000000, -8.500000000000000000 ) ) ;
#1086 = DIRECTION ( 'NONE',  ( -1.000000000000000000, 0.000000000000000000, 0.000000000000000000 ) ) ;
#1087 = CARTESIAN_POINT ( 'NONE',  ( 0.000000000000000000, 0.000000000000000000, 9.599415897570180434 ) ) ;
#1088 = EDGE_LOOP ( 'NONE', ( #5361, #6804 ) ) ;
#1089 = ORIENTED_EDGE ( 'NONE', *, *, #2011, .F. ) ;
#1090 = DIRECTION ( 'NONE',  ( -1.000000000000000000, 0.000000000000000000, 0.000000000000000000 ) ) ;
#1091 = DIRECTION ( 'NONE',  ( 0.8660254037855547038, 1.060575238726273740E-16, -0.4999999999980669907 ) ) ;
#1092 = FACE_OUTER_BOUND ( 'NONE', #5974, .T. ) ;
#1093 = VERTEX_POINT ( 'NONE', #7540 ) ;
#1094 = CARTESIAN_POINT ( 'NONE',  ( -12.00000000000000000, -25.99999999999969447, -4.000000000000000000 ) ) ;
#1095 = CYLINDRICAL_SURFACE ( 'NONE', #9144, 2.458500000000003460 ) ;
#1096 = ORIENTED_EDGE ( 'NONE', *, *, #3501, .T. ) ;
#1097 = B_SPLINE_CURVE_WITH_KNOTS ( 'NONE', 3,
 ( #3072, #5403, #4601, #1606, #8645, #10382 ),
 .UNSPECIFIED., .F., .F.,
 ( 4, 2, 4 ),
 ( 6.779041188087909031E-07, 0.0008498274060695687514, 0.001698976908020328677 ),
 .UNSPECIFIED. ) ;
#1098 = CARTESIAN_POINT ( 'NONE',  ( 8.350000000000278533, -29.50000000000000355, -135.0000000000000000 ) ) ;
#1099 = PLANE ( 'NONE',  #6178 ) ;
#1100 = CARTESIAN_POINT ( 'NONE',  ( -9.248999599679700978, 29.80000000000000071, -152.0000000000000000 ) ) ;
#1101 = DIRECTION ( 'NONE',  ( 1.000000000000000000, 0.000000000000000000, 0.000000000000000000 ) ) ;
#1102 = CIRCLE ( 'NONE', #7347, 3.499999999999999556 ) ;
#1103 = LINE ( 'NONE', #1207, #9312 ) ;
#1104 = DIRECTION ( 'NONE',  ( -0.000000000000000000, -0.000000000000000000, -1.000000000000000000 ) ) ;
#1105 = ADVANCED_FACE ( 'NONE', ( #3453 ), #5836, .F. ) ;
#1106 = LINE ( 'NONE', #9097, #3029 ) ;
#1107 = VERTEX_POINT ( 'NONE', #5988 ) ;
#1108 = VECTOR ( 'NONE', #1664, 1000.000000000000114 ) ;
#1109 = ADVANCED_FACE ( 'NONE', ( #3564 ), #9241, .F. ) ;
#1110 = CARTESIAN_POINT ( 'NONE',  ( 0.6607491694260472226, -18.45850000000002211, -10.95850000000001678 ) ) ;
#1111 = ORIENTED_EDGE ( 'NONE', *, *, #7622, .T. ) ;
#1112 = EDGE_LOOP ( 'NONE', ( #3538, #9336, #3181, #4784 ) ) ;
#1113 = EDGE_CURVE ( 'NONE', #1011, #3866, #4994, .T. ) ;
#1114 = VERTEX_POINT ( 'NONE', #5099 ) ;
#1115 = CARTESIAN_POINT ( 'NONE',  ( 3.647273485673901749, 22.00000000000000000, -4.000000000000000000 ) ) ;
#1116 = DIRECTION ( 'NONE',  ( -0.000000000000000000, -0.000000000000000000, 1.000000000000000000 ) ) ;
#1117 = AXIS2_PLACEMENT_3D ( 'NONE', #1219, #3527, #9208 ) ;
#1118 = FACE_OUTER_BOUND ( 'NONE', #1188, .T. ) ;
#1119 = CARTESIAN_POINT ( 'NONE',  ( 0.000000000000000000, -13.54149999999999743, -143.5000000000000284 ) ) ;
#1120 = EDGE_CURVE ( 'NONE', #3638, #2800, #3820, .T. ) ;
#1121 = CARTESIAN_POINT ( 'NONE',  ( 8.032999999999988816, -7.249999999999999112, -150.6715170305900529 ) ) ;
#1122 = EDGE_LOOP ( 'NONE', ( #6672, #8190, #8220, #5695, #1858, #8771, #8299, #62 ) ) ;
#1123 = ADVANCED_FACE ( 'NONE', ( #9917 ), #4170, .F. ) ;
#1124 = DIRECTION ( 'NONE',  ( 0.08784076505916543764, 0.9961345290641321348, -0.000000000000000000 ) ) ;
#1125 = AXIS2_PLACEMENT_3D ( 'NONE', #5557, #4277, #3282 ) ;
#1126 = EDGE_CURVE ( 'NONE', #8043, #9644, #4663, .T. ) ;
#1127 = CARTESIAN_POINT ( 'NONE',  ( 9.240690844420356598, 27.01573761456133482, -0.07771127068831401585 ) ) ;
#1128 = VECTOR ( 'NONE', #2886, 1000.000000000000000 ) ;
#1129 = DIRECTION ( 'NONE',  ( 1.000000000000000000, 0.000000000000000000, 0.000000000000000000 ) ) ;
#1130 = AXIS2_PLACEMENT_3D ( 'NONE', #7333, #8876, #5627 ) ;
#1131 = CIRCLE ( 'NONE', #1794, 4.282999999999988816 ) ;
#1132 = AXIS2_PLACEMENT_3D ( 'NONE', #2972, #1154, #3616 ) ;
#1133 = LINE ( 'NONE', #346, #4736 ) ;
#1134 = ORIENTED_EDGE ( 'NONE', *, *, #2017, .F. ) ;
#1135 = DIRECTION ( 'NONE',  ( -0.08784076505916543764, -0.9961345290641321348, -0.000000000000000000 ) ) ;
#1136 = CYLINDRICAL_SURFACE ( 'NONE', #9334, 2.458500000000003460 ) ;
#1137 = DIRECTION ( 'NONE',  ( 0.000000000000000000, 0.000000000000000000, -1.000000000000000000 ) ) ;
#1138 = VERTEX_POINT ( 'NONE', #4406 ) ;
#1139 = EDGE_CURVE ( 'NONE', #6261, #5739, #2633, .T. ) ;
#1140 = VECTOR ( 'NONE', #7837, 1000.000000000000114 ) ;
#1141 = ORIENTED_EDGE ( 'NONE', *, *, #397, .T. ) ;
#1142 = CARTESIAN_POINT ( 'NONE',  ( 0.000000000000000000, 0.000000000000000000, -31.00000000000000000 ) ) ;
#1143 = DIRECTION ( 'NONE',  ( 0.000000000000000000, -1.000000000000000000, 0.000000000000000000 ) ) ;
#1144 = PLANE ( 'NONE',  #2492 ) ;
#1145 = ORIENTED_EDGE ( 'NONE', *, *, #6250, .T. ) ;
#1146 = EDGE_LOOP ( 'NONE', ( #7370, #6960, #5641, #7237, #10167, #446, #4482 ) ) ;
#1147 = DIRECTION ( 'NONE',  ( -0.000000000000000000, -1.000000000000000000, -0.000000000000000000 ) ) ;
#1148 = VECTOR ( 'NONE', #9345, 1000.000000000000000 ) ;
#1149 = CARTESIAN_POINT ( 'NONE',  ( 8.000000000000000000, 26.00000000000000355, -150.0000000000000000 ) ) ;
#1150 = ORIENTED_EDGE ( 'NONE', *, *, #8269, .F. ) ;
#1151 = DIRECTION ( 'NONE',  ( -0.2588190451025242922, -0.9659258262890673130, 0.000000000000000000 ) ) ;
#1152 = CONICAL_SURFACE ( 'NONE', #316, 3.099999999999977884, 0.7853981633974619347 ) ;
#1153 = AXIS2_PLACEMENT_3D ( 'NONE', #5680, #4995, #6526 ) ;
#1154 = DIRECTION ( 'NONE',  ( -1.000000000000000000, 0.000000000000000000, 0.000000000000000000 ) ) ;
#1155 = CARTESIAN_POINT ( 'NONE',  ( 8.350000000000278533, -26.00000000000028422, -135.0000000000000000 ) ) ;
#1156 = FACE_OUTER_BOUND ( 'NONE', #1764, .T. ) ;
#1157 = CIRCLE ( 'NONE', #1318, 0.2000000000005539014 ) ;
#1158 = CARTESIAN_POINT ( 'NONE',  ( 0.000000000000000000, 16.00000000000000000, 0.000000000000000000 ) ) ;
#1159 = CARTESIAN_POINT ( 'NONE',  ( 8.000000000000000000, 26.00000000000000355, 0.000000000000000000 ) ) ;
#1160 = DIRECTION ( 'NONE',  ( 0.000000000000000000, 0.000000000000000000, 1.000000000000000000 ) ) ;
#1161 = CARTESIAN_POINT ( 'NONE',  ( -1.250000000000613509, 35.00000000000000000, -17.00000000000000000 ) ) ;
#1162 = CARTESIAN_POINT ( 'NONE',  ( -1.500000000000000000, 28.47151703059009265, -143.5000000000000284 ) ) ;
#1163 = ORIENTED_EDGE ( 'NONE', *, *, #6323, .F. ) ;
#1164 = CARTESIAN_POINT ( 'NONE',  ( 12.00000000000000000, -25.99999999999968381, 0.000000000000000000 ) ) ;
#1165 = EDGE_LOOP ( 'NONE', ( #860, #9623, #292, #7677, #9288 ) ) ;
#1166 = VERTEX_POINT ( 'NONE', #5148 ) ;
#1167 = VECTOR ( 'NONE', #2479, 1000.000000000000000 ) ;
#1168 = ORIENTED_EDGE ( 'NONE', *, *, #9505, .T. ) ;
#1169 = DIRECTION ( 'NONE',  ( 1.000000000000000000, 0.000000000000000000, 0.000000000000000000 ) ) ;
#1170 = DIRECTION ( 'NONE',  ( -1.000000000000000000, -0.000000000000000000, -0.000000000000000000 ) ) ;
#1171 = EDGE_CURVE ( 'NONE', #2800, #3638, #8563, .T. ) ;
#1172 = LINE ( 'NONE', #1071, #9717 ) ;
#1173 = EDGE_CURVE ( 'NONE', #6855, #4218, #1472, .T. ) ;
#1174 = VERTEX_POINT ( 'NONE', #1249 ) ;
#1175 = DIRECTION ( 'NONE',  ( 0.000000000000000000, 0.000000000000000000, -1.000000000000000000 ) ) ;
#1176 = FACE_OUTER_BOUND ( 'NONE', #4729, .T. ) ;
#1177 = VERTEX_POINT ( 'NONE', #7700 ) ;
#1178 = CARTESIAN_POINT ( 'NONE',  ( 11.85000000000000142, 27.95825756949599850, -135.0000000000000000 ) ) ;
#1179 = EDGE_CURVE ( 'NONE', #10262, #3699, #5451, .T. ) ;
#1180 = EDGE_CURVE ( 'NONE', #3041, #6432, #666, .T. ) ;
#1181 = EDGE_CURVE ( 'NONE', #2553, #806, #7556, .T. ) ;
#1182 = CARTESIAN_POINT ( 'NONE',  ( 12.00000000000000000, -26.00000000000000355, -152.0000000000000000 ) ) ;
#1183 = ORIENTED_EDGE ( 'NONE', *, *, #652, .F. ) ;
#1184 = DIRECTION ( 'NONE',  ( 1.000000000000000000, -0.000000000000000000, -0.000000000000000000 ) ) ;
#1185 = FACE_OUTER_BOUND ( 'NONE', #4326, .T. ) ;
#1186 = CARTESIAN_POINT ( 'NONE',  ( 8.000000000000000000, 26.00000000000000355, -150.0000000000000000 ) ) ;
#1187 = ORIENTED_EDGE ( 'NONE', *, *, #9257, .T. ) ;
#1188 = EDGE_LOOP ( 'NONE', ( #9513, #2163, #3331, #5346, #2881 ) ) ;
#1189 = CYLINDRICAL_SURFACE ( 'NONE', #2184, 3.999999999998709477 ) ;
#1190 = EDGE_CURVE ( 'NONE', #9644, #6392, #2081, .T. ) ;
#1191 = CARTESIAN_POINT ( 'NONE',  ( 8.350000000000278533, -29.50000000000000355, -17.00000000000000000 ) ) ;
#1192 = LINE ( 'NONE', #9716, #7050 ) ;
#1193 = ORIENTED_EDGE ( 'NONE', *, *, #1866, .T. ) ;
#1194 = ORIENTED_EDGE ( 'NONE', *, *, #2394, .F. ) ;
#1195 = DIRECTION ( 'NONE',  ( 0.000000000000000000, 0.000000000000000000, -1.000000000000000000 ) ) ;
#1196 = AXIS2_PLACEMENT_3D ( 'NONE', #9591, #5718, #1655 ) ;
#1197 = CARTESIAN_POINT ( 'NONE',  ( 0.000000000000000000, 0.000000000000000000, 9.394203811574740826 ) ) ;
#1198 = VERTEX_POINT ( 'NONE', #6142 ) ;
#1199 = DIRECTION ( 'NONE',  ( 0.000000000000000000, 0.000000000000000000, 1.000000000000000000 ) ) ;
#1200 = LINE ( 'NONE', #5889, #526 ) ;
#1201 = AXIS2_PLACEMENT_3D ( 'NONE', #2303, #2355, #3189 ) ;
#1202 = VECTOR ( 'NONE', #1936, 1000.000000000000000 ) ;
#1203 = DIRECTION ( 'NONE',  ( 1.000000000000000000, 0.000000000000000000, 0.000000000000000000 ) ) ;
#1204 = LINE ( 'NONE', #8498, #7805 ) ;
#1205 = DIRECTION ( 'NONE',  ( -1.000000000000000000, 0.000000000000000000, 0.000000000000000000 ) ) ;
#1206 = AXIS2_PLACEMENT_3D ( 'NONE', #820, #9639, #5716 ) ;
#1207 = CARTESIAN_POINT ( 'NONE',  ( 4.335090188609796336, 29.80000000000000071, -152.0000000000000000 ) ) ;
#1208 = DIRECTION ( 'NONE',  ( -1.000000000000000000, 0.000000000000000000, -0.000000000000000000 ) ) ;
#1209 = DIRECTION ( 'NONE',  ( -1.000000000000000000, -0.000000000000000000, -0.000000000000000000 ) ) ;
#1210 = CIRCLE ( 'NONE', #7625, 2.458500000000012786 ) ;
#1211 = ORIENTED_EDGE ( 'NONE', *, *, #2854, .F. ) ;
#1212 = AXIS2_PLACEMENT_3D ( 'NONE', #1027, #9897, #4333 ) ;
#1213 = CARTESIAN_POINT ( 'NONE',  ( -1.738422021547134655, -17.73842202154713732, -145.2384220215471657 ) ) ;
#1214 = VERTEX_POINT ( 'NONE', #6994 ) ;
#1215 = EDGE_LOOP ( 'NONE', ( #9268, #10048, #1313 ) ) ;
#1216 = CARTESIAN_POINT ( 'NONE',  ( 12.00000000000000000, 26.00000000000094857, -4.000000000000000000 ) ) ;
#1217 = CONICAL_SURFACE ( 'NONE', #3563, 1732.050807568956088, 1.047197551196617393 ) ;
#1218 = CARTESIAN_POINT ( 'NONE',  ( 9.500000000000000000, 25.71574559406684202, -0.1270170592217705896 ) ) ;
#1219 = CARTESIAN_POINT ( 'NONE',  ( 7.999999999999694467, -25.99999999999969447, -135.0000000000000000 ) ) ;
#1220 = VERTEX_POINT ( 'NONE', #5299 ) ;
#1221 = VECTOR ( 'NONE', #3285, 1000.000000000000000 ) ;
#1222 = DIRECTION ( 'NONE',  ( 1.000000000000000000, 0.000000000000000000, 0.000000000000000000 ) ) ;
#1223 = DIRECTION ( 'NONE',  ( 0.7071067811865479058, 0.000000000000000000, 0.7071067811865470176 ) ) ;
#1224 = ORIENTED_EDGE ( 'NONE', *, *, #9283, .T. ) ;
#1225 = CARTESIAN_POINT ( 'NONE',  ( -8.259669785199529102, -27.58213038718354682, -0.07782891771717106999 ) ) ;
#1226 = EDGE_CURVE ( 'NONE', #8770, #10246, #5350, .T. ) ;
#1227 = CIRCLE ( 'NONE', #10161, 4.282999999999981711 ) ;
#1228 = CARTESIAN_POINT ( 'NONE',  ( -7.249999999999388933, 34.60000000000061959, -135.0000000000000000 ) ) ;
#1229 = AXIS2_PLACEMENT_3D ( 'NONE', #7125, #582, #3947 ) ;
#1230 = CARTESIAN_POINT ( 'NONE',  ( -9.478903285766062226, -25.12179440257400387, -152.0000000000000000 ) ) ;
#1231 = ORIENTED_EDGE ( 'NONE', *, *, #5890, .F. ) ;
#1232 = CONICAL_SURFACE ( 'NONE', #7976, 4.282999999999987928, 0.5235987755967880242 ) ;
#1233 = DIRECTION ( 'NONE',  ( -0.000000000000000000, -0.000000000000000000, -1.000000000000000000 ) ) ;
#1234 = LINE ( 'NONE', #3648, #9823 ) ;
#1235 = DIRECTION ( 'NONE',  ( -1.000000000000000000, 0.000000000000000000, 0.000000000000000000 ) ) ;
#1236 = VERTEX_POINT ( 'NONE', #2966 ) ;
#1237 = EDGE_CURVE ( 'NONE', #326, #4562, #8540, .T. ) ;
#1238 = EDGE_LOOP ( 'NONE', ( #10301, #8702, #7775, #26, #1141, #8266, #5410 ) ) ;
#1239 = CIRCLE ( 'NONE', #7132, 1.499999999999996225 ) ;
#1240 = ADVANCED_FACE ( 'NONE', ( #6194 ), #8588, .F. ) ;
#1241 = EDGE_CURVE ( 'NONE', #5160, #5235, #9413, .T. ) ;
#1242 = EDGE_CURVE ( 'NONE', #4945, #9160, #2179, .T. ) ;
#1243 = ORIENTED_EDGE ( 'NONE', *, *, #7258, .T. ) ;
#1244 = DIRECTION ( 'NONE',  ( 0.7071067811865417996, 0.000000000000000000, -0.7071067811865532349 ) ) ;
#1245 = ORIENTED_EDGE ( 'NONE', *, *, #6307, .T. ) ;
#1246 = VERTEX_POINT ( 'NONE', #7097 ) ;
#1247 = DIRECTION ( 'NONE',  ( -1.000000000000000000, 0.000000000000000000, 0.000000000000000000 ) ) ;
#1248 = EDGE_CURVE ( 'NONE', #2844, #2995, #804, .T. ) ;
#1249 = CARTESIAN_POINT ( 'NONE',  ( -1.200000000000554179, 33.20000000000000284, -135.0000000000000000 ) ) ;
#1250 = ADVANCED_FACE ( 'NONE', ( #10278 ), #1300, .T. ) ;
#1251 = FACE_OUTER_BOUND ( 'NONE', #6326, .T. ) ;
#1252 = ORIENTED_EDGE ( 'NONE', *, *, #5478, .F. ) ;
#1253 = EDGE_CURVE ( 'NONE', #8155, #4354, #5183, .T. ) ;
#1254 = DIRECTION ( 'NONE',  ( 1.000000000000000000, 0.000000000000000000, 0.000000000000000000 ) ) ;
#1255 = CARTESIAN_POINT ( 'NONE',  ( -1.500000000000000000, 29.80000000000000071, -143.5000000000000284 ) ) ;
#1256 = LINE ( 'NONE', #7660, #9417 ) ;
#1257 = LINE ( 'NONE', #624, #4899 ) ;
#1258 = CARTESIAN_POINT ( 'NONE',  ( 12.00000000000000000, 16.00000000000000000, -8.500000000000000000 ) ) ;
#1259 = ORIENTED_EDGE ( 'NONE', *, *, #1289, .T. ) ;
#1260 = CARTESIAN_POINT ( 'NONE',  ( 8.000000000000000000, 26.00000000000000355, -152.0000000000000000 ) ) ;
#1261 = ORIENTED_EDGE ( 'NONE', *, *, #2790, .F. ) ;
#1262 = EDGE_LOOP ( 'NONE', ( #440, #4393 ) ) ;
#1263 = EDGE_CURVE ( 'NONE', #1028, #408, #7752, .T. ) ;
#1264 = ORIENTED_EDGE ( 'NONE', *, *, #5441, .T. ) ;
#1265 = DIRECTION ( 'NONE',  ( -0.5000000000002333689, 0.8660254037843038155, 0.000000000000000000 ) ) ;
#1266 = DIRECTION ( 'NONE',  ( 1.000000000000000000, 0.000000000000000000, 0.000000000000000000 ) ) ;
#1267 = DIRECTION ( 'NONE',  ( 1.000000000000000000, 0.000000000000000000, 0.000000000000000000 ) ) ;
#1268 = AXIS2_PLACEMENT_3D ( 'NONE', #8012, #8123, #7960 ) ;
#1269 = CARTESIAN_POINT ( 'NONE',  ( -8.750000000000282441, -27.29903810567634181, -2.000000000000000000 ) ) ;
#1270 = VERTEX_POINT ( 'NONE', #7849 ) ;
#1271 = DIRECTION ( 'NONE',  ( -0.000000000000000000, -1.000000000000000000, -0.000000000000000000 ) ) ;
#1272 = CARTESIAN_POINT ( 'NONE',  ( -0.4999999999993915423, -25.50000000000000355, -121.0000000000000000 ) ) ;
#1273 =( BOUNDED_CURVE ( )  B_SPLINE_CURVE ( 3, ( #356, #9125, #5040, #8228 ),
 .UNSPECIFIED., .F., .T. ) 
 B_SPLINE_CURVE_WITH_KNOTS ( ( 4, 4 ),
 ( 0.000000000000000000, 0.7853981633974471688 ),
 .UNSPECIFIED. ) 
 CURVE ( )  GEOMETRIC_REPRESENTATION_ITEM ( )  RATIONAL_B_SPLINE_CURVE ( ( 1.000000000000000000, 0.9492530216741912330, 0.9492530216741912330, 1.000000000000000000 ) ) 
 REPRESENTATION_ITEM ( '' )  );
#1274 = DIRECTION ( 'NONE',  ( 1.000000000000000000, 0.000000000000000000, 0.000000000000000000 ) ) ;
#1275 = VERTEX_POINT ( 'NONE', #612 ) ;
#1276 = DIRECTION ( 'NONE',  ( -1.000000000000000000, 0.000000000000000000, 0.000000000000000000 ) ) ;
#1277 = VECTOR ( 'NONE', #4519, 1000.000000000000000 ) ;
#1278 = DIRECTION ( 'NONE',  ( -0.000000000000000000, 0.000000000000000000, 1.000000000000000000 ) ) ;
#1279 = DIRECTION ( 'NONE',  ( 0.000000000000000000, 0.000000000000000000, -1.000000000000000000 ) ) ;
#1280 = ORIENTED_EDGE ( 'NONE', *, *, #2685, .F. ) ;
#1281 = ORIENTED_EDGE ( 'NONE', *, *, #6008, .T. ) ;
#1282 = AXIS2_PLACEMENT_3D ( 'NONE', #9042, #4364, #6686 ) ;
#1283 = EDGE_CURVE ( 'NONE', #2073, #1474, #1977, .T. ) ;
#1284 = DIRECTION ( 'NONE',  ( 1.000000000000000000, 0.000000000000000000, 0.000000000000000000 ) ) ;
#1285 = EDGE_CURVE ( 'NONE', #9000, #8194, #4545, .T. ) ;
#1286 = ORIENTED_EDGE ( 'NONE', *, *, #9063, .F. ) ;
#1287 = ORIENTED_EDGE ( 'NONE', *, *, #5419, .F. ) ;
#1288 = FACE_OUTER_BOUND ( 'NONE', #858, .T. ) ;
#1289 = EDGE_CURVE ( 'NONE', #2079, #388, #2810, .T. ) ;
#1290 = CIRCLE ( 'NONE', #7194, 6.000000000000000000 ) ;
#1291 = SHAPE_REPRESENTATION_RELATIONSHIP ( 'NONE' , 'NONE' ,  #5891, #5965 ) ;
#1292 = ORIENTED_EDGE ( 'NONE', *, *, #1695, .T. ) ;
#1293 = VERTEX_POINT ( 'NONE', #289 ) ;
#1294 = AXIS2_PLACEMENT_3D ( 'NONE', #6861, #8661, #8606 ) ;
#1295 = ADVANCED_FACE ( 'NONE', ( #7208 ), #768, .T. ) ;
#1296 = CARTESIAN_POINT ( 'NONE',  ( -8.200000000000553513, -16.00000000000000000, -8.500000000000000000 ) ) ;
#1297 = CYLINDRICAL_SURFACE ( 'NONE', #5860, 4.000000000000305533 ) ;
#1298 = ORIENTED_EDGE ( 'NONE', *, *, #6638, .F. ) ;
#1299 = DIRECTION ( 'NONE',  ( 0.000000000000000000, 0.000000000000000000, -1.000000000000000000 ) ) ;
#1300 = CONICAL_SURFACE ( 'NONE', #9754, 4.232999999999958796, 0.7853981633974477239 ) ;
#1301 = FACE_OUTER_BOUND ( 'NONE', #7617, .T. ) ;
#1302 = EDGE_CURVE ( 'NONE', #3390, #8245, #6459, .T. ) ;
#1303 = CARTESIAN_POINT ( 'NONE',  ( -4.500000000000000000, -26.00000000000000355, -0.3999999999999810929 ) ) ;
#1304 = EDGE_CURVE ( 'NONE', #10133, #6059, #8750, .T. ) ;
#1305 = CARTESIAN_POINT ( 'NONE',  ( 3.010794155703798726E-16, -30.00000000000000000, -6.041499999999976112 ) ) ;
#1306 = AXIS2_PLACEMENT_3D ( 'NONE', #8015, #9445, #3823 ) ;
#1307 = DIRECTION ( 'NONE',  ( 0.000000000000000000, -0.000000000000000000, 1.000000000000000000 ) ) ;
#1308 = AXIS2_PLACEMENT_3D ( 'NONE', #8258, #4329, #3534 ) ;
#1310 = AXIS2_PLACEMENT_3D ( 'NONE', #848, #4055, #9936 ) ;
#1309 = DIRECTION ( 'NONE',  ( -0.000000000000000000, 1.000000000000000000, -0.000000000000000000 ) ) ;
#1311 = ORIENTED_EDGE ( 'NONE', *, *, #148, .T. ) ;
#1312 = DIRECTION ( 'NONE',  ( -0.000000000000000000, 1.000000000000000000, -0.000000000000000000 ) ) ;
#1313 = ORIENTED_EDGE ( 'NONE', *, *, #10283, .T. ) ;
#1314 = CONICAL_SURFACE ( 'NONE', #2922, 3.499999999999999556, 0.7853981633974305154 ) ;
#1315 = ORIENTED_EDGE ( 'NONE', *, *, #9880, .T. ) ;
#1316 = ORIENTED_EDGE ( 'NONE', *, *, #2183, .F. ) ;
#1317 = DIRECTION ( 'NONE',  ( 0.000000000000000000, 0.000000000000000000, 1.000000000000000000 ) ) ;
#1318 = AXIS2_PLACEMENT_3D ( 'NONE', #9178, #105, #3604 ) ;
#1319 = CARTESIAN_POINT ( 'NONE',  ( -1.440155956905749823, -13.54149999999999388, -9.940155956905750045 ) ) ;
#1320 = CARTESIAN_POINT ( 'NONE',  ( -1.649999999999999911, 33.20000000000000284, -135.0000000000000000 ) ) ;
#1321 = ADVANCED_FACE ( 'NONE', ( #7322 ), #8312, .F. ) ;
#1322 = ADVANCED_FACE ( 'NONE', ( #7515 ), #9465, .T. ) ;
#1323 = DIRECTION ( 'NONE',  ( 0.000000000000000000, 0.000000000000000000, 1.000000000000000000 ) ) ;
#1324 = ORIENTED_EDGE ( 'NONE', *, *, #213, .T. ) ;
#1325 = AXIS2_PLACEMENT_3D ( 'NONE', #8455, #334, #1843 ) ;
#1326 = CARTESIAN_POINT ( 'NONE',  ( -2.458500000000003460, -16.66074916942604034, -145.9585000000000150 ) ) ;
#1327 = DIRECTION ( 'NONE',  ( 0.000000000000000000, -1.000000000000000000, 0.000000000000000000 ) ) ;
#1328 = CARTESIAN_POINT ( 'NONE',  ( -1.738422021547135765, -17.73842202154713732, -6.761577978452865345 ) ) ;
#1329 = FACE_BOUND ( 'NONE', #3033, .T. ) ;
#1330 = ORIENTED_EDGE ( 'NONE', *, *, #2853, .T. ) ;
#1331 = FACE_OUTER_BOUND ( 'NONE', #9828, .T. ) ;
#1332 = LINE ( 'NONE', #8521, #6255 ) ;
#1333 = ORIENTED_EDGE ( 'NONE', *, *, #8023, .F. ) ;
#1334 = PLANE ( 'NONE',  #2387 ) ;
#1335 =( BOUNDED_CURVE ( )  B_SPLINE_CURVE ( 3, ( #5701, #4745, #4796, #8954 ),
 .UNSPECIFIED., .F., .F. ) 
 B_SPLINE_CURVE_WITH_KNOTS ( ( 4, 4 ),
 ( 3.141592653589793116, 4.712388980384689674 ),
 .UNSPECIFIED. ) 
 CURVE ( )  GEOMETRIC_REPRESENTATION_ITEM ( )  RATIONAL_B_SPLINE_CURVE ( ( 1.000000000000000000, 0.8047378541243649375, 0.8047378541243649375, 1.000000000000000000 ) ) 
 REPRESENTATION_ITEM ( '' )  );
#1336 = DIRECTION ( 'NONE',  ( -1.000000000000000000, 0.000000000000000000, 0.000000000000000000 ) ) ;
#1337 = VERTEX_POINT ( 'NONE', #5666 ) ;
#1338 = VERTEX_POINT ( 'NONE', #7264 ) ;
#1339 = CARTESIAN_POINT ( 'NONE',  ( 0.4999999999993932631, -17.49999999999939249, -31.00000000000000000 ) ) ;
#1340 = VERTEX_POINT ( 'NONE', #8800 ) ;
#1341 = ORIENTED_EDGE ( 'NONE', *, *, #7707, .T. ) ;
#1342 = FACE_OUTER_BOUND ( 'NONE', #4110, .T. ) ;
#1343 = VERTEX_POINT ( 'NONE', #86 ) ;
#1344 = DIRECTION ( 'NONE',  ( -0.7071067811865571207, 8.659560562355049955E-17, 0.7071067811865379138 ) ) ;
#1345 = FACE_OUTER_BOUND ( 'NONE', #3678, .T. ) ;
#1346 = EDGE_CURVE ( 'NONE', #71, #3788, #2337, .T. ) ;
#1347 = EDGE_CURVE ( 'NONE', #1014, #5648, #595, .T. ) ;
#1348 = DIRECTION ( 'NONE',  ( 0.000000000000000000, 0.000000000000000000, 1.000000000000000000 ) ) ;
#1349 = CARTESIAN_POINT ( 'NONE',  ( 12.00000000000000178, 16.00000000000000000, -8.500000000000000000 ) ) ;
#1350 = CARTESIAN_POINT ( 'NONE',  ( 8.000000000000000000, 26.00000000000000355, -151.5999999999999943 ) ) ;
#1351 = CARTESIAN_POINT ( 'NONE',  ( 2.458500000000006125, -16.66074916942604389, -6.041499999999994763 ) ) ;
#1352 = CARTESIAN_POINT ( 'NONE',  ( 0.000000000000000000, 0.000000000000000000, 7.800000000000017586 ) ) ;
#1353 = ORIENTED_EDGE ( 'NONE', *, *, #3097, .T. ) ;
#1354 = AXIS2_PLACEMENT_3D ( 'NONE', #7866, #3890, #9668 ) ;
#1355 = DIRECTION ( 'NONE',  ( 1.000000000000000000, 0.000000000000000000, -0.000000000000000000 ) ) ;
#1356 = ORIENTED_EDGE ( 'NONE', *, *, #5030, .T. ) ;
#1357 = ADVANCED_FACE ( 'NONE', ( #2393 ), #34, .T. ) ;
#1358 = AXIS2_PLACEMENT_3D ( 'NONE', #2873, #7856, #3825 ) ;
#1359 = EDGE_LOOP ( 'NONE', ( #7360, #5267, #6297, #133 ) ) ;
#1360 = EDGE_CURVE ( 'NONE', #5213, #274, #1672, .T. ) ;
#1361 = EDGE_CURVE ( 'NONE', #4417, #8985, #3119, .T. ) ;
#1362 = AXIS2_PLACEMENT_3D ( 'NONE', #9088, #5048, #7488 ) ;
#1363 = EDGE_CURVE ( 'NONE', #2285, #3390, #9700, .T. ) ;
#1364 = VERTEX_POINT ( 'NONE', #1549 ) ;
#1365 = DIRECTION ( 'NONE',  ( 0.8660254037842989305, 0.5000000000002420286, 0.000000000000000000 ) ) ;
#1366 = DIRECTION ( 'NONE',  ( 1.000000000000000000, 0.000000000000000000, 0.000000000000000000 ) ) ;
#1367 = CARTESIAN_POINT ( 'NONE',  ( -8.259309623521437160, -24.41766167337465276, -151.9222885766577917 ) ) ;
#1368 = AXIS2_PLACEMENT_3D ( 'NONE', #997, #8272, #5832 ) ;
#1369 = AXIS2_PLACEMENT_3D ( 'NONE', #1149, #4353, #5449 ) ;
#1370 = EDGE_LOOP ( 'NONE', ( #8681, #251, #4420, #2157 ) ) ;
#1371 = PLANE ( 'NONE',  #7781 ) ;
#1372 = ORIENTED_EDGE ( 'NONE', *, *, #7724, .F. ) ;
#1373 = LINE ( 'NONE', #7983, #7982 ) ;
#1374 = ORIENTED_EDGE ( 'NONE', *, *, #5105, .T. ) ;
#1375 = EDGE_CURVE ( 'NONE', #9202, #6334, #1660, .T. ) ;
#1376 = ORIENTED_EDGE ( 'NONE', *, *, #6132, .T. ) ;
#1377 = EDGE_CURVE ( 'NONE', #10240, #2844, #7151, .T. ) ;
#1378 = CARTESIAN_POINT ( 'NONE',  ( 0.000000000000000000, 0.000000000000000000, -150.0000000000000000 ) ) ;
#1379 = AXIS2_PLACEMENT_3D ( 'NONE', #1339, #6888, #7745 ) ;
#1380 = CARTESIAN_POINT ( 'NONE',  ( 1.250000000000613509, 35.00000000000000000, -135.0000000000000000 ) ) ;
#1381 = DIRECTION ( 'NONE',  ( 0.000000000000000000, 1.000000000000000000, 0.000000000000000000 ) ) ;
#1382 = AXIS2_PLACEMENT_3D ( 'NONE', #1142, #5377, #5928 ) ;
#1383 = DIRECTION ( 'NONE',  ( 0.000000000000000000, 0.000000000000000000, 1.000000000000000000 ) ) ;
#1384 = ORIENTED_EDGE ( 'NONE', *, *, #5799, .F. ) ;
#1385 = VECTOR ( 'NONE', #8204, 1000.000000000000000 ) ;
#1386 = CARTESIAN_POINT ( 'NONE',  ( 8.000000000000000000, 26.00000000000000355, -152.0000000000000000 ) ) ;
#1387 = VERTEX_POINT ( 'NONE', #6354 ) ;
#1388 = CARTESIAN_POINT ( 'NONE',  ( 8.000000000000000000, 24.26794919243099713, -150.0000000000000000 ) ) ;
#1389 = ORIENTED_EDGE ( 'NONE', *, *, #3924, .T. ) ;
#1390 = VECTOR ( 'NONE', #4860, 1000.000000000000000 ) ;
#1391 = VERTEX_POINT ( 'NONE', #8005 ) ;
#1392 = CYLINDRICAL_SURFACE ( 'NONE', #5813, 3.499999999999999556 ) ;
#1393 = ORIENTED_EDGE ( 'NONE', *, *, #7655, .F. ) ;
#1394 = VERTEX_POINT ( 'NONE', #1601 ) ;
#1395 = CARTESIAN_POINT ( 'NONE',  ( 12.00000000000000000, 22.00000000000000000, 0.000000000000000000 ) ) ;
#1396 = AXIS2_PLACEMENT_3D ( 'NONE', #10192, #7776, #1422 ) ;
#1397 = CARTESIAN_POINT ( 'NONE',  ( 0.000000000000000000, -13.54149999999999388, -8.500000000000000000 ) ) ;
#1398 =( LENGTH_UNIT ( ) NAMED_UNIT ( * ) SI_UNIT ( .MILLI., .METRE. ) );
#1399 = VERTEX_POINT ( 'NONE', #8977 ) ;
#1400 = CARTESIAN_POINT ( 'NONE',  ( 0.000000000000000000, 0.000000000000000000, 29.99999999999999289 ) ) ;
#1401 = CARTESIAN_POINT ( 'NONE',  ( -8.000000000000000000, -26.00000000000000355, -2.866025403784399739 ) ) ;
#1402 = ORIENTED_EDGE ( 'NONE', *, *, #6319, .T. ) ;
#1403 = DIRECTION ( 'NONE',  ( 0.000000000000000000, 0.000000000000000000, -1.000000000000000000 ) ) ;
#1404 = PLANE ( 'NONE',  #8707 ) ;
#1405 = AXIS2_PLACEMENT_3D ( 'NONE', #6505, #4874, #3275 ) ;
#1406 = DIRECTION ( 'NONE',  ( 1.000000000000000000, -3.751159154633072939E-16, 0.000000000000000000 ) ) ;
#1407 = CARTESIAN_POINT ( 'NONE',  ( -2.458500000000012786, -16.00000000000000000, -152.0000000000000000 ) ) ;
#1408 = CARTESIAN_POINT ( 'NONE',  ( 8.750000000000360600, 27.29903810567645195, -2.000000000000000000 ) ) ;
#1409 = EDGE_LOOP ( 'NONE', ( #5163, #4735, #8878, #2416, #10255 ) ) ;
#1410 = CARTESIAN_POINT ( 'NONE',  ( -12.00000000000000178, 16.00000000000000000, -6.041500000000012527 ) ) ;
#1411 = ORIENTED_EDGE ( 'NONE', *, *, #7755, .T. ) ;
#1412 = ORIENTED_EDGE ( 'NONE', *, *, #8150, .T. ) ;
#1413 = CARTESIAN_POINT ( 'NONE',  ( -9.500000000000000000, -26.86602540378400050, -2.000000000000000000 ) ) ;
#1414 = DIRECTION ( 'NONE',  ( -1.000000000000000000, 0.000000000000000000, 0.000000000000000000 ) ) ;
#1415 = DIRECTION ( 'NONE',  ( 0.000000000000000000, 1.000000000000000000, 0.000000000000000000 ) ) ;
#1416 = EDGE_CURVE ( 'NONE', #1627, #4980, #8061, .T. ) ;
#1417 = EDGE_LOOP ( 'NONE', ( #7688, #7925, #1020, #9684 ) ) ;
#1418 = EDGE_CURVE ( 'NONE', #7746, #9718, #5072, .T. ) ;
#1419 = DIRECTION ( 'NONE',  ( 0.000000000000000000, 1.000000000000000000, 0.000000000000000000 ) ) ;
#1420 = ADVANCED_FACE ( 'NONE', ( #10053 ), #4432, .T. ) ;
#1421 = ORIENTED_EDGE ( 'NONE', *, *, #8098, .F. ) ;
#1422 = DIRECTION ( 'NONE',  ( 0.5000000000002338130, 0.8660254037843035935, 0.000000000000000000 ) ) ;
#1423 = VERTEX_POINT ( 'NONE', #4328 ) ;
#1424 = ORIENTED_EDGE ( 'NONE', *, *, #10271, .F. ) ;
#1425 = LINE ( 'NONE', #3739, #3570 ) ;
#1426 = CONICAL_SURFACE ( 'NONE', #8683, 2.458500000000012786, 0.7853981633974488341 ) ;
#1427 = CARTESIAN_POINT ( 'NONE',  ( 1.649999999999999911, 33.40000000000055280, -17.00000000000000000 ) ) ;
#1428 = DIRECTION ( 'NONE',  ( -0.000000000000000000, -0.000000000000000000, -1.000000000000000000 ) ) ;
#1429 = ORIENTED_EDGE ( 'NONE', *, *, #2514, .T. ) ;
#1430 = EDGE_CURVE ( 'NONE', #2830, #9615, #8417, .T. ) ;
#1431 = DIRECTION ( 'NONE',  ( 0.000000000000000000, 0.000000000000000000, -1.000000000000000000 ) ) ;
#1432 = EDGE_CURVE ( 'NONE', #7919, #3779, #3641, .T. ) ;
#1433 = VECTOR ( 'NONE', #5911, 1000.000000000000114 ) ;
#1434 = CARTESIAN_POINT ( 'NONE',  ( 9.350000000000003197, 35.00000000000000000, -135.0000000000000000 ) ) ;
#1435 = ORIENTED_EDGE ( 'NONE', *, *, #2658, .F. ) ;
#1436 = AXIS2_PLACEMENT_3D ( 'NONE', #7350, #8201, #7185 ) ;
#1437 = VERTEX_POINT ( 'NONE', #390 ) ;
#1438 = DIRECTION ( 'NONE',  ( 0.000000000000000000, -1.000000000000000000, 0.000000000000000000 ) ) ;
#1439 = VECTOR ( 'NONE', #964, 1000.000000000000114 ) ;
#1440 = ORIENTED_EDGE ( 'NONE', *, *, #3488, .T. ) ;
#1441 = ORIENTED_EDGE ( 'NONE', *, *, #3079, .F. ) ;
#1442 = CARTESIAN_POINT ( 'NONE',  ( -12.00000000000000000, -16.00000000000000000, -8.500000000000000000 ) ) ;
#1443 = EDGE_CURVE ( 'NONE', #2209, #9022, #10002, .T. ) ;
#1444 = LINE ( 'NONE', #3859, #9228 ) ;
#1445 = DIRECTION ( 'NONE',  ( 0.7071067811865471286, 8.659560562354927928E-17, -0.7071067811865479058 ) ) ;
#1446 = ORIENTED_EDGE ( 'NONE', *, *, #1603, .F. ) ;
#1447 = CARTESIAN_POINT ( 'NONE',  ( -8.500000000000000000, 17.49999999999939249, -31.00000000000000000 ) ) ;
#1448 = CARTESIAN_POINT ( 'NONE',  ( -1.500000000000000000, 29.80000000000000426, -139.2170000000000414 ) ) ;
#1449 = AXIS2_PLACEMENT_3D ( 'NONE', #4359, #5994, #9246 ) ;
#1450 = ORIENTED_EDGE ( 'NONE', *, *, #3274, .F. ) ;
#1451 = VECTOR ( 'NONE', #10182, 1000.000000000000000 ) ;
#1452 = AXIS2_PLACEMENT_3D ( 'NONE', #3388, #9027, #6621 ) ;
#1453 = DIRECTION ( 'NONE',  ( 1.000000000000000000, 0.000000000000000000, 0.000000000000000000 ) ) ;
#1454 = LINE ( 'NONE', #9443, #2726 ) ;
#1455 = CIRCLE ( 'NONE', #4315, 0.5000000000006370460 ) ;
#1456 = CARTESIAN_POINT ( 'NONE',  ( -5.999999999999985789, 0.000000000000000000, 2.000000000000001776 ) ) ;
#1457 = CARTESIAN_POINT ( 'NONE',  ( -1.440155956905744716, 18.45850000000000080, -144.9401559569057554 ) ) ;
#1458 = ORIENTED_EDGE ( 'NONE', *, *, #6907, .T. ) ;
#1459 = LINE ( 'NONE', #626, #9759 ) ;
#1460 = VERTEX_POINT ( 'NONE', #7678 ) ;
#1461 = AXIS2_PLACEMENT_3D ( 'NONE', #3321, #7415, #9790 ) ;
#1462 = EDGE_LOOP ( 'NONE', ( #599, #956, #8557, #9057 ) ) ;
#1463 = DIRECTION ( 'NONE',  ( 1.000000000000000000, 0.000000000000000000, 0.000000000000000000 ) ) ;
#1464 = DIRECTION ( 'NONE',  ( 0.8660254037842981534, 0.5000000000002433609, 0.000000000000000000 ) ) ;
#1465 = CARTESIAN_POINT ( 'NONE',  ( 0.000000000000000000, 0.000000000000000000, -150.0000000000000000 ) ) ;
#1466 = VECTOR ( 'NONE', #9085, 1000.000000000000000 ) ;
#1467 = CIRCLE ( 'NONE', #8064, 0.5000000000006405987 ) ;
#1468 = CIRCLE ( 'NONE', #3492, 2.458500000000012786 ) ;
#1469 = CARTESIAN_POINT ( 'NONE',  ( -5.999999999999988454, 0.000000000000000000, -31.00000000000000000 ) ) ;
#1470 = CARTESIAN_POINT ( 'NONE',  ( -8.000000000001291411, 26.00000000000094857, -135.0000000000000000 ) ) ;
#1471 = ORIENTED_EDGE ( 'NONE', *, *, #7754, .T. ) ;
#1472 = CIRCLE ( 'NONE', #4840, 1.720000000000001084 ) ;
#1473 = CARTESIAN_POINT ( 'NONE',  ( 0.000000000000000000, 0.000000000000000000, -152.0000000000000000 ) ) ;
#1474 = VERTEX_POINT ( 'NONE', #2895 ) ;
#1475 = VERTEX_POINT ( 'NONE', #1272 ) ;
#1476 = ORIENTED_EDGE ( 'NONE', *, *, #3427, .F. ) ;
#1477 = CIRCLE ( 'NONE', #2815, 3.499999999999999556 ) ;
#1478 = EDGE_CURVE ( 'NONE', #7664, #7847, #9318, .T. ) ;
#1479 = AXIS2_PLACEMENT_3D ( 'NONE', #3880, #7112, #8761 ) ;
#1480 = CARTESIAN_POINT ( 'NONE',  ( -5.000000000000010658, 6.123233995736778115E-16, 11.97272967750899220 ) ) ;
#1481 = EDGE_CURVE ( 'NONE', #1343, #6729, #6756, .T. ) ;
#1482 = DIRECTION ( 'NONE',  ( 1.000000000000000000, 0.000000000000000000, 0.000000000000000000 ) ) ;
#1483 = LINE ( 'NONE', #5538, #7774 ) ;
#1484 = AXIS2_PLACEMENT_3D ( 'NONE', #3256, #910, #6331 ) ;
#1485 = CARTESIAN_POINT ( 'NONE',  ( 8.000000000000000000, 26.00000000000000355, -152.0000000000000000 ) ) ;
#1486 = EDGE_LOOP ( 'NONE', ( #1739, #7123, #3095, #3465 ) ) ;
#1487 = AXIS2_PLACEMENT_3D ( 'NONE', #6923, #2897, #6712 ) ;
#1488 = FACE_BOUND ( 'NONE', #5764, .T. ) ;
#1489 = CARTESIAN_POINT ( 'NONE',  ( 5.000000000000000000, 6.123233995736766282E-16, 29.23299999999995080 ) ) ;
#1490 = ORIENTED_EDGE ( 'NONE', *, *, #7167, .T. ) ;
#1491 = EDGE_CURVE ( 'NONE', #931, #7639, #8284, .T. ) ;
#1492 = ORIENTED_EDGE ( 'NONE', *, *, #6188, .F. ) ;
#1493 = EDGE_CURVE ( 'NONE', #3912, #8378, #5967, .T. ) ;
#1494 = EDGE_CURVE ( 'NONE', #640, #5605, #2122, .T. ) ;
#1495 = VECTOR ( 'NONE', #4081, 1000.000000000000000 ) ;
#1496 = FACE_OUTER_BOUND ( 'NONE', #9970, .T. ) ;
#1497 = VERTEX_POINT ( 'NONE', #10104 ) ;
#1498 = ORIENTED_EDGE ( 'NONE', *, *, #1283, .F. ) ;
#1499 = DIRECTION ( 'NONE',  ( 0.000000000000000000, 1.000000000000000000, 0.000000000000000000 ) ) ;
#1500 = CARTESIAN_POINT ( 'NONE',  ( 8.500000000000000000, -17.49999999999938183, -121.0000000000000000 ) ) ;
#1501 = CARTESIAN_POINT ( 'NONE',  ( 3.010794155703798726E-16, -30.00000000000000000, -141.0414999999999850 ) ) ;
#1502 = EDGE_LOOP ( 'NONE', ( #5389, #2047, #7796, #2098, #1734 ) ) ;
#1503 = CARTESIAN_POINT ( 'NONE',  ( 12.00000000000000000, -16.00000000000000000, -143.5000000000000284 ) ) ;
#1504 = DIRECTION ( 'NONE',  ( 0.000000000000000000, 0.000000000000000000, 1.000000000000000000 ) ) ;
#1505 = VERTEX_POINT ( 'NONE', #6120 ) ;
#1506 = EDGE_CURVE ( 'NONE', #9739, #7285, #9163, .T. ) ;
#1507 = CARTESIAN_POINT ( 'NONE',  ( -8.032999999999988816, 7.250000000000000000, -152.0000000000000000 ) ) ;
#1508 = DIRECTION ( 'NONE',  ( 1.000000000000000000, 0.000000000000000000, 0.000000000000000000 ) ) ;
#1509 = CARTESIAN_POINT ( 'NONE',  ( -4.030983766875087859, -26.35136306023699149, 0.000000000000000000 ) ) ;
#1510 = DIRECTION ( 'NONE',  ( -1.000000000000000000, 0.000000000000000000, 0.000000000000000000 ) ) ;
#1511 = VERTEX_POINT ( 'NONE', #9276 ) ;
#1512 = CARTESIAN_POINT ( 'NONE',  ( -1.499999999999999556, 29.80000000000000426, -13.54999999999997229 ) ) ;
#1513 = ORIENTED_EDGE ( 'NONE', *, *, #3983, .F. ) ;
#1514 = CARTESIAN_POINT ( 'NONE',  ( 0.000000000000000000, -18.45850000000002211, -10.95850000000002566 ) ) ;
#1515 = DIRECTION ( 'NONE',  ( 1.000000000000000000, 0.000000000000000000, -0.000000000000000000 ) ) ;
#1516 = DIRECTION ( 'NONE',  ( 0.000000000000000000, -1.000000000000000000, 0.000000000000000000 ) ) ;
#1517 = CARTESIAN_POINT ( 'NONE',  ( -7.500000000000000000, 30.39999999999938751, -135.0000000000000000 ) ) ;
#1518 = ORIENTED_EDGE ( 'NONE', *, *, #2001, .F. ) ;
#1519 = DIRECTION ( 'NONE',  ( 1.000000000000000000, -8.673617379883372829E-16, 0.000000000000000000 ) ) ;
#1520 = ORIENTED_EDGE ( 'NONE', *, *, #3470, .T. ) ;
#1521 = ORIENTED_EDGE ( 'NONE', *, *, #8338, .F. ) ;
#1522 = DIRECTION ( 'NONE',  ( -0.8660254037842989305, 0.5000000000002420286, 0.000000000000000000 ) ) ;
#1523 = AXIS2_PLACEMENT_3D ( 'NONE', #5371, #1323, #387 ) ;
#1524 = CARTESIAN_POINT ( 'NONE',  ( 8.500000000000000000, -25.50000000000000355, -31.00000000000000000 ) ) ;
#1525 = CARTESIAN_POINT ( 'NONE',  ( 0.000000000000000000, 0.000000000000000000, -2.000000000000000000 ) ) ;
#1526 = CARTESIAN_POINT ( 'NONE',  ( -4.030983766875086971, -26.35136306023699149, -152.0000000000000000 ) ) ;
#1527 = ORIENTED_EDGE ( 'NONE', *, *, #6637, .T. ) ;
#1528 = CARTESIAN_POINT ( 'NONE',  ( 8.000000000000000000, 26.00000000000000355, -148.1000000000000512 ) ) ;
#1529 = ORIENTED_EDGE ( 'NONE', *, *, #3094, .T. ) ;
#1530 = AXIS2_PLACEMENT_3D ( 'NONE', #2600, #9084, #1247 ) ;
#1531 = DIRECTION ( 'NONE',  ( -1.000000000000000000, -0.000000000000000000, -0.000000000000000000 ) ) ;
#1532 = ORIENTED_EDGE ( 'NONE', *, *, #8011, .T. ) ;
#1533 = VERTEX_POINT ( 'NONE', #5130 ) ;
#1534 = AXIS2_PLACEMENT_3D ( 'NONE', #6389, #8099, #9683 ) ;
#1535 = DIRECTION ( 'NONE',  ( -1.000000000000000000, 0.000000000000000000, 0.000000000000000000 ) ) ;
#1536 = ORIENTED_EDGE ( 'NONE', *, *, #4325, .T. ) ;
#1537 = VECTOR ( 'NONE', #369, 1000.000000000000000 ) ;
#1538 = EDGE_CURVE ( 'NONE', #9987, #6893, #4165, .T. ) ;
#1539 = ORIENTED_EDGE ( 'NONE', *, *, #4779, .T. ) ;
#1540 = LINE ( 'NONE', #2386, #3886 ) ;
#1541 = AXIS2_PLACEMENT_3D ( 'NONE', #9169, #6128, #9371 ) ;
#1542 = ADVANCED_FACE ( 'NONE', ( #6021 ), #5915, .T. ) ;
#1543 = CARTESIAN_POINT ( 'NONE',  ( -12.00000000000000178, -16.00000000000000000, -145.9585000000000150 ) ) ;
#1544 = EDGE_CURVE ( 'NONE', #3434, #9326, #2861, .T. ) ;
#1545 = LINE ( 'NONE', #4875, #5731 ) ;
#1546 = CARTESIAN_POINT ( 'NONE',  ( -8.200000000000553513, -16.00000000000000000, -13.29999999999944826 ) ) ;
#1547 = ORIENTED_EDGE ( 'NONE', *, *, #587, .F. ) ;
#1548 = EDGE_CURVE ( 'NONE', #1423, #4562, #3369, .T. ) ;
#1549 = CARTESIAN_POINT ( 'NONE',  ( 12.00000000000000178, 16.00000000000000000, -6.041500000000012527 ) ) ;
#1550 = DIRECTION ( 'NONE',  ( 0.000000000000000000, 0.000000000000000000, 1.000000000000000000 ) ) ;
#1551 = EDGE_LOOP ( 'NONE', ( #10067, #7999, #552, #959 ) ) ;
#1552 = LINE ( 'NONE', #7267, #3325 ) ;
#1553 = CARTESIAN_POINT ( 'NONE',  ( 1.200000000000554179, 33.20000000000000284, -17.00000000000000000 ) ) ;
#1554 = DIRECTION ( 'NONE',  ( 0.8660254037842978203, -0.5000000000002438050, 0.000000000000000000 ) ) ;
#1555 = AXIS2_PLACEMENT_3D ( 'NONE', #1473, #2359, #4681 ) ;
#1556 = EDGE_CURVE ( 'NONE', #4125, #9199, #1200, .T. ) ;
#1557 = CARTESIAN_POINT ( 'NONE',  ( 8.000000000000000000, 26.00000000000000355, -150.0000000000000000 ) ) ;
#1558 = DIRECTION ( 'NONE',  ( -0.5000000000002338130, -0.8660254037843035935, 0.000000000000000000 ) ) ;
#1559 = ADVANCED_FACE ( 'NONE', ( #9972 ), #8279, .T. ) ;
#1560 = CARTESIAN_POINT ( 'NONE',  ( -2.458499999999998575, 17.44015595690574472, -6.041500000000000092 ) ) ;
#1561 = ORIENTED_EDGE ( 'NONE', *, *, #3798, .T. ) ;
#1562 = EDGE_CURVE ( 'NONE', #1338, #7179, #6412, .T. ) ;
#1563 = CARTESIAN_POINT ( 'NONE',  ( 12.00000000000000000, 26.00000000000000355, -148.0000000000000000 ) ) ;
#1564 = AXIS2_PLACEMENT_3D ( 'NONE', #6540, #1685, #9778 ) ;
#1565 = ORIENTED_EDGE ( 'NONE', *, *, #2061, .T. ) ;
#1566 = FACE_OUTER_BOUND ( 'NONE', #3600, .T. ) ;
#1567 = CONICAL_SURFACE ( 'NONE', #7485, 4.232999999999958796, 0.7853981633974477239 ) ;
#1568 = CARTESIAN_POINT ( 'NONE',  ( -7.500000000000000000, 30.39999999999938751, -135.0000000000000000 ) ) ;
#1569 = LINE ( 'NONE', #7226, #4636 ) ;
#1570 = DIRECTION ( 'NONE',  ( 0.000000000000000000, -0.000000000000000000, 1.000000000000000000 ) ) ;
#1571 = DIRECTION ( 'NONE',  ( 9.293161478447025204E-17, -1.000000000000000000, 0.000000000000000000 ) ) ;
#1572 = CARTESIAN_POINT ( 'NONE',  ( 0.000000000000000000, 0.000000000000000000, -150.0000000000000000 ) ) ;
#1573 = ORIENTED_EDGE ( 'NONE', *, *, #2075, .T. ) ;
#1574 = EDGE_CURVE ( 'NONE', #1497, #10240, #9633, .T. ) ;
#1575 = DIRECTION ( 'NONE',  ( 0.000000000000000000, 0.000000000000000000, -1.000000000000000000 ) ) ;
#1576 = ORIENTED_EDGE ( 'NONE', *, *, #8722, .T. ) ;
#1577 = VERTEX_POINT ( 'NONE', #6793 ) ;
#1578 = VERTEX_POINT ( 'NONE', #1098 ) ;
#1579 = DIRECTION ( 'NONE',  ( 0.000000000000000000, -0.000000000000000000, -1.000000000000000000 ) ) ;
#1580 = FACE_OUTER_BOUND ( 'NONE', #10264, .T. ) ;
#1581 = CARTESIAN_POINT ( 'NONE',  ( -8.000000000000000000, -24.26794919243099713, -150.0000000000000000 ) ) ;
#1582 = DIRECTION ( 'NONE',  ( 1.000000000000000000, 0.000000000000000000, 0.000000000000000000 ) ) ;
#1583 = ORIENTED_EDGE ( 'NONE', *, *, #242, .T. ) ;
#1584 = LINE ( 'NONE', #3207, #4797 ) ;
#1585 = CARTESIAN_POINT ( 'NONE',  ( -6.850000000000002309, 34.60000000000061959, -135.0000000000000000 ) ) ;
#1586 = VERTEX_POINT ( 'NONE', #9919 ) ;
#1587 = AXIS2_PLACEMENT_3D ( 'NONE', #8637, #10272, #4815 ) ;
#1588 = LINE ( 'NONE', #1434, #2962 ) ;
#1589 = ORIENTED_EDGE ( 'NONE', *, *, #8663, .F. ) ;
#1590 = VERTEX_POINT ( 'NONE', #9133 ) ;
#1591 = FACE_OUTER_BOUND ( 'NONE', #9100, .T. ) ;
#1592 = EDGE_LOOP ( 'NONE', ( #4292, #5919, #6623, #7555, #9789, #4955, #7922 ) ) ;
#1593 = SURFACE_STYLE_USAGE ( .BOTH. , #9899 ) ;
#1594 = CARTESIAN_POINT ( 'NONE',  ( 9.350000000000003197, 35.00000000000000000, -135.0000000000000000 ) ) ;
#1595 = VECTOR ( 'NONE', #7432, 1000.000000000000227 ) ;
#1596 = FACE_OUTER_BOUND ( 'NONE', #7406, .T. ) ;
#1597 = DIRECTION ( 'NONE',  ( 0.000000000000000000, 0.000000000000000000, -1.000000000000000000 ) ) ;
#1598 = CARTESIAN_POINT ( 'NONE',  ( -8.500000000000000000, -17.49999999999939249, -121.0000000000000000 ) ) ;
#1599 = PRODUCT_CONTEXT ( 'NONE', #3852, 'mechanical' ) ;
#1600 = ORIENTED_EDGE ( 'NONE', *, *, #9338, .T. ) ;
#1601 = CARTESIAN_POINT ( 'NONE',  ( 7.249999999999709566, 24.70096189432365108, -150.0000000000000000 ) ) ;
#1602 = ORIENTED_EDGE ( 'NONE', *, *, #6933, .F. ) ;
#1603 = EDGE_CURVE ( 'NONE', #3657, #4512, #3565, .T. ) ;
#1604 = AXIS2_PLACEMENT_3D ( 'NONE', #3248, #1570, #8081 ) ;
#1605 = EDGE_CURVE ( 'NONE', #9991, #2494, #2756, .T. ) ;
#1606 = CARTESIAN_POINT ( 'NONE',  ( -8.995663259305205273, -24.84279564321344580, -0.1272339651654592618 ) ) ;
#1607 = EDGE_CURVE ( 'NONE', #10019, #3194, #1740, .T. ) ;
#1608 = DIRECTION ( 'NONE',  ( 0.000000000000000000, 0.000000000000000000, 1.000000000000000000 ) ) ;
#1609 = LINE ( 'NONE', #4988, #2987 ) ;
#1610 = CARTESIAN_POINT ( 'NONE',  ( -8.000000000000000000, -26.00000000000000355, 0.000000000000000000 ) ) ;
#1611 = ADVANCED_FACE ( 'NONE', ( #1251 ), #7541, .F. ) ;
#1612 = CARTESIAN_POINT ( 'NONE',  ( 0.000000000000000000, 0.000000000000000000, 7.999999999999992895 ) ) ;
#1613 = CARTESIAN_POINT ( 'NONE',  ( 0.000000000000000000, 18.45849999999999724, -8.500000000000000000 ) ) ;
#1614 = ORIENTED_EDGE ( 'NONE', *, *, #5355, .F. ) ;
#1615 = CIRCLE ( 'NONE', #7702, 2.458500000000003460 ) ;
#1616 = CARTESIAN_POINT ( 'NONE',  ( -11.10000000000003340, -26.00000000000000355, 0.000000000000000000 ) ) ;
#1617 = VERTEX_POINT ( 'NONE', #1981 ) ;
#1618 = DIRECTION ( 'NONE',  ( 0.7071067811865571207, 0.000000000000000000, 0.7071067811865379138 ) ) ;
#1619 = VECTOR ( 'NONE', #4341, 1000.000000000000114 ) ;
#1620 = EDGE_CURVE ( 'NONE', #8043, #6941, #10075, .T. ) ;
#1621 = EDGE_CURVE ( 'NONE', #2855, #9586, #3512, .T. ) ;
#1622 = CIRCLE ( 'NONE', #1294, 2.458500000000003460 ) ;
#1623 = DIRECTION ( 'NONE',  ( 1.000000000000000000, 0.000000000000000000, 0.000000000000000000 ) ) ;
#1624 = CARTESIAN_POINT ( 'NONE',  ( -7.999999999999694467, -30.00000000000000000, -148.0000000000000000 ) ) ;
#1625 = DIRECTION ( 'NONE',  ( 1.000000000000000000, 0.000000000000000000, 0.000000000000000000 ) ) ;
#1626 = DIRECTION ( 'NONE',  ( 0.000000000000000000, 0.000000000000000000, -1.000000000000000000 ) ) ;
#1627 = VERTEX_POINT ( 'NONE', #6045 ) ;
#1628 = AXIS2_PLACEMENT_3D ( 'NONE', #8847, #4693, #4276 ) ;
#1629 = DIRECTION ( 'NONE',  ( 0.000000000000000000, 0.000000000000000000, 1.000000000000000000 ) ) ;
#1630 = EDGE_LOOP ( 'NONE', ( #4119, #1393, #1023, #8183 ) ) ;
#1631 = VERTEX_POINT ( 'NONE', #2814 ) ;
#1632 = ORIENTED_EDGE ( 'NONE', *, *, #2148, .T. ) ;
#1633 = DIRECTION ( 'NONE',  ( 1.000000000000000000, 0.000000000000000000, 0.000000000000000000 ) ) ;
#1634 = VECTOR ( 'NONE', #8508, 1000.000000000000114 ) ;
#1635 = ADVANCED_FACE ( 'NONE', ( #1928 ), #5205, .T. ) ;
#1636 = FACE_OUTER_BOUND ( 'NONE', #5527, .T. ) ;
#1637 = CARTESIAN_POINT ( 'NONE',  ( -7.100000000000612488, 30.39999999999938751, -152.0010000000000048 ) ) ;
#1638 = AXIS2_PLACEMENT_3D ( 'NONE', #7802, #560, #8490 ) ;
#1639 = DIRECTION ( 'NONE',  ( -1.000000000000000000, 0.000000000000000000, 0.000000000000000000 ) ) ;
#1640 = ORIENTED_EDGE ( 'NONE', *, *, #6962, .T. ) ;
#1641 = LINE ( 'NONE', #9787, #10265 ) ;
#1642 = LINE ( 'NONE', #9625, #8310 ) ;
#1643 = ORIENTED_EDGE ( 'NONE', *, *, #2759, .F. ) ;
#1644 = FACE_BOUND ( 'NONE', #2435, .T. ) ;
#1645 = TOROIDAL_SURFACE ( 'NONE', #9089, 4.799999999999447375, 0.2000000000005540679 ) ;
#1646 = AXIS2_PLACEMENT_3D ( 'NONE', #9388, #7850, #5351 ) ;
#1647 = ORIENTED_EDGE ( 'NONE', *, *, #6176, .T. ) ;
#1648 = EDGE_LOOP ( 'NONE', ( #3658, #3607, #4861, #4051 ) ) ;
#1649 = CIRCLE ( 'NONE', #9092, 3.999999999998715694 ) ;
#1650 = DIRECTION ( 'NONE',  ( 0.8660254037842993746, 0.5000000000002412515, 0.000000000000000000 ) ) ;
#1651 = ORIENTED_EDGE ( 'NONE', *, *, #22, .F. ) ;
#1652 = DIRECTION ( 'NONE',  ( 0.8660254037842887165, 0.5000000000002595701, 0.000000000000000000 ) ) ;
#1653 = FACE_OUTER_BOUND ( 'NONE', #9347, .T. ) ;
#1654 = CARTESIAN_POINT ( 'NONE',  ( 0.000000000000000000, 0.000000000000000000, 9.394203811574740826 ) ) ;
#1655 = DIRECTION ( 'NONE',  ( 1.000000000000000000, 0.000000000000000000, 0.000000000000000000 ) ) ;
#1656 = CARTESIAN_POINT ( 'NONE',  ( -2.458500000000000796, -16.00000000000000000, -6.041500000000000092 ) ) ;
#1657 = CONTEXT_DEPENDENT_SHAPE_REPRESENTATION ( #4744, #6014 ) ;
#1658 = VERTEX_POINT ( 'NONE', #5253 ) ;
#1659 = AXIS2_PLACEMENT_3D ( 'NONE', #1898, #10044, #9938 ) ;
#1660 = LINE ( 'NONE', #9645, #865 ) ;
#1661 = ORIENTED_EDGE ( 'NONE', *, *, #7823, .T. ) ;
#1662 = CIRCLE ( 'NONE', #4016, 1.499999999999999556 ) ;
#1663 = LINE ( 'NONE', #8325, #1723 ) ;
#1664 = DIRECTION ( 'NONE',  ( 0.8660254037842887165, 0.5000000000002595701, 0.000000000000000000 ) ) ;
#1665 = CARTESIAN_POINT ( 'NONE',  ( -0.4999999999993793853, -25.50000000000000355, -111.0000000000000000 ) ) ;
#1666 = CARTESIAN_POINT ( 'NONE',  ( -7.978903285765476028, -27.71987061392666973, 0.000000000000000000 ) ) ;
#1667 = LINE ( 'NONE', #4738, #6706 ) ;
#1668 = CARTESIAN_POINT ( 'NONE',  ( -1.500000000000000000, 28.47151703059500960, -4.217000000000011184 ) ) ;
#1669 = ADVANCED_FACE ( 'NONE', ( #1828 ), #8491, .F. ) ;
#1670 = EDGE_LOOP ( 'NONE', ( #5878, #5826, #6786, #5811, #9458 ) ) ;
#1671 = ADVANCED_FACE ( 'NONE', ( #9863 ), #9136, .F. ) ;
#1672 =( BOUNDED_CURVE ( )  B_SPLINE_CURVE ( 3, ( #3174, #6405, #4770, #5614 ),
 .UNSPECIFIED., .F., .F. ) 
 B_SPLINE_CURVE_WITH_KNOTS ( ( 4, 4 ),
 ( 0.000000000000000000, 1.570796326794896780 ),
 .UNSPECIFIED. ) 
 CURVE ( )  GEOMETRIC_REPRESENTATION_ITEM ( )  RATIONAL_B_SPLINE_CURVE ( ( 1.000000000000000000, 0.8047378541243649375, 0.8047378541243649375, 1.000000000000000000 ) ) 
 REPRESENTATION_ITEM ( '' )  );
#1673 = LINE ( 'NONE', #947, #8379 ) ;
#1674 = DIRECTION ( 'NONE',  ( -0.5000000000002383649, 0.8660254037843011510, 0.000000000000000000 ) ) ;
#1675 = DIRECTION ( 'NONE',  ( -1.000000000000000000, 0.000000000000000000, 0.000000000000000000 ) ) ;
#1676 = LINE ( 'NONE', #7280, #7010 ) ;
#1677 = DIRECTION ( 'NONE',  ( 0.000000000000000000, 0.000000000000000000, 1.000000000000000000 ) ) ;
#1678 = DIRECTION ( 'NONE',  ( -1.000000000000000000, 0.000000000000000000, 0.000000000000000000 ) ) ;
#1679 = CARTESIAN_POINT ( 'NONE',  ( -9.500000000000000000, -26.86602540378400050, -2.000000000000000000 ) ) ;
#1680 = EDGE_CURVE ( 'NONE', #9498, #5247, #3196, .T. ) ;
#1681 = FACE_OUTER_BOUND ( 'NONE', #5540, .T. ) ;
#1682 = ORIENTED_EDGE ( 'NONE', *, *, #7310, .F. ) ;
#1683 = ADVANCED_FACE ( 'NONE', ( #261 ), #613, .F. ) ;
#1684 = ADVANCED_FACE ( 'NONE', ( #3709 ), #1297, .F. ) ;
#1685 = DIRECTION ( 'NONE',  ( 0.000000000000000000, -1.000000000000000000, 0.000000000000000000 ) ) ;
#1686 = ORIENTED_EDGE ( 'NONE', *, *, #1478, .F. ) ;
#1687 = ORIENTED_EDGE ( 'NONE', *, *, #6339, .T. ) ;
#1688 = EDGE_CURVE ( 'NONE', #10310, #6612, #8621, .T. ) ;
#1689 = ORIENTED_EDGE ( 'NONE', *, *, #2125, .F. ) ;
#1690 = LINE ( 'NONE', #7293, #4167 ) ;
#1691 = FACE_OUTER_BOUND ( 'NONE', #336, .T. ) ;
#1692 = CYLINDRICAL_SURFACE ( 'NONE', #1436, 4.000000000000305533 ) ;
#1693 = VECTOR ( 'NONE', #1381, 1000.000000000000000 ) ;
#1694 = CARTESIAN_POINT ( 'NONE',  ( 2.458500000000012786, -16.00000000000000000, 0.000000000000000000 ) ) ;
#1695 = EDGE_CURVE ( 'NONE', #3697, #10306, #10120, .T. ) ;
#1696 = DIRECTION ( 'NONE',  ( 1.000000000000000000, 0.000000000000000000, 0.000000000000000000 ) ) ;
#1697 = VERTEX_POINT ( 'NONE', #2180 ) ;
#1698 = CARTESIAN_POINT ( 'NONE',  ( -4.352726514326100471, -30.00000000000000000, 0.000000000000000000 ) ) ;
#1699 = ADVANCED_FACE ( 'NONE', ( #6947 ), #4498, .T. ) ;
#1700 = ORIENTED_EDGE ( 'NONE', *, *, #1181, .T. ) ;
#1701 = CIRCLE ( 'NONE', #1354, 2.458500000000002572 ) ;
#1702 = AXIS2_PLACEMENT_3D ( 'NONE', #420, #7548, #1160 ) ;
#1703 = VERTEX_POINT ( 'NONE', #4600 ) ;
#1704 = B_SPLINE_CURVE_WITH_KNOTS ( 'NONE', 3,
 ( #6737, #3514, #417, #5944 ),
 .UNSPECIFIED., .F., .F.,
 ( 4, 4 ),
 ( 0.001510354952922730518, 0.002359062840623574967 ),
 .UNSPECIFIED. ) ;
#1705 = DIRECTION ( 'NONE',  ( 0.000000000000000000, -1.000000000000000000, 0.000000000000000000 ) ) ;
#1706 = ORIENTED_EDGE ( 'NONE', *, *, #1302, .F. ) ;
#1707 = CONICAL_SURFACE ( 'NONE', #9814, 4.282999999999981711, 0.5235987755967802526 ) ;
#1708 = CYLINDRICAL_SURFACE ( 'NONE', #10107, 10.00000000000000000 ) ;
#1709 = PLANE ( 'NONE',  #9637 ) ;
#1710 = AXIS2_PLACEMENT_3D ( 'NONE', #2601, #1825, #1978 ) ;
#1712 = LINE ( 'NONE', #9070, #6461 ) ;
#1711 = VECTOR ( 'NONE', #1650, 999.9999999999998863 ) ;
#1713 = DIRECTION ( 'NONE',  ( 1.000000000000000000, 0.000000000000000000, 0.000000000000000000 ) ) ;
#1714 = PLANE ( 'NONE',  #1452 ) ;
#1715 = ORIENTED_EDGE ( 'NONE', *, *, #7497, .F. ) ;
#1716 = EDGE_CURVE ( 'NONE', #5349, #447, #10173, .T. ) ;
#1717 = ORIENTED_EDGE ( 'NONE', *, *, #667, .F. ) ;
#1718 = VECTOR ( 'NONE', #2114, 1000.000000000000000 ) ;
#1719 = CARTESIAN_POINT ( 'NONE',  ( 4.015521883131615510, 26.00000000000030553, -152.0000000000000000 ) ) ;
#1720 = AXIS2_PLACEMENT_3D ( 'NONE', #7737, #2111, #1961 ) ;
#1721 = DIRECTION ( 'NONE',  ( 1.000000000000000000, 0.000000000000000000, 0.000000000000000000 ) ) ;
#1722 = DIRECTION ( 'NONE',  ( -0.000000000000000000, -0.000000000000000000, 1.000000000000000000 ) ) ;
#1723 = VECTOR ( 'NONE', #5883, 999.9999999999998863 ) ;
#1724 = CARTESIAN_POINT ( 'NONE',  ( 7.100000000000612488, 30.39999999999938751, -135.0000000000000000 ) ) ;
#1725 = CARTESIAN_POINT ( 'NONE',  ( -10.00000000000000000, 0.000000000000000000, 2.000000000000000000 ) ) ;
#1726 = VERTEX_POINT ( 'NONE', #2864 ) ;
#1727 = DIRECTION ( 'NONE',  ( -1.000000000000000000, 0.000000000000000000, 0.000000000000000000 ) ) ;
#1728 = AXIS2_PLACEMENT_3D ( 'NONE', #6333, #10360, #8672 ) ;
#1729 = FACE_OUTER_BOUND ( 'NONE', #8119, .T. ) ;
#1730 = AXIS2_PLACEMENT_3D ( 'NONE', #1872, #9128, #3399 ) ;
#1731 = DIRECTION ( 'NONE',  ( 0.000000000000000000, 0.000000000000000000, 1.000000000000000000 ) ) ;
#1732 = CARTESIAN_POINT ( 'NONE',  ( 11.84999999999999964, 27.95825756949599850, -135.0000000000000000 ) ) ;
#1733 = LINE ( 'NONE', #6687, #6929 ) ;
#1734 = ORIENTED_EDGE ( 'NONE', *, *, #5043, .T. ) ;
#1735 = AXIS2_PLACEMENT_3D ( 'NONE', #8667, #2937, #3778 ) ;
#1736 = CYLINDRICAL_SURFACE ( 'NONE', #4763, 0.3999999999993869571 ) ;
#1737 = EDGE_LOOP ( 'NONE', ( #3625, #2613, #3735, #2719, #5144, #7889, #2902, #5653, #8462, #4494, #1640, #519, #3736, #7860, #7750 ) ) ;
#1738 = ORIENTED_EDGE ( 'NONE', *, *, #4381, .F. ) ;
#1739 = ORIENTED_EDGE ( 'NONE', *, *, #8103, .T. ) ;
#1740 = B_SPLINE_CURVE_WITH_KNOTS ( 'NONE', 3,
 ( #5989, #9242, #2708, #7653, #5100, #5940 ),
 .UNSPECIFIED., .F., .F.,
 ( 4, 2, 4 ),
 ( 0.002420130561062087352, 0.002845740459586856667, 0.003271350358111625549 ),
 .UNSPECIFIED. ) ;
#1741 = CARTESIAN_POINT ( 'NONE',  ( 7.299999999999445599, 33.20000000000000284, -17.00000000000001421 ) ) ;
#1742 = EDGE_CURVE ( 'NONE', #2602, #931, #5397, .T. ) ;
#1743 = CARTESIAN_POINT ( 'NONE',  ( -7.978903285765462705, -24.28012938607333027, 0.000000000000000000 ) ) ;
#1744 = CARTESIAN_POINT ( 'NONE',  ( -12.00000000000000000, -22.00000000000000000, -4.000000000000000000 ) ) ;
#1745 = ADVANCED_FACE ( 'NONE', ( #1345 ), #5012, .F. ) ;
#1746 = ADVANCED_FACE ( 'NONE', ( #2917 ), #812, .F. ) ;
#1747 = EDGE_LOOP ( 'NONE', ( #110, #8890, #7126, #7520 ) ) ;
#1748 = LINE ( 'NONE', #6490, #333 ) ;
#1749 = LINE ( 'NONE', #285, #1385 ) ;
#1750 = VERTEX_POINT ( 'NONE', #7803 ) ;
#1751 = DIRECTION ( 'NONE',  ( -1.000000000000000000, 0.000000000000000000, 0.000000000000000000 ) ) ;
#1752 = CARTESIAN_POINT ( 'NONE',  ( 7.249999999999388045, 35.00000000000000000, -17.00000000000000000 ) ) ;
#1753 = EDGE_LOOP ( 'NONE', ( #8017, #7502, #2189, #9510, #9673, #3134 ) ) ;
#1754 = ORIENTED_EDGE ( 'NONE', *, *, #7942, .T. ) ;
#1755 = EDGE_CURVE ( 'NONE', #5648, #4632, #10247, .T. ) ;
#1756 = EDGE_CURVE ( 'NONE', #6992, #3876, #3994, .T. ) ;
#1757 = CARTESIAN_POINT ( 'NONE',  ( -9.499999999999998224, -25.29452029885035458, -151.9615248357245321 ) ) ;
#1758 = VERTEX_POINT ( 'NONE', #1401 ) ;
#1759 = VECTOR ( 'NONE', #7202, 1000.000000000000000 ) ;
#1760 = DIRECTION ( 'NONE',  ( 0.000000000000000000, -0.000000000000000000, -1.000000000000000000 ) ) ;
#1761 = FACE_OUTER_BOUND ( 'NONE', #7252, .T. ) ;
#1762 = DIRECTION ( 'NONE',  ( 0.000000000000000000, -0.000000000000000000, 1.000000000000000000 ) ) ;
#1763 = LINE ( 'NONE', #4235, #7016 ) ;
#1764 = EDGE_LOOP ( 'NONE', ( #3546, #3241, #3304, #7427, #4212, #5005, #9106 ) ) ;
#1765 = ORIENTED_EDGE ( 'NONE', *, *, #7649, .T. ) ;
#1766 = ORIENTED_EDGE ( 'NONE', *, *, #10283, .F. ) ;
#1767 = CARTESIAN_POINT ( 'NONE',  ( -4.036001841876386997, 4.255952592456953454, 7.935661521442793465 ) ) ;
#1768 = AXIS2_PLACEMENT_3D ( 'NONE', #9197, #5896, #9096 ) ;
#1769 = EDGE_CURVE ( 'NONE', #313, #2553, #8925, .T. ) ;
#1770 = EDGE_CURVE ( 'NONE', #9014, #6016, #2968, .T. ) ;
#1771 = DIRECTION ( 'NONE',  ( 1.000000000000000000, 0.000000000000000000, 0.000000000000000000 ) ) ;
#1772 = CARTESIAN_POINT ( 'NONE',  ( 8.500000000000000000, -25.50000000000000355, -111.0000000000000000 ) ) ;
#1773 = AXIS2_PLACEMENT_3D ( 'NONE', #3447, #9857, #2748 ) ;
#1774 = FACE_OUTER_BOUND ( 'NONE', #3209, .T. ) ;
#1775 = DIRECTION ( 'NONE',  ( -0.7071067811865441310, 0.000000000000000000, 0.7071067811865510144 ) ) ;
#1776 = EDGE_LOOP ( 'NONE', ( #2177, #2483, #4378, #2983 ) ) ;
#1777 = LINE ( 'NONE', #209, #117 ) ;
#1778 = DIRECTION ( 'NONE',  ( -1.000000000000000000, 0.000000000000000000, 0.000000000000000000 ) ) ;
#1779 = AXIS2_PLACEMENT_3D ( 'NONE', #4613, #9407, #8559 ) ;
#1780 = DIRECTION ( 'NONE',  ( 0.000000000000000000, -1.000000000000000000, -0.000000000000000000 ) ) ;
#1781 = CIRCLE ( 'NONE', #8036, 3.999999999998715694 ) ;
#1782 = FACE_OUTER_BOUND ( 'NONE', #4756, .T. ) ;
#1783 = CARTESIAN_POINT ( 'NONE',  ( -6.850000000000002309, 35.00000000000000000, -152.0010000000000048 ) ) ;
#1784 = FACE_OUTER_BOUND ( 'NONE', #4111, .T. ) ;
#1785 = ORIENTED_EDGE ( 'NONE', *, *, #644, .T. ) ;
#1786 = CARTESIAN_POINT ( 'NONE',  ( -4.499999999999968914, -26.00000000000000355, -148.1000000000000512 ) ) ;
#1787 = EDGE_LOOP ( 'NONE', ( #10443, #10115, #3830, #2960 ) ) ;
#1788 = ORIENTED_EDGE ( 'NONE', *, *, #4913, .T. ) ;
#1789 = ORIENTED_EDGE ( 'NONE', *, *, #9284, .F. ) ;
#1790 = AXIS2_PLACEMENT_3D ( 'NONE', #6702, #7508, #10098 ) ;
#1791 = CARTESIAN_POINT ( 'NONE',  ( -8.350000000000276756, -29.50000000000000355, -17.00000000000000000 ) ) ;
#1792 = CARTESIAN_POINT ( 'NONE',  ( 9.248999599679704531, 29.80000000000001137, -135.0000000000000000 ) ) ;
#1793 = CARTESIAN_POINT ( 'NONE',  ( -7.000907178322481883, -24.84477570197231699, -151.8732013694798013 ) ) ;
#1794 = AXIS2_PLACEMENT_3D ( 'NONE', #8112, #9901, #1032 ) ;
#1795 = ORIENTED_EDGE ( 'NONE', *, *, #780, .F. ) ;
#1796 = PLANE ( 'NONE',  #5643 ) ;
#1797 = CARTESIAN_POINT ( 'NONE',  ( 9.500000000000000000, 26.00000000000000355, -2.000000000000000000 ) ) ;
#1798 = VERTEX_POINT ( 'NONE', #5452 ) ;
#1799 = CIRCLE ( 'NONE', #3128, 4.799999999999447375 ) ;
#1800 = CYLINDRICAL_SURFACE ( 'NONE', #8832, 4.282999999999987928 ) ;
#1801 = EDGE_CURVE ( 'NONE', #8451, #9529, #3312, .T. ) ;
#1802 = DIRECTION ( 'NONE',  ( 0.000000000000000000, 0.000000000000000000, -1.000000000000000000 ) ) ;
#1803 = EDGE_CURVE ( 'NONE', #9582, #4808, #9489, .T. ) ;
#1804 = AXIS2_PLACEMENT_3D ( 'NONE', #738, #2351, #8822 ) ;
#1805 = EDGE_LOOP ( 'NONE', ( #9373, #8447, #9001, #9049 ) ) ;
#1806 = CARTESIAN_POINT ( 'NONE',  ( -7.999999999999694467, -25.99999999999969447, -148.0000000000000000 ) ) ;
#1807 = ORIENTED_EDGE ( 'NONE', *, *, #1803, .F. ) ;
#1808 = CIRCLE ( 'NONE', #10248, 2.458500000000013230 ) ;
#1809 = DIRECTION ( 'NONE',  ( -0.000000000000000000, 0.000000000000000000, 1.000000000000000000 ) ) ;
#1810 = CIRCLE ( 'NONE', #470, 0.6000000000001004530 ) ;
#1811 = VECTOR ( 'NONE', #2033, 1000.000000000000000 ) ;
#1812 = CARTESIAN_POINT ( 'NONE',  ( 1.649999999999999911, 33.20000000000000284, -135.0000000000000000 ) ) ;
#1813 = LINE ( 'NONE', #3334, #9681 ) ;
#1814 = CYLINDRICAL_SURFACE ( 'NONE', #4153, 2.458500000000013230 ) ;
#1815 = ORIENTED_EDGE ( 'NONE', *, *, #6548, .F. ) ;
#1816 = ADVANCED_FACE ( 'NONE', ( #7903, #7098, #10327 ), #917, .T. ) ;
#1817 = EDGE_CURVE ( 'NONE', #1246, #2945, #1810, .T. ) ;
#1818 = ADVANCED_FACE ( 'NONE', ( #2338 ), #7358, .T. ) ;
#1819 = VERTEX_POINT ( 'NONE', #9792 ) ;
#1820 = LINE ( 'NONE', #90, #3903 ) ;
#1821 = FACE_OUTER_BOUND ( 'NONE', #7345, .T. ) ;
#1822 = LINE ( 'NONE', #7482, #9988 ) ;
#1823 = AXIS2_PLACEMENT_3D ( 'NONE', #6485, #8897, #7988 ) ;
#1824 = CARTESIAN_POINT ( 'NONE',  ( -8.750000000000293099, -27.29903810567635247, -2.000000000000000000 ) ) ;
#1825 = DIRECTION ( 'NONE',  ( -1.000000000000000000, -0.000000000000000000, -0.000000000000000000 ) ) ;
#1826 = ORIENTED_EDGE ( 'NONE', *, *, #10268, .F. ) ;
#1827 = CARTESIAN_POINT ( 'NONE',  ( -2.458500000000002572, -14.55984404309424995, -145.9585000000000150 ) ) ;
#1828 = FACE_OUTER_BOUND ( 'NONE', #5460, .T. ) ;
#1829 = EDGE_CURVE ( 'NONE', #8398, #8652, #2583, .T. ) ;
#1830 = DIRECTION ( 'NONE',  ( 0.000000000000000000, -1.000000000000000000, 0.000000000000000000 ) ) ;
#1831 = CARTESIAN_POINT ( 'NONE',  ( -6.500000000000000888, -26.00000000000000355, -150.0000000000000000 ) ) ;
#1832 = DIRECTION ( 'NONE',  ( 0.000000000000000000, 0.000000000000000000, -1.000000000000000000 ) ) ;
#1833 = FACE_OUTER_BOUND ( 'NONE', #3008, .T. ) ;
#1834 = DIRECTION ( 'NONE',  ( -0.000000000000000000, -0.000000000000000000, 1.000000000000000000 ) ) ;
#1835 = CARTESIAN_POINT ( 'NONE',  ( 2.205642239911666636, -17.27120180318258491, -10.70564223991166664 ) ) ;
#1836 = CARTESIAN_POINT ( 'NONE',  ( 8.000000000000000000, 26.00000000000000355, -150.0000000000000000 ) ) ;
#1837 = EDGE_LOOP ( 'NONE', ( #5143, #6543, #7718, #7582, #846, #5240 ) ) ;
#1838 = CARTESIAN_POINT ( 'NONE',  ( -8.021096714234658975, -27.71987061392666973, 0.000000000000000000 ) ) ;
#1839 = VERTEX_POINT ( 'NONE', #2680 ) ;
#1840 = VERTEX_POINT ( 'NONE', #9164 ) ;
#1841 = VERTEX_POINT ( 'NONE', #10379 ) ;
#1842 = DIRECTION ( 'NONE',  ( 0.000000000000000000, 0.000000000000000000, 1.000000000000000000 ) ) ;
#1843 = DIRECTION ( 'NONE',  ( 0.000000000000000000, 0.000000000000000000, -1.000000000000000000 ) ) ;
#1844 = CARTESIAN_POINT ( 'NONE',  ( -4.600000000000002309, -26.00000000000000355, -4.000000000000000000 ) ) ;
#1845 = ORIENTED_EDGE ( 'NONE', *, *, #3143, .T. ) ;
#1846 = CARTESIAN_POINT ( 'NONE',  ( 7.500000000000000000, 32.99999999999944578, -135.0000000000000000 ) ) ;
#1847 = CARTESIAN_POINT ( 'NONE',  ( 12.00000000000000000, 22.00000000000000000, 0.000000000000000000 ) ) ;
#1848 = ORIENTED_EDGE ( 'NONE', *, *, #5297, .T. ) ;
#1849 = LINE ( 'NONE', #3263, #2399 ) ;
#1850 = ORIENTED_EDGE ( 'NONE', *, *, #8785, .F. ) ;
#1851 = VECTOR ( 'NONE', #2165, 1000.000000000000000 ) ;
#1852 = LINE ( 'NONE', #4180, #5082 ) ;
#1853 = VERTEX_POINT ( 'NONE', #6660 ) ;
#1854 = CYLINDRICAL_SURFACE ( 'NONE', #7624, 2.458500000000000796 ) ;
#1855 = AXIS2_PLACEMENT_3D ( 'NONE', #8412, #2782, #5275 ) ;
#1856 = LINE ( 'NONE', #8170, #8332 ) ;
#1857 = CARTESIAN_POINT ( 'NONE',  ( 12.00000000000000000, -16.00000000000000000, -13.70000000000055529 ) ) ;
#1858 = ORIENTED_EDGE ( 'NONE', *, *, #7638, .F. ) ;
#1859 = AXIS2_PLACEMENT_3D ( 'NONE', #8649, #1307, #5457 ) ;
#1860 = ORIENTED_EDGE ( 'NONE', *, *, #7948, .T. ) ;
#1861 = ADVANCED_FACE ( 'NONE', ( #9844 ), #10249, .F. ) ;
#1862 = AXIS2_PLACEMENT_3D ( 'NONE', #8440, #9292, #2030 ) ;
#1863 = ORIENTED_EDGE ( 'NONE', *, *, #9820, .F. ) ;
#1864 = DIRECTION ( 'NONE',  ( 0.000000000000000000, 0.000000000000000000, 1.000000000000000000 ) ) ;
#1865 = AXIS2_PLACEMENT_3D ( 'NONE', #248, #4183, #5188 ) ;
#1866 = EDGE_CURVE ( 'NONE', #5956, #7639, #2537, .T. ) ;
#1867 =( GEOMETRIC_REPRESENTATION_CONTEXT ( 3 ) GLOBAL_UNCERTAINTY_ASSIGNED_CONTEXT ( ( #8227 ) ) GLOBAL_UNIT_ASSIGNED_CONTEXT ( ( #8489, #5719, #5611 ) ) REPRESENTATION_CONTEXT ( 'NONE', 'WORKASPACE' ) );
#1868 = CARTESIAN_POINT ( 'NONE',  ( -12.00000000000000000, -30.00000000000000000, -135.0000000000000000 ) ) ;
#1870 = ADVANCED_FACE ( 'NONE', ( #8210, #5763 ), #4771, .F. ) ;
#1869 = DIRECTION ( 'NONE',  ( -0.000000000000000000, -0.000000000000000000, -1.000000000000000000 ) ) ;
#1871 = ORIENTED_EDGE ( 'NONE', *, *, #6772, .T. ) ;
#1872 = CARTESIAN_POINT ( 'NONE',  ( 0.000000000000000000, 16.00000000000000000, -152.0000000000000000 ) ) ;
#1873 = EDGE_CURVE ( 'NONE', #2858, #4022, #1908, .T. ) ;
#1874 = DIRECTION ( 'NONE',  ( 1.000000000000000000, 0.000000000000000000, 0.000000000000000000 ) ) ;
#1875 = ORIENTED_EDGE ( 'NONE', *, *, #4779, .F. ) ;
#1876 = CIRCLE ( 'NONE', #4743, 3.099999999999977884 ) ;
#1877 = CARTESIAN_POINT ( 'NONE',  ( 8.000000000000000000, 26.00000000000000355, -0.3999999999999810929 ) ) ;
#1878 = DIRECTION ( 'NONE',  ( 0.000000000000000000, -0.000000000000000000, -1.000000000000000000 ) ) ;
#1879 = PRODUCT_DEFINITION_SHAPE ( 'NONE', 'NONE',  #6809 ) ;
#1880 = DIRECTION ( 'NONE',  ( 0.000000000000000000, 0.000000000000000000, -1.000000000000000000 ) ) ;
#1881 = VECTOR ( 'NONE', #5482, 1000.000000000000000 ) ;
#1882 = EDGE_CURVE ( 'NONE', #8333, #6805, #7152, .T. ) ;
#1883 = DIRECTION ( 'NONE',  ( 0.000000000000000000, 0.000000000000000000, -1.000000000000000000 ) ) ;
#1884 = AXIS2_PLACEMENT_3D ( 'NONE', #6758, #6551, #8959 ) ;
#1885 = EDGE_CURVE ( 'NONE', #8255, #3976, #5073, .T. ) ;
#1886 = LINE ( 'NONE', #9194, #5092 ) ;
#1887 = EDGE_CURVE ( 'NONE', #5291, #8731, #5558, .T. ) ;
#1889 = DIRECTION ( 'NONE',  ( -1.000000000000000000, 0.000000000000000000, 0.000000000000000000 ) ) ;
#1888 = VECTOR ( 'NONE', #2369, 1000.000000000000000 ) ;
#1890 = CYLINDRICAL_SURFACE ( 'NONE', #193, 2.458500000000002572 ) ;
#1891 = ORIENTED_EDGE ( 'NONE', *, *, #6637, .F. ) ;
#1892 = DIRECTION ( 'NONE',  ( 0.000000000000000000, 0.000000000000000000, -1.000000000000000000 ) ) ;
#1893 = ORIENTED_EDGE ( 'NONE', *, *, #4503, .T. ) ;
#1894 = ORIENTED_EDGE ( 'NONE', *, *, #8993, .T. ) ;
#1895 = ORIENTED_EDGE ( 'NONE', *, *, #8177, .F. ) ;
#1896 = CARTESIAN_POINT ( 'NONE',  ( 1.440155956905743384, 13.54150000000000453, -9.940155956905746493 ) ) ;
#1897 = AXIS2_PLACEMENT_3D ( 'NONE', #3559, #1147, #1976 ) ;
#1898 = CARTESIAN_POINT ( 'NONE',  ( 8.015521883131921044, 26.00000000000030553, 0.000000000000000000 ) ) ;
#1899 = LINE ( 'NONE', #1019, #8885 ) ;
#1900 = ADVANCED_FACE ( 'NONE', ( #3433, #4177 ), #183, .T. ) ;
#1901 = VECTOR ( 'NONE', #1124, 1000.000000000000227 ) ;
#1902 = EDGE_LOOP ( 'NONE', ( #1435, #3599, #272, #3347 ) ) ;
#1903 = CARTESIAN_POINT ( 'NONE',  ( -7.249999999999717559, -27.29903810567634181, -150.0000000000000000 ) ) ;
#1904 = FACE_OUTER_BOUND ( 'NONE', #9340, .T. ) ;
#1905 = ORIENTED_EDGE ( 'NONE', *, *, #9257, .F. ) ;
#1906 = CARTESIAN_POINT ( 'NONE',  ( -9.500000000000000000, -26.84166501650004832, -152.0000000000000000 ) ) ;
#1907 = CARTESIAN_POINT ( 'NONE',  ( 0.000000000000000000, 0.000000000000000000, 1.458499999999989249 ) ) ;
#1908 = LINE ( 'NONE', #7465, #4490 ) ;
#1909 = AXIS2_PLACEMENT_3D ( 'NONE', #6480, #224, #4161 ) ;
#1910 = CIRCLE ( 'NONE', #3244, 0.3999999999993869571 ) ;
#1911 = CARTESIAN_POINT ( 'NONE',  ( -12.00000000000000000, -16.00000000000000000, -8.500000000000000000 ) ) ;
#1912 = ORIENTED_EDGE ( 'NONE', *, *, #5932, .T. ) ;
#1913 = CARTESIAN_POINT ( 'NONE',  ( -11.50000000000000000, -26.00000000000000355, -0.3999999999999810929 ) ) ;
#1914 = CARTESIAN_POINT ( 'NONE',  ( 2.458500000000003460, 16.00000000000000000, -10.95850000000000257 ) ) ;
#1915 = CARTESIAN_POINT ( 'NONE',  ( 12.00000000000000000, 16.00000000000000000, -143.5000000000000284 ) ) ;
#1916 = ORIENTED_EDGE ( 'NONE', *, *, #3938, .F. ) ;
#1917 = ORIENTED_EDGE ( 'NONE', *, *, #10332, .F. ) ;
#1918 = DIRECTION ( 'NONE',  ( 0.000000000000000000, 0.000000000000000000, -1.000000000000000000 ) ) ;
#1919 = VERTEX_POINT ( 'NONE', #8006 ) ;
#1920 = CARTESIAN_POINT ( 'NONE',  ( 8.000000000000000000, 26.00000000000000355, -148.0000000000000000 ) ) ;
#1921 = DIRECTION ( 'NONE',  ( -0.000000000000000000, 1.000000000000000000, 0.000000000000000000 ) ) ;
#1922 = ORIENTED_EDGE ( 'NONE', *, *, #2967, .T. ) ;
#1923 = ORIENTED_EDGE ( 'NONE', *, *, #6319, .F. ) ;
#1924 = CARTESIAN_POINT ( 'NONE',  ( 8.500000000000000000, 17.49999999999938538, -111.0000000000000000 ) ) ;
#1925 = LINE ( 'NONE', #5146, #4058 ) ;
#1926 = ORIENTED_EDGE ( 'NONE', *, *, #7694, .F. ) ;
#1927 = CARTESIAN_POINT ( 'NONE',  ( 7.458499999999979480, -16.00000000000000000, -8.500000000000000000 ) ) ;
#1928 = FACE_OUTER_BOUND ( 'NONE', #252, .T. ) ;
#1929 = EDGE_CURVE ( 'NONE', #4617, #747, #1467, .T. ) ;
#1930 = ADVANCED_FACE ( 'NONE', ( #9891 ), #2637, .F. ) ;
#1931 = CARTESIAN_POINT ( 'NONE',  ( 9.500000000000000000, 26.00000000000000355, -2.000000000000000000 ) ) ;
#1932 = EDGE_CURVE ( 'NONE', #8427, #9987, #4549, .T. ) ;
#1933 = DIRECTION ( 'NONE',  ( -0.000000000000000000, -0.000000000000000000, -1.000000000000000000 ) ) ;
#1934 = CARTESIAN_POINT ( 'NONE',  ( -6.500000000000000888, -25.13397459621599950, -2.000000000000000000 ) ) ;
#1935 = AXIS2_PLACEMENT_3D ( 'NONE', #2578, #179, #4117 ) ;
#1936 = DIRECTION ( 'NONE',  ( -1.000000000000000000, 0.000000000000000000, 0.000000000000000000 ) ) ;
#1937 = FACE_OUTER_BOUND ( 'NONE', #1122, .T. ) ;
#1938 = CARTESIAN_POINT ( 'NONE',  ( -1.499999999999999556, 19.80000000000001137, -4.717000000006038363 ) ) ;
#1939 = EDGE_LOOP ( 'NONE', ( #4349, #5612, #8614, #7018 ) ) ;
#1940 = CIRCLE ( 'NONE', #1773, 2.458500000000013230 ) ;
#1941 = DIRECTION ( 'NONE',  ( -1.000000000000000000, 0.000000000000000000, 0.000000000000000000 ) ) ;
#1942 = ORIENTED_EDGE ( 'NONE', *, *, #3430, .T. ) ;
#1943 = ORIENTED_EDGE ( 'NONE', *, *, #8723, .F. ) ;
#1944 = EDGE_CURVE ( 'NONE', #9467, #1658, #8732, .T. ) ;
#1945 = ORIENTED_EDGE ( 'NONE', *, *, #8653, .F. ) ;
#1946 = ADVANCED_FACE ( 'NONE', ( #6763 ), #10003, .T. ) ;
#1947 = ADVANCED_FACE ( 'NONE', ( #2736, #5968 ), #7571, .T. ) ;
#1948 = CYLINDRICAL_SURFACE ( 'NONE', #3995, 1.999999999999988676 ) ;
#1949 = CARTESIAN_POINT ( 'NONE',  ( 0.000000000000000000, -30.00000000000000000, -8.500000000000000000 ) ) ;
#1950 = CIRCLE ( 'NONE', #5821, 0.5000000000060268457 ) ;
#1951 = DIRECTION ( 'NONE',  ( -1.000000000000000000, -0.000000000000000000, -0.000000000000000000 ) ) ;
#1952 = VERTEX_POINT ( 'NONE', #3919 ) ;
#1953 = DIRECTION ( 'NONE',  ( 0.08784076505916550703, 0.9961345290641321348, -0.000000000000000000 ) ) ;
#1954 = DIRECTION ( 'NONE',  ( 1.000000000000000000, -0.000000000000000000, 0.000000000000000000 ) ) ;
#1955 = EDGE_LOOP ( 'NONE', ( #2442, #6258, #1035, #2802 ) ) ;
#1956 = LINE ( 'NONE', #2734, #4579 ) ;
#1957 = ADVANCED_FACE ( 'NONE', ( #8859 ), #3654, .T. ) ;
#1958 = VECTOR ( 'NONE', #671, 1000.000000000000000 ) ;
#1959 = CIRCLE ( 'NONE', #4479, 3.100000000000033396 ) ;
#1960 = AXIS2_PLACEMENT_3D ( 'NONE', #785, #10345, #9608 ) ;
#1961 = DIRECTION ( 'NONE',  ( 1.000000000000000000, 0.000000000000000000, 0.000000000000000000 ) ) ;
#1962 = ORIENTED_EDGE ( 'NONE', *, *, #8880, .F. ) ;
#1963 = DIRECTION ( 'NONE',  ( 0.000000000000000000, 0.000000000000000000, 1.000000000000000000 ) ) ;
#1964 = CARTESIAN_POINT ( 'NONE',  ( -8.259669785199548642, -27.58213038718352905, -151.9221710822838816 ) ) ;
#1965 = DIRECTION ( 'NONE',  ( -1.000000000000000000, 0.000000000000000000, 0.000000000000000000 ) ) ;
#1966 = ORIENTED_EDGE ( 'NONE', *, *, #2241, .T. ) ;
#1967 = AXIS2_PLACEMENT_3D ( 'NONE', #2218, #4586, #596 ) ;
#1968 = LINE ( 'NONE', #3443, #5181 ) ;
#1969 = EDGE_LOOP ( 'NONE', ( #9362, #10089 ) ) ;
#1970 = DIRECTION ( 'NONE',  ( -1.000000000000000000, -0.000000000000000000, -0.000000000000000000 ) ) ;
#1971 = AXIS2_PLACEMENT_3D ( 'NONE', #7612, #2528, #4164 ) ;
#1972 = CARTESIAN_POINT ( 'NONE',  ( 8.000000000000000000, -16.00000000000000000, -11.50000000000003020 ) ) ;
#1973 = LINE ( 'NONE', #10017, #320 ) ;
#1974 = ORIENTED_EDGE ( 'NONE', *, *, #5046, .F. ) ;
#1975 = ORIENTED_EDGE ( 'NONE', *, *, #1544, .F. ) ;
#1976 = DIRECTION ( 'NONE',  ( 0.000000000000000000, 0.000000000000000000, -1.000000000000000000 ) ) ;
#1977 = CIRCLE ( 'NONE', #3316, 2.458499999999974595 ) ;
#1978 = DIRECTION ( 'NONE',  ( 0.000000000000000000, 0.000000000000000000, 1.000000000000000000 ) ) ;
#1979 = ORIENTED_EDGE ( 'NONE', *, *, #5089, .F. ) ;
#1980 = DIRECTION ( 'NONE',  ( -1.000000000000000000, 0.000000000000000000, 0.000000000000000000 ) ) ;
#1981 = CARTESIAN_POINT ( 'NONE',  ( -7.458499999999975927, -16.00000000000000000, -10.95850000000000080 ) ) ;
#1982 = AXIS2_PLACEMENT_3D ( 'NONE', #5567, #10228, #4721 ) ;
#1983 = VECTOR ( 'NONE', #570, 1000.000000000000114 ) ;
#1984 = ORIENTED_EDGE ( 'NONE', *, *, #7981, .T. ) ;
#1985 = DIRECTION ( 'NONE',  ( 0.000000000000000000, 0.000000000000000000, -1.000000000000000000 ) ) ;
#1986 = VECTOR ( 'NONE', #8982, 1000.000000000000000 ) ;
#1987 = EDGE_CURVE ( 'NONE', #7528, #4982, #8918, .T. ) ;
#1988 = CARTESIAN_POINT ( 'NONE',  ( -7.499092215523528004, -27.44285156336214726, -151.8732013552417754 ) ) ;
#1989 = LINE ( 'NONE', #6051, #4489 ) ;
#1990 = LINE ( 'NONE', #8342, #6409 ) ;
#1991 = CARTESIAN_POINT ( 'NONE',  ( -6.500000000000000888, -26.00000000000000355, -150.0000000000000000 ) ) ;
#1992 = DIRECTION ( 'NONE',  ( -0.8660254037842887165, -0.5000000000002595701, 0.000000000000000000 ) ) ;
#1993 = ORIENTED_EDGE ( 'NONE', *, *, #1038, .T. ) ;
#1994 = DIRECTION ( 'NONE',  ( 0.000000000000000000, 0.000000000000000000, 1.000000000000000000 ) ) ;
#1995 = ORIENTED_EDGE ( 'NONE', *, *, #6521, .T. ) ;
#1996 = VERTEX_POINT ( 'NONE', #7846 ) ;
#1997 = DIRECTION ( 'NONE',  ( 0.000000000000000000, 0.000000000000000000, 1.000000000000000000 ) ) ;
#1998 = CIRCLE ( 'NONE', #3680, 1.720000000000002860 ) ;
#1999 = DIRECTION ( 'NONE',  ( 0.5000000000002333689, -0.8660254037843038155, 0.000000000000000000 ) ) ;
#2000 = DIRECTION ( 'NONE',  ( 1.000000000000000000, 0.000000000000000000, 0.000000000000000000 ) ) ;
#2001 = EDGE_CURVE ( 'NONE', #2773, #374, #9697, .T. ) ;
#2002 = ORIENTED_EDGE ( 'NONE', *, *, #481, .F. ) ;
#2003 = EDGE_CURVE ( 'NONE', #7940, #9614, #3861, .T. ) ;
#2004 = ADVANCED_FACE ( 'NONE', ( #7204 ), #4817, .F. ) ;
#2005 = DIRECTION ( 'NONE',  ( 0.000000000000000000, 0.000000000000000000, 1.000000000000000000 ) ) ;
#2006 = CARTESIAN_POINT ( 'NONE',  ( 0.000000000000000000, 0.000000000000000000, -150.0000000000000000 ) ) ;
#2007 = EDGE_CURVE ( 'NONE', #2750, #3976, #4597, .T. ) ;
#2008 = ORIENTED_EDGE ( 'NONE', *, *, #40, .F. ) ;
#2009 = CARTESIAN_POINT ( 'NONE',  ( -8.350000000000278533, -26.00000000000028422, -17.00000000000000000 ) ) ;
#2010 = DIRECTION ( 'NONE',  ( 0.5000000000002420286, 0.8660254037842989305, 0.000000000000000000 ) ) ;
#2011 = EDGE_CURVE ( 'NONE', #4682, #7144, #608, .T. ) ;
#2012 = CARTESIAN_POINT ( 'NONE',  ( 8.200000000000553513, -16.00000000000000000, -3.700000000000553513 ) ) ;
#2013 = EDGE_LOOP ( 'NONE', ( #3723, #1785, #8142, #3948 ) ) ;
#2014 = EDGE_CURVE ( 'NONE', #5085, #3591, #4707, .T. ) ;
#2015 = DIRECTION ( 'NONE',  ( 0.000000000000000000, 0.000000000000000000, 1.000000000000000000 ) ) ;
#2016 = EDGE_CURVE ( 'NONE', #4925, #6514, #7094, .T. ) ;
#2017 = EDGE_CURVE ( 'NONE', #2724, #2722, #619, .T. ) ;
#2018 = LINE ( 'NONE', #5136, #1061 ) ;
#2019 = DIRECTION ( 'NONE',  ( 0.8660254037842981534, -0.5000000000002433609, 0.000000000000000000 ) ) ;
#2020 = ORIENTED_EDGE ( 'NONE', *, *, #3871, .F. ) ;
#2021 = ORIENTED_EDGE ( 'NONE', *, *, #3847, .F. ) ;
#2022 = CARTESIAN_POINT ( 'NONE',  ( -8.000000000000000000, -16.00000000000000000, -5.499999999999969802 ) ) ;
#2023 = EDGE_LOOP ( 'NONE', ( #5313, #5699, #473, #2969 ) ) ;
#2024 = ORIENTED_EDGE ( 'NONE', *, *, #1416, .F. ) ;
#2025 = FACE_OUTER_BOUND ( 'NONE', #1787, .T. ) ;
#2026 = EDGE_CURVE ( 'NONE', #5850, #1198, #2620, .T. ) ;
#2027 = AXIS2_PLACEMENT_3D ( 'NONE', #5180, #2679, #2657 ) ;
#2028 = ORIENTED_EDGE ( 'NONE', *, *, #1621, .T. ) ;
#2029 = CARTESIAN_POINT ( 'NONE',  ( -12.00000000000000178, 16.00000000000000000, -143.5000000000000284 ) ) ;
#2030 = DIRECTION ( 'NONE',  ( 1.000000000000000000, 0.000000000000000000, 0.000000000000000000 ) ) ;
#2031 = ORIENTED_EDGE ( 'NONE', *, *, #4195, .T. ) ;
#2032 = AXIS2_PLACEMENT_3D ( 'NONE', #7710, #9396, #6306 ) ;
#2033 = DIRECTION ( 'NONE',  ( 0.000000000000000000, 0.000000000000000000, 1.000000000000000000 ) ) ;
#2034 = SHAPE_REPRESENTATION ( '161267 DZF-32-80-A-P-A---(KS)_Features', ( #9473 ), #10148 ) ;
#2035 = CYLINDRICAL_SURFACE ( 'NONE', #3101, 2.458500000000030106 ) ;
#2036 = DIRECTION ( 'NONE',  ( 6.123233995720659715E-17, 0.8660254037851978781, -0.4999999999986848298 ) ) ;
#2037 = CARTESIAN_POINT ( 'NONE',  ( -6.500000000000000888, -26.86602540378400050, -152.0000000000000000 ) ) ;
#2038 = CARTESIAN_POINT ( 'NONE',  ( 11.50000000000000000, 26.00000000000000355, -151.5999999999999943 ) ) ;
#2039 = CIRCLE ( 'NONE', #3201, 4.000000000000305533 ) ;
#2040 = DIRECTION ( 'NONE',  ( 0.000000000000000000, -0.000000000000000000, 1.000000000000000000 ) ) ;
#2041 = CARTESIAN_POINT ( 'NONE',  ( -3.971223470242152054, 4.497708766627500410, 7.799999999999975842 ) ) ;
#2042 = ORIENTED_EDGE ( 'NONE', *, *, #8274, .F. ) ;
#2043 = CIRCLE ( 'NONE', #2204, 5.000000000000011546 ) ;
#2044 = DIRECTION ( 'NONE',  ( 0.000000000000000000, 0.000000000000000000, -1.000000000000000000 ) ) ;
#2045 = ORIENTED_EDGE ( 'NONE', *, *, #4777, .F. ) ;
#2046 = EDGE_LOOP ( 'NONE', ( #4521, #5975 ) ) ;
#2047 = ORIENTED_EDGE ( 'NONE', *, *, #4381, .T. ) ;
#2048 = FACE_OUTER_BOUND ( 'NONE', #1592, .T. ) ;
#2049 = CIRCLE ( 'NONE', #1534, 3.250000000000058620 ) ;
#2050 = CARTESIAN_POINT ( 'NONE',  ( 5.590398646903972590, 1.545135259028803221, 7.999999999999992895 ) ) ;
#2051 = FACE_OUTER_BOUND ( 'NONE', #9680, .T. ) ;
#2052 = VECTOR ( 'NONE', #3872, 1000.000000000000000 ) ;
#2053 = VECTOR ( 'NONE', #2746, 1000.000000000000000 ) ;
#2054 = CARTESIAN_POINT ( 'NONE',  ( 6.850000000000001421, 33.20000000000000284, -135.0000000000000000 ) ) ;
#2055 = FACE_OUTER_BOUND ( 'NONE', #2857, .T. ) ;
#2056 = ORIENTED_EDGE ( 'NONE', *, *, #1621, .F. ) ;
#2057 = CARTESIAN_POINT ( 'NONE',  ( -8.021096714234658975, -27.71987061392666973, 0.000000000000000000 ) ) ;
#2058 = EDGE_LOOP ( 'NONE', ( #4375, #7791 ) ) ;
#2059 = CARTESIAN_POINT ( 'NONE',  ( 2.458500000000003460, 16.00000000000000000, -141.0415000000000134 ) ) ;
#2060 = AXIS2_PLACEMENT_3D ( 'NONE', #772, #8126, #4829 ) ;
#2061 = EDGE_CURVE ( 'NONE', #2945, #7742, #6238, .T. ) ;
#2062 = EDGE_CURVE ( 'NONE', #9612, #2105, #6457, .T. ) ;
#2063 = EDGE_CURVE ( 'NONE', #4187, #2476, #9592, .T. ) ;
#2064 = FACE_OUTER_BOUND ( 'NONE', #10088, .T. ) ;
#2065 = EDGE_LOOP ( 'NONE', ( #10428, #7235, #8020, #5176, #1492 ) ) ;
#2066 = FACE_BOUND ( 'NONE', #8048, .T. ) ;
#2067 = CARTESIAN_POINT ( 'NONE',  ( -11.99999999999999289, 26.00000000000094502, -152.0000000000000000 ) ) ;
#2068 = FACE_OUTER_BOUND ( 'NONE', #6932, .T. ) ;
#2069 = ORIENTED_EDGE ( 'NONE', *, *, #464, .F. ) ;
#2070 = ORIENTED_EDGE ( 'NONE', *, *, #6977, .F. ) ;
#2071 = AXIS2_PLACEMENT_3D ( 'NONE', #6905, #10129, #9147 ) ;
#2072 = B_SPLINE_CURVE_WITH_KNOTS ( 'NONE', 3,
 ( #961, #7408, #1067, #3363, #4213, #9050 ),
 .UNSPECIFIED., .F., .F.,
 ( 4, 2, 4 ),
 ( 6.779041188120290042E-07, 0.0008498274060695882670, 0.001698976908020364456 ),
 .UNSPECIFIED. ) ;
#2073 = VERTEX_POINT ( 'NONE', #4652 ) ;
#2074 = ADVANCED_FACE ( 'NONE', ( #7898 ), #663, .F. ) ;
#2075 = EDGE_CURVE ( 'NONE', #8893, #7418, #3064, .T. ) ;
#2076 = EDGE_CURVE ( 'NONE', #2844, #7308, #4640, .T. ) ;
#2077 = CARTESIAN_POINT ( 'NONE',  ( 8.000000000000000000, 24.26794919243099713, -2.000000000000000000 ) ) ;
#2078 = EDGE_LOOP ( 'NONE', ( #6646, #9831, #5388 ) ) ;
#2079 = VERTEX_POINT ( 'NONE', #9643 ) ;
#2080 = DIRECTION ( 'NONE',  ( 0.000000000000000000, 0.000000000000000000, 1.000000000000000000 ) ) ;
#2081 = LINE ( 'NONE', #1447, #5853 ) ;
#2082 = DIRECTION ( 'NONE',  ( 0.000000000000000000, 0.000000000000000000, -1.000000000000000000 ) ) ;
#2083 = ORIENTED_EDGE ( 'NONE', *, *, #1113, .T. ) ;
#2084 = EDGE_CURVE ( 'NONE', #4417, #10287, #8041, .T. ) ;
#2085 = ADVANCED_FACE ( 'NONE', ( #4085 ), #1714, .T. ) ;
#2086 = DIRECTION ( 'NONE',  ( 0.000000000000000000, 0.000000000000000000, -1.000000000000000000 ) ) ;
#2087 = CARTESIAN_POINT ( 'NONE',  ( -7.500000000000000000, 30.39999999999938751, -17.00000000000000000 ) ) ;
#2088 = CARTESIAN_POINT ( 'NONE',  ( -11.79999999999944649, -16.00000000000000000, -8.500000000000000000 ) ) ;
#2089 = CARTESIAN_POINT ( 'NONE',  ( 5.688034792648439364, 1.909518315602346084, 3.599999999999993872 ) ) ;
#2090 = B_SPLINE_CURVE_WITH_KNOTS ( 'NONE', 3,
 ( #8151, #3100, #6436, #3203, #3153, #1743 ),
 .UNSPECIFIED., .F., .F.,
 ( 4, 2, 4 ),
 ( 7.282412306254544518E-07, 0.0008498777960105924779, 0.001699027350790559450 ),
 .UNSPECIFIED. ) ;
#2091 = VECTOR ( 'NONE', #3806, 1000.000000000000114 ) ;
#2092 = DIRECTION ( 'NONE',  ( 0.000000000000000000, 0.000000000000000000, 1.000000000000000000 ) ) ;
#2093 = CARTESIAN_POINT ( 'NONE',  ( -9.500000000000000000, -25.13397459621599950, -2.000000000000000000 ) ) ;
#2094 = ORIENTED_EDGE ( 'NONE', *, *, #8660, .F. ) ;
#2095 = DIRECTION ( 'NONE',  ( 0.000000000000000000, 0.000000000000000000, -1.000000000000000000 ) ) ;
#2096 = EDGE_LOOP ( 'NONE', ( #1316, #3320, #8409, #1871 ) ) ;
#2097 = VERTEX_POINT ( 'NONE', #140 ) ;
#2098 = ORIENTED_EDGE ( 'NONE', *, *, #3954, .T. ) ;
#2099 = LINE ( 'NONE', #9452, #1634 ) ;
#2100 = LINE ( 'NONE', #10187, #622 ) ;
#2101 = FACE_OUTER_BOUND ( 'NONE', #1112, .T. ) ;
#2102 = CIRCLE ( 'NONE', #5326, 0.5000000000060234040 ) ;
#2103 = CIRCLE ( 'NONE', #706, 3.399999999999997691 ) ;
#2104 = CARTESIAN_POINT ( 'NONE',  ( -9.478903285766069331, -26.87820559742598547, -152.0000000000000000 ) ) ;
#2105 = VERTEX_POINT ( 'NONE', #8171 ) ;
#2106 = DIRECTION ( 'NONE',  ( -0.000000000000000000, -0.000000000000000000, -1.000000000000000000 ) ) ;
#2107 = ORIENTED_EDGE ( 'NONE', *, *, #5546, .T. ) ;
#2108 = DIRECTION ( 'NONE',  ( 1.000000000000000000, 0.000000000000000000, 0.000000000000000000 ) ) ;
#2109 = CIRCLE ( 'NONE', #8026, 4.100000000000000533 ) ;
#2110 = CARTESIAN_POINT ( 'NONE',  ( 0.000000000000000000, -18.45850000000002211, -10.95850000000002566 ) ) ;
#2111 = DIRECTION ( 'NONE',  ( 0.000000000000000000, 0.000000000000000000, -1.000000000000000000 ) ) ;
#2112 = VERTEX_POINT ( 'NONE', #8219 ) ;
#2113 = EDGE_CURVE ( 'NONE', #9326, #3434, #1959, .T. ) ;
#2114 = DIRECTION ( 'NONE',  ( -0.000000000000000000, -0.000000000000000000, 1.000000000000000000 ) ) ;
#2115 = AXIS2_PLACEMENT_3D ( 'NONE', #8079, #5631, #4949 ) ;
#2116 = ADVANCED_FACE ( 'NONE', ( #7318 ), #9904, .F. ) ;
#2117 = CARTESIAN_POINT ( 'NONE',  ( 8.015521883131921044, 26.00000000000030553, -4.000000000000000000 ) ) ;
#2118 = CARTESIAN_POINT ( 'NONE',  ( 6.500000000000000888, 25.13397459621599950, 0.000000000000000000 ) ) ;
#2119 = EDGE_LOOP ( 'NONE', ( #5698, #6784, #2377 ) ) ;
#2120 = VECTOR ( 'NONE', #83, 999.9999999999998863 ) ;
#2121 = EDGE_LOOP ( 'NONE', ( #7400, #2219, #4585, #6285 ) ) ;
#2122 = B_SPLINE_CURVE_WITH_KNOTS ( 'NONE', 3,
 ( #6921, #1127, #5227, #7623, #3533, #8566 ),
 .UNSPECIFIED., .F., .F.,
 ( 4, 2, 4 ),
 ( 7.282412306271737170E-07, 0.0008498777960106083072, 0.001699027350790589591 ),
 .UNSPECIFIED. ) ;
#2123 = CARTESIAN_POINT ( 'NONE',  ( -8.000000000000000000, -26.00000000000000355, -152.0000000000000000 ) ) ;
#2124 = ORIENTED_EDGE ( 'NONE', *, *, #2200, .T. ) ;
#2125 = EDGE_CURVE ( 'NONE', #1590, #4572, #3440, .T. ) ;
#2126 = ORIENTED_EDGE ( 'NONE', *, *, #653, .T. ) ;
#2127 = FACE_OUTER_BOUND ( 'NONE', #1409, .T. ) ;
#2128 = AXIS2_PLACEMENT_3D ( 'NONE', #5285, #1279, #1336 ) ;
#2129 = EDGE_CURVE ( 'NONE', #8401, #9612, #2690, .T. ) ;
#2130 = ADVANCED_FACE ( 'NONE', ( #300 ), #1814, .F. ) ;
#2131 = CARTESIAN_POINT ( 'NONE',  ( 0.000000000000000000, 0.000000000000000000, 0.000000000000000000 ) ) ;
#2132 = ORIENTED_EDGE ( 'NONE', *, *, #6075, .F. ) ;
#2133 = EDGE_CURVE ( 'NONE', #7499, #3802, #2671, .T. ) ;
#2134 = CARTESIAN_POINT ( 'NONE',  ( -11.09999999999997833, -26.00000000000000355, -152.0000000000000000 ) ) ;
#2135 = CARTESIAN_POINT ( 'NONE',  ( -8.015521883131921044, -26.00000000000030553, -152.0000000000000000 ) ) ;
#2136 = EDGE_LOOP ( 'NONE', ( #2704, #7934 ) ) ;
#2137 = VECTOR ( 'NONE', #9262, 1000.000000000000000 ) ;
#2138 = DIRECTION ( 'NONE',  ( -1.000000000000000000, 0.000000000000000000, -0.000000000000000000 ) ) ;
#2139 = CARTESIAN_POINT ( 'NONE',  ( 8.200000000000553513, -16.00000000000000000, -13.50000000000000178 ) ) ;
#2140 = EDGE_CURVE ( 'NONE', #5200, #5164, #1131, .T. ) ;
#2141 = LINE ( 'NONE', #7706, #219 ) ;
#2142 = FACE_OUTER_BOUND ( 'NONE', #48, .T. ) ;
#2143 = VECTOR ( 'NONE', #10178, 1000.000000000000000 ) ;
#2144 = CARTESIAN_POINT ( 'NONE',  ( -4.500000000000000888, -26.00000000000000355, -4.000000000000000000 ) ) ;
#2145 = AXIS2_PLACEMENT_3D ( 'NONE', #3971, #2333, #5662 ) ;
#2146 = AXIS2_PLACEMENT_3D ( 'NONE', #6197, #7239, #909 ) ;
#2147 = VERTEX_POINT ( 'NONE', #3277 ) ;
#2148 = EDGE_CURVE ( 'NONE', #8245, #9166, #5323, .T. ) ;
#2149 = CARTESIAN_POINT ( 'NONE',  ( -2.114726455570120400, 26.96507328603669862, -17.00000000000000000 ) ) ;
#2150 = VERTEX_POINT ( 'NONE', #1857 ) ;
#2151 = VERTEX_POINT ( 'NONE', #929 ) ;
#2152 = ORIENTED_EDGE ( 'NONE', *, *, #1769, .F. ) ;
#2153 = LINE ( 'NONE', #7720, #7886 ) ;
#2154 = AXIS2_PLACEMENT_3D ( 'NONE', #6830, #2697, #4892 ) ;
#2155 = DIRECTION ( 'NONE',  ( -0.000000000000000000, -0.000000000000000000, -1.000000000000000000 ) ) ;
#2156 = DIRECTION ( 'NONE',  ( -0.7071067811865550112, 8.659560562355024070E-17, 0.7071067811865400232 ) ) ;
#2157 = ORIENTED_EDGE ( 'NONE', *, *, #2254, .F. ) ;
#2158 = DIRECTION ( 'NONE',  ( 1.000000000000000000, 0.000000000000000000, 0.000000000000000000 ) ) ;
#2159 = ORIENTED_EDGE ( 'NONE', *, *, #10277, .F. ) ;
#2160 = CIRCLE ( 'NONE', #8749, 1.500000000000000222 ) ;
#2161 = CARTESIAN_POINT ( 'NONE',  ( 1.449999999999445954, 33.20000000000000284, -152.0010000000000048 ) ) ;
#2162 = ORIENTED_EDGE ( 'NONE', *, *, #8737, .F. ) ;
#2163 = ORIENTED_EDGE ( 'NONE', *, *, #9190, .T. ) ;
#2164 = DIRECTION ( 'NONE',  ( 0.3420201433256731538, 0.000000000000000000, 0.9396926207859067626 ) ) ;
#2165 = DIRECTION ( 'NONE',  ( 1.000000000000000000, 0.000000000000000000, 0.000000000000000000 ) ) ;
#2166 = CARTESIAN_POINT ( 'NONE',  ( 3.971223470242094766, -4.497708766627552812, 7.800000000000017586 ) ) ;
#2167 = ORIENTED_EDGE ( 'NONE', *, *, #7051, .T. ) ;
#2168 = CARTESIAN_POINT ( 'NONE',  ( -11.84999999999999964, -26.00000000000028422, -17.00000000000000000 ) ) ;
#2169 = CARTESIAN_POINT ( 'NONE',  ( -6.500000000000000888, -25.99999999999975131, -0.1270170592245030983 ) ) ;
#2170 = VERTEX_POINT ( 'NONE', #7524 ) ;
#2171 = ORIENTED_EDGE ( 'NONE', *, *, #6395, .F. ) ;
#2172 = CARTESIAN_POINT ( 'NONE',  ( -7.999999999999694467, -30.00000000000000000, -4.000000000000000000 ) ) ;
#2173 = ORIENTED_EDGE ( 'NONE', *, *, #5936, .T. ) ;
#2174 = ORIENTED_EDGE ( 'NONE', *, *, #6901, .T. ) ;
#2175 = DIRECTION ( 'NONE',  ( -0.000000000000000000, 0.000000000000000000, -1.000000000000000000 ) ) ;
#2176 = DIRECTION ( 'NONE',  ( 0.000000000000000000, 0.000000000000000000, -1.000000000000000000 ) ) ;
#2177 = ORIENTED_EDGE ( 'NONE', *, *, #8393, .F. ) ;
#2178 = ORIENTED_EDGE ( 'NONE', *, *, #5774, .F. ) ;
#2179 = LINE ( 'NONE', #6241, #2482 ) ;
#2180 = CARTESIAN_POINT ( 'NONE',  ( -6.521096714233932445, -26.87820559742598547, -152.0000000000000000 ) ) ;
#2181 = EDGE_LOOP ( 'NONE', ( #5934, #1589, #3768, #1518 ) ) ;
#2182 = EDGE_CURVE ( 'NONE', #5711, #9726, #2737, .T. ) ;
#2183 = EDGE_CURVE ( 'NONE', #8831, #2383, #1763, .T. ) ;
#2184 = AXIS2_PLACEMENT_3D ( 'NONE', #10199, #8775, #698 ) ;
#2185 = ADVANCED_FACE ( 'NONE', ( #5084 ), #4133, .F. ) ;
#2186 = FACE_OUTER_BOUND ( 'NONE', #6275, .T. ) ;
#2187 = DIRECTION ( 'NONE',  ( -1.000000000000000000, 0.000000000000000000, 0.000000000000000000 ) ) ;
#2188 = CARTESIAN_POINT ( 'NONE',  ( -12.00000000000000178, -16.00000000000000000, -143.5000000000000284 ) ) ;
#2189 = ORIENTED_EDGE ( 'NONE', *, *, #3108, .F. ) ;
#2190 = VECTOR ( 'NONE', #580, 1000.000000000000000 ) ;
#2191 = DIRECTION ( 'NONE',  ( -1.000000000000000000, 0.000000000000000000, 0.000000000000000000 ) ) ;
#2192 = ORIENTED_EDGE ( 'NONE', *, *, #798, .T. ) ;
#2193 = AXIS2_PLACEMENT_3D ( 'NONE', #5977, #1970, #586 ) ;
#2194 = ORIENTED_EDGE ( 'NONE', *, *, #3937, .T. ) ;
#2195 = VECTOR ( 'NONE', #3921, 1000.000000000000000 ) ;
#2196 = ORIENTED_EDGE ( 'NONE', *, *, #7965, .T. ) ;
#2197 = CARTESIAN_POINT ( 'NONE',  ( 8.500000000000000000, -17.49999999999938183, -111.0000000000000000 ) ) ;
#2198 = EDGE_CURVE ( 'NONE', #4162, #4609, #5772, .T. ) ;
#2200 = EDGE_CURVE ( 'NONE', #7451, #4902, #3978, .T. ) ;
#2199 = DIRECTION ( 'NONE',  ( 0.000000000000000000, 0.000000000000000000, 1.000000000000000000 ) ) ;
#2201 = CARTESIAN_POINT ( 'NONE',  ( -9.478903285766062226, -25.12179440257400387, -152.0000000000000000 ) ) ;
#2202 = AXIS2_PLACEMENT_3D ( 'NONE', #9435, #8636, #9289 ) ;
#2203 = ORIENTED_EDGE ( 'NONE', *, *, #7166, .T. ) ;
#2204 = AXIS2_PLACEMENT_3D ( 'NONE', #5246, #10066, #1284 ) ;
#2205 = CARTESIAN_POINT ( 'NONE',  ( -6.850000000000002309, 35.00000000000000000, -135.0000000000000000 ) ) ;
#2206 = ORIENTED_EDGE ( 'NONE', *, *, #8704, .F. ) ;
#2207 = LINE ( 'NONE', #5427, #2729 ) ;
#2208 = ORIENTED_EDGE ( 'NONE', *, *, #6771, .T. ) ;
#2209 = VERTEX_POINT ( 'NONE', #8320 ) ;
#2210 = VECTOR ( 'NONE', #9286, 1000.000000000000000 ) ;
#2211 = EDGE_CURVE ( 'NONE', #1293, #1246, #7869, .T. ) ;
#2212 = CARTESIAN_POINT ( 'NONE',  ( 2.114726455570120400, 26.96507328603669862, -17.00000000000000000 ) ) ;
#2213 = DIRECTION ( 'NONE',  ( 0.8660254037842989305, 0.5000000000002420286, 0.000000000000000000 ) ) ;
#2214 = AXIS2_PLACEMENT_3D ( 'NONE', #3445, #6724, #9124 ) ;
#2215 = FACE_OUTER_BOUND ( 'NONE', #9902, .T. ) ;
#2216 = ORIENTED_EDGE ( 'NONE', *, *, #1887, .T. ) ;
#2217 = FACE_OUTER_BOUND ( 'NONE', #2927, .T. ) ;
#2218 = CARTESIAN_POINT ( 'NONE',  ( -8.000000000000000000, -24.28000000000000469, 0.000000000000000000 ) ) ;
#2219 = ORIENTED_EDGE ( 'NONE', *, *, #6069, .T. ) ;
#2220 = VECTOR ( 'NONE', #5208, 1000.000000000000000 ) ;
#2221 = ORIENTED_EDGE ( 'NONE', *, *, #9530, .F. ) ;
#2222 = CIRCLE ( 'NONE', #3737, 4.100000000000000533 ) ;
#2223 = DIRECTION ( 'NONE',  ( -0.000000000000000000, 0.000000000000000000, 1.000000000000000000 ) ) ;
#2224 = CARTESIAN_POINT ( 'NONE',  ( -8.000000000000000000, -16.00000000000000000, -11.50000000000003020 ) ) ;
#2225 = VERTEX_POINT ( 'NONE', #7632 ) ;
#2226 = EDGE_LOOP ( 'NONE', ( #9741, #6565, #9341, #6301, #3090 ) ) ;
#2227 = LINE ( 'NONE', #453, #8130 ) ;
#2228 = CIRCLE ( 'NONE', #6115, 3.250000000000030642 ) ;
#2229 = DIRECTION ( 'NONE',  ( 1.000000000000000000, 0.000000000000000000, 0.000000000000000000 ) ) ;
#2230 = CARTESIAN_POINT ( 'NONE',  ( 11.84999999999999964, 27.04174243050400150, -135.0000000000000000 ) ) ;
#2231 = EDGE_LOOP ( 'NONE', ( #2456, #384, #2908, #714 ) ) ;
#2232 = ORIENTED_EDGE ( 'NONE', *, *, #3081, .T. ) ;
#2233 = DIRECTION ( 'NONE',  ( 0.000000000000000000, 0.000000000000000000, -1.000000000000000000 ) ) ;
#2234 = DIRECTION ( 'NONE',  ( 0.000000000000000000, 1.000000000000000000, 0.000000000000000000 ) ) ;
#2235 = ORIENTED_EDGE ( 'NONE', *, *, #7104, .T. ) ;
#2236 = DIRECTION ( 'NONE',  ( -1.000000000000000000, 0.000000000000000000, 0.000000000000000000 ) ) ;
#2237 = CARTESIAN_POINT ( 'NONE',  ( -12.00000000000000000, 16.00000000000000000, -143.5000000000000284 ) ) ;
#2238 = DIRECTION ( 'NONE',  ( -1.000000000000000000, 0.000000000000000000, 0.000000000000000000 ) ) ;
#2239 = DIRECTION ( 'NONE',  ( 0.000000000000000000, 0.000000000000000000, -1.000000000000000000 ) ) ;
#2240 = DIRECTION ( 'NONE',  ( 0.000000000000000000, 0.000000000000000000, 1.000000000000000000 ) ) ;
#2241 = EDGE_CURVE ( 'NONE', #8985, #3259, #5191, .T. ) ;
#2242 = VERTEX_POINT ( 'NONE', #3649 ) ;
#2243 = ADVANCED_FACE ( 'NONE', ( #5239 ), #8369, .T. ) ;
#2244 = DIRECTION ( 'NONE',  ( 1.000000000000000000, 0.000000000000000000, -0.000000000000000000 ) ) ;
#2245 = ORIENTED_EDGE ( 'NONE', *, *, #3417, .F. ) ;
#2246 = ORIENTED_EDGE ( 'NONE', *, *, #9944, .F. ) ;
#2247 = CARTESIAN_POINT ( 'NONE',  ( 11.09999999999997833, 26.00000000000000355, -152.0000000000000000 ) ) ;
#2248 = DIRECTION ( 'NONE',  ( 0.000000000000000000, 0.000000000000000000, 1.000000000000000000 ) ) ;
#2249 = LINE ( 'NONE', #4676, #9544 ) ;
#2250 = EDGE_CURVE ( 'NONE', #1577, #10262, #1290, .T. ) ;
#2251 = CARTESIAN_POINT ( 'NONE',  ( 11.79999999999944649, -16.00000000000000000, -8.500000000000000000 ) ) ;
#2252 = CARTESIAN_POINT ( 'NONE',  ( -1.999999999999988010, 0.000000000000000000, -145.0000000000000000 ) ) ;
#2253 = ORIENTED_EDGE ( 'NONE', *, *, #1126, .F. ) ;
#2254 = EDGE_CURVE ( 'NONE', #7008, #5663, #4439, .T. ) ;
#2255 = CARTESIAN_POINT ( 'NONE',  ( 7.999999999999694467, -25.99999999999969447, -152.0000000000000000 ) ) ;
#2256 = ORIENTED_EDGE ( 'NONE', *, *, #9560, .F. ) ;
#2257 = ADVANCED_FACE ( 'NONE', ( #6983 ), #7581, .F. ) ;
#2258 = ORIENTED_EDGE ( 'NONE', *, *, #10423, .F. ) ;
#2259 = DIRECTION ( 'NONE',  ( 0.000000000000000000, 0.000000000000000000, -1.000000000000000000 ) ) ;
#2260 = AXIS2_PLACEMENT_3D ( 'NONE', #6400, #10374, #2229 ) ;
#2261 = CARTESIAN_POINT ( 'NONE',  ( -12.00000000000000000, -16.00000000000000000, -3.499999999999999556 ) ) ;
#2262 = CARTESIAN_POINT ( 'NONE',  ( -8.000000000000000000, -27.73205080756899932, -2.000000000000000000 ) ) ;
#2263 = CARTESIAN_POINT ( 'NONE',  ( 3.647273485673900861, 22.00000000000000000, -152.0000000000000000 ) ) ;
#2264 = ORIENTED_EDGE ( 'NONE', *, *, #463, .F. ) ;
#2265 = FACE_OUTER_BOUND ( 'NONE', #3691, .T. ) ;
#2266 = PLANE ( 'NONE',  #129 ) ;
#2267 = ORIENTED_EDGE ( 'NONE', *, *, #5056, .T. ) ;
#2268 = EDGE_CURVE ( 'NONE', #6893, #7007, #4532, .T. ) ;
#2269 = CONICAL_SURFACE ( 'NONE', #4807, 1.720000000000002860, 1.047197551196594745 ) ;
#2270 = ORIENTED_EDGE ( 'NONE', *, *, #7310, .T. ) ;
#2271 =( BOUNDED_CURVE ( )  B_SPLINE_CURVE ( 3, ( #7549, #324, #1835, #5052 ),
 .UNSPECIFIED., .F., .T. ) 
 B_SPLINE_CURVE_WITH_KNOTS ( ( 4, 4 ),
 ( 0.000000000000000000, 0.7853981633974472798 ),
 .UNSPECIFIED. ) 
 CURVE ( )  GEOMETRIC_REPRESENTATION_ITEM ( )  RATIONAL_B_SPLINE_CURVE ( ( 1.000000000000000000, 0.9492530216741912330, 0.9492530216741912330, 1.000000000000000000 ) ) 
 REPRESENTATION_ITEM ( '' )  );
#2272 = CARTESIAN_POINT ( 'NONE',  ( -6.521096714233922675, -26.87820559742596771, 0.000000000000000000 ) ) ;
#2273 = VECTOR ( 'NONE', #10188, 1000.000000000000000 ) ;
#2274 = EDGE_LOOP ( 'NONE', ( #4694, #10380, #8146, #3452, #8949, #2751 ) ) ;
#2275 = ORIENTED_EDGE ( 'NONE', *, *, #4352, .T. ) ;
#2276 = CARTESIAN_POINT ( 'NONE',  ( 0.000000000000000000, 16.00000000000000000, -151.2085000000000150 ) ) ;
#2277 = CARTESIAN_POINT ( 'NONE',  ( -1.500000000000000000, 20.30000000000604032, -8.500000000000000000 ) ) ;
#2278 = CARTESIAN_POINT ( 'NONE',  ( 0.000000000000000000, 0.000000000000000000, -2.000000000000000000 ) ) ;
#2279 = CARTESIAN_POINT ( 'NONE',  ( 4.015521883131615510, 26.00000000000030553, -152.0000000000000000 ) ) ;
#2280 = ORIENTED_EDGE ( 'NONE', *, *, #9025, .F. ) ;
#2281 = CARTESIAN_POINT ( 'NONE',  ( 0.000000000000000000, 0.000000000000000000, 2.000000000000000000 ) ) ;
#2282 = CARTESIAN_POINT ( 'NONE',  ( -8.000000000000000000, -26.00000000000000355, 0.000000000000000000 ) ) ;
#2283 = AXIS2_PLACEMENT_3D ( 'NONE', #5211, #5003, #8445 ) ;
#2284 = AXIS2_PLACEMENT_3D ( 'NONE', #1349, #8497, #10176 ) ;
#2285 = VERTEX_POINT ( 'NONE', #2797 ) ;
#2286 = DIRECTION ( 'NONE',  ( -1.000000000000000000, 0.000000000000000000, 0.000000000000000000 ) ) ;
#2287 = AXIS2_PLACEMENT_3D ( 'NONE', #499, #8525, #444 ) ;
#2288 = LINE ( 'NONE', #5930, #598 ) ;
#2289 = FACE_OUTER_BOUND ( 'NONE', #809, .T. ) ;
#2290 = DIRECTION ( 'NONE',  ( 0.000000000000000000, 0.000000000000000000, -1.000000000000000000 ) ) ;
#2291 = CARTESIAN_POINT ( 'NONE',  ( -9.500000000000000000, -25.13397459621599950, -150.0000000000000000 ) ) ;
#2292 = ORIENTED_EDGE ( 'NONE', *, *, #24, .T. ) ;
#2293 = DIRECTION ( 'NONE',  ( -0.8660254037855547038, 0.000000000000000000, -0.4999999999980669907 ) ) ;
#2294 = AXIS2_PLACEMENT_3D ( 'NONE', #10236, #7862, #1265 ) ;
#2295 = ORIENTED_EDGE ( 'NONE', *, *, #9969, .F. ) ;
#2296 = FACE_OUTER_BOUND ( 'NONE', #2231, .T. ) ;
#2297 = FACE_OUTER_BOUND ( 'NONE', #9271, .T. ) ;
#2298 = FACE_OUTER_BOUND ( 'NONE', #5033, .T. ) ;
#2299 = CIRCLE ( 'NONE', #7210, 2.458500000000002572 ) ;
#2300 = VECTOR ( 'NONE', #2234, 1000.000000000000000 ) ;
#2301 = VECTOR ( 'NONE', #231, 1000.000000000000000 ) ;
#2302 = CARTESIAN_POINT ( 'NONE',  ( -12.00000000000000178, -16.00000000000000000, -141.0415000000000134 ) ) ;
#2303 = CARTESIAN_POINT ( 'NONE',  ( -8.200000000000553513, -16.00000000000000000, -3.700000000000553513 ) ) ;
#2304 = DIRECTION ( 'NONE',  ( -0.8660254037842990416, 0.000000000000000000, -0.5000000000002419176 ) ) ;
#2305 = EDGE_LOOP ( 'NONE', ( #10112, #2523, #5795, #6688, #9669 ) ) ;
#2306 = CARTESIAN_POINT ( 'NONE',  ( -8.000000000000000000, -26.00000000000000355, -2.000000000000000000 ) ) ;
#2307 = ORIENTED_EDGE ( 'NONE', *, *, #9490, .F. ) ;
#2308 = ORIENTED_EDGE ( 'NONE', *, *, #4576, .F. ) ;
#2309 = AXIS2_PLACEMENT_3D ( 'NONE', #1470, #6321, #2415 ) ;
#2310 = CARTESIAN_POINT ( 'NONE',  ( -7.999999999999694467, -25.99999999999969447, 0.000000000000000000 ) ) ;
#2311 = EDGE_CURVE ( 'NONE', #6392, #5291, #8901, .T. ) ;
#2312 = CARTESIAN_POINT ( 'NONE',  ( 3.010794155703798726E-16, -18.45850000000002211, -6.041499999999976112 ) ) ;
#2313 = CARTESIAN_POINT ( 'NONE',  ( -11.50000000000000000, -26.00000000000000355, -3.899999999999999911 ) ) ;
#2314 = EDGE_CURVE ( 'NONE', #6270, #1703, #9237, .T. ) ;
#2315 = EDGE_CURVE ( 'NONE', #10246, #2552, #3694, .T. ) ;
#2316 = EDGE_CURVE ( 'NONE', #1758, #1423, #5334, .T. ) ;
#2317 = AXIS2_PLACEMENT_3D ( 'NONE', #5464, #2199, #9406 ) ;
#2318 = DIRECTION ( 'NONE',  ( 0.000000000000000000, 0.000000000000000000, 1.000000000000000000 ) ) ;
#2319 = EDGE_LOOP ( 'NONE', ( #1539, #892, #8084, #4832 ) ) ;
#2320 = CARTESIAN_POINT ( 'NONE',  ( -8.000000000000000000, -30.00000000000000000, -152.0000000000000000 ) ) ;
#2321 = CARTESIAN_POINT ( 'NONE',  ( -6.500000000000000888, -26.56748966547476343, -0.07746019931717014473 ) ) ;
#2322 = VERTEX_POINT ( 'NONE', #2742 ) ;
#2323 = ORIENTED_EDGE ( 'NONE', *, *, #5230, .T. ) ;
#2324 = ADVANCED_FACE ( 'NONE', ( #8426 ), #8381, .F. ) ;
#2325 = ADVANCED_FACE ( 'NONE', ( #7687 ), #10111, .T. ) ;
#2326 = EDGE_CURVE ( 'NONE', #7233, #6378, #6931, .T. ) ;
#2327 = LINE ( 'NONE', #4701, #3889 ) ;
#2328 = ORIENTED_EDGE ( 'NONE', *, *, #10155, .F. ) ;
#2329 = ORIENTED_EDGE ( 'NONE', *, *, #9771, .T. ) ;
#2330 = DIRECTION ( 'NONE',  ( 0.000000000000000000, -1.000000000000000000, 0.000000000000000000 ) ) ;
#2331 = CARTESIAN_POINT ( 'NONE',  ( -7.500000000000000000, 32.99999999999944578, -135.0000000000000000 ) ) ;
#2332 = DIRECTION ( 'NONE',  ( -0.000000000000000000, -0.000000000000000000, -1.000000000000000000 ) ) ;
#2333 = DIRECTION ( 'NONE',  ( 0.000000000000000000, 0.000000000000000000, 1.000000000000000000 ) ) ;
#2334 = SHAPE_DEFINITION_REPRESENTATION ( #1879, #8192 ) ;
#2335 = ORIENTED_EDGE ( 'NONE', *, *, #6445, .T. ) ;
#2336 = ORIENTED_EDGE ( 'NONE', *, *, #9131, .F. ) ;
#2337 = LINE ( 'NONE', #3974, #8787 ) ;
#2338 = FACE_OUTER_BOUND ( 'NONE', #9425, .T. ) ;
#2339 = VERTEX_POINT ( 'NONE', #9330 ) ;
#2340 = DIRECTION ( 'NONE',  ( -1.000000000000000000, -0.000000000000000000, -0.000000000000000000 ) ) ;
#2341 = ADVANCED_FACE ( 'NONE', ( #2068 ), #9563, .F. ) ;
#2342 = CARTESIAN_POINT ( 'NONE',  ( 2.458500000000003460, 16.00000000000000000, -145.9585000000000150 ) ) ;
#2343 = CARTESIAN_POINT ( 'NONE',  ( 11.84999999999999964, 27.04174243050400150, -17.00000000000000000 ) ) ;
#2344 = LINE ( 'NONE', #2452, #8825 ) ;
#2345 = PLANE ( 'NONE',  #1306 ) ;
#2346 = DIRECTION ( 'NONE',  ( -0.8660254037842995967, 0.5000000000002409184, 0.000000000000000000 ) ) ;
#2347 = ORIENTED_EDGE ( 'NONE', *, *, #5670, .T. ) ;
#2348 = DIRECTION ( 'NONE',  ( 0.8660254037844372643, 0.000000000000000000, 0.5000000000000026645 ) ) ;
#2349 = CIRCLE ( 'NONE', #9303, 3.000000000000030198 ) ;
#2350 = EDGE_LOOP ( 'NONE', ( #2420, #158, #7567, #7894 ) ) ;
#2351 = DIRECTION ( 'NONE',  ( 1.000000000000000000, 0.000000000000000000, 0.000000000000000000 ) ) ;
#2352 = CARTESIAN_POINT ( 'NONE',  ( 7.999999999999694467, -25.99999999999969447, 0.000000000000000000 ) ) ;
#2353 = DIRECTION ( 'NONE',  ( 1.000000000000000000, 0.000000000000000000, 0.000000000000000000 ) ) ;
#2354 = AXIS2_PLACEMENT_3D ( 'NONE', #9211, #7674, #6813 ) ;
#2355 = DIRECTION ( 'NONE',  ( 0.000000000000000000, 1.000000000000000000, -1.224646799147353207E-16 ) ) ;
#2356 = VECTOR ( 'NONE', #3047, 1000.000000000000000 ) ;
#2357 = CARTESIAN_POINT ( 'NONE',  ( 7.458499999999979480, -16.00000000000000000, -6.041500000000000092 ) ) ;
#2358 = EDGE_LOOP ( 'NONE', ( #9628, #6600 ) ) ;
#2359 = DIRECTION ( 'NONE',  ( -0.000000000000000000, -0.000000000000000000, -1.000000000000000000 ) ) ;
#2360 = ORIENTED_EDGE ( 'NONE', *, *, #1126, .T. ) ;
#2361 = ORIENTED_EDGE ( 'NONE', *, *, #7668, .F. ) ;
#2362 = VECTOR ( 'NONE', #8464, 1000.000000000000000 ) ;
#2363 = ORIENTED_EDGE ( 'NONE', *, *, #4201, .T. ) ;
#2364 = FACE_OUTER_BOUND ( 'NONE', #6852, .T. ) ;
#2365 = AXIS2_PLACEMENT_3D ( 'NONE', #1572, #3088, #8766 ) ;
#2366 = AXIS2_PLACEMENT_3D ( 'NONE', #8128, #5518, #8071 ) ;
#2367 = DIRECTION ( 'NONE',  ( 0.000000000000000000, -0.000000000000000000, -1.000000000000000000 ) ) ;
#2368 = DIRECTION ( 'NONE',  ( 1.000000000000000000, 3.710638451287290407E-16, 0.000000000000000000 ) ) ;
#2369 = DIRECTION ( 'NONE',  ( 0.000000000000000000, 0.000000000000000000, -1.000000000000000000 ) ) ;
#2370 = ORIENTED_EDGE ( 'NONE', *, *, #6935, .T. ) ;
#2371 = CARTESIAN_POINT ( 'NONE',  ( -5.590398646904001900, -1.545135259028854291, 7.999999999999992895 ) ) ;
#2372 = ORIENTED_EDGE ( 'NONE', *, *, #5120, .T. ) ;
#2373 = AXIS2_PLACEMENT_3D ( 'NONE', #7145, #8793, #5503 ) ;
#2374 = DIRECTION ( 'NONE',  ( 0.000000000000000000, 0.000000000000000000, 1.000000000000000000 ) ) ;
#2375 = ADVANCED_FACE ( 'NONE', ( #4485 ), #7741, .F. ) ;
#2376 = EDGE_CURVE ( 'NONE', #5026, #1394, #4650, .T. ) ;
#2377 = ORIENTED_EDGE ( 'NONE', *, *, #3618, .T. ) ;
#2378 = VECTOR ( 'NONE', #924, 1000.000000000000000 ) ;
#2379 = ADVANCED_FACE ( 'NONE', ( #7935 ), #2266, .F. ) ;
#2380 = EDGE_LOOP ( 'NONE', ( #3984, #8050, #5569, #3754 ) ) ;
#2381 = EDGE_CURVE ( 'NONE', #1590, #2112, #8049, .T. ) ;
#2382 = VECTOR ( 'NONE', #5650, 1000.000000000000000 ) ;
#2383 = VERTEX_POINT ( 'NONE', #7249 ) ;
#2384 = TOROIDAL_SURFACE ( 'NONE', #10338, 5.200000000000555289, 0.2000000000005540679 ) ;
#2385 = EDGE_LOOP ( 'NONE', ( #4587, #9568, #4708, #3743, #5814 ) ) ;
#2386 = CARTESIAN_POINT ( 'NONE',  ( -6.000000000000000000, 0.000000000000000000, 7.999999999999992895 ) ) ;
#2387 = AXIS2_PLACEMENT_3D ( 'NONE', #10009, #8368, #5238 ) ;
#2388 = CARTESIAN_POINT ( 'NONE',  ( -8.000000000000000000, -24.26794919243099713, -2.000000000000000000 ) ) ;
#2389 = CARTESIAN_POINT ( 'NONE',  ( 12.00000000000000000, 22.00000000000000000, -4.000000000000000000 ) ) ;
#2390 = CARTESIAN_POINT ( 'NONE',  ( 3.750000000000000000, -7.250000000000000000, -145.5000000000000000 ) ) ;
#2391 = APPLICATION_PROTOCOL_DEFINITION ( 'draft international standard', 'automotive_design', 1998, #3324 ) ;
#2392 = ORIENTED_EDGE ( 'NONE', *, *, #9764, .T. ) ;
#2393 = FACE_OUTER_BOUND ( 'NONE', #6871, .T. ) ;
#2394 = EDGE_CURVE ( 'NONE', #6064, #7746, #9528, .T. ) ;
#2395 = ADVANCED_FACE ( 'NONE', ( #8047 ), #703, .F. ) ;
#2396 = ORIENTED_EDGE ( 'NONE', *, *, #4503, .F. ) ;
#2397 = LINE ( 'NONE', #9703, #5645 ) ;
#2398 = CARTESIAN_POINT ( 'NONE',  ( 0.000000000000000000, -18.45850000000002922, -145.9585000000000434 ) ) ;
#2399 = VECTOR ( 'NONE', #6443, 1000.000000000000000 ) ;
#2400 = DIRECTION ( 'NONE',  ( -0.3420201433256731538, 4.188538737677045999E-17, 0.9396926207859067626 ) ) ;
#2401 = LINE ( 'NONE', #3026, #5855 ) ;
#2402 = PLANE ( 'NONE',  #2692 ) ;
#2403 = ORIENTED_EDGE ( 'NONE', *, *, #4835, .F. ) ;
#2404 =( BOUNDED_CURVE ( )  B_SPLINE_CURVE ( 3, ( #9095, #6849, #2662, #218 ),
 .UNSPECIFIED., .F., .T. ) 
 B_SPLINE_CURVE_WITH_KNOTS ( ( 4, 4 ),
 ( 1.570796326794896558, 3.141592653589793116 ),
 .UNSPECIFIED. ) 
 CURVE ( )  GEOMETRIC_REPRESENTATION_ITEM ( )  RATIONAL_B_SPLINE_CURVE ( ( 1.000000000000000000, 0.8047378541243649375, 0.8047378541243649375, 1.000000000000000000 ) ) 
 REPRESENTATION_ITEM ( '' )  );
#2405 = DIRECTION ( 'NONE',  ( 1.000000000000000000, 0.000000000000000000, 0.000000000000000000 ) ) ;
#2406 = EDGE_CURVE ( 'NONE', #745, #10019, #2888, .T. ) ;
#2407 = EDGE_CURVE ( 'NONE', #7324, #7751, #4017, .T. ) ;
#2408 = EDGE_LOOP ( 'NONE', ( #10097, #6117, #9997, #5138, #8167, #5852, #2024, #879, #2926, #9127, #4272, #1231, #2152, #2159, #7842 ) ) ;
#2409 = CARTESIAN_POINT ( 'NONE',  ( -0.6607491694260470005, -18.45850000000002211, -10.95850000000001678 ) ) ;
#2410 = FACE_BOUND ( 'NONE', #767, .T. ) ;
#2411 = PLANE ( 'NONE',  #2115 ) ;
#2412 = FACE_OUTER_BOUND ( 'NONE', #10057, .T. ) ;
#2413 = DIRECTION ( 'NONE',  ( -0.000000000000000000, 1.000000000000000000, -0.000000000000000000 ) ) ;
#2414 = CARTESIAN_POINT ( 'NONE',  ( -8.000000000001291411, 26.00000000000094857, 0.000000000000000000 ) ) ;
#2415 = DIRECTION ( 'NONE',  ( 1.000000000000000000, 0.000000000000000000, 0.000000000000000000 ) ) ;
#2416 = ORIENTED_EDGE ( 'NONE', *, *, #4205, .T. ) ;
#2417 = CARTESIAN_POINT ( 'NONE',  ( -9.500000000000000000, -25.29449244061910917, -0.03846729375025254027 ) ) ;
#2418 = ORIENTED_EDGE ( 'NONE', *, *, #6965, .F. ) ;
#2419 = EDGE_LOOP ( 'NONE', ( #1281, #1765 ) ) ;
#2420 = ORIENTED_EDGE ( 'NONE', *, *, #7032, .F. ) ;
#2421 = DIRECTION ( 'NONE',  ( -0.7071067811865479058, 8.659560562354936556E-17, 0.7071067811865470176 ) ) ;
#2422 = CARTESIAN_POINT ( 'NONE',  ( 6.000000000000000000, 7.347880794884119736E-16, 7.999999999999992895 ) ) ;
#2423 = FACE_OUTER_BOUND ( 'NONE', #2521, .T. ) ;
#2424 = DIRECTION ( 'NONE',  ( 0.000000000000000000, 0.000000000000000000, -1.000000000000000000 ) ) ;
#2425 = ORIENTED_EDGE ( 'NONE', *, *, #2514, .F. ) ;
#2426 = FACE_OUTER_BOUND ( 'NONE', #970, .T. ) ;
#2427 = CARTESIAN_POINT ( 'NONE',  ( -8.500000000000000000, -25.50000000000000355, -31.00000000000000000 ) ) ;
#2428 = ORIENTED_EDGE ( 'NONE', *, *, #4895, .T. ) ;
#2429 = DIRECTION ( 'NONE',  ( 1.000000000000000000, 0.000000000000000000, 0.000000000000000000 ) ) ;
#2430 = ORIENTED_EDGE ( 'NONE', *, *, #8350, .F. ) ;
#2431 = ORIENTED_EDGE ( 'NONE', *, *, #4709, .T. ) ;
#2432 = ADVANCED_FACE ( 'NONE', ( #6177, #5383 ), #6338, .F. ) ;
#2433 = CARTESIAN_POINT ( 'NONE',  ( -11.39999999999999680, -26.00000000000000355, -4.000000000000000000 ) ) ;
#2434 = EDGE_CURVE ( 'NONE', #3131, #3686, #9580, .T. ) ;
#2435 = EDGE_LOOP ( 'NONE', ( #9123, #6070 ) ) ;
#2436 = FACE_OUTER_BOUND ( 'NONE', #3946, .T. ) ;
#2437 = LINE ( 'NONE', #5659, #4907 ) ;
#2438 = PRESENTATION_LAYER_ASSIGNMENT (  '', '', ( #3774 ) ) ;
#2439 = FACE_OUTER_BOUND ( 'NONE', #5639, .T. ) ;
#2440 = DIRECTION ( 'NONE',  ( -1.000000000000000000, 0.000000000000000000, 0.000000000000000000 ) ) ;
#2441 = DIRECTION ( 'NONE',  ( -0.000000000000000000, -0.000000000000000000, -1.000000000000000000 ) ) ;
#2442 = ORIENTED_EDGE ( 'NONE', *, *, #4518, .F. ) ;
#2443 = ORIENTED_EDGE ( 'NONE', *, *, #9894, .T. ) ;
#2444 = DIRECTION ( 'NONE',  ( -0.8660254037842981534, 0.5000000000002433609, 0.000000000000000000 ) ) ;
#2445 = ORIENTED_EDGE ( 'NONE', *, *, #10391, .F. ) ;
#2446 = CYLINDRICAL_SURFACE ( 'NONE', #2214, 8.000000000000611067 ) ;
#2447 = EDGE_CURVE ( 'NONE', #7832, #7847, #8729, .T. ) ;
#2448 =( LENGTH_UNIT ( ) NAMED_UNIT ( * ) SI_UNIT ( .MILLI., .METRE. ) );
#2449 = CARTESIAN_POINT ( 'NONE',  ( 3.647273485673900861, 22.00000000000000000, -148.0000000000000000 ) ) ;
#2450 = ADVANCED_FACE ( 'NONE', ( #3792 ), #8910, .F. ) ;
#2451 = EDGE_CURVE ( 'NONE', #2724, #7135, #1588, .T. ) ;
#2452 = CARTESIAN_POINT ( 'NONE',  ( -4.100000000000000533, 5.021051876504148371E-16, 9.499999999999841904 ) ) ;
#2453 = EDGE_CURVE ( 'NONE', #6334, #2073, #7994, .T. ) ;
#2454 = DIRECTION ( 'NONE',  ( -0.8660254037842890495, -0.5000000000002590150, 0.000000000000000000 ) ) ;
#2455 = CARTESIAN_POINT ( 'NONE',  ( -11.79999999999944649, -16.00000000000000000, -13.50000000000000178 ) ) ;
#2456 = ORIENTED_EDGE ( 'NONE', *, *, #1363, .T. ) ;
#2457 = VECTOR ( 'NONE', #6373, 1000.000000000000227 ) ;
#2458 = CARTESIAN_POINT ( 'NONE',  ( 0.000000000000000000, -29.20850000000000435, -10.95850000000002566 ) ) ;
#2459 = CIRCLE ( 'NONE', #2953, 5.000000000000000888 ) ;
#2460 = DIRECTION ( 'NONE',  ( -1.000000000000000000, 0.000000000000000000, 0.000000000000000000 ) ) ;
#2461 = VECTOR ( 'NONE', #3542, 1000.000000000000000 ) ;
#2462 = CIRCLE ( 'NONE', #7539, 4.000000000000305533 ) ;
#2463 = FACE_BOUND ( 'NONE', #8202, .T. ) ;
#2464 = DIRECTION ( 'NONE',  ( -0.000000000000000000, -0.000000000000000000, -1.000000000000000000 ) ) ;
#2465 = FACE_BOUND ( 'NONE', #761, .T. ) ;
#2466 = ADVANCED_FACE ( 'NONE', ( #3849 ), #7080, .F. ) ;
#2467 = DIRECTION ( 'NONE',  ( -0.7071067811865471286, 0.000000000000000000, -0.7071067811865479058 ) ) ;
#2468 = DIRECTION ( 'NONE',  ( 0.000000000000000000, 0.000000000000000000, 1.000000000000000000 ) ) ;
#2469 = DIRECTION ( 'NONE',  ( 0.000000000000000000, 0.000000000000000000, -1.000000000000000000 ) ) ;
#2470 = LINE ( 'NONE', #4619, #9264 ) ;
#2471 = ORIENTED_EDGE ( 'NONE', *, *, #5890, .T. ) ;
#2472 = VECTOR ( 'NONE', #5543, 1000.000000000000000 ) ;
#2473 = CARTESIAN_POINT ( 'NONE',  ( -7.999999999999998224, -24.26794919243099713, 0.000000000000000000 ) ) ;
#2474 = VERTEX_POINT ( 'NONE', #3162 ) ;
#2475 = VERTEX_POINT ( 'NONE', #756 ) ;
#2476 = VERTEX_POINT ( 'NONE', #1489 ) ;
#2477 = FACE_OUTER_BOUND ( 'NONE', #6449, .T. ) ;
#2478 = AXIS2_PLACEMENT_3D ( 'NONE', #991, #1918, #6777 ) ;
#2479 = DIRECTION ( 'NONE',  ( -0.8660254037842991526, 0.5000000000002416956, 0.000000000000000000 ) ) ;
#2480 = DIRECTION ( 'NONE',  ( 0.000000000000000000, 0.000000000000000000, 1.000000000000000000 ) ) ;
#2481 = EDGE_CURVE ( 'NONE', #1578, #9888, #810, .T. ) ;
#2482 = VECTOR ( 'NONE', #5396, 1000.000000000000000 ) ;
#2483 = ORIENTED_EDGE ( 'NONE', *, *, #4301, .F. ) ;
#2484 = CARTESIAN_POINT ( 'NONE',  ( -12.00000000000000000, -22.00000000000000000, 0.000000000000000000 ) ) ;
#2485 = CARTESIAN_POINT ( 'NONE',  ( 7.999999999999694467, -30.00000000000000000, 0.000000000000000000 ) ) ;
#2486 = ORIENTED_EDGE ( 'NONE', *, *, #2315, .T. ) ;
#2487 = DIRECTION ( 'NONE',  ( 0.000000000000000000, 0.000000000000000000, 1.000000000000000000 ) ) ;
#2488 = VECTOR ( 'NONE', #2467, 1000.000000000000000 ) ;
#2489 = CIRCLE ( 'NONE', #5189, 4.282999999999987928 ) ;
#2490 = ORIENTED_EDGE ( 'NONE', *, *, #1253, .F. ) ;
#2491 = ORIENTED_EDGE ( 'NONE', *, *, #87, .T. ) ;
#2492 = AXIS2_PLACEMENT_3D ( 'NONE', #7338, #4347, #6783 ) ;
#2493 = PLANE ( 'NONE',  #541 ) ;
#2494 = VERTEX_POINT ( 'NONE', #7883 ) ;
#2495 = CARTESIAN_POINT ( 'NONE',  ( 8.000000000000000000, 26.00000000000000355, 0.000000000000000000 ) ) ;
#2496 = DIRECTION ( 'NONE',  ( 0.9659258262890685343, -0.2588190451025200178, 0.000000000000000000 ) ) ;
#2497 = CARTESIAN_POINT ( 'NONE',  ( 12.00000000000000000, 16.00000000000000000, -143.5000000000000284 ) ) ;
#2498 = FACE_OUTER_BOUND ( 'NONE', #8635, .T. ) ;
#2499 = DIRECTION ( 'NONE',  ( 1.000000000000000000, 0.000000000000000000, 0.000000000000000000 ) ) ;
#2500 = ORIENTED_EDGE ( 'NONE', *, *, #1361, .T. ) ;
#2501 = ORIENTED_EDGE ( 'NONE', *, *, #2776, .T. ) ;
#2502 = CARTESIAN_POINT ( 'NONE',  ( 8.032999999999988816, -7.249999999999999112, -152.0000000000000000 ) ) ;
#2503 = ORIENTED_EDGE ( 'NONE', *, *, #2314, .T. ) ;
#2504 = DIRECTION ( 'NONE',  ( -1.000000000000000000, 0.000000000000000000, 0.000000000000000000 ) ) ;
#2505 = FACE_OUTER_BOUND ( 'NONE', #7206, .T. ) ;
#2506 = LINE ( 'NONE', #10384, #7218 ) ;
#2507 = CARTESIAN_POINT ( 'NONE',  ( 7.978903285765477804, 27.71987061392667329, -152.0000000000000000 ) ) ;
#2508 = CARTESIAN_POINT ( 'NONE',  ( 6.500000000000000888, 26.00000000000025224, -151.8729829407772343 ) ) ;
#2509 = DIRECTION ( 'NONE',  ( 0.000000000000000000, 0.000000000000000000, -1.000000000000000000 ) ) ;
#2510 = EDGE_LOOP ( 'NONE', ( #5901, #7998, #5743 ) ) ;
#2511 = LINE ( 'NONE', #4149, #8406 ) ;
#2512 = EDGE_CURVE ( 'NONE', #628, #4334, #10234, .T. ) ;
#2513 = EDGE_CURVE ( 'NONE', #3253, #7980, #6170, .T. ) ;
#2514 = EDGE_CURVE ( 'NONE', #10166, #4915, #4964, .T. ) ;
#2515 = CARTESIAN_POINT ( 'NONE',  ( 6.499999999999996447, 26.86602540378400406, 0.000000000000000000 ) ) ;
#2516 = DIRECTION ( 'NONE',  ( 0.000000000000000000, -1.000000000000000000, 0.000000000000000000 ) ) ;
#2517 = EDGE_CURVE ( 'NONE', #6334, #1114, #6317, .T. ) ;
#2518 = LINE ( 'NONE', #5790, #2488 ) ;
#2519 = CARTESIAN_POINT ( 'NONE',  ( -4.599999999999999645, -26.00000000000000355, -148.0000000000000000 ) ) ;
#2520 = CARTESIAN_POINT ( 'NONE',  ( 8.500907784476483542, 24.55714843663785985, -151.8732013552417754 ) ) ;
#2521 = EDGE_LOOP ( 'NONE', ( #4311, #2445, #1384, #6055, #8911, #4823, #6442 ) ) ;
#2522 = DIRECTION ( 'NONE',  ( -0.8660254037842989305, -0.5000000000002420286, 0.000000000000000000 ) ) ;
#2523 = ORIENTED_EDGE ( 'NONE', *, *, #2632, .F. ) ;
#2524 = EDGE_LOOP ( 'NONE', ( #4264, #1261, #2772, #7363, #5139, #4310, #1280, #10068 ) ) ;
#2525 = ORIENTED_EDGE ( 'NONE', *, *, #8362, .F. ) ;
#2526 = ADVANCED_FACE ( 'NONE', ( #9842 ), #6554, .F. ) ;
#2527 = EDGE_CURVE ( 'NONE', #6293, #7015, #5172, .T. ) ;
#2528 = DIRECTION ( 'NONE',  ( -0.000000000000000000, -0.000000000000000000, -1.000000000000000000 ) ) ;
#2529 = DIRECTION ( 'NONE',  ( 0.000000000000000000, 0.000000000000000000, 1.000000000000000000 ) ) ;
#2530 = CIRCLE ( 'NONE', #1196, 3.999999999998713029 ) ;
#2531 = ORIENTED_EDGE ( 'NONE', *, *, #1538, .T. ) ;
#2532 = LINE ( 'NONE', #855, #2655 ) ;
#2533 = CARTESIAN_POINT ( 'NONE',  ( 2.458500000000012786, -16.00000000000000000, -151.2084999999999866 ) ) ;
#2534 = ORIENTED_EDGE ( 'NONE', *, *, #9263, .F. ) ;
#2535 = CARTESIAN_POINT ( 'NONE',  ( 6.521096714233932445, 25.12179440257401453, 0.000000000000000000 ) ) ;
#2536 = ORIENTED_EDGE ( 'NONE', *, *, #6520, .F. ) ;
#2537 = LINE ( 'NONE', #3120, #4659 ) ;
#2538 = ORIENTED_EDGE ( 'NONE', *, *, #424, .T. ) ;
#2539 = CIRCLE ( 'NONE', #696, 4.282999999999987928 ) ;
#2540 = ADVANCED_FACE ( 'NONE', ( #9889 ), #4120, .F. ) ;
#2541 = CIRCLE ( 'NONE', #9975, 0.5000000000060270677 ) ;
#2542 = EDGE_CURVE ( 'NONE', #4511, #9840, #7878, .T. ) ;
#2543 = ORIENTED_EDGE ( 'NONE', *, *, #5300, .F. ) ;
#2544 = CARTESIAN_POINT ( 'NONE',  ( 6.500000000000000888, 26.86602540378400050, -2.000000000000000000 ) ) ;
#2545 = ORIENTED_EDGE ( 'NONE', *, *, #5166, .F. ) ;
#2546 = AXIS2_PLACEMENT_3D ( 'NONE', #7748, #3659, #505 ) ;
#2547 = CARTESIAN_POINT ( 'NONE',  ( 0.4999999999993793853, -25.50000000000000355, -121.0000000000000000 ) ) ;
#2548 = CARTESIAN_POINT ( 'NONE',  ( -2.458499999999998575, 17.44015595690574472, -10.95849999999999902 ) ) ;
#2550 = CARTESIAN_POINT ( 'NONE',  ( -5.688034792648446469, -1.909518315602324545, 3.599999999999993872 ) ) ;
#2549 = AXIS2_PLACEMENT_3D ( 'NONE', #8967, #295, #2683 ) ;
#2551 = CARTESIAN_POINT ( 'NONE',  ( 0.000000000000000000, -16.00000000000000000, -152.0000000000000000 ) ) ;
#2552 = VERTEX_POINT ( 'NONE', #2535 ) ;
#2553 = VERTEX_POINT ( 'NONE', #7513 ) ;
#2554 = CARTESIAN_POINT ( 'NONE',  ( -11.99999999999999467, 26.00000000000094502, -152.0000000000000000 ) ) ;
#2555 = LINE ( 'NONE', #830, #4500 ) ;
#2556 = CARTESIAN_POINT ( 'NONE',  ( 7.499092215523525340, 27.44285156336214726, -151.8732013552417754 ) ) ;
#2557 = CARTESIAN_POINT ( 'NONE',  ( 1.440155956905748935, -13.54149999999999388, -7.059844043094250843 ) ) ;
#2558 = VERTEX_POINT ( 'NONE', #124 ) ;
#2559 = DIRECTION ( 'NONE',  ( 0.5000000000002420286, -0.8660254037842989305, 0.000000000000000000 ) ) ;
#2560 = AXIS2_PLACEMENT_3D ( 'NONE', #8095, #7186, #2318 ) ;
#2561 = DIRECTION ( 'NONE',  ( 0.000000000000000000, 1.000000000000000000, 0.000000000000000000 ) ) ;
#2562 = CIRCLE ( 'NONE', #9670, 1.499999999999996891 ) ;
#2563 = DIRECTION ( 'NONE',  ( 1.000000000000000000, 0.000000000000000000, 0.000000000000000000 ) ) ;
#2564 = ADVANCED_FACE ( 'NONE', ( #1644, #72 ), #240, .T. ) ;
#2565 = EDGE_CURVE ( 'NONE', #4530, #9718, #7381, .T. ) ;
#2566 = CARTESIAN_POINT ( 'NONE',  ( 0.000000000000000000, -30.00000000000000000, -146.7500000000000853 ) ) ;
#2567 = ORIENTED_EDGE ( 'NONE', *, *, #4996, .F. ) ;
#2568 = AXIS2_PLACEMENT_3D ( 'NONE', #8296, #9931, #2044 ) ;
#2569 = CARTESIAN_POINT ( 'NONE',  ( -9.720000000000000639, -26.00000000000000355, -152.0000000000000000 ) ) ;
#2570 = ORIENTED_EDGE ( 'NONE', *, *, #4057, .F. ) ;
#2571 = ORIENTED_EDGE ( 'NONE', *, *, #5228, .F. ) ;
#2572 = CARTESIAN_POINT ( 'NONE',  ( -9.500000000000000000, -25.99999999999975131, -151.8729829407772343 ) ) ;
#2573 = DIRECTION ( 'NONE',  ( 0.000000000000000000, 0.000000000000000000, -1.000000000000000000 ) ) ;
#2574 = DIRECTION ( 'NONE',  ( 0.08784076505916543764, 0.9961345290641321348, 0.000000000000000000 ) ) ;
#2575 = ADVANCED_FACE ( 'NONE', ( #5071 ), #1800, .F. ) ;
#2576 = VERTEX_POINT ( 'NONE', #6659 ) ;
#2577 = ADVANCED_FACE ( 'NONE', ( #6606 ), #972, .F. ) ;
#2578 = CARTESIAN_POINT ( 'NONE',  ( -12.05000000000064020, 27.50000000000000000, -135.0000000000000000 ) ) ;
#2579 = CARTESIAN_POINT ( 'NONE',  ( -8.000000000000000000, -26.00000000000000355, 0.000000000000000000 ) ) ;
#2580 = EDGE_CURVE ( 'NONE', #2691, #7645, #3911, .T. ) ;
#2581 = ORIENTED_EDGE ( 'NONE', *, *, #5815, .T. ) ;
#2582 = LINE ( 'NONE', #1698, #401 ) ;
#2583 = LINE ( 'NONE', #3922, #4336 ) ;
#2584 = ORIENTED_EDGE ( 'NONE', *, *, #242, .F. ) ;
#2585 = ORIENTED_EDGE ( 'NONE', *, *, #7655, .T. ) ;
#2586 = CARTESIAN_POINT ( 'NONE',  ( 7.978903285765472475, 24.28012938607332671, 0.000000000000000000 ) ) ;
#2587 = ORIENTED_EDGE ( 'NONE', *, *, #8008, .T. ) ;
#2588 = CONICAL_SURFACE ( 'NONE', #7154, 3.400000000000000355, 0.7853981633973783349 ) ;
#2589 = DIRECTION ( 'NONE',  ( 0.000000000000000000, 0.000000000000000000, 1.000000000000000000 ) ) ;
#2590 = CARTESIAN_POINT ( 'NONE',  ( -1.997325582466613101E-15, 0.000000000000000000, -143.8452994616200158 ) ) ;
#2591 = EDGE_CURVE ( 'NONE', #1617, #3043, #1849, .T. ) ;
#2592 = CARTESIAN_POINT ( 'NONE',  ( -1.399999999999387068, 30.39999999999938751, -152.0010000000000048 ) ) ;
#2593 = CARTESIAN_POINT ( 'NONE',  ( -8.000000000000000000, -26.00000000000000355, 0.000000000000000000 ) ) ;
#2594 = ORIENTED_EDGE ( 'NONE', *, *, #2129, .F. ) ;
#2595 = ORIENTED_EDGE ( 'NONE', *, *, #3150, .F. ) ;
#2596 = CIRCLE ( 'NONE', #3640, 0.2000000000005541234 ) ;
#2597 = UNCERTAINTY_MEASURE_WITH_UNIT (LENGTH_MEASURE( 1.000000000000000082E-05 ), #7471, 'distance_accuracy_value', 'NONE');
#2598 = DIRECTION ( 'NONE',  ( 1.000000000000000000, -6.870191984066601393E-16, 0.000000000000000000 ) ) ;
#2599 = AXIS2_PLACEMENT_3D ( 'NONE', #4289, #7480, #5198 ) ;
#2600 = CARTESIAN_POINT ( 'NONE',  ( 8.000000000000000000, 26.00000000000000355, 0.000000000000000000 ) ) ;
#2601 = CARTESIAN_POINT ( 'NONE',  ( -12.00000000000000178, 16.00000000000000000, -8.500000000000000000 ) ) ;
#2602 = VERTEX_POINT ( 'NONE', #5710 ) ;
#2603 = CARTESIAN_POINT ( 'NONE',  ( -7.999999999999694467, -30.00000000000000000, -17.00000000000000000 ) ) ;
#2604 = CARTESIAN_POINT ( 'NONE',  ( -8.000000000000000000, -26.00000000000000355, -150.0000000000000000 ) ) ;
#2605 = CIRCLE ( 'NONE', #3783, 1.719999999999999307 ) ;
#2606 = DIRECTION ( 'NONE',  ( 1.000000000000000000, 0.000000000000000000, 0.000000000000000000 ) ) ;
#2607 = LINE ( 'NONE', #3572, #6781 ) ;
#2608 = CARTESIAN_POINT ( 'NONE',  ( 1.399999999999387068, 30.00000000000000000, -17.00000000000000000 ) ) ;
#2609 = DIRECTION ( 'NONE',  ( 0.000000000000000000, -0.000000000000000000, -1.000000000000000000 ) ) ;
#2610 = CARTESIAN_POINT ( 'NONE',  ( 0.000000000000000000, 0.000000000000000000, -2.000000000000000000 ) ) ;
#2611 = ORIENTED_EDGE ( 'NONE', *, *, #100, .F. ) ;
#2612 = FACE_OUTER_BOUND ( 'NONE', #6589, .T. ) ;
#2613 = ORIENTED_EDGE ( 'NONE', *, *, #10402, .T. ) ;
#2614 = ORIENTED_EDGE ( 'NONE', *, *, #1418, .T. ) ;
#2615 = ORIENTED_EDGE ( 'NONE', *, *, #1171, .T. ) ;
#2616 = VECTOR ( 'NONE', #4207, 1000.000000000000000 ) ;
#2617 = CARTESIAN_POINT ( 'NONE',  ( -7.249999999999709566, -27.29903810567635247, -2.000000000000000000 ) ) ;
#2618 = CARTESIAN_POINT ( 'NONE',  ( 0.000000000000000000, -30.00000000000000000, -8.500000000000000000 ) ) ;
#2619 = CARTESIAN_POINT ( 'NONE',  ( 8.000000000000001776, 27.73205080756900287, 0.000000000000000000 ) ) ;
#2620 = CIRCLE ( 'NONE', #7374, 3.782999999993958085 ) ;
#2621 = ORIENTED_EDGE ( 'NONE', *, *, #6394, .T. ) ;
#2622 = CARTESIAN_POINT ( 'NONE',  ( -8.500000000000000000, -17.49999999999939249, -121.0000000000000000 ) ) ;
#2623 = DIRECTION ( 'NONE',  ( -1.000000000000000000, 0.000000000000000000, 0.000000000000000000 ) ) ;
#2624 = ORIENTED_EDGE ( 'NONE', *, *, #2759, .T. ) ;
#2625 = VECTOR ( 'NONE', #6421, 1000.000000000000000 ) ;
#2626 = CYLINDRICAL_SURFACE ( 'NONE', #4252, 4.000000000000305533 ) ;
#2627 = CARTESIAN_POINT ( 'NONE',  ( 2.458500000000003460, 16.00000000000000000, -145.9585000000000150 ) ) ;
#2628 = CONICAL_SURFACE ( 'NONE', #9571, 4.100000000000000533, 0.3490658503988706141 ) ;
#2629 = EDGE_CURVE ( 'NONE', #9744, #4005, #2582, .T. ) ;
#2630 = ORIENTED_EDGE ( 'NONE', *, *, #588, .F. ) ;
#2631 = ADVANCED_FACE ( 'NONE', ( #9058 ), #2626, .T. ) ;
#2632 = EDGE_CURVE ( 'NONE', #19, #2553, #4096, .T. ) ;
#2633 = CIRCLE ( 'NONE', #9913, 4.282999999999987928 ) ;
#2634 = CARTESIAN_POINT ( 'NONE',  ( 6.759309155579650508, 24.98426238543865807, -0.07771127068831326645 ) ) ;
#2635 = VERTEX_POINT ( 'NONE', #5277 ) ;
#2636 = AXIS2_PLACEMENT_3D ( 'NONE', #674, #3873, #7855 ) ;
#2637 = CONICAL_SURFACE ( 'NONE', #2804, 1.720000000000001084, 1.047197551202451837 ) ;
#2638 = CONICAL_SURFACE ( 'NONE', #8065, 4.100000000000000533, 0.3490658503988706141 ) ;
#2639 = CARTESIAN_POINT ( 'NONE',  ( -1.271201803182602452, -18.20564223991167552, -141.2943577600883032 ) ) ;
#2640 = DIRECTION ( 'NONE',  ( 1.000000000000000000, -0.000000000000000000, -0.000000000000000000 ) ) ;
#2641 = DIRECTION ( 'NONE',  ( -1.000000000000000000, 0.000000000000000000, 0.000000000000000000 ) ) ;
#2642 = EDGE_LOOP ( 'NONE', ( #423, #4116, #6273 ) ) ;
#2643 = EDGE_CURVE ( 'NONE', #1399, #3087, #5254, .T. ) ;
#2644 = ORIENTED_EDGE ( 'NONE', *, *, #6381, .T. ) ;
#2645 = EDGE_CURVE ( 'NONE', #5711, #7403, #3639, .T. ) ;
#2646 = AXIS2_PLACEMENT_3D ( 'NONE', #9963, #5734, #7587 ) ;
#2647 = EDGE_CURVE ( 'NONE', #4400, #2150, #9172, .T. ) ;
#2648 = CARTESIAN_POINT ( 'NONE',  ( -9.500000000000000000, -26.86602540378400050, -152.0000000000000000 ) ) ;
#2649 = DIRECTION ( 'NONE',  ( 1.000000000000000000, 0.000000000000000000, 0.000000000000000000 ) ) ;
#2650 = LINE ( 'NONE', #5096, #5263 ) ;
#2651 = CIRCLE ( 'NONE', #1659, 4.000000000000305533 ) ;
#2652 = DIRECTION ( 'NONE',  ( 0.000000000000000000, 0.000000000000000000, -1.000000000000000000 ) ) ;
#2653 = CARTESIAN_POINT ( 'NONE',  ( 12.00000000000000000, -30.00000000000000000, -17.00000000000000000 ) ) ;
#2654 = ORIENTED_EDGE ( 'NONE', *, *, #6839, .F. ) ;
#2655 = VECTOR ( 'NONE', #1021, 1000.000000000000000 ) ;
#2656 = PLANE ( 'NONE',  #6135 ) ;
#2657 = DIRECTION ( 'NONE',  ( 1.000000000000000000, 0.000000000000000000, 0.000000000000000000 ) ) ;
#2658 = EDGE_CURVE ( 'NONE', #4641, #5276, #8564, .T. ) ;
#2659 = PLANE ( 'NONE',  #1132 ) ;
#2660 = DIRECTION ( 'NONE',  ( 0.2588190451025200178, 0.9659258262890685343, 0.000000000000000000 ) ) ;
#2661 = DIRECTION ( 'NONE',  ( 0.000000000000000000, -1.000000000000000000, 0.000000000000000000 ) ) ;
#2662 = CARTESIAN_POINT ( 'NONE',  ( 2.458500000000000796, -14.55984404309425528, -141.0415000000000134 ) ) ;
#2663 = LINE ( 'NONE', #1161, #9534 ) ;
#2664 = DIRECTION ( 'NONE',  ( -1.000000000000000000, 0.000000000000000000, 0.000000000000000000 ) ) ;
#2665 = ORIENTED_EDGE ( 'NONE', *, *, #8072, .T. ) ;
#2666 = CARTESIAN_POINT ( 'NONE',  ( 12.00000000000000000, -30.00000000000000000, -152.0000000000000000 ) ) ;
#2667 = ORIENTED_EDGE ( 'NONE', *, *, #6722, .F. ) ;
#2668 = ORIENTED_EDGE ( 'NONE', *, *, #1987, .T. ) ;
#2669 = ORIENTED_EDGE ( 'NONE', *, *, #1360, .T. ) ;
#2670 = DIRECTION ( 'NONE',  ( -1.000000000000000000, 0.000000000000000000, 0.000000000000000000 ) ) ;
#2671 =( BOUNDED_CURVE ( )  B_SPLINE_CURVE ( 3, ( #1656, #4876, #3335, #5032 ),
 .UNSPECIFIED., .F., .F. ) 
 B_SPLINE_CURVE_WITH_KNOTS ( ( 4, 4 ),
 ( 3.141592653589793116, 3.926990816987240951 ),
 .UNSPECIFIED. ) 
 CURVE ( )  GEOMETRIC_REPRESENTATION_ITEM ( )  RATIONAL_B_SPLINE_CURVE ( ( 1.000000000000000000, 0.9492530216741912330, 0.9492530216741912330, 1.000000000000000000 ) ) 
 REPRESENTATION_ITEM ( '' )  );
#2672 = CARTESIAN_POINT ( 'NONE',  ( 12.00000000000000000, 22.00000000000000000, -148.0000000000000000 ) ) ;
#2673 = FACE_OUTER_BOUND ( 'NONE', #9861, .T. ) ;
#2674 = ORIENTED_EDGE ( 'NONE', *, *, #8022, .F. ) ;
#2675 = DIRECTION ( 'NONE',  ( 0.000000000000000000, 0.000000000000000000, 1.000000000000000000 ) ) ;
#2676 = DIRECTION ( 'NONE',  ( 0.000000000000000000, 0.000000000000000000, 1.000000000000000000 ) ) ;
#2677 = ORIENTED_EDGE ( 'NONE', *, *, #9634, .T. ) ;
#2678 = DIRECTION ( 'NONE',  ( -0.000000000000000000, -0.000000000000000000, -1.000000000000000000 ) ) ;
#2679 = DIRECTION ( 'NONE',  ( -0.000000000000000000, -0.000000000000000000, -1.000000000000000000 ) ) ;
#2680 = CARTESIAN_POINT ( 'NONE',  ( -12.00000000000000178, 16.00000000000000000, -10.95849999999998836 ) ) ;
#2681 = ORIENTED_EDGE ( 'NONE', *, *, #1607, .T. ) ;
#2682 = AXIS2_PLACEMENT_3D ( 'NONE', #1162, #8550, #2874 ) ;
#2683 = DIRECTION ( 'NONE',  ( -1.000000000000000000, 0.000000000000000000, 0.000000000000000000 ) ) ;
#2684 = ORIENTED_EDGE ( 'NONE', *, *, #7086, .T. ) ;
#2685 = EDGE_CURVE ( 'NONE', #6824, #3628, #7568, .T. ) ;
#2686 = CARTESIAN_POINT ( 'NONE',  ( 8.259669785199552194, 27.58213038718353260, -151.9221710822838816 ) ) ;
#2687 = ADVANCED_FACE ( 'NONE', ( #10145 ), #10102, .F. ) ;
#2688 = CIRCLE ( 'NONE', #5237, 0.6000000000001004530 ) ;
#2689 = CARTESIAN_POINT ( 'NONE',  ( -7.100000000000612488, 30.00000000000000000, -135.0000000000000000 ) ) ;
#2690 = LINE ( 'NONE', #5924, #2120 ) ;
#2691 = VERTEX_POINT ( 'NONE', #5129 ) ;
#2692 = AXIS2_PLACEMENT_3D ( 'NONE', #8984, #7219, #6524 ) ;
#2693 = ORIENTED_EDGE ( 'NONE', *, *, #8467, .T. ) ;
#2694 = VECTOR ( 'NONE', #5029, 1000.000000000000000 ) ;
#2695 = VECTOR ( 'NONE', #3508, 1000.000000000000000 ) ;
#2696 = DIRECTION ( 'NONE',  ( 1.000000000000000000, 0.000000000000000000, 0.000000000000000000 ) ) ;
#2697 = DIRECTION ( 'NONE',  ( -1.000000000000000000, 0.000000000000000000, -0.000000000000000000 ) ) ;
#2698 = ORIENTED_EDGE ( 'NONE', *, *, #517, .F. ) ;
#2699 = AXIS2_PLACEMENT_3D ( 'NONE', #6787, #7433, #2701 ) ;
#2700 = ORIENTED_EDGE ( 'NONE', *, *, #3214, .T. ) ;
#2701 = DIRECTION ( 'NONE',  ( 1.000000000000000000, 0.000000000000000000, 0.000000000000000000 ) ) ;
#2702 = EDGE_CURVE ( 'NONE', #8598, #9498, #3592, .T. ) ;
#2703 = DIRECTION ( 'NONE',  ( -0.000000000000000000, -0.000000000000000000, -1.000000000000000000 ) ) ;
#2704 = ORIENTED_EDGE ( 'NONE', *, *, #1944, .F. ) ;
#2705 = EDGE_CURVE ( 'NONE', #9014, #1198, #5269, .T. ) ;
#2706 = CIRCLE ( 'NONE', #4069, 5.200000000000555289 ) ;
#2707 = CARTESIAN_POINT ( 'NONE',  ( 7.458499999999979480, -16.00000000000000000, -8.500000000000000000 ) ) ;
#2708 = CARTESIAN_POINT ( 'NONE',  ( -6.500000000000001776, -25.71369762206023779, -0.1148472620670315802 ) ) ;
#2709 = CIRCLE ( 'NONE', #3386, 3.250000000000030642 ) ;
#2710 = AXIS2_PLACEMENT_3D ( 'NONE', #2212, #7783, #5432 ) ;
#2711 = CARTESIAN_POINT ( 'NONE',  ( 1.250000000000613065, 34.60000000000061959, -135.0000000000000000 ) ) ;
#2712 = AXIS2_PLACEMENT_3D ( 'NONE', #8308, #1075, #7510 ) ;
#2713 = DIRECTION ( 'NONE',  ( 0.000000000000000000, 0.000000000000000000, -1.000000000000000000 ) ) ;
#2714 = CARTESIAN_POINT ( 'NONE',  ( 8.200000000000553513, -16.00000000000000000, -8.500000000000000000 ) ) ;
#2715 = DIRECTION ( 'NONE',  ( 0.000000000000000000, 0.000000000000000000, 1.000000000000000000 ) ) ;
#2717 = PLANE ( 'NONE',  #5304 ) ;
#2716 = CIRCLE ( 'NONE', #2560, 0.2000000000005539014 ) ;
#2718 = DIRECTION ( 'NONE',  ( 0.000000000000000000, 0.000000000000000000, 1.000000000000000000 ) ) ;
#2719 = ORIENTED_EDGE ( 'NONE', *, *, #6145, .T. ) ;
#2720 = EDGE_CURVE ( 'NONE', #1627, #4682, #58, .T. ) ;
#2721 = CARTESIAN_POINT ( 'NONE',  ( -8.000000000000000000, -16.00000000000000000, -8.500000000000000000 ) ) ;
#2722 = VERTEX_POINT ( 'NONE', #1178 ) ;
#2723 = EDGE_LOOP ( 'NONE', ( #8963, #7915, #6969, #5134 ) ) ;
#2724 = VERTEX_POINT ( 'NONE', #6815 ) ;
#2725 = DIRECTION ( 'NONE',  ( 1.000000000000000000, 0.000000000000000000, 0.000000000000000000 ) ) ;
#2726 = VECTOR ( 'NONE', #1406, 1000.000000000000000 ) ;
#2727 = CARTESIAN_POINT ( 'NONE',  ( 2.205642239911661751, -17.27120180318258491, -141.2943577600883032 ) ) ;
#2728 = CARTESIAN_POINT ( 'NONE',  ( 0.000000000000000000, 0.000000000000000000, 8.600000000000093792 ) ) ;
#2729 = VECTOR ( 'NONE', #4621, 999.9999999999998863 ) ;
#2730 = ORIENTED_EDGE ( 'NONE', *, *, #1506, .F. ) ;
#2731 = DIRECTION ( 'NONE',  ( 0.000000000000000000, 0.000000000000000000, -1.000000000000000000 ) ) ;
#2732 = CARTESIAN_POINT ( 'NONE',  ( 8.000000000000000000, 26.00000000000000355, -150.0000000000000000 ) ) ;
#2733 = VERTEX_POINT ( 'NONE', #389 ) ;
#2734 = CARTESIAN_POINT ( 'NONE',  ( 6.500000000000000888, 26.86602540378400050, -2.000000000000000000 ) ) ;
#2735 = DIRECTION ( 'NONE',  ( 1.000000000000000000, -0.000000000000000000, -0.000000000000000000 ) ) ;
#2736 = FACE_BOUND ( 'NONE', #1262, .T. ) ;
#2737 =( BOUNDED_CURVE ( )  B_SPLINE_CURVE ( 3, ( #3495, #7369, #8265, #9800 ),
 .UNSPECIFIED., .F., .T. ) 
 B_SPLINE_CURVE_WITH_KNOTS ( ( 4, 4 ),
 ( 0.000000000000000000, 0.7853981633974497223 ),
 .UNSPECIFIED. ) 
 CURVE ( )  GEOMETRIC_REPRESENTATION_ITEM ( )  RATIONAL_B_SPLINE_CURVE ( ( 1.000000000000000000, 0.9492530216741910110, 0.9492530216741910110, 1.000000000000000000 ) ) 
 REPRESENTATION_ITEM ( '' )  );
#2738 = PLANE ( 'NONE',  #2877 ) ;
#2739 = ORIENTED_EDGE ( 'NONE', *, *, #4121, .F. ) ;
#2740 = CARTESIAN_POINT ( 'NONE',  ( -2.458500000000012786, -16.00000000000000000, -151.2084999999999866 ) ) ;
#2741 = LINE ( 'NONE', #7740, #8478 ) ;
#2742 = CARTESIAN_POINT ( 'NONE',  ( -1.299999999999971401, -7.250000000000000000, -152.0000000000000000 ) ) ;
#2743 = ORIENTED_EDGE ( 'NONE', *, *, #3544, .T. ) ;
#2744 = VERTEX_POINT ( 'NONE', #8463 ) ;
#2745 = EDGE_CURVE ( 'NONE', #3988, #4598, #2562, .T. ) ;
#2746 = DIRECTION ( 'NONE',  ( 0.7071067811865550112, 0.000000000000000000, 0.7071067811865400232 ) ) ;
#2747 = LINE ( 'NONE', #7640, #1693 ) ;
#2748 = DIRECTION ( 'NONE',  ( -1.000000000000000000, 0.000000000000000000, 0.000000000000000000 ) ) ;
#2749 = CARTESIAN_POINT ( 'NONE',  ( 3.750000000000000000, -7.250000000000000000, -150.6715170305900529 ) ) ;
#2750 = VERTEX_POINT ( 'NONE', #9316 ) ;
#2751 = ORIENTED_EDGE ( 'NONE', *, *, #3349, .T. ) ;
#2752 = CARTESIAN_POINT ( 'NONE',  ( 0.000000000000000000, 0.000000000000000000, 3.599999999999993872 ) ) ;
#2753 = CARTESIAN_POINT ( 'NONE',  ( 0.000000000000000000, 13.54150000000000098, -8.500000000000000000 ) ) ;
#2754 = ORIENTED_EDGE ( 'NONE', *, *, #10197, .F. ) ;
#2755 = DIRECTION ( 'NONE',  ( 1.000000000000000000, 0.000000000000000000, 0.000000000000000000 ) ) ;
#2756 = LINE ( 'NONE', #8386, #5394 ) ;
#2757 = EDGE_CURVE ( 'NONE', #5213, #9436, #8415, .T. ) ;
#2758 = CIRCLE ( 'NONE', #6486, 3.499999999999720224 ) ;
#2759 = EDGE_CURVE ( 'NONE', #9659, #9903, #7001, .T. ) ;
#2760 = DIRECTION ( 'NONE',  ( 0.000000000000000000, 1.000000000000000000, 0.000000000000000000 ) ) ;
#2761 = EDGE_CURVE ( 'NONE', #6209, #1533, #9162, .T. ) ;
#2762 = EDGE_CURVE ( 'NONE', #3897, #400, #8358, .T. ) ;
#2763 = CARTESIAN_POINT ( 'NONE',  ( 7.249999999999388045, 34.60000000000061959, -17.00000000000000000 ) ) ;
#2764 = DIRECTION ( 'NONE',  ( -1.000000000000000000, 0.000000000000000000, 0.000000000000000000 ) ) ;
#2765 = DIRECTION ( 'NONE',  ( 0.000000000000000000, 0.000000000000000000, 1.000000000000000000 ) ) ;
#2766 = DIRECTION ( 'NONE',  ( 0.000000000000000000, -1.000000000000000000, 0.000000000000000000 ) ) ;
#2767 = DIRECTION ( 'NONE',  ( -1.000000000000000000, 0.000000000000000000, 0.000000000000000000 ) ) ;
#2768 = DIRECTION ( 'NONE',  ( 0.000000000000000000, 0.000000000000000000, -1.000000000000000000 ) ) ;
#2769 = EDGE_LOOP ( 'NONE', ( #3309, #5501, #7475, #7012 ) ) ;
#2770 = VECTOR ( 'NONE', #5859, 1000.000000000000000 ) ;
#2771 = CARTESIAN_POINT ( 'NONE',  ( 2.458500000000012786, -16.00000000000000000, -145.9585000000000150 ) ) ;
#2772 = ORIENTED_EDGE ( 'NONE', *, *, #7572, .F. ) ;
#2773 = VERTEX_POINT ( 'NONE', #10001 ) ;
#2774 = EDGE_CURVE ( 'NONE', #7414, #4598, #1956, .T. ) ;
#2775 = CARTESIAN_POINT ( 'NONE',  ( -5.688034792648446469, -1.909518315602324545, 7.800000000000017586 ) ) ;
#2776 = EDGE_CURVE ( 'NONE', #5927, #10121, #9213, .T. ) ;
#2777 = CARTESIAN_POINT ( 'NONE',  ( 0.000000000000000000, 16.00000000000000000, 0.000000000000000000 ) ) ;
#2778 = CIRCLE ( 'NONE', #4985, 5.799999999999981171 ) ;
#2779 = CYLINDRICAL_SURFACE ( 'NONE', #3284, 2.458500000000003460 ) ;
#2780 = VERTEX_POINT ( 'NONE', #5530 ) ;
#2781 = DIRECTION ( 'NONE',  ( -1.000000000000000000, 0.000000000000000000, 0.000000000000000000 ) ) ;
#2782 = DIRECTION ( 'NONE',  ( -1.000000000000000000, -0.000000000000000000, -0.000000000000000000 ) ) ;
#2783 = ORIENTED_EDGE ( 'NONE', *, *, #8165, .F. ) ;
#2784 = DIRECTION ( 'NONE',  ( 1.000000000000000000, 0.000000000000000000, -1.224646799147353207E-16 ) ) ;
#2785 = ORIENTED_EDGE ( 'NONE', *, *, #4150, .F. ) ;
#2786 = AXIS2_PLACEMENT_3D ( 'NONE', #2838, #8307, #8512 ) ;
#2787 = CARTESIAN_POINT ( 'NONE',  ( -9.500000000000000000, -26.86602540378400050, -152.0000000000000000 ) ) ;
#2788 = CIRCLE ( 'NONE', #9059, 5.800000000000022027 ) ;
#2789 = AXIS2_PLACEMENT_3D ( 'NONE', #9598, #4716, #4824 ) ;
#2790 = EDGE_CURVE ( 'NONE', #2733, #720, #7870, .T. ) ;
#2791 = VECTOR ( 'NONE', #10274, 1000.000000000000000 ) ;
#2792 = AXIS2_PLACEMENT_3D ( 'NONE', #3884, #7116, #3085 ) ;
#2793 = DIRECTION ( 'NONE',  ( 0.000000000000000000, -1.000000000000000000, 0.000000000000000000 ) ) ;
#2794 = ORIENTED_EDGE ( 'NONE', *, *, #6279, .F. ) ;
#2795 = CARTESIAN_POINT ( 'NONE',  ( -8.000000000000000000, -26.00000000000000355, 0.000000000000000000 ) ) ;
#2796 = DIRECTION ( 'NONE',  ( 0.000000000000000000, 1.000000000000000000, 0.000000000000000000 ) ) ;
#2797 = CARTESIAN_POINT ( 'NONE',  ( 8.500000000000000000, -17.49999999999938183, -121.0000000000000000 ) ) ;
#2798 = AXIS2_PLACEMENT_3D ( 'NONE', #895, #5732, #214 ) ;
#2799 = VERTEX_POINT ( 'NONE', #6165 ) ;
#2800 = VERTEX_POINT ( 'NONE', #6970 ) ;
#2801 = VECTOR ( 'NONE', #4637, 1000.000000000000000 ) ;
#2802 = ORIENTED_EDGE ( 'NONE', *, *, #8211, .F. ) ;
#2803 = AXIS2_PLACEMENT_3D ( 'NONE', #3289, #203, #4196 ) ;
#2804 = AXIS2_PLACEMENT_3D ( 'NONE', #6607, #1802, #5022 ) ;
#2805 = AXIS2_PLACEMENT_3D ( 'NONE', #9570, #8895, #1579 ) ;
#2806 = LINE ( 'NONE', #10165, #2210 ) ;
#2807 = ORIENTED_EDGE ( 'NONE', *, *, #8740, .F. ) ;
#2808 = ORIENTED_EDGE ( 'NONE', *, *, #5808, .T. ) ;
#2809 = DIRECTION ( 'NONE',  ( 1.000000000000000000, 0.000000000000000000, 0.000000000000000000 ) ) ;
#2810 = CIRCLE ( 'NONE', #1638, 0.2000000000005541234 ) ;
#2811 = CARTESIAN_POINT ( 'NONE',  ( -7.336370711001576068E-17, -4.336808689942017736E-16, 79.99999999999998579 ) ) ;
#2812 = ORIENTED_EDGE ( 'NONE', *, *, #9632, .T. ) ;
#2813 = DIRECTION ( 'NONE',  ( 0.000000000000000000, 0.000000000000000000, 1.000000000000000000 ) ) ;
#2814 = CARTESIAN_POINT ( 'NONE',  ( -6.280000000000002025, -26.00000000000000355, 0.000000000000000000 ) ) ;
#2815 = AXIS2_PLACEMENT_3D ( 'NONE', #758, #4076, #6496 ) ;
#2816 = AXIS2_PLACEMENT_3D ( 'NONE', #5800, #5123, #5959 ) ;
#2817 = DIRECTION ( 'NONE',  ( -1.000000000000000000, 0.000000000000000000, 0.000000000000000000 ) ) ;
#2818 = VECTOR ( 'NONE', #2036, 1000.000000000000114 ) ;
#2819 = DIRECTION ( 'NONE',  ( 0.000000000000000000, 0.000000000000000000, 1.000000000000000000 ) ) ;
#2820 = DIRECTION ( 'NONE',  ( -0.000000000000000000, -0.000000000000000000, 1.000000000000000000 ) ) ;
#2821 = DIRECTION ( 'NONE',  ( -1.000000000000000000, 0.000000000000000000, 0.000000000000000000 ) ) ;
#2822 = PLANE ( 'NONE',  #7686 ) ;
#2823 = EDGE_CURVE ( 'NONE', #7285, #4162, #557, .T. ) ;
#2824 = DIRECTION ( 'NONE',  ( -1.000000000000000000, -0.000000000000000000, -0.000000000000000000 ) ) ;
#2825 = ORIENTED_EDGE ( 'NONE', *, *, #5166, .T. ) ;
#2826 = EDGE_CURVE ( 'NONE', #388, #1750, #2994, .T. ) ;
#2827 = CARTESIAN_POINT ( 'NONE',  ( 2.205642239911657754, -17.27120180318260623, -145.7056422399116684 ) ) ;
#2828 = ORIENTED_EDGE ( 'NONE', *, *, #2182, .T. ) ;
#2829 = ADVANCED_FACE ( 'NONE', ( #8833 ), #3042, .T. ) ;
#2830 = VERTEX_POINT ( 'NONE', #8713 ) ;
#2831 = FACE_OUTER_BOUND ( 'NONE', #2065, .T. ) ;
#2832 = ADVANCED_FACE ( 'NONE', ( #10244 ), #6274, .F. ) ;
#2833 = B_SPLINE_CURVE_WITH_KNOTS ( 'NONE', 3,
 ( #7818, #1367, #7865, #6268, #7117, #2201 ),
 .UNSPECIFIED., .F., .F.,
 ( 4, 2, 4 ),
 ( 6.779041188044120604E-07, 0.0008498274060694053621, 0.001698976908020006452 ),
 .UNSPECIFIED. ) ;
#2834 = MECHANICAL_DESIGN_GEOMETRIC_PRESENTATION_REPRESENTATION (  '', ( #4685 ), #8256 ) ;
#2835 = FACE_OUTER_BOUND ( 'NONE', #9102, .T. ) ;
#2836 = LINE ( 'NONE', #6698, #3626 ) ;
#2837 = ORIENTED_EDGE ( 'NONE', *, *, #9910, .F. ) ;
#2838 = CARTESIAN_POINT ( 'NONE',  ( 11.79999999999944649, -16.00000000000000000, -8.500000000000000000 ) ) ;
#2839 = EDGE_CURVE ( 'NONE', #5436, #9022, #7176, .T. ) ;
#2840 = CARTESIAN_POINT ( 'NONE',  ( -1.649999999999999911, 33.20000000000000284, -152.0010000000000048 ) ) ;
#2841 = ORIENTED_EDGE ( 'NONE', *, *, #8590, .F. ) ;
#2842 = ADVANCED_FACE ( 'NONE', ( #3838 ), #8769, .F. ) ;
#2843 = DIRECTION ( 'NONE',  ( -0.7071067811865490160, 0.000000000000000000, -0.7071067811865460184 ) ) ;
#2844 = VERTEX_POINT ( 'NONE', #746 ) ;
#2845 = EDGE_CURVE ( 'NONE', #4902, #5349, #7307, .T. ) ;
#2846 = CARTESIAN_POINT ( 'NONE',  ( 9.500000000000000000, 25.13397459621599950, -150.0000000000000000 ) ) ;
#2847 = DIRECTION ( 'NONE',  ( 1.000000000000000000, 0.000000000000000000, 0.000000000000000000 ) ) ;
#2848 = EDGE_LOOP ( 'NONE', ( #3317, #281, #9180, #6040 ) ) ;
#2849 = DIRECTION ( 'NONE',  ( -0.000000000000000000, -0.000000000000000000, -1.000000000000000000 ) ) ;
#2850 = CARTESIAN_POINT ( 'NONE',  ( -10.00000000000000000, 0.000000000000000000, 1.458499999999989249 ) ) ;
#2851 = DIRECTION ( 'NONE',  ( -0.7071067811865479058, 8.659560562354936556E-17, 0.7071067811865470176 ) ) ;
#2852 = ORIENTED_EDGE ( 'NONE', *, *, #8865, .F. ) ;
#2853 = EDGE_CURVE ( 'NONE', #6308, #9615, #5942, .T. ) ;
#2854 = EDGE_CURVE ( 'NONE', #1996, #19, #1373, .T. ) ;
#2855 = VERTEX_POINT ( 'NONE', #3734 ) ;
#2856 = CARTESIAN_POINT ( 'NONE',  ( -1.399999999999387068, 30.00000000000000000, -135.0000000000000000 ) ) ;
#2857 = EDGE_LOOP ( 'NONE', ( #1450, #7063, #7696 ) ) ;
#2858 = VERTEX_POINT ( 'NONE', #7071 ) ;
#2859 = CARTESIAN_POINT ( 'NONE',  ( 7.249999999999388045, 34.60000000000061959, -135.0000000000000000 ) ) ;
#2860 = DIRECTION ( 'NONE',  ( 1.000000000000000000, 0.000000000000000000, 0.000000000000000000 ) ) ;
#2861 = CIRCLE ( 'NONE', #6580, 3.100000000000033396 ) ;
#2862 = VERTEX_POINT ( 'NONE', #3147 ) ;
#2863 = DIRECTION ( 'NONE',  ( -0.000000000000000000, 1.000000000000000000, 0.000000000000000000 ) ) ;
#2864 = CARTESIAN_POINT ( 'NONE',  ( -6.521096714233935110, -25.12179440257401097, -152.0000000000000000 ) ) ;
#2865 = ORIENTED_EDGE ( 'NONE', *, *, #2984, .T. ) ;
#2866 = CIRCLE ( 'NONE', #2354, 2.458500000000003460 ) ;
#2867 = VECTOR ( 'NONE', #2346, 1000.000000000000000 ) ;
#2868 = FACE_OUTER_BOUND ( 'NONE', #7127, .T. ) ;
#2869 = DIRECTION ( 'NONE',  ( 0.000000000000000000, 0.000000000000000000, -1.000000000000000000 ) ) ;
#2870 = CARTESIAN_POINT ( 'NONE',  ( 11.84999999999999964, 27.04174243050400150, -135.0000000000000000 ) ) ;
#2871 = DIRECTION ( 'NONE',  ( 0.000000000000000000, 0.000000000000000000, -1.000000000000000000 ) ) ;
#2872 = CIRCLE ( 'NONE', #2202, 0.3999999999993869571 ) ;
#2873 = CARTESIAN_POINT ( 'NONE',  ( -8.000000000000000000, -26.00000000000000355, 0.000000000000000000 ) ) ;
#2874 = DIRECTION ( 'NONE',  ( 0.000000000000000000, 0.000000000000000000, -1.000000000000000000 ) ) ;
#2875 = AXIS2_PLACEMENT_3D ( 'NONE', #1197, #8437, #10023 ) ;
#2876 = ORIENTED_EDGE ( 'NONE', *, *, #4972, .T. ) ;
#2877 = AXIS2_PLACEMENT_3D ( 'NONE', #495, #6026, #10056 ) ;
#2878 = CARTESIAN_POINT ( 'NONE',  ( 0.000000000000000000, -18.45850000000002211, -10.95850000000002566 ) ) ;
#2879 = ORIENTED_EDGE ( 'NONE', *, *, #3930, .F. ) ;
#2880 = ORIENTED_EDGE ( 'NONE', *, *, #9843, .F. ) ;
#2881 = ORIENTED_EDGE ( 'NONE', *, *, #4000, .T. ) ;
#2882 = CARTESIAN_POINT ( 'NONE',  ( -5.655795911827181222, -1.789201174398203920, 7.868853943432946529 ) ) ;
#2883 = VECTOR ( 'NONE', #9468, 1000.000000000000000 ) ;
#2884 = EDGE_CURVE ( 'NONE', #374, #9644, #5474, .T. ) ;
#2885 = CARTESIAN_POINT ( 'NONE',  ( 8.200000000000553513, -16.00000000000000000, -8.500000000000000000 ) ) ;
#2886 = DIRECTION ( 'NONE',  ( 0.000000000000000000, -1.000000000000000000, 0.000000000000000000 ) ) ;
#2887 = EDGE_CURVE ( 'NONE', #2170, #2985, #5775, .T. ) ;
#2888 = B_SPLINE_CURVE_WITH_KNOTS ( 'NONE', 3,
 ( #10365, #2321, #7191, #2169 ),
 .UNSPECIFIED., .F., .F.,
 ( 4, 4 ),
 ( 0.001569259017094694082, 0.002420130561062087352 ),
 .UNSPECIFIED. ) ;
#2889 = CIRCLE ( 'NONE', #5255, 3.499999999999999556 ) ;
#2890 = AXIS2_PLACEMENT_3D ( 'NONE', #9952, #4340, #4484 ) ;
#2891 = CARTESIAN_POINT ( 'NONE',  ( 7.050000000000554934, 33.20000000000000284, -17.00000000000000000 ) ) ;
#2892 = ORIENTED_EDGE ( 'NONE', *, *, #2148, .F. ) ;
#2893 = CARTESIAN_POINT ( 'NONE',  ( -1.499999999999999556, 20.30000000000604032, -139.7170000000060668 ) ) ;
#2894 = ORIENTED_EDGE ( 'NONE', *, *, #6735, .T. ) ;
#2895 = CARTESIAN_POINT ( 'NONE',  ( -12.00000000000000178, 16.00000000000000000, -141.0415000000000418 ) ) ;
#2896 = VECTOR ( 'NONE', #5201, 1000.000000000000000 ) ;
#2897 = DIRECTION ( 'NONE',  ( 0.000000000000000000, 0.000000000000000000, -1.000000000000000000 ) ) ;
#2898 = ADVANCED_FACE ( 'NONE', ( #10403 ), #6217, .F. ) ;
#2899 = EDGE_CURVE ( 'NONE', #5026, #2830, #2207, .T. ) ;
#2900 = ADVANCED_FACE ( 'NONE', ( #3091 ), #9343, .F. ) ;
#2901 = DIRECTION ( 'NONE',  ( 1.000000000000000000, 0.000000000000000000, 0.000000000000000000 ) ) ;
#2902 = ORIENTED_EDGE ( 'NONE', *, *, #10022, .T. ) ;
#2903 = DIRECTION ( 'NONE',  ( 1.000000000000000000, 0.000000000000000000, 0.000000000000000000 ) ) ;
#2904 = CARTESIAN_POINT ( 'NONE',  ( -0.4999999999993915423, -17.49999999999939249, -121.0000000000000000 ) ) ;
#2905 = DIRECTION ( 'NONE',  ( 0.4999999999986916022, 6.123233995720742299E-17, -0.8660254037851941034 ) ) ;
#2906 = ORIENTED_EDGE ( 'NONE', *, *, #3417, .T. ) ;
#2907 = CIRCLE ( 'NONE', #2568, 4.282999999999987928 ) ;
#2908 = ORIENTED_EDGE ( 'NONE', *, *, #5808, .F. ) ;
#2909 = EDGE_CURVE ( 'NONE', #5462, #7486, #3407, .T. ) ;
#2910 = EDGE_CURVE ( 'NONE', #9847, #8533, #7448, .T. ) ;
#2911 = CARTESIAN_POINT ( 'NONE',  ( 7.458499999999979480, -16.00000000000000000, -10.95850000000000080 ) ) ;
#2912 = ORIENTED_EDGE ( 'NONE', *, *, #424, .F. ) ;
#2913 = ORIENTED_EDGE ( 'NONE', *, *, #410, .T. ) ;
#2914 = DIRECTION ( 'NONE',  ( 0.7071067811865531239, 8.659560562355001884E-17, -0.7071067811865419106 ) ) ;
#2915 = EDGE_LOOP ( 'NONE', ( #2232, #3809, #9398, #2543, #2624, #7313, #2828 ) ) ;
#2916 = CARTESIAN_POINT ( 'NONE',  ( 0.000000000000000000, -30.00000000000000000, -8.500000000000000000 ) ) ;
#2917 = FACE_OUTER_BOUND ( 'NONE', #4635, .T. ) ;
#2918 = DIRECTION ( 'NONE',  ( 0.000000000000000000, 0.000000000000000000, 1.000000000000000000 ) ) ;
#2919 = CARTESIAN_POINT ( 'NONE',  ( -1.649999999999999911, 33.40000000000055280, -152.0010000000000048 ) ) ;
#2920 = CARTESIAN_POINT ( 'NONE',  ( -2.458499999999998575, 14.55984404309425884, -141.0415000000000134 ) ) ;
#2922 = AXIS2_PLACEMENT_3D ( 'NONE', #1877, #9132, #1980 ) ;
#2921 = CARTESIAN_POINT ( 'NONE',  ( -2.458500000000003460, 16.00000000000000000, -145.9585000000000150 ) ) ;
#2923 = CARTESIAN_POINT ( 'NONE',  ( 9.500000000000000000, 26.86602540378400050, -150.0000000000000000 ) ) ;
#2924 = ORIENTED_EDGE ( 'NONE', *, *, #7238, .T. ) ;
#2925 = FACE_OUTER_BOUND ( 'NONE', #9626, .T. ) ;
#2926 = ORIENTED_EDGE ( 'NONE', *, *, #2011, .T. ) ;
#2927 = EDGE_LOOP ( 'NONE', ( #9543, #4869, #2396, #5835, #8678 ) ) ;
#2928 = EDGE_LOOP ( 'NONE', ( #5909, #6603, #7851 ) ) ;
#2929 = CARTESIAN_POINT ( 'NONE',  ( 2.458500000000012786, -16.00000000000000000, -152.0000000000000000 ) ) ;
#2930 = LINE ( 'NONE', #9453, #6513 ) ;
#2931 = DIRECTION ( 'NONE',  ( 0.000000000000000000, 0.000000000000000000, -1.000000000000000000 ) ) ;
#2932 = CIRCLE ( 'NONE', #98, 2.458500000000002572 ) ;
#2933 = AXIS2_PLACEMENT_3D ( 'NONE', #5724, #4034, #3869 ) ;
#2934 = EDGE_LOOP ( 'NONE', ( #6755, #3421, #1860, #5192 ) ) ;
#2935 = LINE ( 'NONE', #6163, #8791 ) ;
#2936 = ORIENTED_EDGE ( 'NONE', *, *, #4301, .T. ) ;
#2937 = DIRECTION ( 'NONE',  ( -0.000000000000000000, -0.000000000000000000, -1.000000000000000000 ) ) ;
#2938 = ORIENTED_EDGE ( 'NONE', *, *, #799, .T. ) ;
#2939 = ORIENTED_EDGE ( 'NONE', *, *, #10155, .T. ) ;
#2940 = DIRECTION ( 'NONE',  ( 1.000000000000000000, 0.000000000000000000, 0.000000000000000000 ) ) ;
#2941 = AXIS2_PLACEMENT_3D ( 'NONE', #3154, #9730, #6547 ) ;
#2942 = EDGE_CURVE ( 'NONE', #3004, #4487, #6110, .T. ) ;
#2943 = DIRECTION ( 'NONE',  ( -1.000000000000000000, 0.000000000000000000, 0.000000000000000000 ) ) ;
#2944 = LINE ( 'NONE', #6926, #7458 ) ;
#2945 = VERTEX_POINT ( 'NONE', #6643 ) ;
#2946 = CARTESIAN_POINT ( 'NONE',  ( 8.000000000000000000, 26.00000000000000355, -3.899999999999999911 ) ) ;
#2947 = VERTEX_POINT ( 'NONE', #8087 ) ;
#2948 = CIRCLE ( 'NONE', #7362, 1.500000000000001110 ) ;
#2949 = CARTESIAN_POINT ( 'NONE',  ( 2.458500000000003460, 16.00000000000000000, 0.000000000000000000 ) ) ;
#2950 = ORIENTED_EDGE ( 'NONE', *, *, #5416, .T. ) ;
#2951 = ADVANCED_FACE ( 'NONE', ( #9875 ), #8162, .F. ) ;
#2952 = EDGE_CURVE ( 'NONE', #7263, #6378, #2228, .T. ) ;
#2953 = AXIS2_PLACEMENT_3D ( 'NONE', #4773, #9545, #1403 ) ;
#2954 = EDGE_CURVE ( 'NONE', #451, #2985, #9827, .T. ) ;
#2955 = VECTOR ( 'NONE', #9170, 1000.000000000000000 ) ;
#2956 = ORIENTED_EDGE ( 'NONE', *, *, #3364, .F. ) ;
#2957 = VECTOR ( 'NONE', #3681, 1000.000000000000227 ) ;
#2958 = DIRECTION ( 'NONE',  ( 0.000000000000000000, 0.000000000000000000, 1.000000000000000000 ) ) ;
#2959 = VERTEX_POINT ( 'NONE', #2569 ) ;
#2960 = ORIENTED_EDGE ( 'NONE', *, *, #9079, .F. ) ;
#2961 = DIRECTION ( 'NONE',  ( 0.000000000000000000, -1.000000000000000000, -0.000000000000000000 ) ) ;
#2962 = VECTOR ( 'NONE', #7029, 1000.000000000000000 ) ;
#2963 = DIRECTION ( 'NONE',  ( 0.000000000000000000, 0.000000000000000000, 1.000000000000000000 ) ) ;
#2964 = VERTEX_POINT ( 'NONE', #8031 ) ;
#2965 = ADVANCED_FACE ( 'NONE', ( #2612 ), #3307, .T. ) ;
#2966 = CARTESIAN_POINT ( 'NONE',  ( -1.250000000000613509, 34.99999999999999289, -135.0000000000000000 ) ) ;
#2967 = EDGE_CURVE ( 'NONE', #2750, #2558, #5849, .T. ) ;
#2968 = LINE ( 'NONE', #1448, #6874 ) ;
#2969 = ORIENTED_EDGE ( 'NONE', *, *, #8736, .F. ) ;
#2970 = ADVANCED_FACE ( 'NONE', ( #3418 ), #10174, .F. ) ;
#2971 = VECTOR ( 'NONE', #5776, 1000.000000000000000 ) ;
#2972 = CARTESIAN_POINT ( 'NONE',  ( -12.00000000000000000, 26.00000000000000355, -152.0000000000000000 ) ) ;
#2973 = AXIS2_PLACEMENT_3D ( 'NONE', #3511, #2813, #9291 ) ;
#2974 = CARTESIAN_POINT ( 'NONE',  ( 0.000000000000000000, 16.00000000000000000, -0.7915000000000260716 ) ) ;
#2975 = FACE_OUTER_BOUND ( 'NONE', #7070, .T. ) ;
#2976 = CARTESIAN_POINT ( 'NONE',  ( 9.500000000000000000, 25.71586050222157027, -151.8729638491241190 ) ) ;
#2977 = CIRCLE ( 'NONE', #6695, 8.000000000000611067 ) ;
#2978 = DIRECTION ( 'NONE',  ( -0.000000000000000000, 1.000000000000000000, -0.000000000000000000 ) ) ;
#2979 = VECTOR ( 'NONE', #3068, 1000.000000000000000 ) ;
#2980 = ORIENTED_EDGE ( 'NONE', *, *, #7764, .T. ) ;
#2981 = FACE_OUTER_BOUND ( 'NONE', #4441, .T. ) ;
#2982 = ORIENTED_EDGE ( 'NONE', *, *, #9142, .T. ) ;
#2983 = ORIENTED_EDGE ( 'NONE', *, *, #3547, .F. ) ;
#2984 = EDGE_CURVE ( 'NONE', #10310, #6612, #8176, .T. ) ;
#2985 = VERTEX_POINT ( 'NONE', #1786 ) ;
#2986 = LINE ( 'NONE', #5271, #6685 ) ;
#2987 = VECTOR ( 'NONE', #4035, 1000.000000000000000 ) ;
#2988 = DIRECTION ( 'NONE',  ( 1.000000000000000000, 0.000000000000000000, 0.000000000000000000 ) ) ;
#2989 = FACE_OUTER_BOUND ( 'NONE', #5746, .T. ) ;
#2990 = ORIENTED_EDGE ( 'NONE', *, *, #3430, .F. ) ;
#2991 = FACE_BOUND ( 'NONE', #824, .T. ) ;
#2992 = ORIENTED_EDGE ( 'NONE', *, *, #7691, .T. ) ;
#2993 = CONICAL_SURFACE ( 'NONE', #330, 9.458499999999967045, 0.7853981633974691512 ) ;
#2994 = LINE ( 'NONE', #2161, #4942 ) ;
#2995 = VERTEX_POINT ( 'NONE', #7287 ) ;
#2996 = ORIENTED_EDGE ( 'NONE', *, *, #1237, .F. ) ;
#2997 = CARTESIAN_POINT ( 'NONE',  ( 0.000000000000000000, 0.000000000000000000, 8.600000000000093792 ) ) ;
#2998 = PLANE ( 'NONE',  #6915 ) ;
#2999 = DIRECTION ( 'NONE',  ( 0.000000000000000000, 0.000000000000000000, -1.000000000000000000 ) ) ;
#3000 = ORIENTED_EDGE ( 'NONE', *, *, #5536, .F. ) ;
#3001 = CARTESIAN_POINT ( 'NONE',  ( 2.458500000000003460, 16.00000000000000000, 0.000000000000000000 ) ) ;
#3002 = DIRECTION ( 'NONE',  ( -1.000000000000000000, 0.000000000000000000, 0.000000000000000000 ) ) ;
#3003 = EDGE_LOOP ( 'NONE', ( #1984, #10353 ) ) ;
#3004 = VERTEX_POINT ( 'NONE', #5006 ) ;
#3005 = ADVANCED_FACE ( 'NONE', ( #8244 ), #1013, .T. ) ;
#3006 = DIRECTION ( 'NONE',  ( 0.000000000000000000, 0.000000000000000000, 1.000000000000000000 ) ) ;
#3007 = ADVANCED_FACE ( 'NONE', ( #4210 ), #1736, .F. ) ;
#3008 = EDGE_LOOP ( 'NONE', ( #3066, #8091, #6652, #9209 ) ) ;
#3009 = VERTEX_POINT ( 'NONE', #3252 ) ;
#3010 = CARTESIAN_POINT ( 'NONE',  ( 0.000000000000000000, 0.000000000000000000, 29.99999999999999289 ) ) ;
#3011 = CARTESIAN_POINT ( 'NONE',  ( 8.000000000000000000, 26.00000000000000355, -148.0000000000000000 ) ) ;
#3012 = DIRECTION ( 'NONE',  ( 0.000000000000000000, 0.000000000000000000, -1.000000000000000000 ) ) ;
#3013 = CARTESIAN_POINT ( 'NONE',  ( -12.05000000000064020, 27.50000000000000000, -17.00000000000000000 ) ) ;
#3014 = ORIENTED_EDGE ( 'NONE', *, *, #6711, .T. ) ;
#3015 = ORIENTED_EDGE ( 'NONE', *, *, #5053, .F. ) ;
#3016 = EDGE_CURVE ( 'NONE', #7777, #8831, #9019, .T. ) ;
#3017 = DIRECTION ( 'NONE',  ( 1.000000000000000000, 0.000000000000000000, 0.000000000000000000 ) ) ;
#3018 = DIRECTION ( 'NONE',  ( 1.000000000000000000, 0.000000000000000000, -1.224646799147353207E-16 ) ) ;
#3019 = LINE ( 'NONE', #726, #3795 ) ;
#3020 = EDGE_CURVE ( 'NONE', #1511, #2147, #9723, .T. ) ;
#3021 = CIRCLE ( 'NONE', #8450, 4.700000000000099654 ) ;
#3022 = CARTESIAN_POINT ( 'NONE',  ( -0.4999999999993915423, -17.49999999999939249, -31.00000000000000000 ) ) ;
#3023 = EDGE_CURVE ( 'NONE', #7839, #5882, #6725, .T. ) ;
#3024 = CARTESIAN_POINT ( 'NONE',  ( -6.500000000000000888, -26.86602540378400050, -2.000000000000000000 ) ) ;
#3025 = EDGE_CURVE ( 'NONE', #8104, #7111, #5783, .T. ) ;
#3026 = CARTESIAN_POINT ( 'NONE',  ( 7.500000000000000000, 30.00000000000000000, -17.00000000000000000 ) ) ;
#3027 = CARTESIAN_POINT ( 'NONE',  ( 0.000000000000000000, 18.45849999999999724, -143.5000000000000284 ) ) ;
#3028 = ORIENTED_EDGE ( 'NONE', *, *, #2705, .F. ) ;
#3029 = VECTOR ( 'NONE', #5791, 1000.000000000000000 ) ;
#3030 = CARTESIAN_POINT ( 'NONE',  ( 0.000000000000000000, 0.000000000000000000, 3.599999999999993872 ) ) ;
#3031 = CONICAL_SURFACE ( 'NONE', #6586, 3.099999999999977884, 0.7853981633974619347 ) ;
#3032 = ORIENTED_EDGE ( 'NONE', *, *, #8722, .F. ) ;
#3033 = EDGE_LOOP ( 'NONE', ( #6906, #3283 ) ) ;
#3034 = CARTESIAN_POINT ( 'NONE',  ( 8.200000000000553513, -16.00000000000000000, -8.500000000000000000 ) ) ;
#3035 = DIRECTION ( 'NONE',  ( -1.000000000000000000, 0.000000000000000000, 0.000000000000000000 ) ) ;
#3036 = CARTESIAN_POINT ( 'NONE',  ( -9.349999999999987210, 34.99999999999999289, -135.0000000000000000 ) ) ;
#3037 = AXIS2_PLACEMENT_3D ( 'NONE', #3010, #3702, #10270 ) ;
#3038 = EDGE_CURVE ( 'NONE', #4598, #7768, #1239, .T. ) ;
#3039 = VECTOR ( 'NONE', #132, 1000.000000000000000 ) ;
#3040 = CARTESIAN_POINT ( 'NONE',  ( 0.000000000000000000, 0.000000000000000000, -150.0000000000000000 ) ) ;
#3041 = VERTEX_POINT ( 'NONE', #1164 ) ;
#3042 = CYLINDRICAL_SURFACE ( 'NONE', #1735, 4.100000000000000533 ) ;
#3043 = VERTEX_POINT ( 'NONE', #9200 ) ;
#3044 = ORIENTED_EDGE ( 'NONE', *, *, #4614, .T. ) ;
#3045 = CIRCLE ( 'NONE', #1720, 5.000000000000000000 ) ;
#3046 = CARTESIAN_POINT ( 'NONE',  ( -1.499999999999999556, 20.30000000000604032, -147.7829999999999870 ) ) ;
#3047 = DIRECTION ( 'NONE',  ( -1.000000000000000000, -0.000000000000000000, -0.000000000000000000 ) ) ;
#3048 = VECTOR ( 'NONE', #3818, 1000.000000000000000 ) ;
#3049 = DIRECTION ( 'NONE',  ( 0.000000000000000000, -1.000000000000000000, 0.000000000000000000 ) ) ;
#3050 = ORIENTED_EDGE ( 'NONE', *, *, #1620, .T. ) ;
#3051 = DIRECTION ( 'NONE',  ( 0.000000000000000000, 0.000000000000000000, -1.000000000000000000 ) ) ;
#3052 = EDGE_LOOP ( 'NONE', ( #9948, #2107, #6555 ) ) ;
#3053 = CARTESIAN_POINT ( 'NONE',  ( -8.015521883131921044, -26.00000000000030553, 0.000000000000000000 ) ) ;
#3054 = ORIENTED_EDGE ( 'NONE', *, *, #10298, .T. ) ;
#3055 = VECTOR ( 'NONE', #9979, 1000.000000000000000 ) ;
#3056 = VECTOR ( 'NONE', #9613, 1000.000000000000000 ) ;
#3057 = ORIENTED_EDGE ( 'NONE', *, *, #1556, .F. ) ;
#3058 = CIRCLE ( 'NONE', #9016, 0.3999999999993869571 ) ;
#3059 = FACE_OUTER_BOUND ( 'NONE', #6470, .T. ) ;
#3060 = ORIENTED_EDGE ( 'NONE', *, *, #7635, .F. ) ;
#3061 = EDGE_LOOP ( 'NONE', ( #9845, #178, #1374, #993 ) ) ;
#3062 = DIRECTION ( 'NONE',  ( 0.000000000000000000, 0.000000000000000000, -1.000000000000000000 ) ) ;
#3063 = DIRECTION ( 'NONE',  ( 0.000000000000000000, -0.000000000000000000, -1.000000000000000000 ) ) ;
#3064 = LINE ( 'NONE', #9538, #7716 ) ;
#3065 = ORIENTED_EDGE ( 'NONE', *, *, #1039, .F. ) ;
#3066 = ORIENTED_EDGE ( 'NONE', *, *, #1263, .F. ) ;
#3067 = CARTESIAN_POINT ( 'NONE',  ( 12.05000000000064020, 27.50000000000000000, -17.00000000000000000 ) ) ;
#3068 = DIRECTION ( 'NONE',  ( 0.000000000000000000, 0.000000000000000000, -1.000000000000000000 ) ) ;
#3069 = ADVANCED_FACE ( 'NONE', ( #1062 ), #736, .T. ) ;
#3070 = ORIENTED_EDGE ( 'NONE', *, *, #2839, .T. ) ;
#3071 =( BOUNDED_CURVE ( )  B_SPLINE_CURVE ( 3, ( #7907, #3977, #7212, #10437 ),
 .UNSPECIFIED., .F., .T. ) 
 B_SPLINE_CURVE_WITH_KNOTS ( ( 4, 4 ),
 ( 5.497787143782135288, 7.068583470577037176 ),
 .UNSPECIFIED. ) 
 CURVE ( )  GEOMETRIC_REPRESENTATION_ITEM ( )  RATIONAL_B_SPLINE_CURVE ( ( 1.000000000000000000, 0.8047378541243637162, 0.8047378541243637162, 1.000000000000000000 ) ) 
 REPRESENTATION_ITEM ( '' )  );
#3072 = CARTESIAN_POINT ( 'NONE',  ( -8.021096714234536407, -24.28012938607333027, 0.000000000000000000 ) ) ;
#3073 = CARTESIAN_POINT ( 'NONE',  ( -8.500000000000000000, 17.49999999999938183, -121.0000000000000000 ) ) ;
#3074 = CARTESIAN_POINT ( 'NONE',  ( 0.000000000000000000, 0.000000000000000000, 2.000000000000001776 ) ) ;
#3075 = DIRECTION ( 'NONE',  ( -0.000000000000000000, -0.000000000000000000, -1.000000000000000000 ) ) ;
#3076 = DIRECTION ( 'NONE',  ( 0.000000000000000000, 0.000000000000000000, -1.000000000000000000 ) ) ;
#3077 = EDGE_LOOP ( 'NONE', ( #4881, #4159, #7835 ) ) ;
#3078 = CARTESIAN_POINT ( 'NONE',  ( -4.068859615986617939, 4.133325710053953550, 7.999999999999992895 ) ) ;
#3079 = EDGE_CURVE ( 'NONE', #4218, #6855, #7795, .T. ) ;
#3080 = EDGE_CURVE ( 'NONE', #9903, #5711, #8101, .T. ) ;
#3081 = EDGE_CURVE ( 'NONE', #9726, #5213, #8914, .T. ) ;
#3082 = EDGE_CURVE ( 'NONE', #753, #4187, #8495, .T. ) ;
#3083 = ORIENTED_EDGE ( 'NONE', *, *, #7256, .T. ) ;
#3084 = DIRECTION ( 'NONE',  ( 0.000000000000000000, 0.000000000000000000, -1.000000000000000000 ) ) ;
#3085 = DIRECTION ( 'NONE',  ( 0.000000000000000000, 0.000000000000000000, 1.000000000000000000 ) ) ;
#3086 = DIRECTION ( 'NONE',  ( 0.000000000000000000, 0.000000000000000000, -1.000000000000000000 ) ) ;
#3087 = VERTEX_POINT ( 'NONE', #1838 ) ;
#3088 = DIRECTION ( 'NONE',  ( 0.000000000000000000, 0.000000000000000000, 1.000000000000000000 ) ) ;
#3089 = CARTESIAN_POINT ( 'NONE',  ( 1.000000000000000000, 30.39999999999938751, -135.0000000000000000 ) ) ;
#3090 = ORIENTED_EDGE ( 'NONE', *, *, #10388, .F. ) ;
#3091 = FACE_OUTER_BOUND ( 'NONE', #7951, .T. ) ;
#3092 = ORIENTED_EDGE ( 'NONE', *, *, #74, .T. ) ;
#3093 = ORIENTED_EDGE ( 'NONE', *, *, #9217, .F. ) ;
#3094 = EDGE_CURVE ( 'NONE', #7233, #5616, #6966, .T. ) ;
#3095 = ORIENTED_EDGE ( 'NONE', *, *, #9324, .T. ) ;
#3096 = EDGE_CURVE ( 'NONE', #2209, #9171, #6454, .T. ) ;
#3097 = EDGE_CURVE ( 'NONE', #5739, #6261, #2907, .T. ) ;
#3098 = CARTESIAN_POINT ( 'NONE',  ( 1.000000000000000000, 30.00000000000000000, -152.0010000000000048 ) ) ;
#3099 = CARTESIAN_POINT ( 'NONE',  ( 8.015521883131921044, 22.00000000000000000, -152.0000000000000000 ) ) ;
#3100 = CARTESIAN_POINT ( 'NONE',  ( -6.759309155579651396, -24.98426238543865807, -0.07771127068831250317 ) ) ;
#3101 = AXIS2_PLACEMENT_3D ( 'NONE', #8927, #886, #4775 ) ;
#3102 = DIRECTION ( 'NONE',  ( -1.000000000000000000, -0.000000000000000000, -0.000000000000000000 ) ) ;
#3103 = CARTESIAN_POINT ( 'NONE',  ( 6.521096714233932445, 26.87820559742598903, 0.000000000000000000 ) ) ;
#3104 = ORIENTED_EDGE ( 'NONE', *, *, #5348, .F. ) ;
#3105 = DIRECTION ( 'NONE',  ( 0.08784076505916550703, 0.9961345290641321348, -0.000000000000000000 ) ) ;
#3106 = DIRECTION ( 'NONE',  ( 0.000000000000000000, 0.000000000000000000, -1.000000000000000000 ) ) ;
#3107 = CIRCLE ( 'NONE', #5311, 0.3999999999993869571 ) ;
#3108 = EDGE_CURVE ( 'NONE', #10121, #7285, #3627, .T. ) ;
#3109 = ORIENTED_EDGE ( 'NONE', *, *, #584, .T. ) ;
#3110 = CARTESIAN_POINT ( 'NONE',  ( -6.850000000000002309, 33.40000000000055280, -17.00000000000000000 ) ) ;
#3111 = AXIS2_PLACEMENT_3D ( 'NONE', #2237, #513, #5405 ) ;
#3112 = VERTEX_POINT ( 'NONE', #6056 ) ;
#3113 = ORIENTED_EDGE ( 'NONE', *, *, #7873, .F. ) ;
#3114 = CARTESIAN_POINT ( 'NONE',  ( -1.440155956905744494, 18.45850000000000080, -142.0598440430942730 ) ) ;
#3115 = DIRECTION ( 'NONE',  ( 0.000000000000000000, 0.000000000000000000, -1.000000000000000000 ) ) ;
#3116 = DIRECTION ( 'NONE',  ( -1.000000000000000000, 0.000000000000000000, -0.000000000000000000 ) ) ;
#3117 = DIRECTION ( 'NONE',  ( 0.000000000000000000, 0.000000000000000000, 1.000000000000000000 ) ) ;
#3118 = EDGE_LOOP ( 'NONE', ( #3558, #9756, #8913, #9698, #5594, #4969 ) ) ;
#3119 = LINE ( 'NONE', #2502, #2195 ) ;
#3120 = CARTESIAN_POINT ( 'NONE',  ( 9.458499999999967045, 1.158332174973519944E-15, 2.000000000000000000 ) ) ;
#3121 = VECTOR ( 'NONE', #9940, 1000.000000000000000 ) ;
#3122 = EDGE_LOOP ( 'NONE', ( #5499, #7608, #8687, #1602, #6989, #9145, #3520 ) ) ;
#3123 = DIRECTION ( 'NONE',  ( 1.000000000000000000, -0.000000000000000000, -0.000000000000000000 ) ) ;
#3124 = VECTOR ( 'NONE', #1445, 1000.000000000000000 ) ;
#3125 = DIRECTION ( 'NONE',  ( 1.000000000000000000, 0.000000000000000000, 0.000000000000000000 ) ) ;
#3126 = LINE ( 'NONE', #2449, #3498 ) ;
#3127 = CARTESIAN_POINT ( 'NONE',  ( -3.750000000000000000, 7.250000000000000000, -150.6715170305900529 ) ) ;
#3128 = AXIS2_PLACEMENT_3D ( 'NONE', #4612, #1366, #7670 ) ;
#3129 = CARTESIAN_POINT ( 'NONE',  ( -8.500000000000000000, 17.49999999999938183, -111.0000000000000000 ) ) ;
#3130 = CARTESIAN_POINT ( 'NONE',  ( 8.750000000000282441, 27.29903810567634181, -150.0000000000000000 ) ) ;
#3131 = VERTEX_POINT ( 'NONE', #5266 ) ;
#3132 = CARTESIAN_POINT ( 'NONE',  ( -6.500000000000000888, -25.15833498349997299, 0.000000000000000000 ) ) ;
#3133 = AXIS2_PLACEMENT_3D ( 'NONE', #4515, #8454, #3724 ) ;
#3134 = ORIENTED_EDGE ( 'NONE', *, *, #3420, .T. ) ;
#3135 = DIRECTION ( 'NONE',  ( -1.000000000000000000, 0.000000000000000000, 0.000000000000000000 ) ) ;
#3136 = CARTESIAN_POINT ( 'NONE',  ( -12.05000000000064020, 27.50000000000000000, -17.00000000000000000 ) ) ;
#3137 = LINE ( 'NONE', #7337, #2457 ) ;
#3138 = CONICAL_SURFACE ( 'NONE', #7884, 1.720000000000002860, 1.047197551196594745 ) ;
#3139 = EDGE_CURVE ( 'NONE', #2242, #7372, #3749, .T. ) ;
#3140 = AXIS2_PLACEMENT_3D ( 'NONE', #126, #1550, #3483 ) ;
#3141 = VECTOR ( 'NONE', #1170, 1000.000000000000000 ) ;
#3142 = ORIENTED_EDGE ( 'NONE', *, *, #7180, .T. ) ;
#3143 = EDGE_CURVE ( 'NONE', #259, #5363, #7713, .T. ) ;
#3144 = LINE ( 'NONE', #6425, #9974 ) ;
#3145 = EDGE_CURVE ( 'NONE', #8572, #1138, #5114, .T. ) ;
#3146 = ORIENTED_EDGE ( 'NONE', *, *, #6069, .F. ) ;
#3147 = CARTESIAN_POINT ( 'NONE',  ( -11.60629780968142732, 27.73049591386089929, -135.0000000000000000 ) ) ;
#3148 = ORIENTED_EDGE ( 'NONE', *, *, #2887, .T. ) ;
#3149 = ORIENTED_EDGE ( 'NONE', *, *, #5230, .F. ) ;
#3150 = EDGE_CURVE ( 'NONE', #377, #416, #8345, .T. ) ;
#3151 = VECTOR ( 'NONE', #9032, 1000.000000000000114 ) ;
#3152 = FACE_OUTER_BOUND ( 'NONE', #239, .T. ) ;
#3153 = CARTESIAN_POINT ( 'NONE',  ( -7.740330214800545505, -24.41786961281641766, -0.07782891771715173823 ) ) ;
#3154 = CARTESIAN_POINT ( 'NONE',  ( -8.000000000000000000, -26.00000000000000355, 0.000000000000000000 ) ) ;
#3155 = VECTOR ( 'NONE', #4798, 1000.000000000000000 ) ;
#3156 = FACE_OUTER_BOUND ( 'NONE', #6661, .T. ) ;
#3157 = ORIENTED_EDGE ( 'NONE', *, *, #4395, .T. ) ;
#3158 = EDGE_CURVE ( 'NONE', #6893, #1114, #6665, .T. ) ;
#3159 = CYLINDRICAL_SURFACE ( 'NONE', #8198, 2.458500000000013230 ) ;
#3160 = LINE ( 'NONE', #1847, #9327 ) ;
#3161 = EDGE_CURVE ( 'NONE', #10240, #1497, #9348, .T. ) ;
#3162 = CARTESIAN_POINT ( 'NONE',  ( 2.458500000000000796, -16.00000000000000000, -6.041500000000000092 ) ) ;
#3163 = EDGE_LOOP ( 'NONE', ( #6903, #6164, #2892, #1706 ) ) ;
#3164 = EDGE_LOOP ( 'NONE', ( #3192, #9794 ) ) ;
#3165 = FACE_OUTER_BOUND ( 'NONE', #5628, .T. ) ;
#3166 = ORIENTED_EDGE ( 'NONE', *, *, #1716, .T. ) ;
#3167 = CARTESIAN_POINT ( 'NONE',  ( -8.000000000000000000, -26.00000000000000355, -151.5999999999999943 ) ) ;
#3168 = DIRECTION ( 'NONE',  ( 1.000000000000000000, 0.000000000000000000, -0.000000000000000000 ) ) ;
#3169 = ADVANCED_FACE ( 'NONE', ( #2981 ), #9551, .T. ) ;
#3170 = CARTESIAN_POINT ( 'NONE',  ( -1.000000000000000000, 32.99999999999944578, -135.0000000000000000 ) ) ;
#3171 = DIRECTION ( 'NONE',  ( 1.000000000000000000, 0.000000000000000000, 0.000000000000000000 ) ) ;
#3172 = DIRECTION ( 'NONE',  ( 0.000000000000000000, 0.000000000000000000, -1.000000000000000000 ) ) ;
#3173 = ORIENTED_EDGE ( 'NONE', *, *, #3290, .T. ) ;
#3174 = CARTESIAN_POINT ( 'NONE',  ( 2.458500000000012786, -16.00000000000000000, -145.9585000000000150 ) ) ;
#3175 = EDGE_LOOP ( 'NONE', ( #5786, #5019, #4020, #4864 ) ) ;
#3176 = FACE_OUTER_BOUND ( 'NONE', #2096, .T. ) ;
#3177 = DIRECTION ( 'NONE',  ( 0.000000000000000000, 0.000000000000000000, 1.000000000000000000 ) ) ;
#3178 = CARTESIAN_POINT ( 'NONE',  ( 3.971223470242094766, -4.497708766627552812, 3.599999999999993872 ) ) ;
#3179 = DIRECTION ( 'NONE',  ( -0.000000000000000000, -0.000000000000000000, -1.000000000000000000 ) ) ;
#3180 = CARTESIAN_POINT ( 'NONE',  ( -4.500000000000000888, -26.00000000000000355, -149.1339745962199856 ) ) ;
#3181 = ORIENTED_EDGE ( 'NONE', *, *, #6384, .T. ) ;
#3182 = PLANE ( 'NONE',  #3827 ) ;
#3183 = ORIENTED_EDGE ( 'NONE', *, *, #980, .T. ) ;
#3184 = DIRECTION ( 'NONE',  ( 1.000000000000000000, 0.000000000000000000, 0.000000000000000000 ) ) ;
#3185 = DIRECTION ( 'NONE',  ( -1.000000000000000000, 0.000000000000000000, 0.000000000000000000 ) ) ;
#3186 = DIRECTION ( 'NONE',  ( -1.000000000000000000, 0.000000000000000000, 0.000000000000000000 ) ) ;
#3187 = CONICAL_SURFACE ( 'NONE', #6408, 1.499999999999999556, 1.047197551198829846 ) ;
#3188 = LINE ( 'NONE', #5633, #448 ) ;
#3189 = DIRECTION ( 'NONE',  ( 0.000000000000000000, 0.000000000000000000, 1.000000000000000000 ) ) ;
#3190 = CIRCLE ( 'NONE', #4541, 0.2000000000005539014 ) ;
#3191 = DIRECTION ( 'NONE',  ( -1.000000000000000000, -0.000000000000000000, -0.000000000000000000 ) ) ;
#3192 = ORIENTED_EDGE ( 'NONE', *, *, #9520, .T. ) ;
#3193 = DIRECTION ( 'NONE',  ( 0.000000000000000000, -0.000000000000000000, -1.000000000000000000 ) ) ;
#3194 = VERTEX_POINT ( 'NONE', #3132 ) ;
#3195 = VERTEX_POINT ( 'NONE', #9355 ) ;
#3196 = CIRCLE ( 'NONE', #1362, 3.250000000000016875 ) ;
#3197 = VERTEX_POINT ( 'NONE', #1410 ) ;
#3198 = EDGE_CURVE ( 'NONE', #8155, #9672, #7060, .T. ) ;
#3199 = DIRECTION ( 'NONE',  ( 1.000000000000000000, 0.000000000000000000, 0.000000000000000000 ) ) ;
#3200 = EDGE_CURVE ( 'NONE', #1841, #7645, #1459, .T. ) ;
#3201 = AXIS2_PLACEMENT_3D ( 'NONE', #9748, #4762, #9536 ) ;
#3202 = VERTEX_POINT ( 'NONE', #455 ) ;
#3203 = CARTESIAN_POINT ( 'NONE',  ( -7.495663649558059305, -24.55912792012096091, -0.1272339792135384340 ) ) ;
#3204 = DIRECTION ( 'NONE',  ( 1.000000000000000000, 0.000000000000000000, 0.000000000000000000 ) ) ;
#3205 = CARTESIAN_POINT ( 'NONE',  ( 8.015521883131921044, 26.00000000000030553, -152.0000000000000000 ) ) ;
#3206 = ORIENTED_EDGE ( 'NONE', *, *, #10402, .F. ) ;
#3207 = CARTESIAN_POINT ( 'NONE',  ( 5.999999999999986677, 7.347880794884103959E-16, -31.00000000000000000 ) ) ;
#3208 = DIRECTION ( 'NONE',  ( -1.000000000000000000, 0.000000000000000000, 0.000000000000000000 ) ) ;
#3209 = EDGE_LOOP ( 'NONE', ( #2990, #1243, #4283, #4174 ) ) ;
#3210 = AXIS2_PLACEMENT_3D ( 'NONE', #2946, #1233, #6029 ) ;
#3211 = CARTESIAN_POINT ( 'NONE',  ( 8.000000000000000000, 26.00000000000000355, 0.000000000000000000 ) ) ;
#3212 = ORIENTED_EDGE ( 'NONE', *, *, #6145, .F. ) ;
#3213 = AXIS2_PLACEMENT_3D ( 'NONE', #8789, #5602, #5498 ) ;
#3214 = EDGE_CURVE ( 'NONE', #2285, #5588, #4670, .T. ) ;
#3215 = ORIENTED_EDGE ( 'NONE', *, *, #1009, .T. ) ;
#3216 = EDGE_CURVE ( 'NONE', #4514, #3490, #10250, .T. ) ;
#3217 = CIRCLE ( 'NONE', #7113, 3.250000000000016875 ) ;
#3218 = ADVANCED_FACE ( 'NONE', ( #5412 ), #8654, .T. ) ;
#3219 = EDGE_CURVE ( 'NONE', #2105, #757, #5459, .T. ) ;
#3220 = CIRCLE ( 'NONE', #1884, 8.000000000000621725 ) ;
#3221 = DIRECTION ( 'NONE',  ( -0.5000000000002420286, 0.8660254037842989305, 0.000000000000000000 ) ) ;
#3222 = VERTEX_POINT ( 'NONE', #3078 ) ;
#3223 = AXIS2_PLACEMENT_3D ( 'NONE', #3958, #699, #1582 ) ;
#3224 = CARTESIAN_POINT ( 'NONE',  ( -7.458499999999975927, -16.00000000000000000, -8.500000000000000000 ) ) ;
#3225 = CARTESIAN_POINT ( 'NONE',  ( 8.000000000000000000, 26.00000000000000355, -2.000000000000000000 ) ) ;
#3226 = CARTESIAN_POINT ( 'NONE',  ( -8.500000000000000000, 17.49999999999939249, -121.0000000000000000 ) ) ;
#3227 = DIRECTION ( 'NONE',  ( -0.000000000000000000, 1.000000000000000000, -0.000000000000000000 ) ) ;
#3228 = EDGE_LOOP ( 'NONE', ( #8841, #10408, #7813, #3379, #1807, #4446 ) ) ;
#3229 = ORIENTED_EDGE ( 'NONE', *, *, #4956, .T. ) ;
#3230 = DIRECTION ( 'NONE',  ( 0.000000000000000000, 0.000000000000000000, -1.000000000000000000 ) ) ;
#3231 = EDGE_CURVE ( 'NONE', #1073, #130, #4671, .T. ) ;
#3232 = VERTEX_POINT ( 'NONE', #8553 ) ;
#3233 = AXIS2_PLACEMENT_3D ( 'NONE', #6148, #5356, #8595 ) ;
#3234 = ADVANCED_FACE ( 'NONE', ( #7913 ), #677, .F. ) ;
#3235 = DIRECTION ( 'NONE',  ( 0.000000000000000000, 0.000000000000000000, 1.000000000000000000 ) ) ;
#3236 = SURFACE_STYLE_FILL_AREA ( #6100 ) ;
#3237 = DIRECTION ( 'NONE',  ( 1.000000000000000000, 0.000000000000000000, 0.000000000000000000 ) ) ;
#3238 = AXIS2_PLACEMENT_3D ( 'NONE', #4740, #8613, #7017 ) ;
#3239 = CARTESIAN_POINT ( 'NONE',  ( 7.050000000000554934, 33.40000000000055280, -135.0000000000000000 ) ) ;
#3240 = CARTESIAN_POINT ( 'NONE',  ( -2.458500000000003460, 16.00000000000000000, -6.041499999999996540 ) ) ;
#3241 = ORIENTED_EDGE ( 'NONE', *, *, #4662, .T. ) ;
#3242 = CARTESIAN_POINT ( 'NONE',  ( 5.590398646903972590, 1.545135259028803221, 7.999999999999992895 ) ) ;
#3243 = DIRECTION ( 'NONE',  ( 0.000000000000000000, 0.000000000000000000, 1.000000000000000000 ) ) ;
#3244 = AXIS2_PLACEMENT_3D ( 'NONE', #9026, #1762, #5875 ) ;
#3245 = CARTESIAN_POINT ( 'NONE',  ( 0.4999999999993793853, 17.49999999999938538, -121.0000000000000000 ) ) ;
#3246 = FACE_BOUND ( 'NONE', #6191, .T. ) ;
#3247 = CARTESIAN_POINT ( 'NONE',  ( 0.000000000000000000, 0.000000000000000000, 7.999999999999992895 ) ) ;
#3248 = CARTESIAN_POINT ( 'NONE',  ( 1.200000000000554179, 32.99999999999944578, -135.0000000000000000 ) ) ;
#3249 = DIRECTION ( 'NONE',  ( -1.000000000000000000, 0.000000000000000000, 0.000000000000000000 ) ) ;
#3250 = CARTESIAN_POINT ( 'NONE',  ( 9.500000000000000000, 26.84166501650004122, 0.000000000000000000 ) ) ;
#3251 = ORIENTED_EDGE ( 'NONE', *, *, #8724, .F. ) ;
#3252 = CARTESIAN_POINT ( 'NONE',  ( 0.4999999999993793853, 25.50000000000000355, -121.0000000000000000 ) ) ;
#3253 = VERTEX_POINT ( 'NONE', #1512 ) ;
#3254 = ORIENTED_EDGE ( 'NONE', *, *, #8803, .F. ) ;
#3255 = CARTESIAN_POINT ( 'NONE',  ( 6.500000000000000888, 25.13397459621599950, -150.0000000000000000 ) ) ;
#3256 = CARTESIAN_POINT ( 'NONE',  ( -1.250000000000613509, 34.60000000000061959, -17.00000000000000000 ) ) ;
#3257 = CARTESIAN_POINT ( 'NONE',  ( -3.647273485673901749, -22.00000000000000000, -152.0000000000000000 ) ) ;
#3258 = CARTESIAN_POINT ( 'NONE',  ( -7.978903285765481357, -27.71987061392667329, -152.0000000000000000 ) ) ;
#3259 = VERTEX_POINT ( 'NONE', #7969 ) ;
#3260 = DIRECTION ( 'NONE',  ( -1.000000000000000000, 0.000000000000000000, 0.000000000000000000 ) ) ;
#3261 = FACE_OUTER_BOUND ( 'NONE', #2226, .T. ) ;
#3262 = EDGE_LOOP ( 'NONE', ( #3766, #9636 ) ) ;
#3263 = CARTESIAN_POINT ( 'NONE',  ( -12.00000000000000000, -16.00000000000000000, -10.95850000000000080 ) ) ;
#3264 = ORIENTED_EDGE ( 'NONE', *, *, #7373, .T. ) ;
#3265 = ORIENTED_EDGE ( 'NONE', *, *, #3216, .F. ) ;
#3266 = CARTESIAN_POINT ( 'NONE',  ( -6.850000000000002309, 34.60000000000061959, -17.00000000000000000 ) ) ;
#3267 = FACE_OUTER_BOUND ( 'NONE', #8531, .T. ) ;
#3268 = ORIENTED_EDGE ( 'NONE', *, *, #8494, .T. ) ;
#3269 = VECTOR ( 'NONE', #6812, 1000.000000000000000 ) ;
#3270 = EDGE_CURVE ( 'NONE', #9433, #1275, #5664, .T. ) ;
#3271 = FACE_OUTER_BOUND ( 'NONE', #3262, .T. ) ;
#3272 = DIRECTION ( 'NONE',  ( 0.2588190451025200178, 0.9659258262890685343, 0.000000000000000000 ) ) ;
#3273 = CONICAL_SURFACE ( 'NONE', #9216, 3.499999999999999556, 0.7853981633974589371 ) ;
#3274 = EDGE_CURVE ( 'NONE', #9029, #4263, #7762, .T. ) ;
#3275 = DIRECTION ( 'NONE',  ( 1.000000000000000000, 0.000000000000000000, 0.000000000000000000 ) ) ;
#3276 = DIRECTION ( 'NONE',  ( 1.000000000000000000, 0.000000000000000000, -0.000000000000000000 ) ) ;
#3277 = CARTESIAN_POINT ( 'NONE',  ( 4.030983766875087859, 26.35136306023699504, -152.0000000000000000 ) ) ;
#3278 = APPLICATION_PROTOCOL_DEFINITION ( 'draft international standard', 'automotive_design', 1998, #9686 ) ;
#3279 = ORIENTED_EDGE ( 'NONE', *, *, #2643, .T. ) ;
#3280 = ORIENTED_EDGE ( 'NONE', *, *, #8150, .F. ) ;
#3281 = ADVANCED_FACE ( 'NONE', ( #2925 ), #9399, .T. ) ;
#3282 = DIRECTION ( 'NONE',  ( -1.000000000000000000, 0.000000000000000000, 0.000000000000000000 ) ) ;
#3283 = ORIENTED_EDGE ( 'NONE', *, *, #985, .F. ) ;
#3284 = AXIS2_PLACEMENT_3D ( 'NONE', #5220, #9153, #4318 ) ;
#3285 = DIRECTION ( 'NONE',  ( 0.8660254037842792796, -0.5000000000002760014, 0.000000000000000000 ) ) ;
#3286 = CARTESIAN_POINT ( 'NONE',  ( 0.000000000000000000, -16.00000000000000000, -0.7915000000000169678 ) ) ;
#3287 = LINE ( 'NONE', #8229, #7569 ) ;
#3288 = DIRECTION ( 'NONE',  ( -1.000000000000000000, 0.000000000000000000, 0.000000000000000000 ) ) ;
#3289 = CARTESIAN_POINT ( 'NONE',  ( -8.000000000000000000, -26.00000000000000355, -149.1339745962199856 ) ) ;
#3290 = EDGE_CURVE ( 'NONE', #9586, #2147, #4560, .T. ) ;
#3291 = PLANE ( 'NONE',  #5066 ) ;
#3292 = CIRCLE ( 'NONE', #6335, 5.999999999999985789 ) ;
#3293 = EDGE_LOOP ( 'NONE', ( #5768, #7595 ) ) ;
#3294 = EDGE_CURVE ( 'NONE', #5213, #9009, #3767, .T. ) ;
#3295 = VECTOR ( 'NONE', #2156, 1000.000000000000000 ) ;
#3296 = CARTESIAN_POINT ( 'NONE',  ( 11.60629780968142377, 27.73049591386089929, -135.0000000000000000 ) ) ;
#3297 = VECTOR ( 'NONE', #7437, 1000.000000000000000 ) ;
#3298 = AXIS2_PLACEMENT_3D ( 'NONE', #10205, #10010, #399 ) ;
#3299 = CARTESIAN_POINT ( 'NONE',  ( -8.000000000001291411, 26.00000000000094857, -152.0000000000000000 ) ) ;
#3300 = CARTESIAN_POINT ( 'NONE',  ( 8.500000000000000000, -25.50000000000000355, -121.0000000000000000 ) ) ;
#3301 = DIRECTION ( 'NONE',  ( 0.000000000000000000, 0.000000000000000000, -1.000000000000000000 ) ) ;
#3302 = CIRCLE ( 'NONE', #9243, 0.3999999999993869571 ) ;
#3303 = DIRECTION ( 'NONE',  ( -0.000000000000000000, -0.000000000000000000, 1.000000000000000000 ) ) ;
#3304 = ORIENTED_EDGE ( 'NONE', *, *, #3200, .F. ) ;
#3305 = ADVANCED_FACE ( 'NONE', ( #4946 ), #3182, .T. ) ;
#3306 = AXIS2_PLACEMENT_3D ( 'NONE', #8908, #9738, #2429 ) ;
#3307 = CYLINDRICAL_SURFACE ( 'NONE', #4261, 3.999999999998709477 ) ;
#3308 = ORIENTED_EDGE ( 'NONE', *, *, #4576, .T. ) ;
#3309 = ORIENTED_EDGE ( 'NONE', *, *, #6133, .F. ) ;
#3310 = VERTEX_POINT ( 'NONE', #5730 ) ;
#3311 = DIRECTION ( 'NONE',  ( 0.000000000000000000, 0.000000000000000000, 1.000000000000000000 ) ) ;
#3312 = CIRCLE ( 'NONE', #9418, 0.5000000000060268457 ) ;
#3313 = AXIS2_PLACEMENT_3D ( 'NONE', #6807, #10042, #1317 ) ;
#3314 = CARTESIAN_POINT ( 'NONE',  ( 4.700000000000099654, 0.000000000000000000, 7.999999999999992895 ) ) ;
#3315 = PLANE ( 'NONE',  #9052 ) ;
#3316 = AXIS2_PLACEMENT_3D ( 'NONE', #2029, #3811, #6299 ) ;
#3317 = ORIENTED_EDGE ( 'NONE', *, *, #3349, .F. ) ;
#3318 = LINE ( 'NONE', #1694, #8692 ) ;
#3319 = CARTESIAN_POINT ( 'NONE',  ( 8.000000000000000000, 27.72000000000000242, 0.000000000000000000 ) ) ;
#3320 = ORIENTED_EDGE ( 'NONE', *, *, #3016, .F. ) ;
#3321 = CARTESIAN_POINT ( 'NONE',  ( 8.000000000000310862, 26.00000000000000355, -4.000000000000000000 ) ) ;
#3322 = VECTOR ( 'NONE', #4870, 1000.000000000000000 ) ;
#3323 = ORIENTED_EDGE ( 'NONE', *, *, #462, .T. ) ;
#3324 = APPLICATION_CONTEXT ( 'automotive_design' ) ;
#3325 = VECTOR ( 'NONE', #6407, 1000.000000000000000 ) ;
#3326 = DIRECTION ( 'NONE',  ( -1.000000000000000000, 0.000000000000000000, 0.000000000000000000 ) ) ;
#3327 = ORIENTED_EDGE ( 'NONE', *, *, #2406, .F. ) ;
#3328 = ORIENTED_EDGE ( 'NONE', *, *, #2647, .F. ) ;
#3329 = VECTOR ( 'NONE', #8852, 1000.000000000000000 ) ;
#3330 = DIRECTION ( 'NONE',  ( 0.000000000000000000, 0.000000000000000000, -1.000000000000000000 ) ) ;
#3331 = ORIENTED_EDGE ( 'NONE', *, *, #7376, .T. ) ;
#3332 = DIRECTION ( 'NONE',  ( -0.000000000000000000, -0.000000000000000000, -1.000000000000000000 ) ) ;
#3333 = CARTESIAN_POINT ( 'NONE',  ( 3.010794155703798726E-16, -18.45850000000002922, -141.0414999999999850 ) ) ;
#3334 = CARTESIAN_POINT ( 'NONE',  ( -9.500000000000000000, -25.13397459621599950, -2.000000000000000000 ) ) ;
#3335 = CARTESIAN_POINT ( 'NONE',  ( -2.205642239911666191, -17.27120180318259202, -6.294357760088334253 ) ) ;
#3336 = ORIENTED_EDGE ( 'NONE', *, *, #1603, .T. ) ;
#3337 = ORIENTED_EDGE ( 'NONE', *, *, #8607, .T. ) ;
#3338 = ORIENTED_EDGE ( 'NONE', *, *, #8535, .F. ) ;
#3339 = EDGE_CURVE ( 'NONE', #9659, #721, #1777, .T. ) ;
#3340 = ADVANCED_FACE ( 'NONE', ( #6471 ), #5571, .T. ) ;
#3341 = LINE ( 'NONE', #4986, #9654 ) ;
#3342 = DIRECTION ( 'NONE',  ( 0.000000000000000000, 0.000000000000000000, -1.000000000000000000 ) ) ;
#3343 = CARTESIAN_POINT ( 'NONE',  ( -8.750000000000293099, -27.29903810567635247, -150.0000000000000000 ) ) ;
#3344 = CARTESIAN_POINT ( 'NONE',  ( 8.200000000000553513, -16.00000000000000000, -8.500000000000000000 ) ) ;
#3345 = CARTESIAN_POINT ( 'NONE',  ( -7.299999999999445599, 32.99999999999944578, -17.00000000000001421 ) ) ;
#3346 = FACE_OUTER_BOUND ( 'NONE', #4905, .T. ) ;
#3347 = ORIENTED_EDGE ( 'NONE', *, *, #7833, .T. ) ;
#3348 = DIRECTION ( 'NONE',  ( 0.000000000000000000, 0.000000000000000000, -1.000000000000000000 ) ) ;
#3349 = EDGE_CURVE ( 'NONE', #3699, #4125, #7531, .T. ) ;
#3350 = CARTESIAN_POINT ( 'NONE',  ( 0.000000000000000000, 0.000000000000000000, 9.394203811574740826 ) ) ;
#3351 = EDGE_CURVE ( 'NONE', #6223, #9781, #893, .T. ) ;
#3352 = ADVANCED_FACE ( 'NONE', ( #8817 ), #9768, .T. ) ;
#3353 = DIRECTION ( 'NONE',  ( 1.000000000000000000, 0.000000000000000000, 0.000000000000000000 ) ) ;
#3354 = CARTESIAN_POINT ( 'NONE',  ( 7.978903285765472475, 24.28012938607333027, -152.0000000000000000 ) ) ;
#3355 =( BOUNDED_CURVE ( )  B_SPLINE_CURVE ( 3, ( #9900, #4232, #2548, #8423 ),
 .UNSPECIFIED., .F., .F. ) 
 B_SPLINE_CURVE_WITH_KNOTS ( ( 4, 4 ),
 ( 1.570796326794896558, 3.141592653589793116 ),
 .UNSPECIFIED. ) 
 CURVE ( )  GEOMETRIC_REPRESENTATION_ITEM ( )  RATIONAL_B_SPLINE_CURVE ( ( 1.000000000000000000, 0.8047378541243649375, 0.8047378541243649375, 1.000000000000000000 ) ) 
 REPRESENTATION_ITEM ( '' )  );
#3356 = LINE ( 'NONE', #54, #7037 ) ;
#3357 = LINE ( 'NONE', #10449, #8018 ) ;
#3358 = DIRECTION ( 'NONE',  ( -1.000000000000000000, 0.000000000000000000, -0.000000000000000000 ) ) ;
#3359 = ORIENTED_EDGE ( 'NONE', *, *, #3730, .F. ) ;
#3360 = ORIENTED_EDGE ( 'NONE', *, *, #9883, .T. ) ;
#3361 = ORIENTED_EDGE ( 'NONE', *, *, #1548, .T. ) ;
#3362 = VERTEX_POINT ( 'NONE', #3296 ) ;
#3363 = CARTESIAN_POINT ( 'NONE',  ( 7.004336740694787622, 27.15720435678654709, -0.1272339651654623427 ) ) ;
#3364 = EDGE_CURVE ( 'NONE', #1174, #4557, #49, .T. ) ;
#3365 = CARTESIAN_POINT ( 'NONE',  ( 2.458500000000000796, -16.66074916942604034, -141.0415000000000134 ) ) ;
#3366 = DIRECTION ( 'NONE',  ( 0.000000000000000000, 0.000000000000000000, 1.000000000000000000 ) ) ;
#3367 = CIRCLE ( 'NONE', #8976, 3.782999999993958085 ) ;
#3368 = ORIENTED_EDGE ( 'NONE', *, *, #936, .F. ) ;
#3370 = CARTESIAN_POINT ( 'NONE',  ( 6.500000000000000888, 25.13397459621599950, -152.0000000000000000 ) ) ;
#3369 = CIRCLE ( 'NONE', #2027, 1.500000000000000444 ) ;
#3371 = CARTESIAN_POINT ( 'NONE',  ( -1.500000000000000000, 20.30000000000604032, -139.2170000000000414 ) ) ;
#3372 = ORIENTED_EDGE ( 'NONE', *, *, #6446, .T. ) ;
#3373 = CARTESIAN_POINT ( 'NONE',  ( 9.478903285766079989, 25.12179440257403584, 0.000000000000000000 ) ) ;
#3374 = DIRECTION ( 'NONE',  ( 1.000000000000000000, 0.000000000000000000, 0.000000000000000000 ) ) ;
#3375 = DIRECTION ( 'NONE',  ( -1.000000000000000000, 0.000000000000000000, 0.000000000000000000 ) ) ;
#3376 = ORIENTED_EDGE ( 'NONE', *, *, #5992, .F. ) ;
#3377 = CONICAL_SURFACE ( 'NONE', #4383, 1.719999999999998419, 1.047197551196586307 ) ;
#3378 = AXIS2_PLACEMENT_3D ( 'NONE', #3875, #516, #2040 ) ;
#3379 = ORIENTED_EDGE ( 'NONE', *, *, #6206, .T. ) ;
#3380 = FACE_OUTER_BOUND ( 'NONE', #1486, .T. ) ;
#3381 = ORIENTED_EDGE ( 'NONE', *, *, #2720, .F. ) ;
#3382 = CIRCLE ( 'NONE', #10308, 1.719999999999999307 ) ;
#3383 = CARTESIAN_POINT ( 'NONE',  ( 1.399999999999387068, 30.00000000000000000, -135.0000000000000000 ) ) ;
#3384 = DIRECTION ( 'NONE',  ( 0.000000000000000000, 0.000000000000000000, 1.000000000000000000 ) ) ;
#3385 = AXIS2_PLACEMENT_3D ( 'NONE', #9485, #3117, #4877 ) ;
#3387 = CARTESIAN_POINT ( 'NONE',  ( 6.500000000000000888, 25.13397459621599950, -152.0000000000000000 ) ) ;
#3386 = AXIS2_PLACEMENT_3D ( 'NONE', #10266, #3603, #3006 ) ;
#3388 = CARTESIAN_POINT ( 'NONE',  ( 0.000000000000000000, 0.000000000000000000, -2.000000000000000000 ) ) ;
#3389 = VERTEX_POINT ( 'NONE', #2458 ) ;
#3390 = VERTEX_POINT ( 'NONE', #5787 ) ;
#3391 = PRODUCT ( '161267 DZF-32-80-A-P-A---(ZR)_features', '161267 DZF-32-80-A-P-A---(ZR)_features', '', ( #4818 ) ) ;
#3392 = ORIENTED_EDGE ( 'NONE', *, *, #8103, .F. ) ;
#3393 = VECTOR ( 'NONE', #8674, 1000.000000000000000 ) ;
#3394 = FACE_OUTER_BOUND ( 'NONE', #1015, .T. ) ;
#3395 = AXIS2_PLACEMENT_3D ( 'NONE', #3205, #7880, #1639 ) ;
#3396 = CARTESIAN_POINT ( 'NONE',  ( 11.79999999999944649, -16.00000000000000000, -13.70000000000055529 ) ) ;
#3397 = CIRCLE ( 'NONE', #2890, 3.499999999999999556 ) ;
#3398 = CIRCLE ( 'NONE', #3722, 4.100000000000000533 ) ;
#3399 = DIRECTION ( 'NONE',  ( -1.000000000000000000, 0.000000000000000000, 0.000000000000000000 ) ) ;
#3400 = CARTESIAN_POINT ( 'NONE',  ( 6.500000000000000000, 26.70547970114963832, -151.9615248357245321 ) ) ;
#3401 = DIRECTION ( 'NONE',  ( 0.000000000000000000, 0.000000000000000000, 1.000000000000000000 ) ) ;
#3402 = EDGE_LOOP ( 'NONE', ( #8174, #8962, #3761, #5076 ) ) ;
#3403 = CARTESIAN_POINT ( 'NONE',  ( 0.000000000000000000, 16.00000000000000000, 0.000000000000000000 ) ) ;
#3404 = DIRECTION ( 'NONE',  ( 0.000000000000000000, 0.000000000000000000, -1.000000000000000000 ) ) ;
#3405 = AXIS2_PLACEMENT_3D ( 'NONE', #7854, #5306, #7908 ) ;
#3406 = CARTESIAN_POINT ( 'NONE',  ( -6.500000000000000888, -26.86602540378400050, -150.0000000000000000 ) ) ;
#3407 = CIRCLE ( 'NONE', #5433, 1.500000000000000666 ) ;
#3408 = CARTESIAN_POINT ( 'NONE',  ( -1.649999999999999911, 34.60000000000061959, -17.00000000000000000 ) ) ;
#3409 = CARTESIAN_POINT ( 'NONE',  ( 0.000000000000000000, 0.000000000000000000, 8.600000000000093792 ) ) ;
#3410 = CARTESIAN_POINT ( 'NONE',  ( 9.248999599679704531, 29.80000000000001137, -148.0000000000000000 ) ) ;
#3411 = CARTESIAN_POINT ( 'NONE',  ( 0.000000000000000000, -16.00000000000000000, -152.0000000000000000 ) ) ;
#3412 = ADVANCED_FACE ( 'NONE', ( #4100 ), #7892, .F. ) ;
#3413 = CARTESIAN_POINT ( 'NONE',  ( 1.649999999999999911, 33.20000000000000284, -152.0010000000000048 ) ) ;
#3414 = ORIENTED_EDGE ( 'NONE', *, *, #5486, .T. ) ;
#3415 = AXIS2_PLACEMENT_3D ( 'NONE', #7665, #1892, #425 ) ;
#3416 = EDGE_CURVE ( 'NONE', #408, #10389, #4639, .T. ) ;
#3417 = EDGE_CURVE ( 'NONE', #9744, #8849, #6368, .T. ) ;
#3418 = FACE_OUTER_BOUND ( 'NONE', #1805, .T. ) ;
#3419 = ORIENTED_EDGE ( 'NONE', *, *, #4280, .T. ) ;
#3420 = EDGE_CURVE ( 'NONE', #6138, #3839, #9605, .T. ) ;
#3421 = ORIENTED_EDGE ( 'NONE', *, *, #872, .T. ) ;
#3422 = DIRECTION ( 'NONE',  ( -1.000000000000000000, 0.000000000000000000, 0.000000000000000000 ) ) ;
#3423 = FACE_OUTER_BOUND ( 'NONE', #10024, .T. ) ;
#3424 = CARTESIAN_POINT ( 'NONE',  ( 9.500000000000000000, 26.86602540378400050, -150.0000000000000000 ) ) ;
#3425 = ORIENTED_EDGE ( 'NONE', *, *, #6713, .T. ) ;
#3426 = DIRECTION ( 'NONE',  ( 0.000000000000000000, 0.000000000000000000, -1.000000000000000000 ) ) ;
#3427 = EDGE_CURVE ( 'NONE', #8753, #3310, #8934, .T. ) ;
#3428 = CYLINDRICAL_SURFACE ( 'NONE', #7801, 2.458500000000000796 ) ;
#3429 = VERTEX_POINT ( 'NONE', #8987 ) ;
#3430 = EDGE_CURVE ( 'NONE', #6982, #3389, #7038, .T. ) ;
#3431 = DIRECTION ( 'NONE',  ( -1.000000000000000000, 0.000000000000000000, 0.000000000000000000 ) ) ;
#3432 = EDGE_CURVE ( 'NONE', #3232, #4354, #1673, .T. ) ;
#3433 = FACE_OUTER_BOUND ( 'NONE', #2046, .T. ) ;
#3434 = VERTEX_POINT ( 'NONE', #1616 ) ;
#3435 = FACE_OUTER_BOUND ( 'NONE', #8243, .T. ) ;
#3436 = EDGE_LOOP ( 'NONE', ( #2570, #6745, #5314, #3943, #222, #7351 ) ) ;
#3437 = AXIS2_PLACEMENT_3D ( 'NONE', #8218, #7424, #1086 ) ;
#3438 = SURFACE_STYLE_FILL_AREA ( #8262 ) ;
#3439 = DIRECTION ( 'NONE',  ( -0.000000000000000000, -0.000000000000000000, -1.000000000000000000 ) ) ;
#3440 = LINE ( 'NONE', #6719, #8556 ) ;
#3441 = ORIENTED_EDGE ( 'NONE', *, *, #9587, .F. ) ;
#3442 = EDGE_CURVE ( 'NONE', #6109, #8451, #2489, .T. ) ;
#3443 = CARTESIAN_POINT ( 'NONE',  ( 7.050000000000554934, 33.20000000000000284, -152.0010000000000048 ) ) ;
#3444 = VERTEX_POINT ( 'NONE', #8075 ) ;
#3445 = CARTESIAN_POINT ( 'NONE',  ( 0.4999999999993915423, 17.49999999999939249, -31.00000000000000000 ) ) ;
#3446 = CIRCLE ( 'NONE', #2260, 1.720000000000002860 ) ;
#3447 = CARTESIAN_POINT ( 'NONE',  ( 0.000000000000000000, -16.00000000000000000, -12.49999999999396749 ) ) ;
#3448 = AXIS2_PLACEMENT_3D ( 'NONE', #9653, #8179, #1721 ) ;
#3449 =( BOUNDED_CURVE ( )  B_SPLINE_CURVE ( 3, ( #9130, #7537, #204, #2753 ),
 .UNSPECIFIED., .F., .F. ) 
 B_SPLINE_CURVE_WITH_KNOTS ( ( 4, 4 ),
 ( 3.141592653589793116, 4.712388980384689674 ),
 .UNSPECIFIED. ) 
 CURVE ( )  GEOMETRIC_REPRESENTATION_ITEM ( )  RATIONAL_B_SPLINE_CURVE ( ( 1.000000000000000000, 0.8047378541243649375, 0.8047378541243649375, 1.000000000000000000 ) ) 
 REPRESENTATION_ITEM ( '' )  );
#3450 = DIRECTION ( 'NONE',  ( 0.000000000000000000, 0.000000000000000000, 1.000000000000000000 ) ) ;
#3451 = CARTESIAN_POINT ( 'NONE',  ( -9.500000000000000000, -26.86602540378400050, -150.0000000000000000 ) ) ;
#3452 = ORIENTED_EDGE ( 'NONE', *, *, #1038, .F. ) ;
#3453 = FACE_OUTER_BOUND ( 'NONE', #5870, .T. ) ;
#3454 = CARTESIAN_POINT ( 'NONE',  ( -7.050000000000555822, 33.40000000000055280, -17.00000000000001421 ) ) ;
#3455 = AXIS2_PLACEMENT_3D ( 'NONE', #5751, #3366, #6597 ) ;
#3456 = CARTESIAN_POINT ( 'NONE',  ( 0.000000000000000000, 16.00000000000000000, -0.7915000000000260716 ) ) ;
#3457 = DIRECTION ( 'NONE',  ( -0.000000000000000000, 0.000000000000000000, -1.000000000000000000 ) ) ;
#3458 = LINE ( 'NONE', #66, #3055 ) ;
#3459 = CIRCLE ( 'NONE', #7864, 1.719999999999999307 ) ;
#3460 = CARTESIAN_POINT ( 'NONE',  ( -7.999999999999694467, -25.99999999999969447, -4.000000000000000000 ) ) ;
#3461 = CARTESIAN_POINT ( 'NONE',  ( -1.649999999999999911, 34.60000000000061959, -135.0000000000000000 ) ) ;
#3462 = CARTESIAN_POINT ( 'NONE',  ( 8.995663259305191062, 24.84279564321344225, -151.8727660348362747 ) ) ;
#3463 = ORIENTED_EDGE ( 'NONE', *, *, #6965, .T. ) ;
#3464 = CARTESIAN_POINT ( 'NONE',  ( -6.500000000000001776, -26.56743355688115926, -151.9225239488473562 ) ) ;
#3465 = ORIENTED_EDGE ( 'NONE', *, *, #6250, .F. ) ;
#3466 = ORIENTED_EDGE ( 'NONE', *, *, #9115, .F. ) ;
#3467 = ORIENTED_EDGE ( 'NONE', *, *, #9826, .F. ) ;
#3468 = VECTOR ( 'NONE', #4027, 1000.000000000000000 ) ;
#3469 = CARTESIAN_POINT ( 'NONE',  ( 0.000000000000000000, 0.000000000000000000, -152.0000000000000000 ) ) ;
#3470 = EDGE_CURVE ( 'NONE', #3920, #1590, #2511, .T. ) ;
#3471 = DIRECTION ( 'NONE',  ( 0.000000000000000000, 0.000000000000000000, -1.000000000000000000 ) ) ;
#3472 = CARTESIAN_POINT ( 'NONE',  ( 0.000000000000000000, 0.000000000000000000, -2.000000000000000000 ) ) ;
#3473 = EDGE_CURVE ( 'NONE', #4511, #5164, #8808, .T. ) ;
#3474 = EDGE_CURVE ( 'NONE', #8427, #8772, #3019, .T. ) ;
#3475 = AXIS2_PLACEMENT_3D ( 'NONE', #4753, #10418, #2374 ) ;
#3476 = ORIENTED_EDGE ( 'NONE', *, *, #2407, .T. ) ;
#3477 = CARTESIAN_POINT ( 'NONE',  ( 8.000000000000000000, 26.00000000000000355, -2.866025403784399739 ) ) ;
#3478 = DIRECTION ( 'NONE',  ( -0.000000000000000000, -0.000000000000000000, -1.000000000000000000 ) ) ;
#3479 = ORIENTED_EDGE ( 'NONE', *, *, #5728, .F. ) ;
#3480 = EDGE_CURVE ( 'NONE', #3802, #4699, #946, .T. ) ;
#3481 = CARTESIAN_POINT ( 'NONE',  ( -8.504336350442001091, -27.44087207987900001, -0.1272339792135462055 ) ) ;
#3482 = DIRECTION ( 'NONE',  ( -0.000000000000000000, 0.000000000000000000, 1.000000000000000000 ) ) ;
#3483 = DIRECTION ( 'NONE',  ( 1.000000000000000000, 0.000000000000000000, 0.000000000000000000 ) ) ;
#3484 = AXIS2_PLACEMENT_3D ( 'NONE', #9189, #1830, #1880 ) ;
#3485 = ORIENTED_EDGE ( 'NONE', *, *, #5745, .T. ) ;
#3486 = AXIS2_PLACEMENT_3D ( 'NONE', #1503, #4030, #3230 ) ;
#3487 = EDGE_CURVE ( 'NONE', #5744, #9614, #1552, .T. ) ;
#3488 = EDGE_CURVE ( 'NONE', #5291, #8043, #10331, .T. ) ;
#3489 = DIRECTION ( 'NONE',  ( 0.000000000000000000, 0.000000000000000000, 1.000000000000000000 ) ) ;
#3490 = VERTEX_POINT ( 'NONE', #5514 ) ;
#3491 = VECTOR ( 'NONE', #3807, 1000.000000000000000 ) ;
#3492 = AXIS2_PLACEMENT_3D ( 'NONE', #9727, #2259, #5589 ) ;
#3493 = DIRECTION ( 'NONE',  ( 0.000000000000000000, 0.000000000000000000, 1.000000000000000000 ) ) ;
#3494 = CARTESIAN_POINT ( 'NONE',  ( 9.500000000000000000, 25.15833498349996233, 0.000000000000000000 ) ) ;
#3495 = CARTESIAN_POINT ( 'NONE',  ( 0.000000000000000000, -18.45850000000002922, -145.9585000000000434 ) ) ;
#3496 = ORIENTED_EDGE ( 'NONE', *, *, #1538, .F. ) ;
#3497 = EDGE_LOOP ( 'NONE', ( #5651, #7087, #2372, #8779, #9566, #7061, #6229 ) ) ;
#3498 = VECTOR ( 'NONE', #6411, 1000.000000000000114 ) ;
#3499 = FACE_OUTER_BOUND ( 'NONE', #9451, .T. ) ;
#3500 = EDGE_CURVE ( 'NONE', #2995, #2844, #2459, .T. ) ;
#3501 = EDGE_CURVE ( 'NONE', #2985, #2170, #5165, .T. ) ;
#3502 = CARTESIAN_POINT ( 'NONE',  ( -11.50000000000000000, -26.00000000000000355, -3.899999999999999911 ) ) ;
#3503 = CARTESIAN_POINT ( 'NONE',  ( -8.350000000000278533, -29.50000000000000355, -135.0000000000000000 ) ) ;
#3504 = ORIENTED_EDGE ( 'NONE', *, *, #6393, .F. ) ;
#3505 = ORIENTED_EDGE ( 'NONE', *, *, #6860, .T. ) ;
#3506 = PLANE ( 'NONE',  #1068 ) ;
#3507 = AXIS2_PLACEMENT_3D ( 'NONE', #7348, #114, #7131 ) ;
#3508 = DIRECTION ( 'NONE',  ( 6.195440985631349314E-17, 1.000000000000000000, 0.000000000000000000 ) ) ;
#3509 = EDGE_LOOP ( 'NONE', ( #2256, #2428, #8933, #1187 ) ) ;
#3510 = AXIS2_PLACEMENT_3D ( 'NONE', #10415, #4862, #5754 ) ;
#3511 = CARTESIAN_POINT ( 'NONE',  ( -8.000000000000000000, -26.00000000000000355, 0.000000000000000000 ) ) ;
#3512 = LINE ( 'NONE', #6734, #6074 ) ;
#3513 = DIRECTION ( 'NONE',  ( 0.000000000000000000, 1.000000000000000000, 0.000000000000000000 ) ) ;
#3514 = CARTESIAN_POINT ( 'NONE',  ( 6.500000000000000888, 25.71574559406692373, -151.8729829407799343 ) ) ;
#3515 = CARTESIAN_POINT ( 'NONE',  ( -6.521096714233932445, -26.87820559742598547, -152.0000000000000000 ) ) ;
#3516 = CARTESIAN_POINT ( 'NONE',  ( 12.00000000000000000, 22.00000000000000000, 0.000000000000000000 ) ) ;
#3517 = CARTESIAN_POINT ( 'NONE',  ( 8.000000000000001776, 27.73205080756900287, 0.000000000000000000 ) ) ;
#3518 = DIRECTION ( 'NONE',  ( -0.000000000000000000, 0.000000000000000000, 1.000000000000000000 ) ) ;
#3519 = CYLINDRICAL_SURFACE ( 'NONE', #8611, 6.000000000000000000 ) ;
#3520 = ORIENTED_EDGE ( 'NONE', *, *, #9252, .F. ) ;
#3521 = DIRECTION ( 'NONE',  ( -0.000000000000000000, -0.000000000000000000, -1.000000000000000000 ) ) ;
#3522 = ORIENTED_EDGE ( 'NONE', *, *, #5799, .T. ) ;
#3523 = ORIENTED_EDGE ( 'NONE', *, *, #413, .F. ) ;
#3524 = ORIENTED_EDGE ( 'NONE', *, *, #10356, .F. ) ;
#3525 = DIRECTION ( 'NONE',  ( -0.000000000000000000, -0.000000000000000000, -1.000000000000000000 ) ) ;
#3526 = CYLINDRICAL_SURFACE ( 'NONE', #9934, 5.000000000000000888 ) ;
#3527 = DIRECTION ( 'NONE',  ( 0.000000000000000000, 0.000000000000000000, 1.000000000000000000 ) ) ;
#3528 = LINE ( 'NONE', #3636, #8875 ) ;
#3529 = DIRECTION ( 'NONE',  ( -0.000000000000000000, -0.000000000000000000, -1.000000000000000000 ) ) ;
#3530 = ORIENTED_EDGE ( 'NONE', *, *, #10210, .F. ) ;
#3531 = CARTESIAN_POINT ( 'NONE',  ( -2.458500000000012786, -16.00000000000000000, -151.2084999999999866 ) ) ;
#3532 = EDGE_CURVE ( 'NONE', #3112, #2494, #1097, .T. ) ;
#3533 = CARTESIAN_POINT ( 'NONE',  ( 8.259669785199442060, 27.58213038718358945, -0.07782891771715222395 ) ) ;
#3534 = DIRECTION ( 'NONE',  ( 1.000000000000000000, 0.000000000000000000, 0.000000000000000000 ) ) ;
#3535 = ADVANCED_FACE ( 'NONE', ( #38 ), #7371, .F. ) ;
#3536 = CARTESIAN_POINT ( 'NONE',  ( 12.05000000000064020, 27.50000000000000000, -17.00000000000000000 ) ) ;
#3537 = CARTESIAN_POINT ( 'NONE',  ( 6.521096714233932445, 25.12179440257401453, 0.000000000000000000 ) ) ;
#3538 = ORIENTED_EDGE ( 'NONE', *, *, #151, .F. ) ;
#3539 = FACE_OUTER_BOUND ( 'NONE', #7747, .T. ) ;
#3540 = VECTOR ( 'NONE', #1223, 1000.000000000000227 ) ;
#3541 = DIRECTION ( 'NONE',  ( 0.000000000000000000, -0.000000000000000000, 1.000000000000000000 ) ) ;
#3542 = DIRECTION ( 'NONE',  ( 0.8660254037844484776, 0.000000000000000000, 0.4999999999999829581 ) ) ;
#3543 = EDGE_LOOP ( 'NONE', ( #1926, #5330, #10206 ) ) ;
#3544 = EDGE_CURVE ( 'NONE', #4557, #6119, #8754, .T. ) ;
#3545 = AXIS2_PLACEMENT_3D ( 'NONE', #4886, #9603, #3932 ) ;
#3546 = ORIENTED_EDGE ( 'NONE', *, *, #4321, .F. ) ;
#3547 = EDGE_CURVE ( 'NONE', #988, #4867, #616, .T. ) ;
#3548 = ADVANCED_FACE ( 'NONE', ( #6248 ), #6428, .T. ) ;
#3549 = VECTOR ( 'NONE', #3687, 1000.000000000000000 ) ;
#3550 = ADVANCED_FACE ( 'NONE', ( #7958 ), #7155, .F. ) ;
#3551 = ORIENTED_EDGE ( 'NONE', *, *, #5762, .T. ) ;
#3552 = CARTESIAN_POINT ( 'NONE',  ( 12.00000000000000355, 26.00000000000094857, -135.0000000000000000 ) ) ;
#3553 = FACE_OUTER_BOUND ( 'NONE', #9120, .T. ) ;
#3554 = VECTOR ( 'NONE', #9086, 1000.000000000000114 ) ;
#3555 = CARTESIAN_POINT ( 'NONE',  ( -6.500000000000000888, -26.86602540378400050, -152.0000000000000000 ) ) ;
#3556 = ORIENTED_EDGE ( 'NONE', *, *, #5604, .F. ) ;
#3557 = AXIS2_PLACEMENT_3D ( 'NONE', #710, #4810, #1535 ) ;
#3558 = ORIENTED_EDGE ( 'NONE', *, *, #8936, .F. ) ;
#3559 = CARTESIAN_POINT ( 'NONE',  ( 0.000000000000000000, -30.00000000000000000, -143.5000000000000284 ) ) ;
#3560 = CARTESIAN_POINT ( 'NONE',  ( 1.649999999999999911, 35.00000000000000000, -135.0000000000000000 ) ) ;
#3561 = EDGE_CURVE ( 'NONE', #8834, #9903, #3071, .T. ) ;
#3562 = ORIENTED_EDGE ( 'NONE', *, *, #4435, .T. ) ;
#3563 = AXIS2_PLACEMENT_3D ( 'NONE', #7079, #5708, #649 ) ;
#3564 = FACE_OUTER_BOUND ( 'NONE', #2510, .T. ) ;
#3565 = LINE ( 'NONE', #10026, #195 ) ;
#3566 = ORIENTED_EDGE ( 'NONE', *, *, #3582, .F. ) ;
#3567 = ADVANCED_FACE ( 'NONE', ( #771 ), #5417, .F. ) ;
#3568 = CIRCLE ( 'NONE', #9479, 0.2000000000005539014 ) ;
#3569 = CARTESIAN_POINT ( 'NONE',  ( 0.6607491694260465565, -18.45850000000002211, -6.041499999999981441 ) ) ;
#3570 = VECTOR ( 'NONE', #4345, 1000.000000000000000 ) ;
#3571 = CARTESIAN_POINT ( 'NONE',  ( 0.000000000000000000, -13.54149999999999388, -8.500000000000000000 ) ) ;
#3572 = CARTESIAN_POINT ( 'NONE',  ( -7.999999999999694467, -30.00000000000000000, -17.00000000000000000 ) ) ;
#3573 = FACE_OUTER_BOUND ( 'NONE', #2274, .T. ) ;
#3574 = DIRECTION ( 'NONE',  ( 1.000000000000000000, 0.000000000000000000, 0.000000000000000000 ) ) ;
#3576 = DIRECTION ( 'NONE',  ( 0.000000000000000000, 1.000000000000000000, -0.000000000000000000 ) ) ;
#3575 = AXIS2_PLACEMENT_3D ( 'NONE', #9138, #5050, #1101 ) ;
#3577 = CARTESIAN_POINT ( 'NONE',  ( -8.000000000000000000, -24.26794919243099713, -152.0000000000000000 ) ) ;
#3578 = EDGE_LOOP ( 'NONE', ( #2020, #6356, #1532, #10189, #5851, #2783, #10425, #3142 ) ) ;
#3579 = CARTESIAN_POINT ( 'NONE',  ( -6.500000000000000888, -25.43242950257825896, -151.9296087834573541 ) ) ;
#3580 = EDGE_LOOP ( 'NONE', ( #3504, #4938, #522, #10339 ) ) ;
#3581 = VERTEX_POINT ( 'NONE', #4033 ) ;
#3582 = EDGE_CURVE ( 'NONE', #9354, #1174, #9761, .T. ) ;
#3583 = PLANE ( 'NONE',  #3816 ) ;
#3584 = VECTOR ( 'NONE', #8435, 1000.000000000000000 ) ;
#3585 = DIRECTION ( 'NONE',  ( 0.000000000000000000, 0.000000000000000000, -1.000000000000000000 ) ) ;
#3586 = CARTESIAN_POINT ( 'NONE',  ( -1.499999999999999556, 20.30000000000604032, -12.78299999999998882 ) ) ;
#3587 = AXIS2_PLACEMENT_3D ( 'NONE', #905, #9671, #7342 ) ;
#3588 = EDGE_LOOP ( 'NONE', ( #7428, #3505, #967, #452 ) ) ;
#3589 = DIRECTION ( 'NONE',  ( -0.000000000000000000, -0.000000000000000000, -1.000000000000000000 ) ) ;
#3590 = LINE ( 'NONE', #1269, #862 ) ;
#3591 = VERTEX_POINT ( 'NONE', #1719 ) ;
#3592 = LINE ( 'NONE', #3531, #8323 ) ;
#3593 = CARTESIAN_POINT ( 'NONE',  ( 0.000000000000000000, 18.45849999999999724, -143.5000000000000284 ) ) ;
#3594 = CARTESIAN_POINT ( 'NONE',  ( 0.000000000000000000, 0.000000000000000000, 29.99999999999999289 ) ) ;
#3595 = EDGE_LOOP ( 'NONE', ( #1583, #7761, #3671, #491 ) ) ;
#3596 = DIRECTION ( 'NONE',  ( 0.000000000000000000, 0.000000000000000000, 1.000000000000000000 ) ) ;
#3597 = DIRECTION ( 'NONE',  ( 1.000000000000000000, 0.000000000000000000, 0.000000000000000000 ) ) ;
#3598 = DIRECTION ( 'NONE',  ( 1.000000000000000000, 0.000000000000000000, 0.000000000000000000 ) ) ;
#3599 = ORIENTED_EDGE ( 'NONE', *, *, #5830, .T. ) ;
#3600 = EDGE_LOOP ( 'NONE', ( #6276, #10213 ) ) ;
#3601 = ORIENTED_EDGE ( 'NONE', *, *, #2447, .T. ) ;
#3602 = EDGE_CURVE ( 'NONE', #10246, #10434, #3341, .T. ) ;
#3603 = DIRECTION ( 'NONE',  ( -0.000000000000000000, 1.000000000000000000, 0.000000000000000000 ) ) ;
#3605 = EDGE_CURVE ( 'NONE', #3131, #7248, #7798, .T. ) ;
#3604 = DIRECTION ( 'NONE',  ( 1.000000000000000000, 0.000000000000000000, 0.000000000000000000 ) ) ;
#3606 = ORIENTED_EDGE ( 'NONE', *, *, #1363, .F. ) ;
#3607 = ORIENTED_EDGE ( 'NONE', *, *, #4251, .F. ) ;
#3608 = FACE_OUTER_BOUND ( 'NONE', #8158, .T. ) ;
#3609 = EDGE_CURVE ( 'NONE', #3222, #9526, #6502, .T. ) ;
#3610 = CARTESIAN_POINT ( 'NONE',  ( -0.5329999999999892601, -7.250000000000000000, -150.6715170305900529 ) ) ;
#3611 = EDGE_LOOP ( 'NONE', ( #1033, #4723, #4426 ) ) ;
#3612 = CARTESIAN_POINT ( 'NONE',  ( 0.000000000000000000, -13.54149999999999743, -143.5000000000000284 ) ) ;
#3613 = DIRECTION ( 'NONE',  ( 0.8660254037843072572, 0.5000000000002275957, 0.000000000000000000 ) ) ;
#3614 = ORIENTED_EDGE ( 'NONE', *, *, #7373, .F. ) ;
#3615 = VECTOR ( 'NONE', #1091, 999.9999999999998863 ) ;
#3616 = DIRECTION ( 'NONE',  ( 0.000000000000000000, 0.000000000000000000, 1.000000000000000000 ) ) ;
#3617 = DIRECTION ( 'NONE',  ( -1.000000000000000000, 0.000000000000000000, 0.000000000000000000 ) ) ;
#3618 = EDGE_CURVE ( 'NONE', #3310, #1819, #9157, .T. ) ;
#3619 = CARTESIAN_POINT ( 'NONE',  ( 8.000000000000000000, 24.26794919243099713, -152.0000000000000000 ) ) ;
#3620 = ADVANCED_FACE ( 'NONE', ( #147 ), #2446, .F. ) ;
#3621 = CARTESIAN_POINT ( 'NONE',  ( 0.000000000000000000, -16.00000000000000000, -12.99999999999999467 ) ) ;
#3622 = DIRECTION ( 'NONE',  ( -1.000000000000000000, 0.000000000000000000, -0.000000000000000000 ) ) ;
#3623 = CYLINDRICAL_SURFACE ( 'NONE', #4633, 6.000000000000000000 ) ;
#3624 = CARTESIAN_POINT ( 'NONE',  ( -1.500000000000000000, 19.80000000000001137, -143.5000000000000284 ) ) ;
#3625 = ORIENTED_EDGE ( 'NONE', *, *, #1478, .T. ) ;
#3626 = VECTOR ( 'NONE', #9105, 1000.000000000000000 ) ;
#3627 = LINE ( 'NONE', #2666, #8327 ) ;
#3628 = VERTEX_POINT ( 'NONE', #2648 ) ;
#3629 = ORIENTED_EDGE ( 'NONE', *, *, #3480, .F. ) ;
#3630 = DIRECTION ( 'NONE',  ( 1.000000000000000000, 0.000000000000000000, 0.000000000000000000 ) ) ;
#3631 = CARTESIAN_POINT ( 'NONE',  ( -12.00000000000000000, 16.00000000000000000, -141.0415000000000134 ) ) ;
#3632 = AXIS2_PLACEMENT_3D ( 'NONE', #8544, #6950, #10225 ) ;
#3633 = LINE ( 'NONE', #10096, #2770 ) ;
#3634 = EDGE_CURVE ( 'NONE', #8562, #7359, #1663, .T. ) ;
#3635 = ADVANCED_FACE ( 'NONE', ( #7378 ), #6515, .F. ) ;
#3636 = CARTESIAN_POINT ( 'NONE',  ( 4.335090188609796336, 29.80000000000000071, 0.000000000000000000 ) ) ;
#3637 = DIRECTION ( 'NONE',  ( 0.000000000000000000, -0.000000000000000000, 1.000000000000000000 ) ) ;
#3638 = VERTEX_POINT ( 'NONE', #8120 ) ;
#3639 = LINE ( 'NONE', #5324, #7647 ) ;
#3640 = AXIS2_PLACEMENT_3D ( 'NONE', #901, #2468, #7978 ) ;
#3641 = LINE ( 'NONE', #492, #2362 ) ;
#3642 = AXIS2_PLACEMENT_3D ( 'NONE', #3022, #4602, #1254 ) ;
#3643 = DIRECTION ( 'NONE',  ( -0.000000000000000000, -0.000000000000000000, -1.000000000000000000 ) ) ;
#3644 = CIRCLE ( 'NONE', #5667, 8.000000000000621725 ) ;
#3645 = CARTESIAN_POINT ( 'NONE',  ( 8.750000000000298428, 24.70096189432365108, -2.000000000000000000 ) ) ;
#3646 = VERTEX_POINT ( 'NONE', #995 ) ;
#3647 = CARTESIAN_POINT ( 'NONE',  ( 6.850000000000001421, 33.40000000000055280, -17.00000000000000000 ) ) ;
#3648 = CARTESIAN_POINT ( 'NONE',  ( 12.00000000000000000, -16.00000000000000000, -141.0415000000000134 ) ) ;
#3649 = CARTESIAN_POINT ( 'NONE',  ( 6.521096714233935110, 26.87820559742598547, -152.0000000000000000 ) ) ;
#3650 = VECTOR ( 'NONE', #3135, 1000.000000000000000 ) ;
#3651 = VERTEX_POINT ( 'NONE', #4189 ) ;
#3652 = ORIENTED_EDGE ( 'NONE', *, *, #2075, .F. ) ;
#3653 = ORIENTED_EDGE ( 'NONE', *, *, #6933, .T. ) ;
#3654 = CONICAL_SURFACE ( 'NONE', #2145, 3.499999999999999556, 0.7853981633974589371 ) ;
#3655 = CIRCLE ( 'NONE', #137, 4.000000000000305533 ) ;
#3656 = DIRECTION ( 'NONE',  ( -0.000000000000000000, -0.000000000000000000, -1.000000000000000000 ) ) ;
#3657 = VERTEX_POINT ( 'NONE', #197 ) ;
#3658 = ORIENTED_EDGE ( 'NONE', *, *, #1361, .F. ) ;
#3659 = DIRECTION ( 'NONE',  ( -1.000000000000000000, 0.000000000000000000, -0.000000000000000000 ) ) ;
#3660 =( NAMED_UNIT ( * ) SI_UNIT ( $, .STERADIAN. ) SOLID_ANGLE_UNIT ( ) );
#3661 = ORIENTED_EDGE ( 'NONE', *, *, #3983, .T. ) ;
#3662 = CARTESIAN_POINT ( 'NONE',  ( 0.000000000000000000, 16.00000000000000000, 0.000000000000000000 ) ) ;
#3663 = VECTOR ( 'NONE', #2454, 1000.000000000000227 ) ;
#3664 = ADVANCED_FACE ( 'NONE', ( #3499 ), #7636, .T. ) ;
#3665 = ADVANCED_FACE ( 'NONE', ( #3394 ), #10322, .F. ) ;
#3666 = CONICAL_SURFACE ( 'NONE', #3507, 1.720000000000001084, 1.047197551202451837 ) ;
#3667 = CARTESIAN_POINT ( 'NONE',  ( 4.100000000000000533, 5.021051876504148371E-16, 9.394203811574740826 ) ) ;
#3668 = CARTESIAN_POINT ( 'NONE',  ( 2.458500000000012786, -16.00000000000000000, -121.0000000000000000 ) ) ;
#3669 = DIRECTION ( 'NONE',  ( 1.000000000000000000, 0.000000000000000000, 0.000000000000000000 ) ) ;
#3670 = DIRECTION ( 'NONE',  ( 0.8660254037842946007, 0.5000000000002495781, 0.000000000000000000 ) ) ;
#3671 = ORIENTED_EDGE ( 'NONE', *, *, #1139, .T. ) ;
#3672 = DIRECTION ( 'NONE',  ( 0.000000000000000000, -1.000000000000000000, 0.000000000000000000 ) ) ;
#3673 = ORIENTED_EDGE ( 'NONE', *, *, #7725, .F. ) ;
#3674 = EDGE_CURVE ( 'NONE', #10287, #10429, #7326, .T. ) ;
#3675 = VERTEX_POINT ( 'NONE', #9080 ) ;
#3676 = EDGE_CURVE ( 'NONE', #10121, #4022, #1820, .T. ) ;
#3677 = EDGE_CURVE ( 'NONE', #3628, #9171, #1040, .T. ) ;
#3678 = EDGE_LOOP ( 'NONE', ( #8698, #9317 ) ) ;
#3679 = LINE ( 'NONE', #2929, #4834 ) ;
#3680 = AXIS2_PLACEMENT_3D ( 'NONE', #2495, #8054, #9850 ) ;
#3681 = DIRECTION ( 'NONE',  ( 6.123233995737821137E-17, 0.8660254037843888586, -0.5000000000000861533 ) ) ;
#3682 = DIRECTION ( 'NONE',  ( -0.000000000000000000, -0.000000000000000000, -1.000000000000000000 ) ) ;
#3683 = CARTESIAN_POINT ( 'NONE',  ( 8.350000000000278533, -26.00000000000028422, -17.00000000000000000 ) ) ;
#3684 = ORIENTED_EDGE ( 'NONE', *, *, #9771, .F. ) ;
#3685 = CARTESIAN_POINT ( 'NONE',  ( -9.240690844420363703, -27.01573761456132772, -0.07771127068830899209 ) ) ;
#3686 = VERTEX_POINT ( 'NONE', #5723 ) ;
#3687 = DIRECTION ( 'NONE',  ( 9.293161478447025204E-17, -1.000000000000000000, 0.000000000000000000 ) ) ;
#3688 = EDGE_CURVE ( 'NONE', #6019, #416, #4074, .T. ) ;
#3689 = FACE_OUTER_BOUND ( 'NONE', #2319, .T. ) ;
#3690 = DIRECTION ( 'NONE',  ( 0.000000000000000000, 0.000000000000000000, -1.000000000000000000 ) ) ;
#3691 = EDGE_LOOP ( 'NONE', ( #60, #7956, #8129, #5438 ) ) ;
#3692 = CARTESIAN_POINT ( 'NONE',  ( -2.458500000000013230, -16.00000000000000000, -8.500000003456433362 ) ) ;
#3693 = DIRECTION ( 'NONE',  ( 0.000000000000000000, 0.000000000000000000, -1.000000000000000000 ) ) ;
#3694 = LINE ( 'NONE', #2118, #118 ) ;
#3695 = VERTEX_POINT ( 'NONE', #937 ) ;
#3696 = CIRCLE ( 'NONE', #2682, 4.282999999999981711 ) ;
#3697 = VERTEX_POINT ( 'NONE', #4141 ) ;
#3698 = PLANE ( 'NONE',  #5922 ) ;
#3699 = VERTEX_POINT ( 'NONE', #643 ) ;
#3700 = AXIS2_PLACEMENT_3D ( 'NONE', #4790, #4737, #7174 ) ;
#3701 = ORIENTED_EDGE ( 'NONE', *, *, #6977, .T. ) ;
#3702 = DIRECTION ( 'NONE',  ( -0.000000000000000000, -0.000000000000000000, -1.000000000000000000 ) ) ;
#3703 = CARTESIAN_POINT ( 'NONE',  ( -4.700000000000099654, 5.755839955992681928E-16, 8.600000000000093792 ) ) ;
#3704 = VERTEX_POINT ( 'NONE', #4687 ) ;
#3705 = VECTOR ( 'NONE', #5327, 1000.000000000000000 ) ;
#3706 = B_SPLINE_CURVE_WITH_KNOTS ( 'NONE', 3,
 ( #2775, #2882, #10134, #9307 ),
 .UNSPECIFIED., .F., .F.,
 ( 4, 4 ),
 ( 0.000000000000000000, 0.0004269752087342372081 ),
 .UNSPECIFIED. ) ;
#3707 = ORIENTED_EDGE ( 'NONE', *, *, #7256, .F. ) ;
#3708 = DIRECTION ( 'NONE',  ( 0.000000000000000000, 0.000000000000000000, 1.000000000000000000 ) ) ;
#3709 = FACE_OUTER_BOUND ( 'NONE', #1939, .T. ) ;
#3710 = ORIENTED_EDGE ( 'NONE', *, *, #2394, .T. ) ;
#3711 = AXIS2_PLACEMENT_3D ( 'NONE', #4447, #6187, #6991 ) ;
#3712 = CARTESIAN_POINT ( 'NONE',  ( 1.738422021547135765, -17.73842202154713732, -6.761577978452865345 ) ) ;
#3713 = FACE_OUTER_BOUND ( 'NONE', #2181, .T. ) ;
#3714 = CARTESIAN_POINT ( 'NONE',  ( 8.015521883131921044, 26.00000000000030553, -152.0000000000000000 ) ) ;
#3715 = LINE ( 'NONE', #1305, #8235 ) ;
#3716 = LINE ( 'NONE', #8549, #6934 ) ;
#3717 = CARTESIAN_POINT ( 'NONE',  ( -10.00000000000000000, 0.000000000000000000, 0.000000000000000000 ) ) ;
#3718 = ORIENTED_EDGE ( 'NONE', *, *, #7048, .T. ) ;
#3719 = AXIS2_PLACEMENT_3D ( 'NONE', #866, #4078, #5443 ) ;
#3720 = EDGE_LOOP ( 'NONE', ( #9365, #10325, #569, #1647, #7714, #525, #6890, #8676, #2008, #2083, #3414, #3841, #1292, #4715, #5325, #84, #7262, #7828, #1224 ) ) ;
#3721 = ORIENTED_EDGE ( 'NONE', *, *, #367, .T. ) ;
#3722 = AXIS2_PLACEMENT_3D ( 'NONE', #2997, #6220, #9463 ) ;
#3723 = ORIENTED_EDGE ( 'NONE', *, *, #6791, .T. ) ;
#3724 = DIRECTION ( 'NONE',  ( 1.000000000000000000, 0.000000000000000000, 0.000000000000000000 ) ) ;
#3725 = AXIS2_PLACEMENT_3D ( 'NONE', #9578, #1431, #4752 ) ;
#3726 = CARTESIAN_POINT ( 'NONE',  ( 7.999999999999694467, -30.00000000000000000, -152.0000000000000000 ) ) ;
#3727 = LINE ( 'NONE', #10136, #3295 ) ;
#3728 = VECTOR ( 'NONE', #9295, 1000.000000000000000 ) ;
#3729 = EDGE_CURVE ( 'NONE', #5247, #9498, #3217, .T. ) ;
#3730 = EDGE_CURVE ( 'NONE', #1293, #3004, #3785, .T. ) ;
#3731 = CARTESIAN_POINT ( 'NONE',  ( -6.500000000000000888, -26.00000000000000355, -2.000000000000000000 ) ) ;
#3732 = ADVANCED_FACE ( 'NONE', ( #5976 ), #6169, .F. ) ;
#3733 = EDGE_LOOP ( 'NONE', ( #2876, #8434 ) ) ;
#3734 = CARTESIAN_POINT ( 'NONE',  ( -9.248999599679700978, 29.80000000000000071, -152.0000000000000000 ) ) ;
#3735 = ORIENTED_EDGE ( 'NONE', *, *, #6986, .T. ) ;
#3736 = ORIENTED_EDGE ( 'NONE', *, *, #3016, .T. ) ;
#3737 = AXIS2_PLACEMENT_3D ( 'NONE', #9181, #202, #5041 ) ;
#3738 = CARTESIAN_POINT ( 'NONE',  ( -9.349999999999987210, 34.99999999999999289, -135.0000000000000000 ) ) ;
#3739 = CARTESIAN_POINT ( 'NONE',  ( -11.50000000000000000, -26.00000000000000355, -149.1339745962199856 ) ) ;
#3740 = AXIS2_PLACEMENT_3D ( 'NONE', #2009, #7621, #5226 ) ;
#3741 = DIRECTION ( 'NONE',  ( 0.000000000000000000, 0.000000000000000000, -1.000000000000000000 ) ) ;
#3742 = CARTESIAN_POINT ( 'NONE',  ( -9.500000000000001776, -25.43248594406029639, -151.9295957082068469 ) ) ;
#3743 = ORIENTED_EDGE ( 'NONE', *, *, #5637, .F. ) ;
#3744 = EDGE_CURVE ( 'NONE', #4263, #504, #385, .T. ) ;
#3745 = DIRECTION ( 'NONE',  ( 0.000000000000000000, 0.000000000000000000, 1.000000000000000000 ) ) ;
#3746 = EDGE_CURVE ( 'NONE', #5364, #6896, #9961, .T. ) ;
#3747 = CARTESIAN_POINT ( 'NONE',  ( 2.458500000000003460, 16.00000000000000000, -0.7915000000000260716 ) ) ;
#3748 = EDGE_LOOP ( 'NONE', ( #1333, #8526, #8742, #8400 ) ) ;
#3749 = CIRCLE ( 'NONE', #3917, 1.719999999999999307 ) ;
#3750 = ORIENTED_EDGE ( 'NONE', *, *, #9826, .T. ) ;
#3751 =( BOUNDED_CURVE ( )  B_SPLINE_CURVE ( 3, ( #2312, #5537, #8774, #10410 ),
 .UNSPECIFIED., .F., .F. ) 
 B_SPLINE_CURVE_WITH_KNOTS ( ( 4, 4 ),
 ( 0.000000000000000000, 0.7853981633974486121 ),
 .UNSPECIFIED. ) 
 CURVE ( )  GEOMETRIC_REPRESENTATION_ITEM ( )  RATIONAL_B_SPLINE_CURVE ( ( 1.000000000000000000, 0.9492530216741911220, 0.9492530216741911220, 1.000000000000000000 ) ) 
 REPRESENTATION_ITEM ( '' )  );
#3752 = DIRECTION ( 'NONE',  ( -0.000000000000000000, -0.000000000000000000, -1.000000000000000000 ) ) ;
#3753 = ORIENTED_EDGE ( 'NONE', *, *, #4709, .F. ) ;
#3754 = ORIENTED_EDGE ( 'NONE', *, *, #5441, .F. ) ;
#3755 = FACE_OUTER_BOUND ( 'NONE', #3077, .T. ) ;
#3756 = ADVANCED_FACE ( 'NONE', ( #9523 ), #6614, .T. ) ;
#3757 = DIRECTION ( 'NONE',  ( 1.000000000000000000, 0.000000000000000000, 0.000000000000000000 ) ) ;
#3758 = ORIENTED_EDGE ( 'NONE', *, *, #165, .T. ) ;
#3759 = DIRECTION ( 'NONE',  ( -1.000000000000000000, 0.000000000000000000, 0.000000000000000000 ) ) ;
#3760 = DIRECTION ( 'NONE',  ( -0.000000000000000000, -0.000000000000000000, -1.000000000000000000 ) ) ;
#3761 = ORIENTED_EDGE ( 'NONE', *, *, #7108, .F. ) ;
#3762 = DIRECTION ( 'NONE',  ( -0.000000000000000000, -0.000000000000000000, -1.000000000000000000 ) ) ;
#3763 = DIRECTION ( 'NONE',  ( 1.000000000000000000, 0.000000000000000000, 0.000000000000000000 ) ) ;
#3764 = CARTESIAN_POINT ( 'NONE',  ( 8.000000000000000000, 26.00000000000000355, -152.0000000000000000 ) ) ;
#3765 = DIRECTION ( 'NONE',  ( -1.000000000000000000, -3.751159154633072939E-16, 0.000000000000000000 ) ) ;
#3766 = ORIENTED_EDGE ( 'NONE', *, *, #589, .T. ) ;
#3767 = LINE ( 'NONE', #7005, #5494 ) ;
#3768 = ORIENTED_EDGE ( 'NONE', *, *, #950, .F. ) ;
#3769 = VERTEX_POINT ( 'NONE', #8374 ) ;
#3770 = ORIENTED_EDGE ( 'NONE', *, *, #8411, .T. ) ;
#3771 = CARTESIAN_POINT ( 'NONE',  ( -8.000000000000000000, -26.00000000000000355, -150.0000000000000000 ) ) ;
#3772 = DIRECTION ( 'NONE',  ( 0.000000000000000000, -1.000000000000000000, 0.000000000000000000 ) ) ;
#3773 = LINE ( 'NONE', #7011, #3965 ) ;
#3774 = STYLED_ITEM ( 'NONE', ( #10438 ), #6796 ) ;
#3775 = ORIENTED_EDGE ( 'NONE', *, *, #5303, .T. ) ;
#3776 = FACE_OUTER_BOUND ( 'NONE', #10400, .T. ) ;
#3777 = ORIENTED_EDGE ( 'NONE', *, *, #7401, .T. ) ;
#3778 = DIRECTION ( 'NONE',  ( -1.000000000000000000, 0.000000000000000000, 0.000000000000000000 ) ) ;
#3779 = VERTEX_POINT ( 'NONE', #4626 ) ;
#3780 = ORIENTED_EDGE ( 'NONE', *, *, #4435, .F. ) ;
#3781 = EDGE_CURVE ( 'NONE', #4514, #9672, #6974, .T. ) ;
#3782 = CARTESIAN_POINT ( 'NONE',  ( 4.015521883131615510, 26.00000000000030553, -148.0000000000000000 ) ) ;
#3783 = AXIS2_PLACEMENT_3D ( 'NONE', #4156, #3301, #1678 ) ;
#3784 = EDGE_CURVE ( 'NONE', #9202, #6816, #9483, .T. ) ;
#3785 = LINE ( 'NONE', #7829, #4564 ) ;
#3786 = CARTESIAN_POINT ( 'NONE',  ( -9.500000000000000000, -26.86602540378400050, 0.000000000000000000 ) ) ;
#3787 = CARTESIAN_POINT ( 'NONE',  ( -9.500000000000001776, -25.85781462581190837, -151.8729829407800480 ) ) ;
#3788 = VERTEX_POINT ( 'NONE', #1380 ) ;
#3789 = LINE ( 'NONE', #6079, #5758 ) ;
#3790 = VECTOR ( 'NONE', #8991, 1000.000000000000000 ) ;
#3791 = LINE ( 'NONE', #8334, #7213 ) ;
#3792 = FACE_OUTER_BOUND ( 'NONE', #8252, .T. ) ;
#3793 = VERTEX_POINT ( 'NONE', #542 ) ;
#3794 = EDGE_CURVE ( 'NONE', #205, #7742, #3398, .T. ) ;
#3795 = VECTOR ( 'NONE', #3123, 1000.000000000000000 ) ;
#3796 = AXIS2_PLACEMENT_3D ( 'NONE', #5973, #8577, #9281 ) ;
#3797 = EDGE_LOOP ( 'NONE', ( #2808, #1632, #4466, #3562, #8726, #7168, #5964, #6927 ) ) ;
#3798 = EDGE_CURVE ( 'NONE', #3976, #4617, #543, .T. ) ;
#3799 = EDGE_CURVE ( 'NONE', #2170, #408, #1425, .T. ) ;
#3800 = AXIS2_PLACEMENT_3D ( 'NONE', #2885, #6113, #6912 ) ;
#3801 = DIRECTION ( 'NONE',  ( -0.000000000000000000, -0.000000000000000000, -1.000000000000000000 ) ) ;
#3802 = VERTEX_POINT ( 'NONE', #1328 ) ;
#3803 = VERTEX_POINT ( 'NONE', #7877 ) ;
#3804 = PLANE ( 'NONE',  #9981 ) ;
#3805 = VECTOR ( 'NONE', #8206, 999.9999999999998863 ) ;
#3806 = DIRECTION ( 'NONE',  ( -0.8660254037842983754, -0.5000000000002429168, 0.000000000000000000 ) ) ;
#3807 = DIRECTION ( 'NONE',  ( -0.000000000000000000, -1.000000000000000000, -0.000000000000000000 ) ) ;
#3808 =( NAMED_UNIT ( * ) PLANE_ANGLE_UNIT ( ) SI_UNIT ( $, .RADIAN. ) );
#3809 = ORIENTED_EDGE ( 'NONE', *, *, #3294, .T. ) ;
#3810 = EDGE_LOOP ( 'NONE', ( #6557, #1421, #8655, #253 ) ) ;
#3811 = DIRECTION ( 'NONE',  ( -1.000000000000000000, -0.000000000000000000, -0.000000000000000000 ) ) ;
#3812 = DIRECTION ( 'NONE',  ( -0.8660254037842890495, -0.5000000000002590150, 0.000000000000000000 ) ) ;
#3813 = ORIENTED_EDGE ( 'NONE', *, *, #5036, .F. ) ;
#3814 =( BOUNDED_CURVE ( )  B_SPLINE_CURVE ( 3, ( #10383, #9599, #7270, #2342 ),
 .UNSPECIFIED., .F., .F. ) 
 B_SPLINE_CURVE_WITH_KNOTS ( ( 4, 4 ),
 ( 1.570796326794896558, 3.141592653589793116 ),
 .UNSPECIFIED. ) 
 CURVE ( )  GEOMETRIC_REPRESENTATION_ITEM ( )  RATIONAL_B_SPLINE_CURVE ( ( 1.000000000000000000, 0.8047378541243649375, 0.8047378541243649375, 1.000000000000000000 ) ) 
 REPRESENTATION_ITEM ( '' )  );
#3815 = AXIS2_PLACEMENT_3D ( 'NONE', #3771, #6010, #9359 ) ;
#3816 = AXIS2_PLACEMENT_3D ( 'NONE', #6910, #7769, #3630 ) ;
#3817 = EDGE_CURVE ( 'NONE', #5164, #4760, #7585, .T. ) ;
#3818 = DIRECTION ( 'NONE',  ( 0.000000000000000000, 0.000000000000000000, 1.000000000000000000 ) ) ;
#3819 = B_SPLINE_CURVE_WITH_KNOTS ( 'NONE', 3,
 ( #7909, #4666, #2976, #7963, #5516, #9495, #732, #3931 ),
 .UNSPECIFIED., .F., .F.,
 ( 4, 2, 2, 4 ),
 ( 0.001569259017091716862, 0.002420304687599988090, 0.002845827522854118500, 0.003271350358108248910 ),
 .UNSPECIFIED. ) ;
#3820 = CIRCLE ( 'NONE', #7035, 2.458500000000000796 ) ;
#3821 = CARTESIAN_POINT ( 'NONE',  ( 8.000000000000000000, 26.00000000000000355, -152.0000000000000000 ) ) ;
#3822 = LINE ( 'NONE', #4505, #5778 ) ;
#3823 = DIRECTION ( 'NONE',  ( 0.000000000000000000, 0.000000000000000000, 1.000000000000000000 ) ) ;
#3824 = CIRCLE ( 'NONE', #7391, 3.782999999993961193 ) ;
#3825 = DIRECTION ( 'NONE',  ( 1.000000000000000000, 0.000000000000000000, 0.000000000000000000 ) ) ;
#3826 = ORIENTED_EDGE ( 'NONE', *, *, #5670, .F. ) ;
#3827 = AXIS2_PLACEMENT_3D ( 'NONE', #7390, #159, #3986 ) ;
#3828 = DIRECTION ( 'NONE',  ( 0.000000000000000000, 0.000000000000000000, -1.000000000000000000 ) ) ;
#3829 = EDGE_LOOP ( 'NONE', ( #4265, #8370, #692, #393, #9992 ) ) ;
#3830 = ORIENTED_EDGE ( 'NONE', *, *, #2942, .T. ) ;
#3831 = LINE ( 'NONE', #5575, #4157 ) ;
#3832 = AXIS2_PLACEMENT_3D ( 'NONE', #7122, #8767, #5931 ) ;
#3833 = FACE_OUTER_BOUND ( 'NONE', #1002, .T. ) ;
#3834 = CARTESIAN_POINT ( 'NONE',  ( -8.000000000000000000, -26.00000000000000355, -148.0000000000000000 ) ) ;
#3835 = LINE ( 'NONE', #2205, #9134 ) ;
#3836 = LINE ( 'NONE', #790, #10256 ) ;
#3837 = VERTEX_POINT ( 'NONE', #3046 ) ;
#3838 = FACE_OUTER_BOUND ( 'NONE', #3122, .T. ) ;
#3839 = VERTEX_POINT ( 'NONE', #3552 ) ;
#3840 = ORIENTED_EDGE ( 'NONE', *, *, #4319, .F. ) ;
#3841 = ORIENTED_EDGE ( 'NONE', *, *, #589, .F. ) ;
#3842 = VECTOR ( 'NONE', #1652, 1000.000000000000114 ) ;
#3843 = DIRECTION ( 'NONE',  ( 1.000000000000000000, 0.000000000000000000, 0.000000000000000000 ) ) ;
#3844 = FACE_OUTER_BOUND ( 'NONE', #9954, .T. ) ;
#3845 = CARTESIAN_POINT ( 'NONE',  ( -1.649999999999999911, 33.40000000000055280, -17.00000000000000000 ) ) ;
#3846 = EDGE_LOOP ( 'NONE', ( #6208, #1045, #6379, #7046 ) ) ;
#3847 = EDGE_CURVE ( 'NONE', #6492, #1138, #6281, .T. ) ;
#3848 = LINE ( 'NONE', #808, #6770 ) ;
#3849 = FACE_OUTER_BOUND ( 'NONE', #3595, .T. ) ;
#3850 = VERTEX_POINT ( 'NONE', #8720 ) ;
#3851 = VERTEX_POINT ( 'NONE', #10013 ) ;
#3852 = APPLICATION_CONTEXT ( 'automotive_design' ) ;
#3853 = CARTESIAN_POINT ( 'NONE',  ( 8.000000000000000000, 26.00000000000000355, -149.1339745962199856 ) ) ;
#3854 = ORIENTED_EDGE ( 'NONE', *, *, #1237, .T. ) ;
#3855 = EDGE_CURVE ( 'NONE', #326, #3686, #9230, .T. ) ;
#3856 = VERTEX_POINT ( 'NONE', #963 ) ;
#3857 = CARTESIAN_POINT ( 'NONE',  ( 3.249999999999988898, 16.00000000000000000, -152.0000000000000000 ) ) ;
#3858 = ADVANCED_FACE ( 'NONE', ( #1636 ), #7240, .F. ) ;
#3859 = CARTESIAN_POINT ( 'NONE',  ( -8.000000000000000000, -24.26794919243099713, -150.0000000000000000 ) ) ;
#3860 = EDGE_CURVE ( 'NONE', #9847, #6769, #2090, .T. ) ;
#3861 = LINE ( 'NONE', #2230, #4821 ) ;
#3862 = ORIENTED_EDGE ( 'NONE', *, *, #6842, .F. ) ;
#3863 = ADVANCED_FACE ( 'NONE', ( #6382 ), #4910, .T. ) ;
#3864 = DIRECTION ( 'NONE',  ( 0.8660254037842992636, 0.5000000000002413625, 0.000000000000000000 ) ) ;
#3865 = CARTESIAN_POINT ( 'NONE',  ( 0.000000000000000000, 18.45849999999999724, -8.500000000000000000 ) ) ;
#3866 = VERTEX_POINT ( 'NONE', #8837 ) ;
#3867 = CARTESIAN_POINT ( 'NONE',  ( 8.000000000000000000, 26.00000000000000355, 0.000000000000000000 ) ) ;
#3868 = AXIS2_PLACEMENT_3D ( 'NONE', #5553, #8796, #3171 ) ;
#3869 = DIRECTION ( 'NONE',  ( 1.000000000000000000, 0.000000000000000000, 0.000000000000000000 ) ) ;
#3870 = AXIS2_PLACEMENT_3D ( 'NONE', #7730, #2010, #6762 ) ;
#3871 = EDGE_CURVE ( 'NONE', #1577, #6992, #4747, .T. ) ;
#3872 = DIRECTION ( 'NONE',  ( -0.000000000000000000, 0.000000000000000000, 1.000000000000000000 ) ) ;
#3873 = DIRECTION ( 'NONE',  ( 0.000000000000000000, -0.000000000000000000, 1.000000000000000000 ) ) ;
#3874 = EDGE_CURVE ( 'NONE', #5861, #4357, #4009, .T. ) ;
#3875 = CARTESIAN_POINT ( 'NONE',  ( -1.000000000000000000, 33.20000000000000284, -152.0010000000000048 ) ) ;
#3876 = VERTEX_POINT ( 'NONE', #802 ) ;
#3877 = EDGE_CURVE ( 'NONE', #8451, #5739, #7296, .T. ) ;
#3878 = ADVANCED_FACE ( 'NONE', ( #1580 ), #9572, .F. ) ;
#3879 = AXIS2_PLACEMENT_3D ( 'NONE', #3040, #8830, #8028 ) ;
#3880 = CARTESIAN_POINT ( 'NONE',  ( -6.500000000000000888, -26.86602540378400050, -2.000000000000000000 ) ) ;
#3881 = VECTOR ( 'NONE', #5409, 1000.000000000000000 ) ;
#3882 = VERTEX_POINT ( 'NONE', #3314 ) ;
#3883 = CARTESIAN_POINT ( 'NONE',  ( -4.015521883131615510, -26.00000000000030553, 0.000000000000000000 ) ) ;
#3884 = CARTESIAN_POINT ( 'NONE',  ( -6.500000000000000888, -26.86602540378400050, -150.0000000000000000 ) ) ;
#3885 = CARTESIAN_POINT ( 'NONE',  ( -1.499999999999999556, 28.47151703059500960, -12.78299999999998882 ) ) ;
#3886 = VECTOR ( 'NONE', #3968, 1000.000000000000000 ) ;
#3887 = AXIS2_PLACEMENT_3D ( 'NONE', #9968, #2703, #5937 ) ;
#3888 = ORIENTED_EDGE ( 'NONE', *, *, #7981, .F. ) ;
#3889 = VECTOR ( 'NONE', #3964, 1000.000000000000000 ) ;
#3890 = DIRECTION ( 'NONE',  ( 1.000000000000000000, -0.000000000000000000, -0.000000000000000000 ) ) ;
#3891 = LINE ( 'NONE', #3503, #9423 ) ;
#3892 = ORIENTED_EDGE ( 'NONE', *, *, #6582, .T. ) ;
#3893 = ADVANCED_FACE ( 'NONE', ( #5644 ), #6714, .F. ) ;
#3894 = DIRECTION ( 'NONE',  ( 0.000000000000000000, 1.000000000000000000, 0.000000000000000000 ) ) ;
#3895 = EDGE_LOOP ( 'NONE', ( #6908, #4288, #920, #5508, #7604 ) ) ;
#3896 = EDGE_LOOP ( 'NONE', ( #5302, #3777, #8798, #4646 ) ) ;
#3897 = VERTEX_POINT ( 'NONE', #849 ) ;
#3898 = CIRCLE ( 'NONE', #380, 0.5000000000060268457 ) ;
#3899 = CARTESIAN_POINT ( 'NONE',  ( 6.280000000000001137, 26.00000000000000355, -152.0000000000000000 ) ) ;
#3900 = CIRCLE ( 'NONE', #9819, 1.719999999999999307 ) ;
#3901 = CARTESIAN_POINT ( 'NONE',  ( -8.000000000000000000, -26.00000000000000355, -150.0000000000000000 ) ) ;
#3902 = CARTESIAN_POINT ( 'NONE',  ( 6.500000000000000888, 25.13397459621599950, -2.000000000000000000 ) ) ;
#3903 = VECTOR ( 'NONE', #5038, 1000.000000000000000 ) ;
#3904 = LINE ( 'NONE', #8840, #4080 ) ;
#3905 = ORIENTED_EDGE ( 'NONE', *, *, #2254, .T. ) ;
#3906 = CARTESIAN_POINT ( 'NONE',  ( 4.335090188609796336, 29.80000000000000071, -4.000000000000000000 ) ) ;
#3907 = EDGE_LOOP ( 'NONE', ( #8528, #9278, #9282 ) ) ;
#3908 = DIRECTION ( 'NONE',  ( -0.5000000000002420286, -0.8660254037842989305, 0.000000000000000000 ) ) ;
#3909 = VERTEX_POINT ( 'NONE', #4114 ) ;
#3910 = CIRCLE ( 'NONE', #8149, 5.999999999999988454 ) ;
#3911 = CIRCLE ( 'NONE', #6448, 1.720000000000002860 ) ;
#3912 = VERTEX_POINT ( 'NONE', #4059 ) ;
#3913 = CARTESIAN_POINT ( 'NONE',  ( -2.458500000000012786, -16.00000000000000000, -0.7915000000000169678 ) ) ;
#3914 = ORIENTED_EDGE ( 'NONE', *, *, #2026, .T. ) ;
#3915 = ORIENTED_EDGE ( 'NONE', *, *, #4642, .T. ) ;
#3916 = CARTESIAN_POINT ( 'NONE',  ( 4.700000000000099654, 0.000000000000000000, 8.600000000000093792 ) ) ;
#3917 = AXIS2_PLACEMENT_3D ( 'NONE', #1260, #4464, #5899 ) ;
#3918 = CARTESIAN_POINT ( 'NONE',  ( 1.000000000000000000, 30.39999999999938751, -135.0000000000000000 ) ) ;
#3919 = CARTESIAN_POINT ( 'NONE',  ( 9.500000000000000000, 26.84166501650003411, -152.0000000000000000 ) ) ;
#3920 = VERTEX_POINT ( 'NONE', #4007 ) ;
#3921 = DIRECTION ( 'NONE',  ( -0.000000000000000000, -0.000000000000000000, -1.000000000000000000 ) ) ;
#3922 = CARTESIAN_POINT ( 'NONE',  ( 3.647273485673901749, 22.00000000000000000, 0.000000000000000000 ) ) ;
#3923 = ORIENTED_EDGE ( 'NONE', *, *, #8736, .T. ) ;
#3924 = EDGE_CURVE ( 'NONE', #5957, #6720, #8039, .T. ) ;
#3925 = EDGE_CURVE ( 'NONE', #4632, #1364, #5703, .T. ) ;
#3926 = ADVANCED_FACE ( 'NONE', ( #1691 ), #3666, .F. ) ;
#3927 = CARTESIAN_POINT ( 'NONE',  ( -12.00000000000000000, -16.00000000000000000, -8.500000000000000000 ) ) ;
#3928 = LINE ( 'NONE', #1772, #9925 ) ;
#3929 = FACE_OUTER_BOUND ( 'NONE', #5485, .T. ) ;
#3930 = EDGE_CURVE ( 'NONE', #7388, #2576, #6546, .T. ) ;
#3931 = CARTESIAN_POINT ( 'NONE',  ( 9.500000000000000000, 26.84166501650003411, -152.0000000000000000 ) ) ;
#3932 = DIRECTION ( 'NONE',  ( 1.000000000000000000, 0.000000000000000000, -0.000000000000000000 ) ) ;
#3933 = EDGE_LOOP ( 'NONE', ( #3392, #1111, #3888, #7815 ) ) ;
#3934 = DIRECTION ( 'NONE',  ( 0.000000000000000000, 0.000000000000000000, 1.000000000000000000 ) ) ;
#3935 = ORIENTED_EDGE ( 'NONE', *, *, #1120, .T. ) ;
#3936 = CARTESIAN_POINT ( 'NONE',  ( 11.84999999999999964, 27.04174243050400150, -17.00000000000000000 ) ) ;
#3937 = EDGE_CURVE ( 'NONE', #2780, #3802, #3751, .T. ) ;
#3938 = EDGE_CURVE ( 'NONE', #508, #1819, #5750, .T. ) ;
#3940 = ADVANCED_FACE ( 'NONE', ( #3423 ), #278, .T. ) ;
#3939 = CARTESIAN_POINT ( 'NONE',  ( -7.249999999999709566, -24.70096189432365108, -150.0000000000000000 ) ) ;
#3941 = LINE ( 'NONE', #3300, #3790 ) ;
#3942 = AXIS2_PLACEMENT_3D ( 'NONE', #9298, #10431, #4651 ) ;
#3943 = ORIENTED_EDGE ( 'NONE', *, *, #2757, .F. ) ;
#3944 = CARTESIAN_POINT ( 'NONE',  ( -8.015521883131921044, -22.00000000000000000, -4.000000000000000000 ) ) ;
#3945 = DIRECTION ( 'NONE',  ( 0.000000000000000000, 0.000000000000000000, 1.000000000000000000 ) ) ;
#3946 = EDGE_LOOP ( 'NONE', ( #4838, #8449 ) ) ;
#3947 = DIRECTION ( 'NONE',  ( -1.000000000000000000, 0.000000000000000000, 0.000000000000000000 ) ) ;
#3948 = ORIENTED_EDGE ( 'NONE', *, *, #10273, .T. ) ;
#3949 = EDGE_LOOP ( 'NONE', ( #10063, #427, #8506, #7841 ) ) ;
#3950 = ORIENTED_EDGE ( 'NONE', *, *, #2823, .T. ) ;
#3951 = DIRECTION ( 'NONE',  ( 0.000000000000000000, 0.000000000000000000, 1.000000000000000000 ) ) ;
#3952 = CIRCLE ( 'NONE', #6822, 2.458500000000030106 ) ;
#3953 = EDGE_CURVE ( 'NONE', #1474, #2073, #5871, .T. ) ;
#3954 = EDGE_CURVE ( 'NONE', #4320, #5792, #2160, .T. ) ;
#3955 = DIRECTION ( 'NONE',  ( 0.000000000000000000, 0.000000000000000000, -1.000000000000000000 ) ) ;
#3956 = CIRCLE ( 'NONE', #5461, 2.458499999999974595 ) ;
#3957 = DIRECTION ( 'NONE',  ( 0.000000000000000000, 0.000000000000000000, 1.000000000000000000 ) ) ;
#3958 = CARTESIAN_POINT ( 'NONE',  ( -2.114726455570120400, 26.96507328603669862, -135.0000000000000000 ) ) ;
#3959 = ORIENTED_EDGE ( 'NONE', *, *, #3877, .T. ) ;
#3960 = DIRECTION ( 'NONE',  ( -0.000000000000000000, -0.000000000000000000, -1.000000000000000000 ) ) ;
#3961 = CARTESIAN_POINT ( 'NONE',  ( -1.500000000000000000, 28.47151703059009265, -143.5000000000000284 ) ) ;
#3962 = PRODUCT_RELATED_PRODUCT_CATEGORY ( 'part', '', ( #3391 ) ) ;
#3963 = ORIENTED_EDGE ( 'NONE', *, *, #2884, .F. ) ;
#3964 = DIRECTION ( 'NONE',  ( 8.659560562354996953E-17, -0.7071067811865422437, 0.7071067811865527908 ) ) ;
#3965 = VECTOR ( 'NONE', #6913, 1000.000000000000114 ) ;
#3966 = ORIENTED_EDGE ( 'NONE', *, *, #8539, .T. ) ;
#3967 = ORIENTED_EDGE ( 'NONE', *, *, #8008, .F. ) ;
#3968 = DIRECTION ( 'NONE',  ( -0.000000000000000000, -0.000000000000000000, -1.000000000000000000 ) ) ;
#3969 = CARTESIAN_POINT ( 'NONE',  ( 1.738422021547136209, -17.73842202154713732, -141.7615779784528627 ) ) ;
#3970 = CARTESIAN_POINT ( 'NONE',  ( 6.500000000000000888, 26.00000000000000355, -150.0000000000000000 ) ) ;
#3971 = CARTESIAN_POINT ( 'NONE',  ( 8.000000000000000000, 26.00000000000000355, -3.899999999999999911 ) ) ;
#3972 = ITEM_DEFINED_TRANSFORMATION ( 'NONE', 'NONE', #6595,  #9473 ) ;
#3973 = ORIENTED_EDGE ( 'NONE', *, *, #796, .F. ) ;
#3974 = CARTESIAN_POINT ( 'NONE',  ( 1.250000000000613065, 35.00000000000000000, -135.0000000000000000 ) ) ;
#3975 = VECTOR ( 'NONE', #9871, 1000.000000000000000 ) ;
#3976 = VERTEX_POINT ( 'NONE', #6808 ) ;
#3977 = CARTESIAN_POINT ( 'NONE',  ( -2.756766064641394287, -18.75676606464139340, -142.7799220215471223 ) ) ;
#3978 = CIRCLE ( 'NONE', #10070, 4.000000000000305533 ) ;
#3979 = CARTESIAN_POINT ( 'NONE',  ( 11.84999999999999964, -26.00000000000027356, -17.00000000000000000 ) ) ;
#3980 = DIRECTION ( 'NONE',  ( 0.000000000000000000, 0.000000000000000000, -1.000000000000000000 ) ) ;
#3981 = DIRECTION ( 'NONE',  ( 1.000000000000000000, -0.000000000000000000, -0.000000000000000000 ) ) ;
#3982 = PLANE ( 'NONE',  #3545 ) ;
#3983 = EDGE_CURVE ( 'NONE', #925, #960, #7743, .T. ) ;
#3984 = ORIENTED_EDGE ( 'NONE', *, *, #1491, .T. ) ;
#3985 = ADVANCED_FACE ( 'NONE', ( #7456 ), #5063, .F. ) ;
#3986 = DIRECTION ( 'NONE',  ( 0.000000000000000000, 0.000000000000000000, 1.000000000000000000 ) ) ;
#3987 = TOROIDAL_SURFACE ( 'NONE', #9408, 4.700000000000099654, 0.6000000000001000089 ) ;
#3988 = VERTEX_POINT ( 'NONE', #6649 ) ;
#3989 = CARTESIAN_POINT ( 'NONE',  ( -8.000000000000000000, -26.00000000000000355, -150.0000000000000000 ) ) ;
#3990 = VECTOR ( 'NONE', #10219, 1000.000000000000000 ) ;
#3991 = DIRECTION ( 'NONE',  ( 1.000000000000000000, 0.000000000000000000, 0.000000000000000000 ) ) ;
#3992 = CARTESIAN_POINT ( 'NONE',  ( 6.500000000000000888, 26.84166501650004122, 0.000000000000000000 ) ) ;
#3993 = AXIS2_PLACEMENT_3D ( 'NONE', #1378, #1731, #4256 ) ;
#3994 = CIRCLE ( 'NONE', #6358, 6.000000000000000000 ) ;
#3995 = AXIS2_PLACEMENT_3D ( 'NONE', #3469, #3525, #5747 ) ;
#3996 = ADVANCED_FACE ( 'NONE', ( #4372 ), #2993, .T. ) ;
#3997 = LINE ( 'NONE', #7979, #10137 ) ;
#3998 = CARTESIAN_POINT ( 'NONE',  ( 9.499999999999998224, 26.14218537418812005, -0.1270170592216948724 ) ) ;
#3999 = ORIENTED_EDGE ( 'NONE', *, *, #9272, .T. ) ;
#4000 = EDGE_CURVE ( 'NONE', #4632, #4543, #7421, .T. ) ;
#4001 = EDGE_CURVE ( 'NONE', #8472, #5663, #10101, .T. ) ;
#4002 = CARTESIAN_POINT ( 'NONE',  ( -9.500000000000000000, -25.15833498349997299, 0.000000000000000000 ) ) ;
#4003 = EDGE_LOOP ( 'NONE', ( #7826, #8116, #2615, #10113, #4028, #8854 ) ) ;
#4004 = ADVANCED_FACE ( 'NONE', ( #7505 ), #3526, .F. ) ;
#4005 = VERTEX_POINT ( 'NONE', #7409 ) ;
#4006 = CYLINDRICAL_SURFACE ( 'NONE', #7393, 2.458500000000003460 ) ;
#4007 = CARTESIAN_POINT ( 'NONE',  ( -1.000000000000000000, 30.39999999999938751, -135.0000000000000000 ) ) ;
#4008 = CARTESIAN_POINT ( 'NONE',  ( 0.000000000000000000, -16.00000000000000000, 0.000000000000000000 ) ) ;
#4009 = CIRCLE ( 'NONE', #1484, 0.3999999999993869571 ) ;
#4010 = DIRECTION ( 'NONE',  ( 1.000000000000000000, 0.000000000000000000, 0.000000000000000000 ) ) ;
#4011 = ORIENTED_EDGE ( 'NONE', *, *, #343, .F. ) ;
#4012 = DIRECTION ( 'NONE',  ( -0.000000000000000000, -0.000000000000000000, -1.000000000000000000 ) ) ;
#4013 = EDGE_CURVE ( 'NONE', #8652, #8172, #2651, .T. ) ;
#4014 = LINE ( 'NONE', #6441, #882 ) ;
#4015 = ORIENTED_EDGE ( 'NONE', *, *, #9272, .F. ) ;
#4016 = AXIS2_PLACEMENT_3D ( 'NONE', #8253, #4172, #8843 ) ;
#4017 = LINE ( 'NONE', #1388, #2801 ) ;
#4018 = ADVANCED_FACE ( 'NONE', ( #6697 ), #175, .F. ) ;
#4019 = ORIENTED_EDGE ( 'NONE', *, *, #2823, .F. ) ;
#4020 = ORIENTED_EDGE ( 'NONE', *, *, #9841, .T. ) ;
#4021 = DIRECTION ( 'NONE',  ( 0.000000000000000000, 0.000000000000000000, 1.000000000000000000 ) ) ;
#4022 = VERTEX_POINT ( 'NONE', #2672 ) ;
#4023 = DIRECTION ( 'NONE',  ( 1.000000000000000000, 0.000000000000000000, 0.000000000000000000 ) ) ;
#4024 = DIRECTION ( 'NONE',  ( 0.000000000000000000, 0.000000000000000000, -1.000000000000000000 ) ) ;
#4025 = CARTESIAN_POINT ( 'NONE',  ( 9.478903285766072884, 26.87820559742598192, 0.000000000000000000 ) ) ;
#4026 = DIRECTION ( 'NONE',  ( 0.000000000000000000, 0.000000000000000000, 1.000000000000000000 ) ) ;
#4027 = DIRECTION ( 'NONE',  ( 1.000000000000000000, -0.000000000000000000, -0.000000000000000000 ) ) ;
#4028 = ORIENTED_EDGE ( 'NONE', *, *, #587, .T. ) ;
#4029 = ORIENTED_EDGE ( 'NONE', *, *, #3794, .F. ) ;
#4030 = DIRECTION ( 'NONE',  ( 1.000000000000000000, -0.000000000000000000, -0.000000000000000000 ) ) ;
#4031 = DIRECTION ( 'NONE',  ( 0.000000000000000000, -1.000000000000000000, 0.000000000000000000 ) ) ;
#4032 = ORIENTED_EDGE ( 'NONE', *, *, #8304, .F. ) ;
#4033 = CARTESIAN_POINT ( 'NONE',  ( 3.249999999999988898, 16.00000000000000000, -152.0000000000000000 ) ) ;
#4034 = DIRECTION ( 'NONE',  ( 0.000000000000000000, -0.000000000000000000, 1.000000000000000000 ) ) ;
#4035 = DIRECTION ( 'NONE',  ( 0.000000000000000000, -1.000000000000000000, 0.000000000000000000 ) ) ;
#4036 = DIRECTION ( 'NONE',  ( -0.000000000000000000, -0.000000000000000000, 1.000000000000000000 ) ) ;
#4037 = LINE ( 'NONE', #155, #6879 ) ;
#4038 = PLANE ( 'NONE',  #8628 ) ;
#4039 = VERTEX_POINT ( 'NONE', #5905 ) ;
#4040 = CARTESIAN_POINT ( 'NONE',  ( 12.00000000000000000, -30.00000000000000000, 0.000000000000000000 ) ) ;
#4041 = AXIS2_PLACEMENT_3D ( 'NONE', #4416, #2824, #5264 ) ;
#4042 = CARTESIAN_POINT ( 'NONE',  ( -1.250000000000613509, 34.60000000000061959, -135.0000000000000000 ) ) ;
#4043 = B_SPLINE_CURVE_WITH_KNOTS ( 'NONE', 3,
 ( #1666, #889, #4885, #7273, #8812, #6413 ),
 .UNSPECIFIED., .F., .F.,
 ( 4, 2, 4 ),
 ( 6.779041188120299571E-07, 0.0008498274060695931460, 0.001698976908020374214 ),
 .UNSPECIFIED. ) ;
#4044 = CARTESIAN_POINT ( 'NONE',  ( -7.249999999999709566, -27.29903810567635247, -150.0000000000000000 ) ) ;
#4045 = CARTESIAN_POINT ( 'NONE',  ( 12.00000000000000000, -25.99999999999969802, -17.00000000000000000 ) ) ;
#4046 = AXIS2_PLACEMENT_3D ( 'NONE', #3413, #5693, #55 ) ;
#4047 = FACE_OUTER_BOUND ( 'NONE', #3118, .T. ) ;
#4048 = CIRCLE ( 'NONE', #7616, 3.000000000000030198 ) ;
#4049 = ORIENTED_EDGE ( 'NONE', *, *, #1548, .F. ) ;
#4050 = CARTESIAN_POINT ( 'NONE',  ( -9.500000000000000000, -25.71358148921426690, -0.1148330609511235556 ) ) ;
#4051 = ORIENTED_EDGE ( 'NONE', *, *, #9587, .T. ) ;
#4052 = ORIENTED_EDGE ( 'NONE', *, *, #2200, .F. ) ;
#4053 = VECTOR ( 'NONE', #1327, 1000.000000000000000 ) ;
#4054 = EDGE_LOOP ( 'NONE', ( #1738, #6541, #4923, #5322, #7299 ) ) ;
#4055 = DIRECTION ( 'NONE',  ( 0.000000000000000000, 0.000000000000000000, -1.000000000000000000 ) ) ;
#4056 = CONICAL_SURFACE ( 'NONE', #5251, 3.000000000000030198, 0.7853981633974531640 ) ;
#4057 = EDGE_CURVE ( 'NONE', #7190, #4589, #8500, .T. ) ;
#4058 = VECTOR ( 'NONE', #8382, 1000.000000000000000 ) ;
#4059 = CARTESIAN_POINT ( 'NONE',  ( 7.050000000000554934, 33.20000000000000284, -135.0000000000000000 ) ) ;
#4060 = DIRECTION ( 'NONE',  ( 0.000000000000000000, 0.000000000000000000, 1.000000000000000000 ) ) ;
#4061 = ADVANCED_FACE ( 'NONE', ( #6596 ), #6750, .F. ) ;
#4062 = AXIS2_PLACEMENT_3D ( 'NONE', #7216, #5726, #9601 ) ;
#4063 = EDGE_CURVE ( 'NONE', #9721, #9964, #9051, .T. ) ;
#4064 = CARTESIAN_POINT ( 'NONE',  ( -11.84999999999999964, 27.04174243050400150, -135.0000000000000000 ) ) ;
#4065 = ORIENTED_EDGE ( 'NONE', *, *, #8085, .T. ) ;
#4066 = CARTESIAN_POINT ( 'NONE',  ( 7.100000000000612488, 30.00000000000000000, -135.0000000000000000 ) ) ;
#4067 = CARTESIAN_POINT ( 'NONE',  ( -7.299999999999445599, 32.99999999999944578, -135.0000000000000000 ) ) ;
#4068 = ORIENTED_EDGE ( 'NONE', *, *, #8663, .T. ) ;
#4069 = AXIS2_PLACEMENT_3D ( 'NONE', #8356, #180, #2676 ) ;
#4070 = CARTESIAN_POINT ( 'NONE',  ( -8.750000000000293099, -24.70096189432366529, -2.000000000000000000 ) ) ;
#4071 = ORIENTED_EDGE ( 'NONE', *, *, #8471, .T. ) ;
#4072 = AXIS2_PLACEMENT_3D ( 'NONE', #6396, #7253, #759 ) ;
#4073 = ORIENTED_EDGE ( 'NONE', *, *, #2447, .F. ) ;
#4074 = CIRCLE ( 'NONE', #4411, 1.999999999999989564 ) ;
#4075 = ADVANCED_FACE ( 'NONE', ( #1018 ), #4214, .T. ) ;
#4076 = DIRECTION ( 'NONE',  ( 0.000000000000000000, 0.000000000000000000, -1.000000000000000000 ) ) ;
#4077 = EDGE_CURVE ( 'NONE', #2475, #3779, #6885, .T. ) ;
#4078 = DIRECTION ( 'NONE',  ( -0.000000000000000000, -0.000000000000000000, -1.000000000000000000 ) ) ;
#4079 = ORIENTED_EDGE ( 'NONE', *, *, #286, .F. ) ;
#4080 = VECTOR ( 'NONE', #852, 1000.000000000000000 ) ;
#4081 = DIRECTION ( 'NONE',  ( -0.8660254037842981534, 0.5000000000002433609, 0.000000000000000000 ) ) ;
#4082 = CARTESIAN_POINT ( 'NONE',  ( -1.500000000000000000, 20.30000000000604032, -4.217000000000011184 ) ) ;
#4083 = CARTESIAN_POINT ( 'NONE',  ( -6.500000000000000888, -26.84166501650003056, 0.000000000000000000 ) ) ;
#4084 = CARTESIAN_POINT ( 'NONE',  ( 0.000000000000000000, -16.00000000000000000, -12.99999999999999467 ) ) ;
#4085 = FACE_OUTER_BOUND ( 'NONE', #4523, .T. ) ;
#4086 = APPLICATION_PROTOCOL_DEFINITION ( 'draft international standard', 'automotive_design', 1998, #4204 ) ;
#4087 = ORIENTED_EDGE ( 'NONE', *, *, #7086, .F. ) ;
#4088 = DIRECTION ( 'NONE',  ( 0.000000000000000000, 1.000000000000000000, 0.000000000000000000 ) ) ;
#4089 = DIRECTION ( 'NONE',  ( 0.000000000000000000, -0.000000000000000000, -1.000000000000000000 ) ) ;
#4090 = ORIENTED_EDGE ( 'NONE', *, *, #4001, .T. ) ;
#4091 = CIRCLE ( 'NONE', #5404, 4.000000000000305533 ) ;
#4092 = CARTESIAN_POINT ( 'NONE',  ( 0.000000000000000000, -16.00000000000000000, -12.49999999999396749 ) ) ;
#4093 = EDGE_CURVE ( 'NONE', #416, #6019, #8247, .T. ) ;
#4094 = CYLINDRICAL_SURFACE ( 'NONE', #9712, 2.458500000000000796 ) ;
#4095 = DIRECTION ( 'NONE',  ( 0.000000000000000000, 0.000000000000000000, -1.000000000000000000 ) ) ;
#4096 = CIRCLE ( 'NONE', #7124, 3.999999999998705924 ) ;
#4097 = DIRECTION ( 'NONE',  ( 0.000000000000000000, -0.000000000000000000, 1.000000000000000000 ) ) ;
#4098 = LINE ( 'NONE', #7331, #5075 ) ;
#4099 = VERTEX_POINT ( 'NONE', #429 ) ;
#4100 = FACE_OUTER_BOUND ( 'NONE', #3293, .T. ) ;
#4101 = CARTESIAN_POINT ( 'NONE',  ( 8.750000000000298428, 24.70096189432365108, -150.0000000000000000 ) ) ;
#4102 = FACE_BOUND ( 'NONE', #5722, .T. ) ;
#4103 = CARTESIAN_POINT ( 'NONE',  ( 6.500000000000000888, 25.15833498349996233, 0.000000000000000000 ) ) ;
#4104 =( BOUNDED_CURVE ( )  B_SPLINE_CURVE ( 3, ( #10320, #8970, #3114, #4814 ),
 .UNSPECIFIED., .F., .F. ) 
 B_SPLINE_CURVE_WITH_KNOTS ( ( 4, 4 ),
 ( 0.000000000000000000, 1.570796326794896780 ),
 .UNSPECIFIED. ) 
 CURVE ( )  GEOMETRIC_REPRESENTATION_ITEM ( )  RATIONAL_B_SPLINE_CURVE ( ( 1.000000000000000000, 0.8047378541243649375, 0.8047378541243649375, 1.000000000000000000 ) ) 
 REPRESENTATION_ITEM ( '' )  );
#4105 = FACE_OUTER_BOUND ( 'NONE', #4313, .T. ) ;
#4106 = ORIENTED_EDGE ( 'NONE', *, *, #6185, .F. ) ;
#4107 = CARTESIAN_POINT ( 'NONE',  ( 2.458500000000003460, 16.00000000000000000, 0.000000000000000000 ) ) ;
#4108 = ORIENTED_EDGE ( 'NONE', *, *, #840, .F. ) ;
#4109 = DIRECTION ( 'NONE',  ( -0.5000000000002338130, -0.8660254037843035935, 0.000000000000000000 ) ) ;
#4110 = EDGE_LOOP ( 'NONE', ( #5773, #4683, #4071, #9449 ) ) ;
#4111 = EDGE_LOOP ( 'NONE', ( #6458, #4669 ) ) ;
#4112 = ORIENTED_EDGE ( 'NONE', *, *, #229, .F. ) ;
#4113 = DIRECTION ( 'NONE',  ( 1.000000000000000000, 0.000000000000000000, 0.000000000000000000 ) ) ;
#4114 = CARTESIAN_POINT ( 'NONE',  ( 1.000000000000000000, 32.99999999999944578, -17.00000000000000000 ) ) ;
#4115 = CARTESIAN_POINT ( 'NONE',  ( -6.759309155579775741, -24.98426238543857991, -151.9222887293126973 ) ) ;
#4116 = ORIENTED_EDGE ( 'NONE', *, *, #6578, .T. ) ;
#4117 = DIRECTION ( 'NONE',  ( 1.000000000000000000, 0.000000000000000000, 0.000000000000000000 ) ) ;
#4118 = FACE_BOUND ( 'NONE', #3720, .T. ) ;
#4119 = ORIENTED_EDGE ( 'NONE', *, *, #7512, .F. ) ;
#4120 = CYLINDRICAL_SURFACE ( 'NONE', #3306, 0.5000000000006370460 ) ;
#4121 = EDGE_CURVE ( 'NONE', #5956, #2602, #9594, .T. ) ;
#4122 = DIRECTION ( 'NONE',  ( -0.000000000000000000, -0.000000000000000000, -1.000000000000000000 ) ) ;
#4123 = EDGE_CURVE ( 'NONE', #6492, #6692, #123, .T. ) ;
#4124 = CIRCLE ( 'NONE', #2599, 3.400000000000000355 ) ;
#4125 = VERTEX_POINT ( 'NONE', #2050 ) ;
#4126 = CARTESIAN_POINT ( 'NONE',  ( 7.740330214800556163, 24.41786961281641055, -0.07782891771715104434 ) ) ;
#4127 = ORIENTED_EDGE ( 'NONE', *, *, #2629, .T. ) ;
#4128 = VECTOR ( 'NONE', #6654, 1000.000000000000000 ) ;
#4129 = CARTESIAN_POINT ( 'NONE',  ( 9.248999599679700978, 29.80000000000000071, -17.00000000000000000 ) ) ;
#4130 = CARTESIAN_POINT ( 'NONE',  ( -0.4999999999993793853, 25.50000000000000355, -121.0000000000000000 ) ) ;
#4131 = AXIS2_PLACEMENT_3D ( 'NONE', #9509, #8708, #5423 ) ;
#4132 = CARTESIAN_POINT ( 'NONE',  ( 1.399999999999387068, 30.00000000000000000, -17.00000000000001421 ) ) ;
#4133 = CYLINDRICAL_SURFACE ( 'NONE', #9392, 2.458500000000012786 ) ;
#4134 = EDGE_LOOP ( 'NONE', ( #3915, #1402, #2208 ) ) ;
#4135 = EDGE_CURVE ( 'NONE', #6261, #3253, #4469, .T. ) ;
#4136 = EDGE_LOOP ( 'NONE', ( #3323, #9450, #3614, #9791, #196, #6721 ) ) ;
#4137 = EDGE_CURVE ( 'NONE', #1011, #8753, #10043, .T. ) ;
#4138 = EDGE_CURVE ( 'NONE', #3793, #1474, #5422, .T. ) ;
#4139 = ORIENTED_EDGE ( 'NONE', *, *, #872, .F. ) ;
#4140 = AXIS2_PLACEMENT_3D ( 'NONE', #3409, #6636, #6998 ) ;
#4141 = CARTESIAN_POINT ( 'NONE',  ( 8.021096714234529301, 24.28012938607332671, 0.000000000000000000 ) ) ;
#4142 = DIRECTION ( 'NONE',  ( 0.000000000000000000, 0.000000000000000000, -1.000000000000000000 ) ) ;
#4143 = DIRECTION ( 'NONE',  ( 0.000000000000000000, 0.000000000000000000, 1.000000000000000000 ) ) ;
#4144 = DIRECTION ( 'NONE',  ( 0.000000000000000000, 1.000000000000000000, 0.000000000000000000 ) ) ;
#4145 = CARTESIAN_POINT ( 'NONE',  ( 8.000000000000000000, 26.00000000000000355, -148.0000000000000000 ) ) ;
#4146 = CARTESIAN_POINT ( 'NONE',  ( 11.79999999999944649, -16.00000000000000000, -3.299999999999445599 ) ) ;
#4147 = VECTOR ( 'NONE', #1571, 1000.000000000000000 ) ;
#4148 = ORIENTED_EDGE ( 'NONE', *, *, #8469, .F. ) ;
#4149 = CARTESIAN_POINT ( 'NONE',  ( -1.000000000000000000, 30.39999999999938751, -17.00000000000001421 ) ) ;
#4150 = EDGE_CURVE ( 'NONE', #2576, #5807, #3644, .T. ) ;
#4151 = AXIS2_PLACEMENT_3D ( 'NONE', #9499, #7859, #2191 ) ;
#4152 = CARTESIAN_POINT ( 'NONE',  ( -1.500000000000000000, 28.47151703059500960, -8.500000000000000000 ) ) ;
#4153 = AXIS2_PLACEMENT_3D ( 'NONE', #4935, #876, #6507 ) ;
#4154 = CIRCLE ( 'NONE', #8715, 0.2000000000005539014 ) ;
#4155 = CARTESIAN_POINT ( 'NONE',  ( 6.500000000000000000, 25.71586050222142106, -0.1270361508775770809 ) ) ;
#4156 = CARTESIAN_POINT ( 'NONE',  ( 8.000000000000000000, 26.00000000000000355, -152.0000000000000000 ) ) ;
#4157 = VECTOR ( 'NONE', #5629, 1000.000000000000000 ) ;
#4158 = CARTESIAN_POINT ( 'NONE',  ( 9.240330568358070096, 24.98405437995711154, -151.9221711976236406 ) ) ;
#4159 = ORIENTED_EDGE ( 'NONE', *, *, #5774, .T. ) ;
#4160 = AXIS2_PLACEMENT_3D ( 'NONE', #1186, #4390, #6226 ) ;
#4161 = DIRECTION ( 'NONE',  ( 1.000000000000000000, 0.000000000000000000, 0.000000000000000000 ) ) ;
#4162 = VERTEX_POINT ( 'NONE', #3726 ) ;
#4163 = ORIENTED_EDGE ( 'NONE', *, *, #5120, .F. ) ;
#4164 = DIRECTION ( 'NONE',  ( -0.5000000000002334799, 0.8660254037843038155, 0.000000000000000000 ) ) ;
#4165 =( BOUNDED_CURVE ( )  B_SPLINE_CURVE ( 3, ( #3593, #10146, #6817, #2059 ),
 .UNSPECIFIED., .F., .T. ) 
 B_SPLINE_CURVE_WITH_KNOTS ( ( 4, 4 ),
 ( 4.712388980384689674, 6.283185307179586232 ),
 .UNSPECIFIED. ) 
 CURVE ( )  GEOMETRIC_REPRESENTATION_ITEM ( )  RATIONAL_B_SPLINE_CURVE ( ( 1.000000000000000000, 0.8047378541243649375, 0.8047378541243649375, 1.000000000000000000 ) ) 
 REPRESENTATION_ITEM ( '' )  );
#4166 = VECTOR ( 'NONE', #900, 1000.000000000000114 ) ;
#4167 = VECTOR ( 'NONE', #2421, 1000.000000000000114 ) ;
#4168 = DIRECTION ( 'NONE',  ( 1.000000000000000000, 0.000000000000000000, 0.000000000000000000 ) ) ;
#4169 = DIRECTION ( 'NONE',  ( 0.000000000000000000, 0.000000000000000000, -1.000000000000000000 ) ) ;
#4170 = CONICAL_SURFACE ( 'NONE', #2973, 1.719999999999998419, 1.047197551196586307 ) ;
#4171 = ORIENTED_EDGE ( 'NONE', *, *, #9142, .F. ) ;
#4172 = DIRECTION ( 'NONE',  ( 0.000000000000000000, 0.000000000000000000, -1.000000000000000000 ) ) ;
#4173 = DIRECTION ( 'NONE',  ( -0.000000000000000000, -0.000000000000000000, -1.000000000000000000 ) ) ;
#4174 = ORIENTED_EDGE ( 'NONE', *, *, #7754, .F. ) ;
#4175 = CARTESIAN_POINT ( 'NONE',  ( -8.000000000000000000, -26.00000000000000355, -3.899999999999999911 ) ) ;
#4176 = AXIS2_PLACEMENT_3D ( 'NONE', #10315, #10368, #6290 ) ;
#4177 = FACE_BOUND ( 'NONE', #477, .T. ) ;
#4178 = ORIENTED_EDGE ( 'NONE', *, *, #1289, .F. ) ;
#4179 = CIRCLE ( 'NONE', #1000, 0.3999999999993869571 ) ;
#4180 = CARTESIAN_POINT ( 'NONE',  ( 11.50000000000000000, 26.00000000000000355, -0.3999999999999810929 ) ) ;
#4181 = VERTEX_POINT ( 'NONE', #576 ) ;
#4182 = DIRECTION ( 'NONE',  ( 0.000000000000000000, 0.000000000000000000, 1.000000000000000000 ) ) ;
#4183 = DIRECTION ( 'NONE',  ( 0.000000000000000000, -0.000000000000000000, 1.000000000000000000 ) ) ;
#4184 = LINE ( 'NONE', #8971, #565 ) ;
#4185 = DIRECTION ( 'NONE',  ( -0.000000000000000000, 0.000000000000000000, 1.000000000000000000 ) ) ;
#4186 = EDGE_LOOP ( 'NONE', ( #10208, #1922, #296, #4440 ) ) ;
#4187 = VERTEX_POINT ( 'NONE', #5367 ) ;
#4188 = AXIS2_PLACEMENT_3D ( 'NONE', #3167, #6398, #9638 ) ;
#4189 = CARTESIAN_POINT ( 'NONE',  ( 7.500000000000000000, 30.39999999999938751, -17.00000000000000000 ) ) ;
#4190 = EDGE_CURVE ( 'NONE', #3704, #10100, #1799, .T. ) ;
#4191 = CARTESIAN_POINT ( 'NONE',  ( 2.458500000000003460, 16.00000000000000000, -0.7915000000000260716 ) ) ;
#4192 = EDGE_CURVE ( 'NONE', #6137, #6108, #2100, .T. ) ;
#4193 = EDGE_CURVE ( 'NONE', #4334, #628, #1622, .T. ) ;
#4194 = DIRECTION ( 'NONE',  ( 0.000000000000000000, -0.000000000000000000, 1.000000000000000000 ) ) ;
#4195 = EDGE_CURVE ( 'NONE', #5365, #5632, #4154, .T. ) ;
#4196 = DIRECTION ( 'NONE',  ( -1.000000000000000000, 0.000000000000000000, 0.000000000000000000 ) ) ;
#4197 = ORIENTED_EDGE ( 'NONE', *, *, #3561, .F. ) ;
#4198 = DIRECTION ( 'NONE',  ( 0.000000000000000000, 0.000000000000000000, 1.000000000000000000 ) ) ;
#4199 = CARTESIAN_POINT ( 'NONE',  ( 8.000000000000000000, 27.73205080756899932, -150.0000000000000000 ) ) ;
#4200 = CARTESIAN_POINT ( 'NONE',  ( 8.500907784476311235, 24.55714843663776037, -0.1267986447599553090 ) ) ;
#4201 = EDGE_CURVE ( 'NONE', #1996, #2475, #2930, .T. ) ;
#4202 = CARTESIAN_POINT ( 'NONE',  ( -9.500000000000000000, -26.86602540378400050, 0.000000000000000000 ) ) ;
#4203 = ADVANCED_FACE ( 'NONE', ( #2835 ), #7863, .F. ) ;
#4204 = APPLICATION_CONTEXT ( 'automotive_design' ) ;
#4205 = EDGE_CURVE ( 'NONE', #3043, #6622, #6605, .T. ) ;
#4206 = FACE_OUTER_BOUND ( 'NONE', #2013, .T. ) ;
#4207 = DIRECTION ( 'NONE',  ( -0.8660254037842981534, -0.5000000000002433609, 0.000000000000000000 ) ) ;
#4208 = CARTESIAN_POINT ( 'NONE',  ( -3.750000000000000000, 7.250000000000000000, -152.0000000000000000 ) ) ;
#4209 = ORIENTED_EDGE ( 'NONE', *, *, #919, .F. ) ;
#4210 = FACE_OUTER_BOUND ( 'NONE', #5059, .T. ) ;
#4211 = ORIENTED_EDGE ( 'NONE', *, *, #6121, .T. ) ;
#4212 = ORIENTED_EDGE ( 'NONE', *, *, #575, .F. ) ;
#4213 = CARTESIAN_POINT ( 'NONE',  ( 6.759669431641821546, 27.01594562004282096, -0.07782880237738871998 ) ) ;
#4214 = CYLINDRICAL_SURFACE ( 'NONE', #8938, 0.3999999999993869571 ) ;
#4215 = DIRECTION ( 'NONE',  ( -0.000000000000000000, -0.000000000000000000, 1.000000000000000000 ) ) ;
#4216 = AXIS2_PLACEMENT_3D ( 'NONE', #9642, #4026, #4934 ) ;
#4217 = ADVANCED_FACE ( 'NONE', ( #3833 ), #6266, .T. ) ;
#4218 = VERTEX_POINT ( 'NONE', #7721 ) ;
#4220 = CARTESIAN_POINT ( 'NONE',  ( -9.500000000000000000, -25.13397459621599950, -150.0000000000000000 ) ) ;
#4219 = VECTOR ( 'NONE', #4088, 1000.000000000000000 ) ;
#4221 = CARTESIAN_POINT ( 'NONE',  ( 12.00000000000000000, 16.00000000000000000, -141.0415000000000418 ) ) ;
#4222 = ORIENTED_EDGE ( 'NONE', *, *, #2113, .T. ) ;
#4223 = CARTESIAN_POINT ( 'NONE',  ( 9.240330568358197993, 24.98405437995719680, -0.07782880237738248885 ) ) ;
#4224 = CARTESIAN_POINT ( 'NONE',  ( -2.458499999999998575, 14.55984404309425884, -145.9585000000000150 ) ) ;
#4225 = DIRECTION ( 'NONE',  ( -0.000000000000000000, -0.000000000000000000, -1.000000000000000000 ) ) ;
#4226 = AXIS2_PLACEMENT_3D ( 'NONE', #7619, #10050, #8709 ) ;
#4227 = AXIS2_PLACEMENT_3D ( 'NONE', #6740, #5845, #2821 ) ;
#4228 = ORIENTED_EDGE ( 'NONE', *, *, #3079, .T. ) ;
#4229 = DIRECTION ( 'NONE',  ( 0.000000000000000000, 0.000000000000000000, 1.000000000000000000 ) ) ;
#4230 = ORIENTED_EDGE ( 'NONE', *, *, #10194, .T. ) ;
#4231 = AXIS2_PLACEMENT_3D ( 'NONE', #3916, #5551, #3062 ) ;
#4232 = CARTESIAN_POINT ( 'NONE',  ( -1.440155956905744716, 18.45850000000000080, -9.940155956905746493 ) ) ;
#4234 = DIRECTION ( 'NONE',  ( 0.2588190451025200178, 0.9659258262890685343, 0.000000000000000000 ) ) ;
#4233 = AXIS2_PLACEMENT_3D ( 'NONE', #1182, #2901, #3690 ) ;
#4235 = CARTESIAN_POINT ( 'NONE',  ( -11.55000000000000249, 27.50000000000000000, -135.0000000000000000 ) ) ;
#4236 = EDGE_LOOP ( 'NONE', ( #6509, #4112, #9550, #10062, #9562, #3476, #8701 ) ) ;
#4237 = ORIENTED_EDGE ( 'NONE', *, *, #7691, .F. ) ;
#4238 = ORIENTED_EDGE ( 'NONE', *, *, #3432, .T. ) ;
#4239 = VECTOR ( 'NONE', #10058, 1000.000000000000114 ) ;
#4240 = DIRECTION ( 'NONE',  ( 0.000000000000000000, 0.000000000000000000, -1.000000000000000000 ) ) ;
#4241 = CIRCLE ( 'NONE', #7641, 13.99999999999323563 ) ;
#4242 = DIRECTION ( 'NONE',  ( -0.000000000000000000, -0.000000000000000000, -1.000000000000000000 ) ) ;
#4243 = FACE_OUTER_BOUND ( 'NONE', #9531, .T. ) ;
#4244 = CYLINDRICAL_SURFACE ( 'NONE', #2803, 3.499999999999999556 ) ;
#4245 = CARTESIAN_POINT ( 'NONE',  ( 2.458500000000000796, -16.00000000000000000, -6.041500000000000092 ) ) ;
#4246 = CARTESIAN_POINT ( 'NONE',  ( -2.458500000000012786, -16.00000000000000000, -145.9585000000000150 ) ) ;
#4247 = DIRECTION ( 'NONE',  ( -1.000000000000000000, 0.000000000000000000, 0.000000000000000000 ) ) ;
#4248 = AXIS2_PLACEMENT_3D ( 'NONE', #9912, #5885, #5985 ) ;
#4249 = ADVANCED_FACE ( 'NONE', ( #4731 ), #7375, .F. ) ;
#4250 = ADVANCED_FACE ( 'NONE', ( #4841 ), #4787, .F. ) ;
#4251 = EDGE_CURVE ( 'NONE', #10287, #4417, #5840, .T. ) ;
#4252 = AXIS2_PLACEMENT_3D ( 'NONE', #5865, #916, #1024 ) ;
#4253 = FACE_BOUND ( 'NONE', #358, .T. ) ;
#4254 = DIRECTION ( 'NONE',  ( 1.000000000000000000, 0.000000000000000000, 0.000000000000000000 ) ) ;
#4255 = DIRECTION ( 'NONE',  ( -0.000000000000000000, -0.000000000000000000, 1.000000000000000000 ) ) ;
#4256 = DIRECTION ( 'NONE',  ( 1.000000000000000000, 0.000000000000000000, 0.000000000000000000 ) ) ;
#4257 = DIRECTION ( 'NONE',  ( -1.000000000000000000, 0.000000000000000000, 0.000000000000000000 ) ) ;
#4258 = FACE_OUTER_BOUND ( 'NONE', #6790, .T. ) ;
#4259 = DIRECTION ( 'NONE',  ( 0.000000000000000000, 0.000000000000000000, 1.000000000000000000 ) ) ;
#4260 = ORIENTED_EDGE ( 'NONE', *, *, #8494, .F. ) ;
#4261 = AXIS2_PLACEMENT_3D ( 'NONE', #5696, #1629, #8948 ) ;
#4262 = DIRECTION ( 'NONE',  ( -0.000000000000000000, -0.000000000000000000, -1.000000000000000000 ) ) ;
#4263 = VERTEX_POINT ( 'NONE', #3939 ) ;
#4264 = ORIENTED_EDGE ( 'NONE', *, *, #7429, .F. ) ;
#4265 = ORIENTED_EDGE ( 'NONE', *, *, #407, .F. ) ;
#4266 = ADVANCED_FACE ( 'NONE', ( #4890, #9664 ), #8134, .F. ) ;
#4267 = CIRCLE ( 'NONE', #5615, 1.499999999999997335 ) ;
#4268 = EDGE_CURVE ( 'NONE', #1853, #426, #4998, .T. ) ;
#4269 = FACE_OUTER_BOUND ( 'NONE', #835, .T. ) ;
#4270 = CARTESIAN_POINT ( 'NONE',  ( 0.000000000000000000, 0.000000000000000000, 2.000000000000000000 ) ) ;
#4271 = DIRECTION ( 'NONE',  ( 1.000000000000000000, 0.000000000000000000, -0.000000000000000000 ) ) ;
#4272 = ORIENTED_EDGE ( 'NONE', *, *, #4956, .F. ) ;
#4273 = CYLINDRICAL_SURFACE ( 'NONE', #1790, 2.458499999999993690 ) ;
#4274 = DIRECTION ( 'NONE',  ( -0.8660254037842989305, 0.5000000000002421396, 0.000000000000000000 ) ) ;
#4275 = ORIENTED_EDGE ( 'NONE', *, *, #2910, .F. ) ;
#4276 = DIRECTION ( 'NONE',  ( 1.000000000000000000, -6.870191984066601393E-16, 0.000000000000000000 ) ) ;
#4277 = DIRECTION ( 'NONE',  ( 0.000000000000000000, 0.000000000000000000, -1.000000000000000000 ) ) ;
#4278 = DIRECTION ( 'NONE',  ( 1.000000000000000000, -0.000000000000000000, -0.000000000000000000 ) ) ;
#4279 = ADVANCED_FACE ( 'NONE', ( #2410, #4102, #5630, #3246, #2463, #10396 ), #5525, .F. ) ;
#4280 = EDGE_CURVE ( 'NONE', #8849, #3041, #2462, .T. ) ;
#4281 = EDGE_LOOP ( 'NONE', ( #5206, #8034 ) ) ;
#4282 = CARTESIAN_POINT ( 'NONE',  ( -12.00000000000000000, -22.00000000000000000, -4.000000000000000000 ) ) ;
#4283 = ORIENTED_EDGE ( 'NONE', *, *, #1241, .F. ) ;
#4284 = DIRECTION ( 'NONE',  ( -1.000000000000000000, -0.000000000000000000, -0.000000000000000000 ) ) ;
#4285 = CYLINDRICAL_SURFACE ( 'NONE', #7827, 2.458499999999974595 ) ;
#4286 = DIRECTION ( 'NONE',  ( 0.000000000000000000, 0.000000000000000000, 1.000000000000000000 ) ) ;
#4287 = EDGE_LOOP ( 'NONE', ( #3229, #9990, #9293, #1376 ) ) ;
#4288 = ORIENTED_EDGE ( 'NONE', *, *, #2453, .T. ) ;
#4289 = CARTESIAN_POINT ( 'NONE',  ( 8.000000000000000000, 26.00000000000000355, -148.0000000000000000 ) ) ;
#4290 = AXIS2_PLACEMENT_3D ( 'NONE', #3396, #1143, #4142 ) ;
#4291 = DIRECTION ( 'NONE',  ( 0.000000000000000000, 0.000000000000000000, -1.000000000000000000 ) ) ;
#4292 = ORIENTED_EDGE ( 'NONE', *, *, #1695, .F. ) ;
#4293 = ORIENTED_EDGE ( 'NONE', *, *, #3561, .T. ) ;
#4294 = CARTESIAN_POINT ( 'NONE',  ( 6.500000000000000888, 26.00000000000025224, -151.8729829407772343 ) ) ;
#4295 = CARTESIAN_POINT ( 'NONE',  ( 0.000000000000000000, -16.00000000000000000, -151.2084999999999866 ) ) ;
#4296 = VERTEX_POINT ( 'NONE', #8881 ) ;
#4297 = DIRECTION ( 'NONE',  ( 0.000000000000000000, 0.000000000000000000, -1.000000000000000000 ) ) ;
#4298 = CARTESIAN_POINT ( 'NONE',  ( -11.79999999999944649, -16.00000000000000000, -8.500000000000000000 ) ) ;
#4299 = CIRCLE ( 'NONE', #1117, 4.000000000000305533 ) ;
#4300 = CARTESIAN_POINT ( 'NONE',  ( 8.000000000000000000, 26.00000000000000355, -152.0000000000000000 ) ) ;
#4301 = EDGE_CURVE ( 'NONE', #6716, #9239, #7279, .T. ) ;
#4302 = CARTESIAN_POINT ( 'NONE',  ( -2.114726455570120400, 26.96507328603669862, -17.00000000000000000 ) ) ;
#4303 = AXIS2_PLACEMENT_3D ( 'NONE', #8765, #839, #52 ) ;
#4304 = CARTESIAN_POINT ( 'NONE',  ( 2.458500000000012786, -16.00000000000000000, -145.9585000000000150 ) ) ;
#4305 = EDGE_CURVE ( 'NONE', #2383, #747, #1455, .T. ) ;
#4306 = CARTESIAN_POINT ( 'NONE',  ( -8.350000000000280309, -29.50000000000000355, -135.0000000000000000 ) ) ;
#4307 = CARTESIAN_POINT ( 'NONE',  ( 0.000000000000000000, 0.000000000000000000, 7.999999999999992895 ) ) ;
#4308 = DIRECTION ( 'NONE',  ( -1.000000000000000000, 0.000000000000000000, 0.000000000000000000 ) ) ;
#4309 = ORIENTED_EDGE ( 'NONE', *, *, #4093, .T. ) ;
#4310 = ORIENTED_EDGE ( 'NONE', *, *, #10344, .T. ) ;
#4311 = ORIENTED_EDGE ( 'NONE', *, *, #5297, .F. ) ;
#4312 = AXIS2_PLACEMENT_3D ( 'NONE', #8019, #8184, #2405 ) ;
#4313 = EDGE_LOOP ( 'NONE', ( #8786, #10086, #9606, #2323, #8414, #2360, #3963, #7236 ) ) ;
#4314 = AXIS2_PLACEMENT_3D ( 'NONE', #6083, #1137, #6774 ) ;
#4315 = AXIS2_PLACEMENT_3D ( 'NONE', #3136, #7170, #3991 ) ;
#4316 = CARTESIAN_POINT ( 'NONE',  ( 2.458499999999995911, 14.55984404309425884, -10.95849999999999547 ) ) ;
#4317 = DIRECTION ( 'NONE',  ( 0.000000000000000000, 0.000000000000000000, -1.000000000000000000 ) ) ;
#4318 = DIRECTION ( 'NONE',  ( 1.000000000000000000, 0.000000000000000000, 0.000000000000000000 ) ) ;
#4319 = EDGE_CURVE ( 'NONE', #1177, #6612, #103, .T. ) ;
#4320 = VERTEX_POINT ( 'NONE', #4044 ) ;
#4321 = EDGE_CURVE ( 'NONE', #2691, #4809, #9773, .T. ) ;
#4322 = EDGE_CURVE ( 'NONE', #8088, #10306, #7225, .T. ) ;
#4323 = DIRECTION ( 'NONE',  ( -1.000000000000000000, -0.000000000000000000, -0.000000000000000000 ) ) ;
#4324 = DIRECTION ( 'NONE',  ( 0.000000000000000000, 0.000000000000000000, 1.000000000000000000 ) ) ;
#4325 = EDGE_CURVE ( 'NONE', #4296, #6137, #7917, .T. ) ;
#4326 = EDGE_LOOP ( 'NONE', ( #2070, #7772, #5098, #6210 ) ) ;
#4327 = CARTESIAN_POINT ( 'NONE',  ( -12.00000000000000000, -16.00000000000000000, -141.0415000000000134 ) ) ;
#4328 = CARTESIAN_POINT ( 'NONE',  ( -6.500000000000000888, -26.00000000000000355, -2.000000000000000000 ) ) ;
#4329 = DIRECTION ( 'NONE',  ( 0.000000000000000000, 0.000000000000000000, 1.000000000000000000 ) ) ;
#4330 = AXIS2_PLACEMENT_3D ( 'NONE', #4152, #2561, #9037 ) ;
#4331 = AXIS2_PLACEMENT_3D ( 'NONE', #3403, #6836, #6634 ) ;
#4332 = ADVANCED_FACE ( 'NONE', ( #9714 ), #684, .T. ) ;
#4333 = DIRECTION ( 'NONE',  ( -1.000000000000000000, 0.000000000000000000, 0.000000000000000000 ) ) ;
#4334 = VERTEX_POINT ( 'NONE', #6314 ) ;
#4335 = AXIS2_PLACEMENT_3D ( 'NONE', #2089, #5948, #7709 ) ;
#4336 = VECTOR ( 'NONE', #8313, 1000.000000000000000 ) ;
#4337 = CARTESIAN_POINT ( 'NONE',  ( -4.900000000000022560, -26.00000000000000355, -152.0000000000000000 ) ) ;
#4338 = ADVANCED_FACE ( 'NONE', ( #2297 ), #8764, .T. ) ;
#4339 = VECTOR ( 'NONE', #2293, 999.9999999999998863 ) ;
#4340 = DIRECTION ( 'NONE',  ( -0.000000000000000000, -0.000000000000000000, -1.000000000000000000 ) ) ;
#4341 = DIRECTION ( 'NONE',  ( 0.7071067811865479058, 0.000000000000000000, 0.7071067811865470176 ) ) ;
#4342 = VERTEX_POINT ( 'NONE', #162 ) ;
#4343 = ORIENTED_EDGE ( 'NONE', *, *, #2513, .T. ) ;
#4344 = VECTOR ( 'NONE', #744, 1000.000000000000000 ) ;
#4345 = DIRECTION ( 'NONE',  ( 0.000000000000000000, 0.000000000000000000, -1.000000000000000000 ) ) ;
#4346 = DIRECTION ( 'NONE',  ( 1.084202172485483110E-16, 1.000000000000000000, -0.000000000000000000 ) ) ;
#4347 = DIRECTION ( 'NONE',  ( 0.000000000000000000, 0.000000000000000000, -1.000000000000000000 ) ) ;
#4348 = VERTEX_POINT ( 'NONE', #4948 ) ;
#4349 = ORIENTED_EDGE ( 'NONE', *, *, #8436, .F. ) ;
#4350 = CARTESIAN_POINT ( 'NONE',  ( -9.349999999999988987, 34.99999999999999289, -135.0000000000000000 ) ) ;
#4351 = AXIS2_PLACEMENT_3D ( 'NONE', #1949, #9834, #2573 ) ;
#4352 = EDGE_CURVE ( 'NONE', #451, #9813, #9240, .T. ) ;
#4353 = DIRECTION ( 'NONE',  ( 0.000000000000000000, 0.000000000000000000, -1.000000000000000000 ) ) ;
#4354 = VERTEX_POINT ( 'NONE', #9977 ) ;
#4355 = FACE_OUTER_BOUND ( 'NONE', #5898, .T. ) ;
#4356 = DIRECTION ( 'NONE',  ( -1.000000000000000000, 0.000000000000000000, 0.000000000000000000 ) ) ;
#4357 = VERTEX_POINT ( 'NONE', #3408 ) ;
#4358 = CARTESIAN_POINT ( 'NONE',  ( 12.00000000000000000, -16.00000000000000000, -3.299999999999445599 ) ) ;
#4359 = CARTESIAN_POINT ( 'NONE',  ( 1.399999999999387068, 30.39999999999938751, -17.00000000000001421 ) ) ;
#4360 = PLANE ( 'NONE',  #5524 ) ;
#4361 = CARTESIAN_POINT ( 'NONE',  ( -4.100000000000000533, 0.000000000000000000, 8.600000000000093792 ) ) ;
#4362 = DIRECTION ( 'NONE',  ( 0.5000000000002420286, 0.8660254037842989305, 0.000000000000000000 ) ) ;
#4363 = LINE ( 'NONE', #323, #5908 ) ;
#4364 = DIRECTION ( 'NONE',  ( -0.000000000000000000, -0.000000000000000000, 1.000000000000000000 ) ) ;
#4365 = LINE ( 'NONE', #7550, #6924 ) ;
#4366 = VERTEX_POINT ( 'NONE', #9816 ) ;
#4367 = CARTESIAN_POINT ( 'NONE',  ( -8.000000000000000000, -26.00000000000000355, -0.3999999999999810929 ) ) ;
#4368 = EDGE_LOOP ( 'NONE', ( #5531, #7534, #7200, #7006, #3425 ) ) ;
#4369 = VERTEX_POINT ( 'NONE', #8388 ) ;
#4370 = ORIENTED_EDGE ( 'NONE', *, *, #9064, .T. ) ;
#4371 = DIRECTION ( 'NONE',  ( -0.000000000000000000, -0.000000000000000000, -1.000000000000000000 ) ) ;
#4372 = FACE_OUTER_BOUND ( 'NONE', #57, .T. ) ;
#4373 = LINE ( 'NONE', #7562, #10212 ) ;
#4374 = EDGE_CURVE ( 'NONE', #1387, #10306, #7596, .T. ) ;
#4375 = ORIENTED_EDGE ( 'NONE', *, *, #5467, .F. ) ;
#4376 = CARTESIAN_POINT ( 'NONE',  ( -1.649999999999999911, 33.20000000000000284, -17.00000000000000000 ) ) ;
#4377 = CARTESIAN_POINT ( 'NONE',  ( -2.458500000000003460, 16.00000000000000000, -151.2085000000000150 ) ) ;
#4378 = ORIENTED_EDGE ( 'NONE', *, *, #7527, .F. ) ;
#4379 = CARTESIAN_POINT ( 'NONE',  ( -2.458500000000012786, -16.00000000000000000, -145.9585000000000150 ) ) ;
#4380 = CARTESIAN_POINT ( 'NONE',  ( -12.00000000000000533, 26.00000000000094857, -135.0000000000000000 ) ) ;
#4381 = EDGE_CURVE ( 'NONE', #1073, #504, #6797, .T. ) ;
#4382 = ADVANCED_FACE ( 'NONE', ( #9038 ), #7019, .F. ) ;
#4383 = AXIS2_PLACEMENT_3D ( 'NONE', #4950, #9143, #8293 ) ;
#4384 = ADVANCED_FACE ( 'NONE', ( #4999, #4253, #263 ), #2659, .T. ) ;
#4385 = DIRECTION ( 'NONE',  ( -0.000000000000000000, -0.000000000000000000, 1.000000000000000000 ) ) ;
#4386 = ORIENTED_EDGE ( 'NONE', *, *, #6611, .F. ) ;
#4387 = CARTESIAN_POINT ( 'NONE',  ( -12.00000000000000000, -22.00000000000000000, -152.0000000000000000 ) ) ;
#4388 = VECTOR ( 'NONE', #3303, 1000.000000000000000 ) ;
#4389 = CARTESIAN_POINT ( 'NONE',  ( -1.449999999999445954, 33.40000000000055280, -152.0010000000000048 ) ) ;
#4390 = DIRECTION ( 'NONE',  ( 0.000000000000000000, 0.000000000000000000, -1.000000000000000000 ) ) ;
#4391 = ORIENTED_EDGE ( 'NONE', *, *, #2076, .T. ) ;
#4392 = ORIENTED_EDGE ( 'NONE', *, *, #9520, .F. ) ;
#4393 = ORIENTED_EDGE ( 'NONE', *, *, #1756, .F. ) ;
#4394 = EDGE_CURVE ( 'NONE', #6016, #1437, #457, .T. ) ;
#4395 = EDGE_CURVE ( 'NONE', #8892, #7288, #511, .T. ) ;
#4396 = VECTOR ( 'NONE', #1135, 1000.000000000000227 ) ;
#4397 = CARTESIAN_POINT ( 'NONE',  ( -4.352726514326100471, -30.00000000000000000, 0.000000000000000000 ) ) ;
#4398 = VECTOR ( 'NONE', #7160, 1000.000000000000227 ) ;
#4399 = DIRECTION ( 'NONE',  ( -1.000000000000000000, 0.000000000000000000, 0.000000000000000000 ) ) ;
#4400 = VERTEX_POINT ( 'NONE', #4358 ) ;
#4401 = ORIENTED_EDGE ( 'NONE', *, *, #5879, .F. ) ;
#4402 = FACE_OUTER_BOUND ( 'NONE', #10184, .T. ) ;
#4403 = LINE ( 'NONE', #3451, #7790 ) ;
#4404 = ORIENTED_EDGE ( 'NONE', *, *, #9064, .F. ) ;
#4405 = VECTOR ( 'NONE', #396, 1000.000000000000000 ) ;
#4406 = CARTESIAN_POINT ( 'NONE',  ( 11.79999999999944649, -16.00000000000000000, -3.499999999999999556 ) ) ;
#4407 = DIRECTION ( 'NONE',  ( 0.000000000000000000, 0.000000000000000000, 1.000000000000000000 ) ) ;
#4408 = AXIS2_PLACEMENT_3D ( 'NONE', #7831, #1383, #6979 ) ;
#4409 = EDGE_CURVE ( 'NONE', #3429, #2780, #9186, .T. ) ;
#4410 = ADVANCED_FACE ( 'NONE', ( #6841, #6949, #2868 ), #6047, .T. ) ;
#4411 = AXIS2_PLACEMENT_3D ( 'NONE', #254, #4940, #8175 ) ;
#4412 = LINE ( 'NONE', #7490, #7357 ) ;
#4413 = CARTESIAN_POINT ( 'NONE',  ( -9.500000000000000000, -26.86602540378400050, 0.000000000000000000 ) ) ;
#4414 = CARTESIAN_POINT ( 'NONE',  ( -1.738422021547134655, -17.73842202154713732, -145.2384220215471657 ) ) ;
#4415 = CARTESIAN_POINT ( 'NONE',  ( 0.000000000000000000, 0.000000000000000000, 2.000000000000001776 ) ) ;
#4416 = CARTESIAN_POINT ( 'NONE',  ( -8.000000000000000000, -16.00000000000000000, -8.500000000000000000 ) ) ;
#4417 = VERTEX_POINT ( 'NONE', #8496 ) ;
#4418 = CARTESIAN_POINT ( 'NONE',  ( 1.738422021547133767, -17.73842202154713732, -145.2384220215471373 ) ) ;
#4419 = EDGE_LOOP ( 'NONE', ( #958, #8691, #5521, #8033 ) ) ;
#4420 = ORIENTED_EDGE ( 'NONE', *, *, #8153, .F. ) ;
#4421 = CARTESIAN_POINT ( 'NONE',  ( 8.000000000000000000, 27.73205080756899932, 0.000000000000000000 ) ) ;
#4422 = CIRCLE ( 'NONE', #4062, 0.5000000000006370460 ) ;
#4423 = CARTESIAN_POINT ( 'NONE',  ( 9.500000000000000000, 25.15833498349996233, 0.000000000000000000 ) ) ;
#4424 = PLANE ( 'NONE',  #9221 ) ;
#4425 = VECTOR ( 'NONE', #3193, 1000.000000000000000 ) ;
#4426 = ORIENTED_EDGE ( 'NONE', *, *, #2565, .T. ) ;
#4427 = DIRECTION ( 'NONE',  ( 0.000000000000000000, 0.000000000000000000, 1.000000000000000000 ) ) ;
#4428 = DIRECTION ( 'NONE',  ( 0.000000000000000000, 0.000000000000000000, 1.000000000000000000 ) ) ;
#4429 = EDGE_LOOP ( 'NONE', ( #10371, #301, #5167, #655 ) ) ;
#4430 = DIRECTION ( 'NONE',  ( 0.000000000000000000, 0.000000000000000000, -1.000000000000000000 ) ) ;
#4431 = ORIENTED_EDGE ( 'NONE', *, *, #10015, .F. ) ;
#4432 = PLANE ( 'NONE',  #3870 ) ;
#4433 = CARTESIAN_POINT ( 'NONE',  ( -1.000000000000000000, 32.99999999999944578, -135.0000000000000000 ) ) ;
#4434 = ORIENTED_EDGE ( 'NONE', *, *, #7873, .T. ) ;
#4435 = EDGE_CURVE ( 'NONE', #3444, #5364, #10422, .T. ) ;
#4436 = CARTESIAN_POINT ( 'NONE',  ( -1.958499999993985830, -16.00000000000000000, -12.49999999999396749 ) ) ;
#4437 = EDGE_CURVE ( 'NONE', #9009, #8598, #9921, .T. ) ;
#4438 = CARTESIAN_POINT ( 'NONE',  ( 0.000000000000000000, 16.00000000000000000, 0.000000000000000000 ) ) ;
#4439 = LINE ( 'NONE', #3747, #1619 ) ;
#4440 = ORIENTED_EDGE ( 'NONE', *, *, #1885, .T. ) ;
#4441 = EDGE_LOOP ( 'NONE', ( #8246, #878 ) ) ;
#4442 = CIRCLE ( 'NONE', #262, 2.458499999999988361 ) ;
#4443 = FACE_OUTER_BOUND ( 'NONE', #402, .T. ) ;
#4444 = ORIENTED_EDGE ( 'NONE', *, *, #2658, .T. ) ;
#4445 = EDGE_CURVE ( 'NONE', #1107, #8472, #1690, .T. ) ;
#4446 = ORIENTED_EDGE ( 'NONE', *, *, #8952, .F. ) ;
#4447 = CARTESIAN_POINT ( 'NONE',  ( -6.850000000000002309, 33.20000000000000284, -152.0010000000000048 ) ) ;
#4448 = ADVANCED_FACE ( 'NONE', ( #2364 ), #5535, .F. ) ;
#4449 = ORIENTED_EDGE ( 'NONE', *, *, #154, .T. ) ;
#4450 = ADVANCED_FACE ( 'NONE', ( #8773 ), #63, .T. ) ;
#4451 = CARTESIAN_POINT ( 'NONE',  ( -8.000000000000000000, -26.00000000000000355, -152.0000000000000000 ) ) ;
#4452 = CARTESIAN_POINT ( 'NONE',  ( 6.850000000000001421, 33.20000000000000284, -152.0010000000000048 ) ) ;
#4453 = ORIENTED_EDGE ( 'NONE', *, *, #6309, .T. ) ;
#4454 = AXIS2_PLACEMENT_3D ( 'NONE', #2123, #3656, #7840 ) ;
#4455 = CARTESIAN_POINT ( 'NONE',  ( -12.00000000000000000, -16.00000000000000000, -3.299999999999445599 ) ) ;
#4456 = DIRECTION ( 'NONE',  ( 0.000000000000000000, 0.000000000000000000, -1.000000000000000000 ) ) ;
#4457 = DIRECTION ( 'NONE',  ( 0.000000000000000000, 0.000000000000000000, -1.000000000000000000 ) ) ;
#4458 = B_SPLINE_CURVE_WITH_KNOTS ( 'NONE', 3,
 ( #9043, #1010, #2520, #3462, #4158, #6477 ),
 .UNSPECIFIED., .F., .F.,
 ( 4, 2, 4 ),
 ( 6.779041188059005090E-07, 0.0008498274060694064463, 0.001698976908020007103 ),
 .UNSPECIFIED. ) ;
#4459 = CARTESIAN_POINT ( 'NONE',  ( 12.00000000000000000, 22.00000000000000000, -152.0000000000000000 ) ) ;
#4460 = CARTESIAN_POINT ( 'NONE',  ( -8.000000000000000000, -26.00000000000000355, -2.000000000000000000 ) ) ;
#4461 = ORIENTED_EDGE ( 'NONE', *, *, #8178, .F. ) ;
#4462 = EDGE_CURVE ( 'NONE', #7905, #445, #1468, .T. ) ;
#4463 = VECTOR ( 'NONE', #7228, 1000.000000000000000 ) ;
#4464 = DIRECTION ( 'NONE',  ( 0.000000000000000000, 0.000000000000000000, -1.000000000000000000 ) ) ;
#4465 = ORIENTED_EDGE ( 'NONE', *, *, #1605, .F. ) ;
#4466 = ORIENTED_EDGE ( 'NONE', *, *, #9560, .T. ) ;
#4467 = EDGE_LOOP ( 'NONE', ( #78, #8909, #3780, #1905 ) ) ;
#4468 = CARTESIAN_POINT ( 'NONE',  ( -1.449999999999445954, 33.20000000000000284, -152.0010000000000048 ) ) ;
#4469 = LINE ( 'NONE', #4517, #2957 ) ;
#4470 = VECTOR ( 'NONE', #5841, 1000.000000000000000 ) ;
#4471 = CARTESIAN_POINT ( 'NONE',  ( 8.750000000000293099, 27.29903810567635247, -150.0000000000000000 ) ) ;
#4472 = LINE ( 'NONE', #7822, #2190 ) ;
#4473 = ORIENTED_EDGE ( 'NONE', *, *, #5161, .F. ) ;
#4474 = CARTESIAN_POINT ( 'NONE',  ( -9.478903285766065778, -26.87820559742598547, 0.000000000000000000 ) ) ;
#4475 = ORIENTED_EDGE ( 'NONE', *, *, #1932, .F. ) ;
#4476 = CIRCLE ( 'NONE', #9869, 8.000000000000611067 ) ;
#4477 = CARTESIAN_POINT ( 'NONE',  ( -8.000000000000000000, -26.00000000000000355, 0.000000000000000000 ) ) ;
#4478 = DIRECTION ( 'NONE',  ( -0.8660254037842989305, -0.5000000000002420286, 0.000000000000000000 ) ) ;
#4479 = AXIS2_PLACEMENT_3D ( 'NONE', #2593, #9853, #987 ) ;
#4480 = AXIS2_PLACEMENT_3D ( 'NONE', #9508, #8509, #1266 ) ;
#4481 = CARTESIAN_POINT ( 'NONE',  ( -2.458500000000000796, -16.00000000000000000, -6.041500000000000092 ) ) ;
#4482 = ORIENTED_EDGE ( 'NONE', *, *, #6193, .T. ) ;
#4483 = DIRECTION ( 'NONE',  ( -1.000000000000000000, 0.000000000000000000, 0.000000000000000000 ) ) ;
#4484 = DIRECTION ( 'NONE',  ( -1.000000000000000000, 0.000000000000000000, 0.000000000000000000 ) ) ;
#4485 = FACE_OUTER_BOUND ( 'NONE', #5295, .T. ) ;
#4486 = AXIS2_PLACEMENT_3D ( 'NONE', #8879, #6313, #3184 ) ;
#4487 = VERTEX_POINT ( 'NONE', #1480 ) ;
#4488 = ORIENTED_EDGE ( 'NONE', *, *, #4268, .F. ) ;
#4489 = VECTOR ( 'NONE', #2765, 1000.000000000000000 ) ;
#4490 = VECTOR ( 'NONE', #4278, 1000.000000000000000 ) ;
#4491 = CARTESIAN_POINT ( 'NONE',  ( -1.500000000000000000, 19.80000000000001137, -12.28299999999396164 ) ) ;
#4492 = ORIENTED_EDGE ( 'NONE', *, *, #3794, .T. ) ;
#4493 = CIRCLE ( 'NONE', #6699, 1.500000000000001554 ) ;
#4494 = ORIENTED_EDGE ( 'NONE', *, *, #2481, .T. ) ;
#4495 = CARTESIAN_POINT ( 'NONE',  ( 0.000000000000000000, -13.54149999999999388, -8.500000000000000000 ) ) ;
#4496 = ORIENTED_EDGE ( 'NONE', *, *, #2434, .F. ) ;
#4497 = DIRECTION ( 'NONE',  ( 0.000000000000000000, 0.000000000000000000, -1.000000000000000000 ) ) ;
#4498 = CYLINDRICAL_SURFACE ( 'NONE', #9253, 10.00000000000000000 ) ;
#4499 = ORIENTED_EDGE ( 'NONE', *, *, #6978, .T. ) ;
#4500 = VECTOR ( 'NONE', #8811, 1000.000000000000000 ) ;
#4501 = ADVANCED_FACE ( 'NONE', ( #2477 ), #2638, .T. ) ;
#4502 = ADVANCED_FACE ( 'NONE', ( #3152 ), #6528, .F. ) ;
#4503 = EDGE_CURVE ( 'NONE', #3897, #274, #1335, .T. ) ;
#4504 = PLANE ( 'NONE',  #3632 ) ;
#4505 = CARTESIAN_POINT ( 'NONE',  ( 4.500000000000000888, 26.00000000000000355, -149.1339745962199856 ) ) ;
#4506 = DIRECTION ( 'NONE',  ( -1.000000000000000000, 0.000000000000000000, 0.000000000000000000 ) ) ;
#4507 = CARTESIAN_POINT ( 'NONE',  ( -12.00000000000000000, 26.00000000000000355, -152.0000000000000000 ) ) ;
#4508 = CYLINDRICAL_SURFACE ( 'NONE', #4717, 3.999999999998710365 ) ;
#4509 = EDGE_LOOP ( 'NONE', ( #700, #5128, #170, #5118, #2267, #7397 ) ) ;
#4510 = DIRECTION ( 'NONE',  ( 0.000000000000000000, 0.000000000000000000, -1.000000000000000000 ) ) ;
#4511 = VERTEX_POINT ( 'NONE', #4906 ) ;
#4512 = VERTEX_POINT ( 'NONE', #8148 ) ;
#4513 = ADVANCED_FACE ( 'NONE', ( #9617 ), #8035, .F. ) ;
#4514 = VERTEX_POINT ( 'NONE', #9522 ) ;
#4515 = CARTESIAN_POINT ( 'NONE',  ( -8.000000000000000000, -26.00000000000000355, -148.0000000000000000 ) ) ;
#4516 = ADVANCED_FACE ( 'NONE', ( #800 ), #4006, .F. ) ;
#4518 = EDGE_CURVE ( 'NONE', #6432, #2964, #3655, .T. ) ;
#4517 = CARTESIAN_POINT ( 'NONE',  ( -1.499999999999999556, 28.47151703059500960, -12.78299999999998882 ) ) ;
#4519 = DIRECTION ( 'NONE',  ( 0.000000000000000000, -1.000000000000000000, 0.000000000000000000 ) ) ;
#4520 = PLANE ( 'NONE',  #8121 ) ;
#4521 = ORIENTED_EDGE ( 'NONE', *, *, #280, .T. ) ;
#4522 = CARTESIAN_POINT ( 'NONE',  ( -2.205642239911665303, -17.27120180318259202, -145.7056422399116968 ) ) ;
#4523 = EDGE_LOOP ( 'NONE', ( #5987, #8728, #3854 ) ) ;
#4524 = DIRECTION ( 'NONE',  ( 0.000000000000000000, 1.000000000000000000, 0.000000000000000000 ) ) ;
#4525 = ADVANCED_FACE ( 'NONE', ( #749 ), #9675, .F. ) ;
#4526 = CARTESIAN_POINT ( 'NONE',  ( 0.000000000000000000, 16.00000000000000000, -151.2085000000000150 ) ) ;
#4527 = CARTESIAN_POINT ( 'NONE',  ( -7.100000000000612488, 30.39999999999938751, -17.00000000000001421 ) ) ;
#4528 = EDGE_LOOP ( 'NONE', ( #3753, #7500, #7666, #4672, #500 ) ) ;
#4529 = CARTESIAN_POINT ( 'NONE',  ( 6.500000000000000888, 25.13397459621599950, -2.000000000000000000 ) ) ;
#4530 = VERTEX_POINT ( 'NONE', #3899 ) ;
#4531 = DIRECTION ( 'NONE',  ( 1.000000000000000000, 0.000000000000000000, 0.000000000000000000 ) ) ;
#4532 = LINE ( 'NONE', #2949, #2955 ) ;
#4533 = ORIENTED_EDGE ( 'NONE', *, *, #5399, .F. ) ;
#4534 = AXIS2_PLACEMENT_3D ( 'NONE', #1258, #7603, #2768 ) ;
#4535 = ORIENTED_EDGE ( 'NONE', *, *, #5741, .T. ) ;
#4536 = FACE_OUTER_BOUND ( 'NONE', #5519, .T. ) ;
#4537 = EDGE_LOOP ( 'NONE', ( #1521, #1446, #1076, #10317 ) ) ;
#4538 = VECTOR ( 'NONE', #6538, 1000.000000000000227 ) ;
#4539 = ORIENTED_EDGE ( 'NONE', *, *, #2061, .F. ) ;
#4540 = CARTESIAN_POINT ( 'NONE',  ( 12.00000000000000000, 22.00000000000000000, -152.0000000000000000 ) ) ;
#4541 = AXIS2_PLACEMENT_3D ( 'NONE', #4146, #8182, #9766 ) ;
#4542 = DIRECTION ( 'NONE',  ( 1.224646799147353207E-16, 1.000000000000000000, -0.000000000000000000 ) ) ;
#4543 = VERTEX_POINT ( 'NONE', #10355 ) ;
#4544 = VECTOR ( 'NONE', #6680, 1000.000000000000000 ) ;
#4545 = LINE ( 'NONE', #7047, #6025 ) ;
#4546 = CARTESIAN_POINT ( 'NONE',  ( 0.000000000000000000, 0.000000000000000000, -150.0000000000000000 ) ) ;
#4547 = ORIENTED_EDGE ( 'NONE', *, *, #3532, .T. ) ;
#4548 = CIRCLE ( 'NONE', #6087, 1.720000000000001084 ) ;
#4549 =( BOUNDED_CURVE ( )  B_SPLINE_CURVE ( 3, ( #2627, #1079, #7516, #5131 ),
 .UNSPECIFIED., .F., .F. ) 
 B_SPLINE_CURVE_WITH_KNOTS ( ( 4, 4 ),
 ( 3.141592653589793116, 4.712388980384689674 ),
 .UNSPECIFIED. ) 
 CURVE ( )  GEOMETRIC_REPRESENTATION_ITEM ( )  RATIONAL_B_SPLINE_CURVE ( ( 1.000000000000000000, 0.8047378541243649375, 0.8047378541243649375, 1.000000000000000000 ) ) 
 REPRESENTATION_ITEM ( '' )  );
#4550 = AXIS2_PLACEMENT_3D ( 'NONE', #7387, #9658, #4831 ) ;
#4551 = CARTESIAN_POINT ( 'NONE',  ( 0.5329999999999892601, 7.250000000000000888, -152.0000000000000000 ) ) ;
#4552 = CARTESIAN_POINT ( 'NONE',  ( 0.000000000000000000, 0.000000000000000000, -150.0000000000000000 ) ) ;
#4553 = CARTESIAN_POINT ( 'NONE',  ( 2.205642239911665747, -17.27120180318259557, -6.294357760088335141 ) ) ;
#4554 = CIRCLE ( 'NONE', #6945, 3.499999999999999556 ) ;
#4555 = CARTESIAN_POINT ( 'NONE',  ( -1.500000000000000000, 19.80000000000001137, -8.500000000000000000 ) ) ;
#4556 = ADVANCED_FACE ( 'NONE', ( #6329 ), #5642, .T. ) ;
#4557 = VERTEX_POINT ( 'NONE', #4857 ) ;
#4558 = ADVANCED_FACE ( 'NONE', ( #8092 ), #8236, .F. ) ;
#4559 = AXIS2_PLACEMENT_3D ( 'NONE', #10369, #4021, #9635 ) ;
#4560 = LINE ( 'NONE', #7812, #1983 ) ;
#4561 = EDGE_LOOP ( 'NONE', ( #1789, #1614 ) ) ;
#4562 = VERTEX_POINT ( 'NONE', #2617 ) ;
#4563 = B_SPLINE_CURVE_WITH_KNOTS ( 'NONE', 3,
 ( #6818, #9368, #8470, #2166 ),
 .UNSPECIFIED., .F., .F.,
 ( 4, 4 ),
 ( 0.000000000000000000, 0.0004269752087342333050 ),
 .UNSPECIFIED. ) ;
#4564 = VECTOR ( 'NONE', #2164, 1000.000000000000000 ) ;
#4565 = ORIENTED_EDGE ( 'NONE', *, *, #935, .F. ) ;
#4566 = LINE ( 'NONE', #4468, #2137 ) ;
#4567 = AXIS2_PLACEMENT_3D ( 'NONE', #3319, #5863, #2623 ) ;
#4568 = DIRECTION ( 'NONE',  ( -1.000000000000000000, -0.000000000000000000, -0.000000000000000000 ) ) ;
#4569 = CARTESIAN_POINT ( 'NONE',  ( -6.500000000000000888, -25.13397459621599950, 0.000000000000000000 ) ) ;
#4570 = AXIS2_PLACEMENT_3D ( 'NONE', #8776, #7134, #9679 ) ;
#4571 = DIRECTION ( 'NONE',  ( 1.000000000000000000, -0.000000000000000000, 0.000000000000000000 ) ) ;
#4572 = VERTEX_POINT ( 'NONE', #8197 ) ;
#4573 = EDGE_CURVE ( 'NONE', #1337, #6824, #6352, .T. ) ;
#4574 = CARTESIAN_POINT ( 'NONE',  ( -8.500000000000000000, -25.50000000000000355, -121.0000000000000000 ) ) ;
#4575 = ORIENTED_EDGE ( 'NONE', *, *, #7306, .F. ) ;
#4576 = EDGE_CURVE ( 'NONE', #4562, #8580, #174, .T. ) ;
#4577 = ORIENTED_EDGE ( 'NONE', *, *, #3150, .T. ) ;
#4578 = CIRCLE ( 'NONE', #3405, 5.049999999999971401 ) ;
#4579 = VECTOR ( 'NONE', #5966, 1000.000000000000000 ) ;
#4580 = CYLINDRICAL_SURFACE ( 'NONE', #2193, 2.458500000000002572 ) ;
#4581 = LINE ( 'NONE', #590, #7630 ) ;
#4582 = B_SPLINE_CURVE_WITH_KNOTS ( 'NONE', 3,
 ( #8602, #7222, #4200, #8280, #4223, #3373 ),
 .UNSPECIFIED., .F., .F.,
 ( 4, 2, 4 ),
 ( 6.779041188087902678E-07, 0.0008498274060695900018, 0.001698976908020371178 ),
 .UNSPECIFIED. ) ;
#4583 = ORIENTED_EDGE ( 'NONE', *, *, #3874, .F. ) ;
#4584 = CARTESIAN_POINT ( 'NONE',  ( -4.352726514326100471, -30.00000000000000000, -152.0000000000000000 ) ) ;
#4585 = ORIENTED_EDGE ( 'NONE', *, *, #3730, .T. ) ;
#4586 = DIRECTION ( 'NONE',  ( 0.000000000000000000, 0.000000000000000000, -1.000000000000000000 ) ) ;
#4587 = ORIENTED_EDGE ( 'NONE', *, *, #4000, .F. ) ;
#4588 = ADVANCED_FACE ( 'NONE', ( #6647 ), #8300, .F. ) ;
#4589 = VERTEX_POINT ( 'NONE', #7557 ) ;
#4590 = CIRCLE ( 'NONE', #4749, 1.719999999999998419 ) ;
#4591 = PRODUCT_RELATED_PRODUCT_CATEGORY ( 'part', '', ( #6599 ) ) ;
#4592 = LINE ( 'NONE', #2077, #7283 ) ;
#4593 = ORIENTED_EDGE ( 'NONE', *, *, #6521, .F. ) ;
#4594 = EDGE_LOOP ( 'NONE', ( #6479, #6566, #5420, #127, #7344, #10232, #2221 ) ) ;
#4595 = CARTESIAN_POINT ( 'NONE',  ( 7.500000000000000000, 30.00000000000000000, -152.0010000000000048 ) ) ;
#4596 = CYLINDRICAL_SURFACE ( 'NONE', #10364, 0.3999999999993869571 ) ;
#4597 = LINE ( 'NONE', #7950, #2791 ) ;
#4598 = VERTEX_POINT ( 'NONE', #5121 ) ;
#4599 = CARTESIAN_POINT ( 'NONE',  ( 8.000000000000000000, 26.00000000000000355, -0.3999999999999810929 ) ) ;
#4600 = CARTESIAN_POINT ( 'NONE',  ( 1.958499999993985830, -16.00000000000000000, -12.99999999999999467 ) ) ;
#4601 = CARTESIAN_POINT ( 'NONE',  ( -8.500907784476305906, -24.55714843663776037, -0.1267986447599539768 ) ) ;
#4602 = DIRECTION ( 'NONE',  ( 0.000000000000000000, 0.000000000000000000, 1.000000000000000000 ) ) ;
#4603 = DIRECTION ( 'NONE',  ( 1.000000000000000000, 0.000000000000000000, -0.000000000000000000 ) ) ;
#4604 = CARTESIAN_POINT ( 'NONE',  ( -1.500000000000000000, 19.80000000000001137, -8.500000000000000000 ) ) ;
#4605 = CARTESIAN_POINT ( 'NONE',  ( 4.500000000000000888, 26.00000000000000355, -3.899999999999999911 ) ) ;
#4606 = ORIENTED_EDGE ( 'NONE', *, *, #8393, .T. ) ;
#4607 = DIRECTION ( 'NONE',  ( 1.000000000000000000, 0.000000000000000000, 0.000000000000000000 ) ) ;
#4608 = ORIENTED_EDGE ( 'NONE', *, *, #5802, .T. ) ;
#4609 = VERTEX_POINT ( 'NONE', #379 ) ;
#4610 = DIRECTION ( 'NONE',  ( 1.000000000000000000, 0.000000000000000000, 0.000000000000000000 ) ) ;
#4611 = ADVANCED_FACE ( 'NONE', ( #7503 ), #6545, .F. ) ;
#4612 = CARTESIAN_POINT ( 'NONE',  ( 8.000000000000000000, -16.00000000000000000, -8.500000000000000000 ) ) ;
#4613 = CARTESIAN_POINT ( 'NONE',  ( -0.4999999999993793853, -17.49999999999938538, -121.0000000000000000 ) ) ;
#4614 = EDGE_CURVE ( 'NONE', #4543, #1014, #883, .T. ) ;
#4615 = AXIS2_PLACEMENT_3D ( 'NONE', #8355, #4427, #337 ) ;
#4616 = AXIS2_PLACEMENT_3D ( 'NONE', #3821, #2869, #9294 ) ;
#4617 = VERTEX_POINT ( 'NONE', #9151 ) ;
#4618 = CARTESIAN_POINT ( 'NONE',  ( -11.79999999999944649, -16.00000000000000000, -3.299999999999445599 ) ) ;
#4619 = CARTESIAN_POINT ( 'NONE',  ( 1.649999999999999911, 34.60000000000061959, -17.00000000000001421 ) ) ;
#4620 = EDGE_LOOP ( 'NONE', ( #2584, #6955, #5473, #3376 ) ) ;
#4621 = DIRECTION ( 'NONE',  ( 0.8660254037842993746, 0.5000000000002412515, 0.000000000000000000 ) ) ;
#4622 = ORIENTED_EDGE ( 'NONE', *, *, #5315, .T. ) ;
#4623 = EDGE_LOOP ( 'NONE', ( #2002, #1682, #3149, #4853 ) ) ;
#4624 = CIRCLE ( 'NONE', #2941, 1.719999999999998419 ) ;
#4625 = EDGE_CURVE ( 'NONE', #1840, #4809, #8351, .T. ) ;
#4626 = CARTESIAN_POINT ( 'NONE',  ( -12.00000000000000000, 26.00000000000094857, 0.000000000000000000 ) ) ;
#4627 = DIRECTION ( 'NONE',  ( 0.000000000000000000, 0.000000000000000000, -1.000000000000000000 ) ) ;
#4628 = EDGE_CURVE ( 'NONE', #9582, #10280, #5062, .T. ) ;
#4629 = ADVANCED_FACE ( 'NONE', ( #9205 ), #1948, .F. ) ;
#4630 = ADVANCED_FACE ( 'NONE', ( #6749 ), #9003, .T. ) ;
#4631 = DIRECTION ( 'NONE',  ( -1.000000000000000000, 0.000000000000000000, 0.000000000000000000 ) ) ;
#4632 = VERTEX_POINT ( 'NONE', #9879 ) ;
#4633 = AXIS2_PLACEMENT_3D ( 'NONE', #4307, #421, #9251 ) ;
#4634 = DIRECTION ( 'NONE',  ( 0.000000000000000000, 0.000000000000000000, 1.000000000000000000 ) ) ;
#4635 = EDGE_LOOP ( 'NONE', ( #4015, #5542, #4391, #2698 ) ) ;
#4636 = VECTOR ( 'NONE', #2516, 1000.000000000000000 ) ;
#4637 = DIRECTION ( 'NONE',  ( 0.000000000000000000, 0.000000000000000000, -1.000000000000000000 ) ) ;
#4638 = ORIENTED_EDGE ( 'NONE', *, *, #8593, .F. ) ;
#4639 = CIRCLE ( 'NONE', #4312, 3.499999999999999556 ) ;
#4640 = CIRCLE ( 'NONE', #293, 0.2000000000005539014 ) ;
#4641 = VERTEX_POINT ( 'NONE', #8403 ) ;
#4642 = EDGE_CURVE ( 'NONE', #7768, #10037, #7211, .T. ) ;
#4643 = AXIS2_PLACEMENT_3D ( 'NONE', #7817, #10237, #10095 ) ;
#4644 = EDGE_CURVE ( 'NONE', #8378, #4945, #5797, .T. ) ;
#4645 = DIRECTION ( 'NONE',  ( -1.000000000000000000, 0.000000000000000000, 0.000000000000000000 ) ) ;
#4646 = ORIENTED_EDGE ( 'NONE', *, *, #8952, .T. ) ;
#4647 = AXIS2_PLACEMENT_3D ( 'NONE', #3034, #5683, #8939 ) ;
#4648 = ORIENTED_EDGE ( 'NONE', *, *, #1716, .F. ) ;
#4649 = PLANE ( 'NONE',  #7453 ) ;
#4650 = CIRCLE ( 'NONE', #4160, 1.500000000000001110 ) ;
#4651 = DIRECTION ( 'NONE',  ( -1.000000000000000000, 0.000000000000000000, 0.000000000000000000 ) ) ;
#4652 = CARTESIAN_POINT ( 'NONE',  ( -12.00000000000000178, 16.00000000000000000, -145.9584999999999866 ) ) ;
#4653 = ORIENTED_EDGE ( 'NONE', *, *, #1688, .F. ) ;
#4654 = ORIENTED_EDGE ( 'NONE', *, *, #8788, .T. ) ;
#4655 = DIRECTION ( 'NONE',  ( -1.000000000000000000, 0.000000000000000000, 0.000000000000000000 ) ) ;
#4656 = CARTESIAN_POINT ( 'NONE',  ( 9.499999999999992895, 25.13397459621601016, 0.000000000000000000 ) ) ;
#4657 = ORIENTED_EDGE ( 'NONE', *, *, #8618, .F. ) ;
#4658 = CIRCLE ( 'NONE', #2636, 0.2000000000005541234 ) ;
#4659 = VECTOR ( 'NONE', #6355, 1000.000000000000000 ) ;
#4660 = AXIS2_PLACEMENT_3D ( 'NONE', #10175, #2086, #2138 ) ;
#4661 = DIRECTION ( 'NONE',  ( -0.000000000000000000, -0.000000000000000000, -1.000000000000000000 ) ) ;
#4662 = EDGE_CURVE ( 'NONE', #2691, #7645, #2072, .T. ) ;
#4663 = CIRCLE ( 'NONE', #10243, 8.000000000000611067 ) ;
#4664 = DIRECTION ( 'NONE',  ( 0.000000000000000000, 0.000000000000000000, -1.000000000000000000 ) ) ;
#4665 = DIRECTION ( 'NONE',  ( 1.000000000000000000, 0.000000000000000000, 0.000000000000000000 ) ) ;
#4666 = CARTESIAN_POINT ( 'NONE',  ( 9.500000000000000000, 25.43256644311884784, -151.9225239488473562 ) ) ;
#4667 = AXIS2_PLACEMENT_3D ( 'NONE', #8070, #2652, #832 ) ;
#4668 = PLANE ( 'NONE',  #3378 ) ;
#4669 = ORIENTED_EDGE ( 'NONE', *, *, #3860, .F. ) ;
#4670 = CIRCLE ( 'NONE', #7014, 8.000000000000621725 ) ;
#4671 = LINE ( 'NONE', #735, #4339 ) ;
#4672 = ORIENTED_EDGE ( 'NONE', *, *, #6122, .T. ) ;
#4673 = ORIENTED_EDGE ( 'NONE', *, *, #7844, .T. ) ;
#4674 = CARTESIAN_POINT ( 'NONE',  ( -7.100000000000612488, 30.00000000000000000, -17.00000000000000000 ) ) ;
#4675 = DIRECTION ( 'NONE',  ( 0.000000000000000000, 1.000000000000000000, 0.000000000000000000 ) ) ;
#4676 = CARTESIAN_POINT ( 'NONE',  ( -6.500000000000000888, -26.00000000000000355, -150.0000000000000000 ) ) ;
#4677 = DIRECTION ( 'NONE',  ( 0.8660254037842981534, 0.5000000000002433609, 0.000000000000000000 ) ) ;
#4678 = DIRECTION ( 'NONE',  ( -1.000000000000000000, 0.000000000000000000, 0.000000000000000000 ) ) ;
#4679 = CARTESIAN_POINT ( 'NONE',  ( 9.500000000000000000, 26.00000000000025224, -0.1270170592245028485 ) ) ;
#4680 = ORIENTED_EDGE ( 'NONE', *, *, #9955, .F. ) ;
#4681 = DIRECTION ( 'NONE',  ( -1.000000000000000000, 0.000000000000000000, 0.000000000000000000 ) ) ;
#4682 = VERTEX_POINT ( 'NONE', #1791 ) ;
#4683 = ORIENTED_EDGE ( 'NONE', *, *, #5478, .T. ) ;
#4684 = ORIENTED_EDGE ( 'NONE', *, *, #2016, .F. ) ;
#4685 = STYLED_ITEM ( 'NONE', ( #1029 ), #115 ) ;
#4686 = DIRECTION ( 'NONE',  ( 1.000000000000000000, -8.673617379883372829E-16, 0.000000000000000000 ) ) ;
#4687 = CARTESIAN_POINT ( 'NONE',  ( 8.000000000000000000, -16.00000000000000000, -13.29999999999944826 ) ) ;
#4688 = LINE ( 'NONE', #8671, #1851 ) ;
#4689 = DIRECTION ( 'NONE',  ( -1.000000000000000000, 0.000000000000000000, 0.000000000000000000 ) ) ;
#4690 = ORIENTED_EDGE ( 'NONE', *, *, #8074, .F. ) ;
#4691 = CARTESIAN_POINT ( 'NONE',  ( 4.599999999999999645, 26.00000000000000355, -148.0000000000000000 ) ) ;
#4692 = ORIENTED_EDGE ( 'NONE', *, *, #2762, .F. ) ;
#4693 = DIRECTION ( 'NONE',  ( -3.751159154633072939E-16, -1.000000000000000000, -0.000000000000000000 ) ) ;
#4694 = ORIENTED_EDGE ( 'NONE', *, *, #1556, .T. ) ;
#4695 = EDGE_CURVE ( 'NONE', #1214, #988, #5010, .T. ) ;
#4696 = ADVANCED_FACE ( 'NONE', ( #4269 ), #3583, .F. ) ;
#4697 = B_SPLINE_CURVE_WITH_KNOTS ( 'NONE', 3,
 ( #9914, #3400, #95, #6631, #9859, #2508 ),
 .UNSPECIFIED., .F., .F.,
 ( 4, 2, 4 ),
 ( 0.0006612996977021044906, 0.001085827325312417558, 0.001510354952922730518 ),
 .UNSPECIFIED. ) ;
#4698 = EDGE_CURVE ( 'NONE', #9054, #7526, #9747, .T. ) ;
#4699 = VERTEX_POINT ( 'NONE', #480 ) ;
#4700 = ADVANCED_FACE ( 'NONE', ( #6859 ), #10093, .F. ) ;
#4701 = CARTESIAN_POINT ( 'NONE',  ( 3.010794155703798726E-16, -29.20850000000000435, -6.041499999999976112 ) ) ;
#4702 = ORIENTED_EDGE ( 'NONE', *, *, #294, .F. ) ;
#4703 = EDGE_LOOP ( 'NONE', ( #7650, #5477, #562, #4453, #3014 ) ) ;
#4704 = CARTESIAN_POINT ( 'NONE',  ( 9.240690844420223371, 27.01573761456141298, -151.9222887293126973 ) ) ;
#4705 = CARTESIAN_POINT ( 'NONE',  ( -9.500000000000000000, -25.15833498349996589, -152.0000000000000000 ) ) ;
#4706 = CARTESIAN_POINT ( 'NONE',  ( 3.010794155703798726E-16, -29.20849999999996527, -141.0414999999999850 ) ) ;
#4707 = LINE ( 'NONE', #2279, #4997 ) ;
#4708 = ORIENTED_EDGE ( 'NONE', *, *, #985, .T. ) ;
#4709 = EDGE_CURVE ( 'NONE', #3803, #1839, #2153, .T. ) ;
#4710 = EDGE_LOOP ( 'NONE', ( #9786, #535 ) ) ;
#4711 = CARTESIAN_POINT ( 'NONE',  ( 2.458500000000003460, 16.00000000000000000, -10.95850000000000257 ) ) ;
#4712 = EDGE_CURVE ( 'NONE', #3856, #6308, #9255, .T. ) ;
#4713 = DIRECTION ( 'NONE',  ( -0.7071067811865622277, 0.000000000000000000, -0.7071067811865328068 ) ) ;
#4714 = ADVANCED_FACE ( 'NONE', ( #2831 ), #8659, .T. ) ;
#4715 = ORIENTED_EDGE ( 'NONE', *, *, #4322, .F. ) ;
#4716 = DIRECTION ( 'NONE',  ( 0.000000000000000000, 0.000000000000000000, 1.000000000000000000 ) ) ;
#4717 = AXIS2_PLACEMENT_3D ( 'NONE', #8397, #2718, #7760 ) ;
#4718 = FACE_OUTER_BOUND ( 'NONE', #6219, .T. ) ;
#4719 = AXIS2_PLACEMENT_3D ( 'NONE', #4298, #4356, #4407 ) ;
#4720 = LINE ( 'NONE', #5566, #6617 ) ;
#4721 = DIRECTION ( 'NONE',  ( 1.000000000000000000, 0.000000000000000000, 0.000000000000000000 ) ) ;
#4722 = DIRECTION ( 'NONE',  ( -0.8660254037842989305, -0.5000000000002420286, 0.000000000000000000 ) ) ;
#4723 = ORIENTED_EDGE ( 'NONE', *, *, #9519, .T. ) ;
#4724 = VECTOR ( 'NONE', #6068, 1000.000000000000000 ) ;
#4725 = DIRECTION ( 'NONE',  ( -1.000000000000000000, 0.000000000000000000, 0.000000000000000000 ) ) ;
#4726 = EDGE_CURVE ( 'NONE', #5222, #141, #3706, .T. ) ;
#4727 = CIRCLE ( 'NONE', #10302, 2.458500000000000796 ) ;
#4728 = ADVANCED_FACE ( 'NONE', ( #2048 ), #10186, .F. ) ;
#4729 = EDGE_LOOP ( 'NONE', ( #2363, #10103, #8173, #1754, #3060, #1211 ) ) ;
#4730 = DIRECTION ( 'NONE',  ( 1.000000000000000000, 0.000000000000000000, 0.000000000000000000 ) ) ;
#4731 = FACE_OUTER_BOUND ( 'NONE', #10006, .T. ) ;
#4732 = DIRECTION ( 'NONE',  ( -1.000000000000000000, 0.000000000000000000, 0.000000000000000000 ) ) ;
#4733 = AXIS2_PLACEMENT_3D ( 'NONE', #2276, #8744, #715 ) ;
#4734 = PRODUCT_DEFINITION_FORMATION_WITH_SPECIFIED_SOURCE ( 'ANY', '', #3391, .NOT_KNOWN. ) ;
#4735 = ORIENTED_EDGE ( 'NONE', *, *, #9824, .T. ) ;
#4736 = VECTOR ( 'NONE', #1705, 1000.000000000000000 ) ;
#4737 = DIRECTION ( 'NONE',  ( 0.000000000000000000, 0.000000000000000000, 1.000000000000000000 ) ) ;
#4738 = CARTESIAN_POINT ( 'NONE',  ( -8.750000000000293099, -24.70096189432366529, -150.0000000000000000 ) ) ;
#4739 = ORIENTED_EDGE ( 'NONE', *, *, #10271, .T. ) ;
#4740 = CARTESIAN_POINT ( 'NONE',  ( 0.000000000000000000, -16.00000000000000000, -152.0000000000000000 ) ) ;
#4741 = ORIENTED_EDGE ( 'NONE', *, *, #3094, .F. ) ;
#4742 = ORIENTED_EDGE ( 'NONE', *, *, #8994, .T. ) ;
#4743 = AXIS2_PLACEMENT_3D ( 'NONE', #9999, #6602, #5912 ) ;
#4744 =( REPRESENTATION_RELATIONSHIP ('NONE','NONE', #8192, #5891 ) REPRESENTATION_RELATIONSHIP_WITH_TRANSFORMATION ( #4767 )SHAPE_REPRESENTATION_RELATIONSHIP( ) );
#4745 = CARTESIAN_POINT ( 'NONE',  ( -2.458500000000002572, -14.55984404309424995, -141.0415000000000134 ) ) ;
#4746 = CIRCLE ( 'NONE', #1057, 5.049999999999943867 ) ;
#4747 = LINE ( 'NONE', #2422, #6370 ) ;
#4748 = CARTESIAN_POINT ( 'NONE',  ( 12.00000000000000000, -25.99999999999969802, -135.0000000000000000 ) ) ;
#4749 = AXIS2_PLACEMENT_3D ( 'NONE', #9118, #8319, #6455 ) ;
#4750 = DIRECTION ( 'NONE',  ( 0.000000000000000000, 0.000000000000000000, -1.000000000000000000 ) ) ;
#4751 = ORIENTED_EDGE ( 'NONE', *, *, #2826, .F. ) ;
#4752 = DIRECTION ( 'NONE',  ( -1.000000000000000000, 0.000000000000000000, 0.000000000000000000 ) ) ;
#4753 = CARTESIAN_POINT ( 'NONE',  ( -1.500000000000000000, 29.80000000000000426, -8.500000000000000000 ) ) ;
#4754 = AXIS2_PLACEMENT_3D ( 'NONE', #8181, #7384, #153 ) ;
#4755 = AXIS2_PLACEMENT_3D ( 'NONE', #6324, #9564, #6376 ) ;
#4756 = EDGE_LOOP ( 'NONE', ( #2430, #6111, #2174, #989 ) ) ;
#4757 = EDGE_CURVE ( 'NONE', #7905, #7190, #3679, .T. ) ;
#4758 = CARTESIAN_POINT ( 'NONE',  ( 8.750000000000293099, 24.70096189432366529, -2.000000000000000000 ) ) ;
#4759 = EDGE_CURVE ( 'NONE', #6119, #9354, #4566, .T. ) ;
#4760 = VERTEX_POINT ( 'NONE', #574 ) ;
#4761 = ORIENTED_EDGE ( 'NONE', *, *, #2952, .F. ) ;
#4762 = DIRECTION ( 'NONE',  ( 0.000000000000000000, -0.000000000000000000, 1.000000000000000000 ) ) ;
#4763 = AXIS2_PLACEMENT_3D ( 'NONE', #8891, #4952, #59 ) ;
#4764 = LINE ( 'NONE', #7316, #9864 ) ;
#4765 = CARTESIAN_POINT ( 'NONE',  ( 11.84999999999999964, -26.00000000000027356, -135.0000000000000000 ) ) ;
#4766 = DIRECTION ( 'NONE',  ( 0.000000000000000000, 0.000000000000000000, 1.000000000000000000 ) ) ;
#4767 = ITEM_DEFINED_TRANSFORMATION ( 'NONE', 'NONE', #6418,  #9473 ) ;
#4768 = ORIENTED_EDGE ( 'NONE', *, *, #2026, .F. ) ;
#4769 = ORIENTED_EDGE ( 'NONE', *, *, #2451, .F. ) ;
#4770 = CARTESIAN_POINT ( 'NONE',  ( 1.440155956905745827, -13.54149999999999565, -144.9401559569057554 ) ) ;
#4771 = PLANE ( 'NONE',  #3140 ) ;
#4772 = ORIENTED_EDGE ( 'NONE', *, *, #7649, .F. ) ;
#4773 = CARTESIAN_POINT ( 'NONE',  ( -8.200000000000553513, -16.00000000000000000, -8.500000000000000000 ) ) ;
#4774 = EDGE_CURVE ( 'NONE', #130, #5657, #975, .T. ) ;
#4775 = DIRECTION ( 'NONE',  ( 0.000000000000000000, 0.000000000000000000, -1.000000000000000000 ) ) ;
#4776 = CARTESIAN_POINT ( 'NONE',  ( -9.720000000000000639, -26.00000000000000355, -152.0000000000000000 ) ) ;
#4777 = EDGE_CURVE ( 'NONE', #5550, #9822, #2986, .T. ) ;
#4778 = CARTESIAN_POINT ( 'NONE',  ( -0.4999999999993932631, 25.50000000000000355, -121.0000000000000000 ) ) ;
#4779 = EDGE_CURVE ( 'NONE', #9813, #451, #7723, .T. ) ;
#4780 = CARTESIAN_POINT ( 'NONE',  ( 8.000000000000000000, 26.00000000000000355, -150.0000000000000000 ) ) ;
#4781 = CARTESIAN_POINT ( 'NONE',  ( 1.649999999999999911, 33.20000000000000284, -17.00000000000000000 ) ) ;
#4782 = EDGE_LOOP ( 'NONE', ( #4404, #329, #10218, #9552 ) ) ;
#4783 = CARTESIAN_POINT ( 'NONE',  ( -1.200000000000554179, 33.20000000000000284, -17.00000000000001421 ) ) ;
#4784 = ORIENTED_EDGE ( 'NONE', *, *, #3930, .T. ) ;
#4785 = DIRECTION ( 'NONE',  ( 0.000000000000000000, 0.000000000000000000, -1.000000000000000000 ) ) ;
#4786 = EDGE_CURVE ( 'NONE', #976, #2855, #5844, .T. ) ;
#4787 = PLANE ( 'NONE',  #5168 ) ;
#4788 = CARTESIAN_POINT ( 'NONE',  ( 3.750000000000000000, -7.250000000000000000, -152.0000000000000000 ) ) ;
#4789 = EDGE_CURVE ( 'NONE', #6141, #6308, #2099, .T. ) ;
#4790 = CARTESIAN_POINT ( 'NONE',  ( 8.000000000000310862, 26.00000000000000355, -4.000000000000000000 ) ) ;
#4791 = CARTESIAN_POINT ( 'NONE',  ( -6.500000000000000888, -25.13397459621599950, -2.000000000000000000 ) ) ;
#4792 = VERTEX_POINT ( 'NONE', #2197 ) ;
#4793 = EDGE_LOOP ( 'NONE', ( #10290, #5493 ) ) ;
#4794 = ORIENTED_EDGE ( 'NONE', *, *, #7429, .T. ) ;
#4795 = VERTEX_POINT ( 'NONE', #1413 ) ;
#4796 = CARTESIAN_POINT ( 'NONE',  ( -1.440155956905748491, -13.54149999999999565, -142.0598440430942730 ) ) ;
#4797 = VECTOR ( 'NONE', #6388, 1000.000000000000000 ) ;
#4798 = DIRECTION ( 'NONE',  ( 0.000000000000000000, -1.000000000000000000, 0.000000000000000000 ) ) ;
#4799 = MECHANICAL_DESIGN_GEOMETRIC_PRESENTATION_REPRESENTATION (  '', ( #3774 ), #6146 ) ;
#4800 = FACE_OUTER_BOUND ( 'NONE', #1776, .T. ) ;
#4801 = CARTESIAN_POINT ( 'NONE',  ( 8.000000000000000000, 27.73205080756899932, -152.0000000000000000 ) ) ;
#4802 = ORIENTED_EDGE ( 'NONE', *, *, #3108, .T. ) ;
#4803 = CARTESIAN_POINT ( 'NONE',  ( 1.250000000000613065, 34.60000000000061959, -152.0010000000000048 ) ) ;
#4804 = CARTESIAN_POINT ( 'NONE',  ( -2.458500000000012786, -16.00000000000000000, -141.0415000000000134 ) ) ;
#4805 = EDGE_LOOP ( 'NONE', ( #907, #5078, #5199, #3000 ) ) ;
#4806 = CARTESIAN_POINT ( 'NONE',  ( 11.84999999999999964, -29.50000000000000355, -135.0000000000000000 ) ) ;
#4807 = AXIS2_PLACEMENT_3D ( 'NONE', #9053, #2529, #850 ) ;
#4808 = VERTEX_POINT ( 'NONE', #1216 ) ;
#4809 = VERTEX_POINT ( 'NONE', #4421 ) ;
#4810 = DIRECTION ( 'NONE',  ( -0.000000000000000000, -0.000000000000000000, -1.000000000000000000 ) ) ;
#4811 = CIRCLE ( 'NONE', #776, 3.000000000000030198 ) ;
#4812 = ORIENTED_EDGE ( 'NONE', *, *, #990, .F. ) ;
#4813 = CARTESIAN_POINT ( 'NONE',  ( -2.458500000000003460, 16.00000000000000000, -6.041499999999996540 ) ) ;
#4814 = CARTESIAN_POINT ( 'NONE',  ( 0.000000000000000000, 18.45849999999999724, -143.5000000000000284 ) ) ;
#4815 = DIRECTION ( 'NONE',  ( -1.000000000000000000, 0.000000000000000000, 0.000000000000000000 ) ) ;
#4816 = LINE ( 'NONE', #8057, #5060 ) ;
#4817 = PLANE ( 'NONE',  #6677 ) ;
#4818 = PRODUCT_CONTEXT ( 'NONE', #9686, 'mechanical' ) ;
#4819 = ORIENTED_EDGE ( 'NONE', *, *, #5046, .T. ) ;
#4820 = ORIENTED_EDGE ( 'NONE', *, *, #679, .F. ) ;
#4821 = VECTOR ( 'NONE', #7044, 1000.000000000000000 ) ;
#4822 = DIRECTION ( 'NONE',  ( 0.000000000000000000, 0.000000000000000000, 1.000000000000000000 ) ) ;
#4823 = ORIENTED_EDGE ( 'NONE', *, *, #1066, .T. ) ;
#4824 = DIRECTION ( 'NONE',  ( 1.000000000000000000, 0.000000000000000000, 0.000000000000000000 ) ) ;
#4825 = VECTOR ( 'NONE', #3002, 1000.000000000000000 ) ;
#4826 = CARTESIAN_POINT ( 'NONE',  ( 2.458500000000003460, 16.00000000000000000, -151.2085000000000150 ) ) ;
#4827 = EDGE_CURVE ( 'NONE', #9022, #2097, #7669, .T. ) ;
#4828 = PLANE ( 'NONE',  #8416 ) ;
#4829 = DIRECTION ( 'NONE',  ( 0.000000000000000000, 0.000000000000000000, 1.000000000000000000 ) ) ;
#4830 = DIRECTION ( 'NONE',  ( -0.000000000000000000, -0.000000000000000000, -1.000000000000000000 ) ) ;
#4831 = DIRECTION ( 'NONE',  ( 0.000000000000000000, 0.000000000000000000, 1.000000000000000000 ) ) ;
#4832 = ORIENTED_EDGE ( 'NONE', *, *, #6024, .F. ) ;
#4833 = DIRECTION ( 'NONE',  ( 0.000000000000000000, -1.000000000000000000, 0.000000000000000000 ) ) ;
#4834 = VECTOR ( 'NONE', #6112, 1000.000000000000000 ) ;
#4835 = EDGE_CURVE ( 'NONE', #5657, #4263, #6013, .T. ) ;
#4836 = EDGE_CURVE ( 'NONE', #6494, #5276, #7916, .T. ) ;
#4837 = EDGE_CURVE ( 'NONE', #2862, #3675, #8053, .T. ) ;
#4838 = ORIENTED_EDGE ( 'NONE', *, *, #6472, .T. ) ;
#4839 = CARTESIAN_POINT ( 'NONE',  ( -12.05000000000064020, 27.50000000000000000, -135.0000000000000000 ) ) ;
#4840 = AXIS2_PLACEMENT_3D ( 'NONE', #4451, #2233, #3759 ) ;
#4841 = FACE_OUTER_BOUND ( 'NONE', #3896, .T. ) ;
#4842 = DIRECTION ( 'NONE',  ( 0.000000000000000000, 0.000000000000000000, -1.000000000000000000 ) ) ;
#4843 =( BOUNDED_CURVE ( )  B_SPLINE_CURVE ( 3, ( #5157, #7602, #7444, #372 ),
 .UNSPECIFIED., .F., .F. ) 
 B_SPLINE_CURVE_WITH_KNOTS ( ( 4, 4 ),
 ( 5.497787143782138841, 7.068583470577034511 ),
 .UNSPECIFIED. ) 
 CURVE ( )  GEOMETRIC_REPRESENTATION_ITEM ( )  RATIONAL_B_SPLINE_CURVE ( ( 1.000000000000000000, 0.8047378541243652705, 0.8047378541243652705, 1.000000000000000000 ) ) 
 REPRESENTATION_ITEM ( '' )  );
#4844 = FACE_OUTER_BOUND ( 'NONE', #5848, .T. ) ;
#4845 = AXIS2_PLACEMENT_3D ( 'NONE', #3621, #2871, #10081 ) ;
#4846 = VECTOR ( 'NONE', #4713, 1000.000000000000000 ) ;
#4847 = VECTOR ( 'NONE', #4957, 1000.000000000000000 ) ;
#4848 = FACE_OUTER_BOUND ( 'NONE', #572, .T. ) ;
#4849 = ORIENTED_EDGE ( 'NONE', *, *, #7106, .T. ) ;
#4850 = DIRECTION ( 'NONE',  ( 0.8660254037842978203, -0.5000000000002439160, 0.000000000000000000 ) ) ;
#4851 = ORIENTED_EDGE ( 'NONE', *, *, #2250, .T. ) ;
#4852 = ORIENTED_EDGE ( 'NONE', *, *, #24, .F. ) ;
#4853 = ORIENTED_EDGE ( 'NONE', *, *, #4325, .F. ) ;
#4854 = EDGE_CURVE ( 'NONE', #8799, #3657, #7169, .T. ) ;
#4855 = AXIS2_PLACEMENT_3D ( 'NONE', #8883, #1625, #5689 ) ;
#4856 = ADVANCED_FACE ( 'NONE', ( #1566 ), #305, .F. ) ;
#4857 = CARTESIAN_POINT ( 'NONE',  ( -1.200000000000554179, 33.20000000000000284, -17.00000000000000000 ) ) ;
#4858 = DIRECTION ( 'NONE',  ( -0.000000000000000000, -0.000000000000000000, -1.000000000000000000 ) ) ;
#4859 = CARTESIAN_POINT ( 'NONE',  ( -11.40000000000000036, -26.00000000000000355, -148.0000000000000000 ) ) ;
#4860 = DIRECTION ( 'NONE',  ( -0.000000000000000000, -0.000000000000000000, -1.000000000000000000 ) ) ;
#4861 = ORIENTED_EDGE ( 'NONE', *, *, #3674, .T. ) ;
#4862 = DIRECTION ( 'NONE',  ( 0.000000000000000000, 0.000000000000000000, -1.000000000000000000 ) ) ;
#4863 = LINE ( 'NONE', #6491, #2382 ) ;
#4864 = ORIENTED_EDGE ( 'NONE', *, *, #7887, .F. ) ;
#4865 = VECTOR ( 'NONE', #4012, 1000.000000000000000 ) ;
#4866 = DIRECTION ( 'NONE',  ( 0.000000000000000000, 0.000000000000000000, -1.000000000000000000 ) ) ;
#4867 = VERTEX_POINT ( 'NONE', #4674 ) ;
#4868 = ADVANCED_FACE ( 'NONE', ( #8077 ), #7547, .T. ) ;
#4869 = ORIENTED_EDGE ( 'NONE', *, *, #1050, .F. ) ;
#4870 = DIRECTION ( 'NONE',  ( -1.000000000000000000, 0.000000000000000000, 0.000000000000000000 ) ) ;
#4871 = CARTESIAN_POINT ( 'NONE',  ( -12.00000000000000000, -16.00000000000000000, -6.041500000000000092 ) ) ;
#4872 = ORIENTED_EDGE ( 'NONE', *, *, #7051, .F. ) ;
#4873 = DIRECTION ( 'NONE',  ( 0.000000000000000000, -0.000000000000000000, 1.000000000000000000 ) ) ;
#4874 = DIRECTION ( 'NONE',  ( 0.000000000000000000, 0.000000000000000000, 1.000000000000000000 ) ) ;
#4875 = CARTESIAN_POINT ( 'NONE',  ( 4.030983766875087859, 26.35136306023699149, -4.000000000000000000 ) ) ;
#4876 = CARTESIAN_POINT ( 'NONE',  ( -2.458500000000006125, -16.66074916942604034, -6.041499999999993875 ) ) ;
#4877 = DIRECTION ( 'NONE',  ( 1.000000000000000000, 0.000000000000000000, 0.000000000000000000 ) ) ;
#4878 = ORIENTED_EDGE ( 'NONE', *, *, #9957, .T. ) ;
#4879 = ORIENTED_EDGE ( 'NONE', *, *, #4137, .F. ) ;
#4880 = CARTESIAN_POINT ( 'NONE',  ( -12.00000000000000000, -16.00000000000000000, -13.50000000000000178 ) ) ;
#4881 = ORIENTED_EDGE ( 'NONE', *, *, #2909, .T. ) ;
#4882 = DIRECTION ( 'NONE',  ( -0.8660254037842989305, 0.5000000000002420286, 0.000000000000000000 ) ) ;
#4883 = SURFACE_SIDE_STYLE ('',( #3236 ) ) ;
#4884 = CARTESIAN_POINT ( 'NONE',  ( 0.000000000000000000, 0.000000000000000000, -31.00000000000000000 ) ) ;
#4885 = CARTESIAN_POINT ( 'NONE',  ( -7.499092215523694094, -27.44285156336224318, -0.1267986447599591671 ) ) ;
#4886 = CARTESIAN_POINT ( 'NONE',  ( 0.000000000000000000, 0.000000000000000000, -121.0000000000000000 ) ) ;
#4887 = VERTEX_POINT ( 'NONE', #7278 ) ;
#4888 = DIRECTION ( 'NONE',  ( -0.7071067811865348052, 0.000000000000000000, -0.7071067811865602293 ) ) ;
#4889 = AXIS2_PLACEMENT_3D ( 'NONE', #8858, #9696, #10432 ) ;
#4890 = FACE_OUTER_BOUND ( 'NONE', #8147, .T. ) ;
#4891 = CARTESIAN_POINT ( 'NONE',  ( 6.500000000000001776, 26.56757049742182986, -0.07039121654364280389 ) ) ;
#4892 = DIRECTION ( 'NONE',  ( -0.000000000000000000, 0.000000000000000000, 1.000000000000000000 ) ) ;
#4893 = CARTESIAN_POINT ( 'NONE',  ( 7.100000000000612488, 30.39999999999938751, -17.00000000000001421 ) ) ;
#4894 = EDGE_CURVE ( 'NONE', #5625, #1236, #3302, .T. ) ;
#4895 = EDGE_CURVE ( 'NONE', #9166, #3009, #3831, .T. ) ;
#4896 = AXIS2_PLACEMENT_3D ( 'NONE', #10099, #1954, #5175 ) ;
#4897 = CARTESIAN_POINT ( 'NONE',  ( -1.999999999999989564, 0.000000000000000000, -152.0000000000000000 ) ) ;
#4898 = CARTESIAN_POINT ( 'NONE',  ( 12.00000000000000178, -16.00000000000000000, -145.9585000000000150 ) ) ;
#4899 = VECTOR ( 'NONE', #3765, 1000.000000000000000 ) ;
#4900 = ORIENTED_EDGE ( 'NONE', *, *, #4996, .T. ) ;
#4901 = CARTESIAN_POINT ( 'NONE',  ( -9.500000000000001776, -26.28413949777858249, -0.1270361508775773030 ) ) ;
#4902 = VERTEX_POINT ( 'NONE', #3883 ) ;
#4903 = ORIENTED_EDGE ( 'NONE', *, *, #1120, .F. ) ;
#4904 = AXIS2_PLACEMENT_3D ( 'NONE', #2281, #9541, #1078 ) ;
#4905 = EDGE_LOOP ( 'NONE', ( #7250, #5173 ) ) ;
#4906 = CARTESIAN_POINT ( 'NONE',  ( -8.032999999999988816, 7.250000000000000000, -145.5000000000000000 ) ) ;
#4907 = VECTOR ( 'NONE', #10372, 1000.000000000000000 ) ;
#4908 =( BOUNDED_CURVE ( )  B_SPLINE_CURVE ( 3, ( #3612, #8233, #1827, #4246 ),
 .UNSPECIFIED., .F., .T. ) 
 B_SPLINE_CURVE_WITH_KNOTS ( ( 4, 4 ),
 ( 4.712388980384689674, 6.283185307179586232 ),
 .UNSPECIFIED. ) 
 CURVE ( )  GEOMETRIC_REPRESENTATION_ITEM ( )  RATIONAL_B_SPLINE_CURVE ( ( 1.000000000000000000, 0.8047378541243649375, 0.8047378541243649375, 1.000000000000000000 ) ) 
 REPRESENTATION_ITEM ( '' )  );
#4909 = CIRCLE ( 'NONE', #1369, 1.499999999999999556 ) ;
#4910 = CYLINDRICAL_SURFACE ( 'NONE', #7405, 8.000000000000621725 ) ;
#4911 = CARTESIAN_POINT ( 'NONE',  ( -6.521096714233935110, -25.12179440257401097, -152.0000000000000000 ) ) ;
#4912 = AXIS2_PLACEMENT_3D ( 'NONE', #3853, #6291, #9532 ) ;
#4913 = EDGE_CURVE ( 'NONE', #4296, #6156, #50, .T. ) ;
#4914 = PRODUCT_DEFINITION_SHAPE ( 'NONE', 'NONE',  #8827 ) ;
#4915 = VERTEX_POINT ( 'NONE', #9507 ) ;
#4916 = ADVANCED_FACE ( 'NONE', ( #10446 ), #2628, .T. ) ;
#4917 = FACE_OUTER_BOUND ( 'NONE', #3402, .T. ) ;
#4918 = FACE_OUTER_BOUND ( 'NONE', #10041, .T. ) ;
#4919 = EDGE_CURVE ( 'NONE', #640, #5605, #10078, .T. ) ;
#4920 = EDGE_LOOP ( 'NONE', ( #4974, #7763, #1194, #639, #7096, #173, #5873, #406 ) ) ;
#4921 = AXIS2_PLACEMENT_3D ( 'NONE', #4067, #8727, #701 ) ;
#4922 = CARTESIAN_POINT ( 'NONE',  ( 12.00000000000000000, 16.00000000000000000, -8.500000000000000000 ) ) ;
#4923 = ORIENTED_EDGE ( 'NONE', *, *, #4774, .T. ) ;
#4924 = VECTOR ( 'NONE', #5184, 1000.000000000000114 ) ;
#4925 = VERTEX_POINT ( 'NONE', #5523 ) ;
#4926 = VECTOR ( 'NONE', #355, 1000.000000000000114 ) ;
#4927 = LINE ( 'NONE', #8166, #2378 ) ;
#4928 = ORIENTED_EDGE ( 'NONE', *, *, #2084, .F. ) ;
#4929 = CONICAL_SURFACE ( 'NONE', #3575, 3.099999999999977884, 0.7853981633974619347 ) ;
#4930 = DIRECTION ( 'NONE',  ( 0.000000000000000000, 0.000000000000000000, 1.000000000000000000 ) ) ;
#4931 = CARTESIAN_POINT ( 'NONE',  ( 8.999092821677523446, 27.15522429802769011, -151.8732013694798013 ) ) ;
#4932 = EDGE_CURVE ( 'NONE', #71, #5861, #7115, .T. ) ;
#4933 = CYLINDRICAL_SURFACE ( 'NONE', #68, 0.3999999999993869571 ) ;
#4934 = DIRECTION ( 'NONE',  ( 1.000000000000000000, 0.000000000000000000, 0.000000000000000000 ) ) ;
#4935 = CARTESIAN_POINT ( 'NONE',  ( 0.000000000000000000, -16.00000000000000000, -8.500000003456433362 ) ) ;
#4936 = ORIENTED_EDGE ( 'NONE', *, *, #3609, .T. ) ;
#4937 = ORIENTED_EDGE ( 'NONE', *, *, #9957, .F. ) ;
#4938 = ORIENTED_EDGE ( 'NONE', *, *, #5880, .F. ) ;
#4939 = VECTOR ( 'NONE', #9033, 1000.000000000000000 ) ;
#4940 = DIRECTION ( 'NONE',  ( -0.000000000000000000, -0.000000000000000000, -1.000000000000000000 ) ) ;
#4941 = CARTESIAN_POINT ( 'NONE',  ( -1.500000000000000000, 28.47151703059500960, -4.217000000000011184 ) ) ;
#4942 = VECTOR ( 'NONE', #5373, 1000.000000000000000 ) ;
#4943 = DIRECTION ( 'NONE',  ( 0.000000000000000000, 1.000000000000000000, 0.000000000000000000 ) ) ;
#4944 = CARTESIAN_POINT ( 'NONE',  ( -1.440155956905744494, 18.45850000000000080, -7.059844043094255284 ) ) ;
#4945 = VERTEX_POINT ( 'NONE', #8021 ) ;
#4946 = FACE_OUTER_BOUND ( 'NONE', #3509, .T. ) ;
#4947 = DIRECTION ( 'NONE',  ( 0.000000000000000000, 0.000000000000000000, -1.000000000000000000 ) ) ;
#4948 = CARTESIAN_POINT ( 'NONE',  ( -1.649999999999999911, 33.40000000000055280, -135.0000000000000000 ) ) ;
#4949 = DIRECTION ( 'NONE',  ( 1.000000000000000000, 0.000000000000000000, 0.000000000000000000 ) ) ;
#4950 = CARTESIAN_POINT ( 'NONE',  ( -8.000000000000000000, -26.00000000000000355, 0.000000000000000000 ) ) ;
#4951 = ORIENTED_EDGE ( 'NONE', *, *, #4913, .F. ) ;
#4952 = DIRECTION ( 'NONE',  ( 0.000000000000000000, 0.000000000000000000, -1.000000000000000000 ) ) ;
#4953 = EDGE_LOOP ( 'NONE', ( #1945, #6573, #1565, #6126 ) ) ;
#4954 = ORIENTED_EDGE ( 'NONE', *, *, #4726, .T. ) ;
#4955 = ORIENTED_EDGE ( 'NONE', *, *, #7106, .F. ) ;
#4956 = EDGE_CURVE ( 'NONE', #5804, #5744, #9713, .T. ) ;
#4957 = DIRECTION ( 'NONE',  ( -0.000000000000000000, 0.000000000000000000, 1.000000000000000000 ) ) ;
#4958 = CARTESIAN_POINT ( 'NONE',  ( -6.500000000000000888, -25.13397459621599950, -2.000000000000000000 ) ) ;
#4959 = FACE_OUTER_BOUND ( 'NONE', #6690, .T. ) ;
#4960 = ORIENTED_EDGE ( 'NONE', *, *, #1039, .T. ) ;
#4961 = DIRECTION ( 'NONE',  ( 0.000000000000000000, -0.000000000000000000, 1.000000000000000000 ) ) ;
#4962 = CARTESIAN_POINT ( 'NONE',  ( 11.40000000000000036, 26.00000000000000355, -148.0000000000000000 ) ) ;
#4963 = ORIENTED_EDGE ( 'NONE', *, *, #4123, .T. ) ;
#4964 = LINE ( 'NONE', #4070, #3805 ) ;
#4965 = CARTESIAN_POINT ( 'NONE',  ( 12.00000000000000000, -26.00000000000000355, -152.0000000000000000 ) ) ;
#4966 = VECTOR ( 'NONE', #742, 1000.000000000000000 ) ;
#4967 = EDGE_CURVE ( 'NONE', #5882, #4699, #208, .T. ) ;
#4968 = CIRCLE ( 'NONE', #4454, 3.099999999999977884 ) ;
#4969 = ORIENTED_EDGE ( 'NONE', *, *, #7942, .F. ) ;
#4970 = ADVANCED_FACE ( 'NONE', ( #10292 ), #8560, .F. ) ;
#4971 = ADVANCED_FACE ( 'NONE', ( #2296 ), #8703, .T. ) ;
#4972 = EDGE_CURVE ( 'NONE', #2150, #4400, #7199, .T. ) ;
#4973 = LINE ( 'NONE', #5025, #7103 ) ;
#4974 = ORIENTED_EDGE ( 'NONE', *, *, #5431, .F. ) ;
#4975 = CARTESIAN_POINT ( 'NONE',  ( 1.299999999999971401, 7.250000000000000888, -152.0000000000000000 ) ) ;
#4976 = DIRECTION ( 'NONE',  ( -1.000000000000000000, 0.000000000000000000, 0.000000000000000000 ) ) ;
#4977 = VECTOR ( 'NONE', #3682, 1000.000000000000000 ) ;
#4978 = DIRECTION ( 'NONE',  ( 0.000000000000000000, 0.000000000000000000, 1.000000000000000000 ) ) ;
#4979 = CARTESIAN_POINT ( 'NONE',  ( 7.999999999999694467, -30.00000000000000000, -152.0000000000000000 ) ) ;
#4980 = VERTEX_POINT ( 'NONE', #160 ) ;
#4981 = ADVANCED_FACE ( 'NONE', ( #8185 ), #5335, .F. ) ;
#4982 = VERTEX_POINT ( 'NONE', #8283 ) ;
#4983 = ADVANCED_FACE ( 'NONE', ( #7334 ), #1099, .F. ) ;
#4984 = ADVANCED_FACE ( 'NONE', ( #9770 ), #3987, .F. ) ;
#4985 = AXIS2_PLACEMENT_3D ( 'NONE', #3247, #8824, #2353 ) ;
#4986 = CARTESIAN_POINT ( 'NONE',  ( 6.500000000000000888, 25.13397459621599950, 0.000000000000000000 ) ) ;
#4987 = DIRECTION ( 'NONE',  ( 1.000000000000000000, -0.000000000000000000, -0.000000000000000000 ) ) ;
#4988 = CARTESIAN_POINT ( 'NONE',  ( -9.500000000000000000, -26.00000000000000355, -2.000000000000000000 ) ) ;
#4989 = CARTESIAN_POINT ( 'NONE',  ( 8.000000000001291411, 26.00000000000094857, -135.0000000000000000 ) ) ;
#4990 = DIRECTION ( 'NONE',  ( 1.000000000000000000, 0.000000000000000000, 0.000000000000000000 ) ) ;
#4991 = LINE ( 'NONE', #361, #10311 ) ;
#4992 = ORIENTED_EDGE ( 'NONE', *, *, #3781, .F. ) ;
#4993 = VECTOR ( 'NONE', #465, 1000.000000000000114 ) ;
#4994 = LINE ( 'NONE', #8439, #5337 ) ;
#4995 = DIRECTION ( 'NONE',  ( 0.000000000000000000, 0.000000000000000000, 1.000000000000000000 ) ) ;
#4996 = EDGE_CURVE ( 'NONE', #8772, #2151, #7379, .T. ) ;
#4997 = VECTOR ( 'NONE', #719, 1000.000000000000000 ) ;
#4998 = CIRCLE ( 'NONE', #8907, 4.000000000000305533 ) ;
#4999 = FACE_BOUND ( 'NONE', #4281, .T. ) ;
#5000 = DIRECTION ( 'NONE',  ( 0.000000000000000000, 0.000000000000000000, 1.000000000000000000 ) ) ;
#5001 = AXIS2_PLACEMENT_3D ( 'NONE', #6158, #5421, #6211 ) ;
#5002 = CARTESIAN_POINT ( 'NONE',  ( 9.500000000000000000, 25.13397459621599950, -152.0000000000000000 ) ) ;
#5003 = DIRECTION ( 'NONE',  ( 0.000000000000000000, -0.000000000000000000, 1.000000000000000000 ) ) ;
#5004 = CARTESIAN_POINT ( 'NONE',  ( -7.500000000000000000, 32.99999999999944578, -17.00000000000000000 ) ) ;
#5005 = ORIENTED_EDGE ( 'NONE', *, *, #6771, .F. ) ;
#5006 = CARTESIAN_POINT ( 'NONE',  ( 5.000000000000010658, 0.000000000000000000, 11.97272967750899220 ) ) ;
#5007 = ORIENTED_EDGE ( 'NONE', *, *, #8086, .T. ) ;
#5008 = VERTEX_POINT ( 'NONE', #3406 ) ;
#5009 = ORIENTED_EDGE ( 'NONE', *, *, #2909, .F. ) ;
#5010 = LINE ( 'NONE', #7452, #318 ) ;
#5011 = CIRCLE ( 'NONE', #6182, 2.458500000000012786 ) ;
#5012 = CONICAL_SURFACE ( 'NONE', #7560, 1.719999999999998419, 1.047197551196586307 ) ;
#5013 = AXIS2_PLACEMENT_3D ( 'NONE', #332, #9782, #2725 ) ;
#5014 = CARTESIAN_POINT ( 'NONE',  ( 2.458500000000003460, 16.00000000000000000, -6.041499999999996540 ) ) ;
#5015 = CARTESIAN_POINT ( 'NONE',  ( -7.495663649558045982, -24.55912792012096446, -151.8727660207881627 ) ) ;
#5016 = ORIENTED_EDGE ( 'NONE', *, *, #10105, .T. ) ;
#5017 = DIRECTION ( 'NONE',  ( -1.000000000000000000, -3.751159154633072939E-16, 0.000000000000000000 ) ) ;
#5018 = FACE_OUTER_BOUND ( 'NONE', #3907, .T. ) ;
#5019 = ORIENTED_EDGE ( 'NONE', *, *, #4394, .F. ) ;
#5020 = DIRECTION ( 'NONE',  ( -0.000000000000000000, -0.000000000000000000, -1.000000000000000000 ) ) ;
#5021 = CIRCLE ( 'NONE', #2309, 3.999999999998705924 ) ;
#5022 = DIRECTION ( 'NONE',  ( -1.000000000000000000, 0.000000000000000000, 0.000000000000000000 ) ) ;
#5023 = ORIENTED_EDGE ( 'NONE', *, *, #8482, .F. ) ;
#5024 = VECTOR ( 'NONE', #5858, 1000.000000000000000 ) ;
#5025 = CARTESIAN_POINT ( 'NONE',  ( 9.500000000000000000, 25.13397459621599950, -2.000000000000000000 ) ) ;
#5026 = VERTEX_POINT ( 'NONE', #4101 ) ;
#5027 = ADVANCED_FACE ( 'NONE', ( #102 ), #8915, .F. ) ;
#5028 = LINE ( 'NONE', #7365, #3842 ) ;
#5029 = DIRECTION ( 'NONE',  ( -0.000000000000000000, -0.000000000000000000, -1.000000000000000000 ) ) ;
#5030 = EDGE_CURVE ( 'NONE', #3009, #3390, #8718, .T. ) ;
#5031 = DIRECTION ( 'NONE',  ( 0.000000000000000000, 0.000000000000000000, 1.000000000000000000 ) ) ;
#5032 = CARTESIAN_POINT ( 'NONE',  ( -1.738422021547135765, -17.73842202154713732, -6.761577978452865345 ) ) ;
#5033 = EDGE_LOOP ( 'NONE', ( #4928, #2500, #1600, #973 ) ) ;
#5034 = ORIENTED_EDGE ( 'NONE', *, *, #1493, .T. ) ;
#5035 = ADVANCED_FACE ( 'NONE', ( #8452 ), #7611, .T. ) ;
#5036 = EDGE_CURVE ( 'NONE', #5332, #614, #7265, .T. ) ;
#5037 = ORIENTED_EDGE ( 'NONE', *, *, #8211, .T. ) ;
#5038 = DIRECTION ( 'NONE',  ( -0.000000000000000000, -0.000000000000000000, 1.000000000000000000 ) ) ;
#5039 = PRODUCT_DEFINITION_CONTEXT ( 'detailed design', #4204, 'design' ) ;
#5040 = CARTESIAN_POINT ( 'NONE',  ( 1.271201803182601564, -18.20564223991167552, -141.2943577600883032 ) ) ;
#5041 = DIRECTION ( 'NONE',  ( 1.000000000000000000, 0.000000000000000000, 0.000000000000000000 ) ) ;
#5042 = CARTESIAN_POINT ( 'NONE',  ( -8.000000000000000000, -27.73205080756899932, -150.0000000000000000 ) ) ;
#5043 = EDGE_CURVE ( 'NONE', #5792, #130, #5500, .T. ) ;
#5044 = CARTESIAN_POINT ( 'NONE',  ( 5.688034792648439364, 1.909518315602346084, 3.599999999999993872 ) ) ;
#5045 = ORIENTED_EDGE ( 'NONE', *, *, #5369, .F. ) ;
#5046 = EDGE_CURVE ( 'NONE', #3837, #9014, #8394, .T. ) ;
#5047 = DIRECTION ( 'NONE',  ( -0.000000000000000000, -0.000000000000000000, 1.000000000000000000 ) ) ;
#5048 = DIRECTION ( 'NONE',  ( 0.000000000000000000, -0.000000000000000000, 1.000000000000000000 ) ) ;
#5049 = DIRECTION ( 'NONE',  ( -0.000000000000000000, -0.000000000000000000, 1.000000000000000000 ) ) ;
#5050 = DIRECTION ( 'NONE',  ( 0.000000000000000000, 0.000000000000000000, 1.000000000000000000 ) ) ;
#5051 = CARTESIAN_POINT ( 'NONE',  ( 8.000000000000000000, -16.00000000000000000, -8.500000000000000000 ) ) ;
#5052 = CARTESIAN_POINT ( 'NONE',  ( 1.738422021547141760, -17.73842202154714087, -10.23842202154713910 ) ) ;
#5053 = EDGE_CURVE ( 'NONE', #9160, #3912, #1968, .T. ) ;
#5054 = FACE_OUTER_BOUND ( 'NONE', #8433, .T. ) ;
#5055 = ORIENTED_EDGE ( 'NONE', *, *, #4195, .F. ) ;
#5056 = EDGE_CURVE ( 'NONE', #7305, #1533, #6527, .T. ) ;
#5057 = DIRECTION ( 'NONE',  ( -0.000000000000000000, -0.000000000000000000, -1.000000000000000000 ) ) ;
#5058 = ORIENTED_EDGE ( 'NONE', *, *, #3688, .F. ) ;
#5059 = EDGE_LOOP ( 'NONE', ( #3065, #1064, #7811, #4139 ) ) ;
#5060 = VECTOR ( 'NONE', #4627, 1000.000000000000000 ) ;
#5061 = ORIENTED_EDGE ( 'NONE', *, *, #4932, .F. ) ;
#5062 = LINE ( 'NONE', #1115, #3141 ) ;
#5063 = CYLINDRICAL_SURFACE ( 'NONE', #8579, 2.458500000000024777 ) ;
#5064 = DIRECTION ( 'NONE',  ( 0.000000000000000000, 0.000000000000000000, 1.000000000000000000 ) ) ;
#5065 = AXIS2_PLACEMENT_3D ( 'NONE', #2251, #5470, #686 ) ;
#5066 = AXIS2_PLACEMENT_3D ( 'NONE', #2291, #8815, #6415 ) ;
#5067 = ORIENTED_EDGE ( 'NONE', *, *, #6384, .F. ) ;
#5068 = DIRECTION ( 'NONE',  ( 0.000000000000000000, -1.000000000000000000, 0.000000000000000000 ) ) ;
#5069 = DIRECTION ( 'NONE',  ( 1.000000000000000000, -0.000000000000000000, -0.000000000000000000 ) ) ;
#5070 = ORIENTED_EDGE ( 'NONE', *, *, #7725, .T. ) ;
#5071 = FACE_OUTER_BOUND ( 'NONE', #5386, .T. ) ;
#5072 = LINE ( 'NONE', #8516, #4053 ) ;
#5073 = LINE ( 'NONE', #5916, #10421 ) ;
#5074 = CIRCLE ( 'NONE', #8986, 2.458500000000030106 ) ;
#5075 = VECTOR ( 'NONE', #10387, 1000.000000000000000 ) ;
#5076 = ORIENTED_EDGE ( 'NONE', *, *, #5547, .F. ) ;
#5077 = CARTESIAN_POINT ( 'NONE',  ( 8.000000000000000000, 24.26794919243099713, -150.0000000000000000 ) ) ;
#5078 = ORIENTED_EDGE ( 'NONE', *, *, #10032, .T. ) ;
#5079 = AXIS2_PLACEMENT_3D ( 'NONE', #121, #3529, #7566 ) ;
#5080 = LINE ( 'NONE', #1913, #5917 ) ;
#5081 = TOROIDAL_SURFACE ( 'NONE', #2875, 4.700000000000099654, 0.6000000000001000089 ) ;
#5083 = CARTESIAN_POINT ( 'NONE',  ( -6.850000000000002309, 33.20000000000000284, -17.00000000000000000 ) ) ;
#5082 = VECTOR ( 'NONE', #5133, 1000.000000000000114 ) ;
#5084 = FACE_OUTER_BOUND ( 'NONE', #5475, .T. ) ;
#5085 = VERTEX_POINT ( 'NONE', #3782 ) ;
#5086 = AXIS2_PLACEMENT_3D ( 'NONE', #3867, #3235, #7102 ) ;
#5087 = ORIENTED_EDGE ( 'NONE', *, *, #6517, .F. ) ;
#5088 = AXIS2_PLACEMENT_3D ( 'NONE', #2320, #7882, #7993 ) ;
#5089 = EDGE_CURVE ( 'NONE', #9781, #2079, #5280, .T. ) ;
#5090 = ADVANCED_FACE ( 'NONE', ( #540 ), #6972, .T. ) ;
#5091 = CARTESIAN_POINT ( 'NONE',  ( 9.500000000000000000, 26.86602540378400050, -2.000000000000000000 ) ) ;
#5092 = VECTOR ( 'NONE', #2661, 1000.000000000000000 ) ;
#5093 = CARTESIAN_POINT ( 'NONE',  ( 3.010794155703799219E-16, -29.20850000000000435, -6.041499999999976112 ) ) ;
#5094 = CARTESIAN_POINT ( 'NONE',  ( -7.050000000000555822, 33.20000000000000284, -135.0000000000000000 ) ) ;
#5095 = VERTEX_POINT ( 'NONE', #6168 ) ;
#5096 = CARTESIAN_POINT ( 'NONE',  ( -9.500000000000003553, -25.13397459621599594, 0.000000000000000000 ) ) ;
#5097 = LINE ( 'NONE', #2653, #2695 ) ;
#5098 = ORIENTED_EDGE ( 'NONE', *, *, #410, .F. ) ;
#5099 = CARTESIAN_POINT ( 'NONE',  ( 0.000000000000000000, 13.54150000000000098, -143.5000000000000284 ) ) ;
#5100 = CARTESIAN_POINT ( 'NONE',  ( -6.500000000000000888, -25.29452029885030129, -0.03847516427593318522 ) ) ;
#5101 = AXIS2_PLACEMENT_3D ( 'NONE', #8380, #310, #1195 ) ;
#5102 = ADVANCED_FACE ( 'NONE', ( #5376 ), #10251, .F. ) ;
#5103 = VECTOR ( 'NONE', #5914, 1000.000000000000000 ) ;
#5104 = EDGE_CURVE ( 'NONE', #4334, #3803, #3356, .T. ) ;
#5105 = EDGE_CURVE ( 'NONE', #753, #7040, #2518, .T. ) ;
#5106 = EDGE_CURVE ( 'NONE', #1081, #2964, #9094, .T. ) ;
#5107 = DIRECTION ( 'NONE',  ( 0.000000000000000000, 0.000000000000000000, 1.000000000000000000 ) ) ;
#5108 = DIRECTION ( 'NONE',  ( 0.000000000000000000, 0.000000000000000000, 1.000000000000000000 ) ) ;
#5109 = DIRECTION ( 'NONE',  ( 0.8660254037842995967, -0.5000000000002409184, 0.000000000000000000 ) ) ;
#5110 = CARTESIAN_POINT ( 'NONE',  ( -1.500000000000000000, 28.47151703059009265, -139.2170000000000414 ) ) ;
#5111 = LINE ( 'NONE', #8292, #3975 ) ;
#5112 = CARTESIAN_POINT ( 'NONE',  ( 12.00000000000000000, -16.00000000000000000, -143.5000000000000284 ) ) ;
#5113 = ORIENTED_EDGE ( 'NONE', *, *, #7325, .T. ) ;
#5114 = CIRCLE ( 'NONE', #2071, 5.000000000000000888 ) ;
#5115 = DIRECTION ( 'NONE',  ( -1.000000000000000000, 0.000000000000000000, 0.000000000000000000 ) ) ;
#5116 = ORIENTED_EDGE ( 'NONE', *, *, #4251, .T. ) ;
#5117 = ORIENTED_EDGE ( 'NONE', *, *, #7823, .F. ) ;
#5118 = ORIENTED_EDGE ( 'NONE', *, *, #5502, .F. ) ;
#5119 = AXIS2_PLACEMENT_3D ( 'NONE', #1654, #3439, #5771 ) ;
#5120 = EDGE_CURVE ( 'NONE', #5085, #1511, #7731, .T. ) ;
#5121 = CARTESIAN_POINT ( 'NONE',  ( 6.500000000000000888, 26.00000000000000355, -2.000000000000000000 ) ) ;
#5122 = EDGE_CURVE ( 'NONE', #4795, #5462, #6684, .T. ) ;
#5123 = DIRECTION ( 'NONE',  ( -1.000000000000000000, -0.000000000000000000, -0.000000000000000000 ) ) ;
#5124 = CARTESIAN_POINT ( 'NONE',  ( -8.000000000001291411, 26.00000000000094857, -17.00000000000000000 ) ) ;
#5125 = ORIENTED_EDGE ( 'NONE', *, *, #4786, .F. ) ;
#5126 = LINE ( 'NONE', #2054, #4128 ) ;
#5127 = DIRECTION ( 'NONE',  ( -1.000000000000000000, 0.000000000000000000, 0.000000000000000000 ) ) ;
#5128 = ORIENTED_EDGE ( 'NONE', *, *, #7364, .T. ) ;
#5129 = CARTESIAN_POINT ( 'NONE',  ( 7.978903285765483133, 27.71987061392667329, 0.000000000000000000 ) ) ;
#5130 = CARTESIAN_POINT ( 'NONE',  ( -4.030983766875086971, -26.35136306023699149, -148.0000000000000000 ) ) ;
#5131 = CARTESIAN_POINT ( 'NONE',  ( 0.000000000000000000, 18.45849999999999724, -143.5000000000000284 ) ) ;
#5132 = DIRECTION ( 'NONE',  ( -0.000000000000000000, 0.000000000000000000, -1.000000000000000000 ) ) ;
#5133 = DIRECTION ( 'NONE',  ( 0.7071067811865348052, 8.659560562354777551E-17, -0.7071067811865602293 ) ) ;
#5134 = ORIENTED_EDGE ( 'NONE', *, *, #5105, .F. ) ;
#5135 = DIRECTION ( 'NONE',  ( 1.000000000000000000, 0.000000000000000000, 0.000000000000000000 ) ) ;
#5136 = CARTESIAN_POINT ( 'NONE',  ( 8.000000000000000000, 24.26794919243099713, -150.0000000000000000 ) ) ;
#5137 = CARTESIAN_POINT ( 'NONE',  ( 0.000000000000000000, -16.00000000000000000, -12.99999999999999467 ) ) ;
#5138 = ORIENTED_EDGE ( 'NONE', *, *, #5761, .F. ) ;
#5139 = ORIENTED_EDGE ( 'NONE', *, *, #7489, .T. ) ;
#5140 = DIRECTION ( 'NONE',  ( 0.000000000000000000, 0.000000000000000000, -1.000000000000000000 ) ) ;
#5141 = CIRCLE ( 'NONE', #594, 4.282999999999987928 ) ;
#5142 = DIRECTION ( 'NONE',  ( 1.000000000000000000, 0.000000000000000000, 0.000000000000000000 ) ) ;
#5143 = ORIENTED_EDGE ( 'NONE', *, *, #6986, .F. ) ;
#5144 = ORIENTED_EDGE ( 'NONE', *, *, #5560, .T. ) ;
#5145 = DIRECTION ( 'NONE',  ( 0.000000000000000000, 0.000000000000000000, -1.000000000000000000 ) ) ;
#5146 = CARTESIAN_POINT ( 'NONE',  ( 9.500000000000000000, 25.13397459621599950, -152.0000000000000000 ) ) ;
#5147 = EDGE_LOOP ( 'NONE', ( #2594, #6481, #8609, #7672, #3775 ) ) ;
#5148 = CARTESIAN_POINT ( 'NONE',  ( 9.478903285766067555, 26.87820559742598547, -152.0000000000000000 ) ) ;
#5149 = DIRECTION ( 'NONE',  ( 0.000000000000000000, 0.000000000000000000, 1.000000000000000000 ) ) ;
#5150 = CIRCLE ( 'NONE', #5468, 3.999999999998713029 ) ;
#5151 = DIRECTION ( 'NONE',  ( 0.000000000000000000, 0.000000000000000000, -1.000000000000000000 ) ) ;
#5152 = CARTESIAN_POINT ( 'NONE',  ( 4.335090188609796336, 29.80000000000000071, -152.0000000000000000 ) ) ;
#5153 = DIRECTION ( 'NONE',  ( 0.8660254037842997077, -0.5000000000002408074, 0.000000000000000000 ) ) ;
#5154 = AXIS2_PLACEMENT_3D ( 'NONE', #9137, #1883, #1006 ) ;
#5155 = DIRECTION ( 'NONE',  ( 0.000000000000000000, 0.000000000000000000, 1.000000000000000000 ) ) ;
#5156 = LINE ( 'NONE', #3517, #8458 ) ;
#5157 = CARTESIAN_POINT ( 'NONE',  ( 1.738422021547141760, -17.73842202154714087, -10.23842202154713910 ) ) ;
#5158 = ADVANCED_FACE ( 'NONE', ( #1782 ), #134, .F. ) ;
#5159 = DIRECTION ( 'NONE',  ( -1.000000000000000000, 0.000000000000000000, 0.000000000000000000 ) ) ;
#5160 = VERTEX_POINT ( 'NONE', #8548 ) ;
#5161 = EDGE_CURVE ( 'NONE', #5632, #1338, #1256, .T. ) ;
#5162 = CARTESIAN_POINT ( 'NONE',  ( -6.500000000000000888, -25.71358148921428466, -151.8851669390504071 ) ) ;
#5163 = ORIENTED_EDGE ( 'NONE', *, *, #7244, .F. ) ;
#5164 = VERTEX_POINT ( 'NONE', #5358 ) ;
#5165 = CIRCLE ( 'NONE', #617, 3.499999999999999556 ) ;
#5166 = EDGE_CURVE ( 'NONE', #445, #7905, #5011, .T. ) ;
#5167 = ORIENTED_EDGE ( 'NONE', *, *, #1742, .T. ) ;
#5168 = AXIS2_PLACEMENT_3D ( 'NONE', #5687, #896, #5576 ) ;
#5169 = CARTESIAN_POINT ( 'NONE',  ( 1.449999999999445954, 33.40000000000055280, -152.0010000000000048 ) ) ;
#5170 = CARTESIAN_POINT ( 'NONE',  ( 0.000000000000000000, 16.00000000000000000, 0.000000000000000000 ) ) ;
#5171 = CARTESIAN_POINT ( 'NONE',  ( 8.500000000000000000, -17.49999999999939249, -31.00000000000000000 ) ) ;
#5172 = CIRCLE ( 'NONE', #629, 3.499999999999999556 ) ;
#5173 = ORIENTED_EDGE ( 'NONE', *, *, #3096, .T. ) ;
#5174 = LINE ( 'NONE', #6017, #5466 ) ;
#5175 = DIRECTION ( 'NONE',  ( 0.000000000000000000, 0.000000000000000000, -1.000000000000000000 ) ) ;
#5176 = ORIENTED_EDGE ( 'NONE', *, *, #4201, .F. ) ;
#5177 = ADVANCED_FACE ( 'NONE', ( #515 ), #3138, .F. ) ;
#5178 = CARTESIAN_POINT ( 'NONE',  ( 12.00000000000000000, 22.00000000000000000, -152.0000000000000000 ) ) ;
#5179 = ADVANCED_FACE ( 'NONE', ( #6848 ), #1645, .F. ) ;
#5180 = CARTESIAN_POINT ( 'NONE',  ( -8.000000000000000000, -26.00000000000000355, -2.000000000000000000 ) ) ;
#5181 = VECTOR ( 'NONE', #6035, 1000.000000000000000 ) ;
#5182 = AXIS2_PLACEMENT_3D ( 'NONE', #9405, #6060, #4610 ) ;
#5183 = CIRCLE ( 'NONE', #637, 3.499999999999999556 ) ;
#5184 = DIRECTION ( 'NONE',  ( 0.4999999999986916022, 6.123233995720742299E-17, -0.8660254037851941034 ) ) ;
#5185 = ORIENTED_EDGE ( 'NONE', *, *, #3351, .T. ) ;
#5186 =( BOUNDED_CURVE ( )  B_SPLINE_CURVE ( 3, ( #138, #2639, #5820, #3333 ),
 .UNSPECIFIED., .F., .F. ) 
 B_SPLINE_CURVE_WITH_KNOTS ( ( 4, 4 ),
 ( 5.497787143782138841, 6.283185307179586232 ),
 .UNSPECIFIED. ) 
 CURVE ( )  GEOMETRIC_REPRESENTATION_ITEM ( )  RATIONAL_B_SPLINE_CURVE ( ( 1.000000000000000000, 0.9492530216741912330, 0.9492530216741912330, 1.000000000000000000 ) ) 
 REPRESENTATION_ITEM ( '' )  );
#5187 = CIRCLE ( 'NONE', #6533, 0.2000000000005539014 ) ;
#5188 = DIRECTION ( 'NONE',  ( 1.000000000000000000, 0.000000000000000000, 0.000000000000000000 ) ) ;
#5189 = AXIS2_PLACEMENT_3D ( 'NONE', #8131, #4833, #99 ) ;
#5190 = LINE ( 'NONE', #7580, #5345 ) ;
#5191 = LINE ( 'NONE', #6823, #783 ) ;
#5192 = ORIENTED_EDGE ( 'NONE', *, *, #166, .T. ) ;
#5193 = ORIENTED_EDGE ( 'NONE', *, *, #9812, .F. ) ;
#5194 = EDGE_CURVE ( 'NONE', #3675, #4617, #1989, .T. ) ;
#5195 = ORIENTED_EDGE ( 'NONE', *, *, #4137, .T. ) ;
#5196 = CONICAL_SURFACE ( 'NONE', #6196, 4.282999999999988816, 0.5235987755967880242 ) ;
#5197 = FACE_OUTER_BOUND ( 'NONE', #9849, .T. ) ;
#5198 = DIRECTION ( 'NONE',  ( 1.000000000000000000, 0.000000000000000000, 0.000000000000000000 ) ) ;
#5199 = ORIENTED_EDGE ( 'NONE', *, *, #8677, .F. ) ;
#5200 = VERTEX_POINT ( 'NONE', #5997 ) ;
#5201 = DIRECTION ( 'NONE',  ( 0.000000000000000000, -0.000000000000000000, 1.000000000000000000 ) ) ;
#5202 = CARTESIAN_POINT ( 'NONE',  ( 2.458500000000006125, -14.55984404309424995, -6.041499999999994763 ) ) ;
#5203 = ORIENTED_EDGE ( 'NONE', *, *, #5122, .F. ) ;
#5204 = DIRECTION ( 'NONE',  ( 1.000000000000000000, 0.000000000000000000, 0.000000000000000000 ) ) ;
#5205 = CYLINDRICAL_SURFACE ( 'NONE', #1862, 8.000000000000621725 ) ;
#5206 = ORIENTED_EDGE ( 'NONE', *, *, #9010, .T. ) ;
#5207 = DIRECTION ( 'NONE',  ( 0.000000000000000000, 1.000000000000000000, 0.000000000000000000 ) ) ;
#5208 = DIRECTION ( 'NONE',  ( 0.000000000000000000, 1.000000000000000000, 0.000000000000000000 ) ) ;
#5209 = PLANE ( 'NONE',  #10082 ) ;
#5210 = DIRECTION ( 'NONE',  ( 0.000000000000000000, 0.000000000000000000, 1.000000000000000000 ) ) ;
#5211 = CARTESIAN_POINT ( 'NONE',  ( -3.750000000000000000, 7.250000000000000000, -152.0000000000000000 ) ) ;
#5212 = CARTESIAN_POINT ( 'NONE',  ( -3.250000000000016875, -16.00000000000000000, -152.0000000000000000 ) ) ;
#5213 = VERTEX_POINT ( 'NONE', #4304 ) ;
#5214 = CARTESIAN_POINT ( 'NONE',  ( 1.271201803182605561, -18.20564223991167552, -10.70564223991167729 ) ) ;
#5215 = ORIENTED_EDGE ( 'NONE', *, *, #3480, .T. ) ;
#5216 = ORIENTED_EDGE ( 'NONE', *, *, #9969, .T. ) ;
#5217 = DIRECTION ( 'NONE',  ( 0.5000000000002420286, -0.8660254037842989305, 0.000000000000000000 ) ) ;
#5218 = ADVANCED_FACE ( 'NONE', ( #3573 ), #7758, .F. ) ;
#5219 = CARTESIAN_POINT ( 'NONE',  ( -8.000000000000000000, -26.00000000000000355, -150.0000000000000000 ) ) ;
#5220 = CARTESIAN_POINT ( 'NONE',  ( 0.000000000000000000, 16.00000000000000000, 0.000000000000000000 ) ) ;
#5221 = ADVANCED_FACE ( 'NONE', ( #467 ), #7546, .F. ) ;
#5222 = VERTEX_POINT ( 'NONE', #322 ) ;
#5223 = CARTESIAN_POINT ( 'NONE',  ( 1.449999999999445954, 33.40000000000055280, -17.00000000000001421 ) ) ;
#5224 = LINE ( 'NONE', #3731, #4724 ) ;
#5225 = ORIENTED_EDGE ( 'NONE', *, *, #5613, .T. ) ;
#5226 = DIRECTION ( 'NONE',  ( 1.000000000000000000, 0.000000000000000000, 0.000000000000000000 ) ) ;
#5227 = CARTESIAN_POINT ( 'NONE',  ( 8.999092821677699305, 27.15522429802759419, -0.1267986305219108989 ) ) ;
#5228 = EDGE_CURVE ( 'NONE', #2780, #6982, #3715, .T. ) ;
#5229 = VECTOR ( 'NONE', #6780, 1000.000000000000000 ) ;
#5230 = EDGE_CURVE ( 'NONE', #6137, #6941, #2977, .T. ) ;
#5231 = VECTOR ( 'NONE', #9366, 1000.000000000000000 ) ;
#5232 = EDGE_CURVE ( 'NONE', #3041, #8398, #5261, .T. ) ;
#5233 = LINE ( 'NONE', #7682, #8995 ) ;
#5234 = B_SPLINE_CURVE_WITH_KNOTS ( 'NONE', 3,
 ( #4911, #4115, #1793, #5015, #6487, #9678 ),
 .UNSPECIFIED., .F., .F.,
 ( 4, 2, 4 ),
 ( 7.282412306597499688E-07, 0.0008498777960104690957, 0.001699027350790278425 ),
 .UNSPECIFIED. ) ;
#5235 = VERTEX_POINT ( 'NONE', #9296 ) ;
#5236 = DIRECTION ( 'NONE',  ( 1.000000000000000000, 0.000000000000000000, 0.000000000000000000 ) ) ;
#5237 = AXIS2_PLACEMENT_3D ( 'NONE', #7231, #5528, #10399 ) ;
#5238 = DIRECTION ( 'NONE',  ( 0.000000000000000000, -0.000000000000000000, -1.000000000000000000 ) ) ;
#5239 = FACE_OUTER_BOUND ( 'NONE', #4953, .T. ) ;
#5240 = ORIENTED_EDGE ( 'NONE', *, *, #2198, .T. ) ;
#5241 = VECTOR ( 'NONE', #8240, 1000.000000000000114 ) ;
#5242 = ORIENTED_EDGE ( 'NONE', *, *, #7766, .F. ) ;
#5243 = ORIENTED_EDGE ( 'NONE', *, *, #9896, .F. ) ;
#5244 = VECTOR ( 'NONE', #3401, 1000.000000000000000 ) ;
#5245 = ADVANCED_FACE ( 'NONE', ( #2142 ), #5209, .F. ) ;
#5246 = CARTESIAN_POINT ( 'NONE',  ( 0.000000000000000000, 0.000000000000000000, 11.97272967750899220 ) ) ;
#5247 = VERTEX_POINT ( 'NONE', #5307 ) ;
#5248 = AXIS2_PLACEMENT_3D ( 'NONE', #6498, #9743, #4645 ) ;
#5249 = ORIENTED_EDGE ( 'NONE', *, *, #7034, .T. ) ;
#5250 = CARTESIAN_POINT ( 'NONE',  ( -2.458500000000000796, -16.00000000000000000, -6.041500000000000092 ) ) ;
#5251 = AXIS2_PLACEMENT_3D ( 'NONE', #1085, #4284, #3493 ) ;
#5252 = DIRECTION ( 'NONE',  ( -0.000000000000000000, -0.000000000000000000, 1.000000000000000000 ) ) ;
#5253 = CARTESIAN_POINT ( 'NONE',  ( 10.00000000000000000, 1.224646799147353256E-15, 0.000000000000000000 ) ) ;
#5254 = B_SPLINE_CURVE_WITH_KNOTS ( 'NONE', 3,
 ( #4474, #3685, #436, #3481, #1225, #2057 ),
 .UNSPECIFIED., .F., .F.,
 ( 4, 2, 4 ),
 ( 7.282412306271740346E-07, 0.0008498777960105441225, 0.001699027350790461221 ),
 .UNSPECIFIED. ) ;
#5255 = AXIS2_PLACEMENT_3D ( 'NONE', #1350, #621, #5455 ) ;
#5256 = CIRCLE ( 'NONE', #223, 2.458499999999988361 ) ;
#5257 = CARTESIAN_POINT ( 'NONE',  ( 1.271201803182604007, -18.20564223991167552, -6.294357760088325371 ) ) ;
#5258 = VECTOR ( 'NONE', #5828, 1000.000000000000000 ) ;
#5259 = FILL_AREA_STYLE_COLOUR ( '', #8191 ) ;
#5260 = CARTESIAN_POINT ( 'NONE',  ( 7.249999999999709566, 27.29903810567635247, -2.000000000000000000 ) ) ;
#5261 = LINE ( 'NONE', #3516, #2143 ) ;
#5262 = CARTESIAN_POINT ( 'NONE',  ( -9.500000000000000000, -25.13397459621599950, 0.000000000000000000 ) ) ;
#5263 = VECTOR ( 'NONE', #8330, 1000.000000000000114 ) ;
#5264 = DIRECTION ( 'NONE',  ( 0.000000000000000000, 0.000000000000000000, -1.000000000000000000 ) ) ;
#5265 = ORIENTED_EDGE ( 'NONE', *, *, #6279, .T. ) ;
#5266 = CARTESIAN_POINT ( 'NONE',  ( -7.978903285765476028, -27.71987061392666973, 0.000000000000000000 ) ) ;
#5267 = ORIENTED_EDGE ( 'NONE', *, *, #4972, .F. ) ;
#5268 = ORIENTED_EDGE ( 'NONE', *, *, #1050, .T. ) ;
#5269 = CIRCLE ( 'NONE', #728, 0.5000000000060234040 ) ;
#5270 = ORIENTED_EDGE ( 'NONE', *, *, #8884, .F. ) ;
#5271 = CARTESIAN_POINT ( 'NONE',  ( 1.000000000000000000, 33.20000000000000284, -135.0000000000000000 ) ) ;
#5272 = CARTESIAN_POINT ( 'NONE',  ( -7.050000000000555822, 33.40000000000055280, -135.0000000000000000 ) ) ;
#5273 = PLANE ( 'NONE',  #8200 ) ;
#5274 = FACE_OUTER_BOUND ( 'NONE', #10367, .T. ) ;
#5275 = DIRECTION ( 'NONE',  ( 0.000000000000000000, 0.000000000000000000, 1.000000000000000000 ) ) ;
#5276 = VERTEX_POINT ( 'NONE', #2038 ) ;
#5277 = CARTESIAN_POINT ( 'NONE',  ( 8.021096714234520419, 27.71987061392667329, -152.0000000000000000 ) ) ;
#5278 = ORIENTED_EDGE ( 'NONE', *, *, #5340, .T. ) ;
#5279 = DIRECTION ( 'NONE',  ( 0.000000000000000000, 0.000000000000000000, -1.000000000000000000 ) ) ;
#5280 = LINE ( 'NONE', #6922, #8063 ) ;
#5281 = DIRECTION ( 'NONE',  ( 0.000000000000000000, -1.000000000000000000, 0.000000000000000000 ) ) ;
#5282 = ORIENTED_EDGE ( 'NONE', *, *, #6590, .T. ) ;
#5283 = CARTESIAN_POINT ( 'NONE',  ( 0.000000000000000000, -16.00000000000000000, 0.000000000000000000 ) ) ;
#5284 = CARTESIAN_POINT ( 'NONE',  ( -9.240690844420226924, -27.01573761456141298, -151.9222887293126973 ) ) ;
#5285 = CARTESIAN_POINT ( 'NONE',  ( 3.750000000000000000, -7.250000000000000000, -150.6715170305900529 ) ) ;
#5286 = ORIENTED_EDGE ( 'NONE', *, *, #3080, .F. ) ;
#5287 = EDGE_CURVE ( 'NONE', #1114, #3793, #7819, .T. ) ;
#5288 = EDGE_CURVE ( 'NONE', #5008, #504, #6899, .T. ) ;
#5289 = ADVANCED_FACE ( 'NONE', ( #7600 ), #370, .T. ) ;
#5290 = EDGE_CURVE ( 'NONE', #3851, #8587, #1808, .T. ) ;
#5291 = VERTEX_POINT ( 'NONE', #7808 ) ;
#5292 = AXIS2_PLACEMENT_3D ( 'NONE', #9482, #6053, #5552 ) ;
#5293 = CARTESIAN_POINT ( 'NONE',  ( 3.971223470242094766, -4.497708766627552812, 7.800000000000017586 ) ) ;
#5294 = ORIENTED_EDGE ( 'NONE', *, *, #1494, .F. ) ;
#5295 = EDGE_LOOP ( 'NONE', ( #8777, #4742, #4499, #5913, #3862 ) ) ;
#5296 = CARTESIAN_POINT ( 'NONE',  ( 8.000000000000000000, 26.00000000000000355, -149.1339745962199856 ) ) ;
#5297 = EDGE_CURVE ( 'NONE', #10144, #1952, #3819, .T. ) ;
#5298 = ORIENTED_EDGE ( 'NONE', *, *, #8723, .T. ) ;
#5299 = CARTESIAN_POINT ( 'NONE',  ( -11.50000000000000000, -26.00000000000000355, -0.3999999999999810929 ) ) ;
#5300 = EDGE_CURVE ( 'NONE', #9659, #8598, #567, .T. ) ;
#5301 = CARTESIAN_POINT ( 'NONE',  ( 1.440155956905742940, 18.45849999999999724, -7.059844043094257948 ) ) ;
#5302 = ORIENTED_EDGE ( 'NONE', *, *, #4628, .T. ) ;
#5303 = EDGE_CURVE ( 'NONE', #1394, #9612, #8404, .T. ) ;
#5304 = AXIS2_PLACEMENT_3D ( 'NONE', #6850, #3576, #8396 ) ;
#5305 = LINE ( 'NONE', #6251, #101 ) ;
#5306 = DIRECTION ( 'NONE',  ( 0.000000000000000000, -0.000000000000000000, 1.000000000000000000 ) ) ;
#5307 = CARTESIAN_POINT ( 'NONE',  ( 3.250000000000016875, -16.00000000000000000, -152.0000000000000000 ) ) ;
#5308 = FACE_OUTER_BOUND ( 'NONE', #3497, .T. ) ;
#5309 = DIRECTION ( 'NONE',  ( 0.000000000000000000, 0.000000000000000000, 1.000000000000000000 ) ) ;
#5310 = ORIENTED_EDGE ( 'NONE', *, *, #3729, .F. ) ;
#5311 = AXIS2_PLACEMENT_3D ( 'NONE', #4893, #7339, #8826 ) ;
#5312 = DIRECTION ( 'NONE',  ( 0.000000000000000000, 0.000000000000000000, 1.000000000000000000 ) ) ;
#5313 = ORIENTED_EDGE ( 'NONE', *, *, #5290, .F. ) ;
#5314 = ORIENTED_EDGE ( 'NONE', *, *, #5355, .T. ) ;
#5315 = EDGE_CURVE ( 'NONE', #1853, #4902, #7000, .T. ) ;
#5316 = ORIENTED_EDGE ( 'NONE', *, *, #1494, .T. ) ;
#5317 = DIRECTION ( 'NONE',  ( 0.8660254037842946007, 0.5000000000002495781, 0.000000000000000000 ) ) ;
#5318 = DIRECTION ( 'NONE',  ( 1.000000000000000000, 0.000000000000000000, 0.000000000000000000 ) ) ;
#5319 = CIRCLE ( 'NONE', #5656, 0.3999999999993869571 ) ;
#5320 = DIRECTION ( 'NONE',  ( 0.000000000000000000, 0.000000000000000000, 1.000000000000000000 ) ) ;
#5321 = FACE_OUTER_BOUND ( 'NONE', #6743, .T. ) ;
#5322 = ORIENTED_EDGE ( 'NONE', *, *, #4835, .T. ) ;
#5323 = CIRCLE ( 'NONE', #9074, 8.000000000000621725 ) ;
#5324 = CARTESIAN_POINT ( 'NONE',  ( 0.000000000000000000, -30.00000000000000000, -145.9585000000000434 ) ) ;
#5325 = ORIENTED_EDGE ( 'NONE', *, *, #6523, .F. ) ;
#5326 = AXIS2_PLACEMENT_3D ( 'NONE', #6640, #1058, #270 ) ;
#5327 = DIRECTION ( 'NONE',  ( 0.000000000000000000, -0.000000000000000000, -1.000000000000000000 ) ) ;
#5328 = DIRECTION ( 'NONE',  ( 0.5000000000002338130, 0.8660254037843035935, 0.000000000000000000 ) ) ;
#5329 = CARTESIAN_POINT ( 'NONE',  ( -9.500000000000000000, -26.00000000000000355, -2.000000000000000000 ) ) ;
#5330 = ORIENTED_EDGE ( 'NONE', *, *, #2062, .F. ) ;
#5331 = DIRECTION ( 'NONE',  ( -1.000000000000000000, 0.000000000000000000, 0.000000000000000000 ) ) ;
#5332 = VERTEX_POINT ( 'NONE', #10386 ) ;
#5333 = CARTESIAN_POINT ( 'NONE',  ( -8.000000000000000000, -26.00000000000000355, -2.000000000000000000 ) ) ;
#5334 = LINE ( 'NONE', #8476, #2461 ) ;
#5335 = CONICAL_SURFACE ( 'NONE', #3484, 2.458500000000030106, 0.7853981633974469467 ) ;
#5336 = EDGE_LOOP ( 'NONE', ( #4794, #2581, #9565 ) ) ;
#5337 = VECTOR ( 'NONE', #9185, 1000.000000000000000 ) ;
#5338 = ORIENTED_EDGE ( 'NONE', *, *, #7367, .F. ) ;
#5339 = AXIS2_PLACEMENT_3D ( 'NONE', #10195, #6278, #2940 ) ;
#5340 = EDGE_CURVE ( 'NONE', #3651, #10414, #2401, .T. ) ;
#5341 = AXIS2_PLACEMENT_3D ( 'NONE', #342, #8360, #1129 ) ;
#5342 = DIRECTION ( 'NONE',  ( 0.000000000000000000, 0.000000000000000000, -1.000000000000000000 ) ) ;
#5343 = ADVANCED_FACE ( 'NONE', ( #623 ), #2345, .T. ) ;
#5344 = EDGE_LOOP ( 'NONE', ( #8537, #6351, #8232, #181, #6341, #287 ) ) ;
#5345 = VECTOR ( 'NONE', #2796, 1000.000000000000000 ) ;
#5346 = ORIENTED_EDGE ( 'NONE', *, *, #6309, .F. ) ;
#5347 = DIRECTION ( 'NONE',  ( 1.000000000000000000, 0.000000000000000000, 0.000000000000000000 ) ) ;
#5348 = EDGE_CURVE ( 'NONE', #5712, #4530, #468, .T. ) ;
#5349 = VERTEX_POINT ( 'NONE', #1509 ) ;
#5350 = LINE ( 'NONE', #8689, #3990 ) ;
#5351 = DIRECTION ( 'NONE',  ( 1.000000000000000000, 0.000000000000000000, 0.000000000000000000 ) ) ;
#5352 = VERTEX_POINT ( 'NONE', #773 ) ;
#5353 = CIRCLE ( 'NONE', #4667, 8.000000000000611067 ) ;
#5354 = FACE_OUTER_BOUND ( 'NONE', #3895, .T. ) ;
#5355 = EDGE_CURVE ( 'NONE', #823, #9436, #2299, .T. ) ;
#5356 = DIRECTION ( 'NONE',  ( -0.000000000000000000, -0.000000000000000000, -1.000000000000000000 ) ) ;
#5357 = EDGE_CURVE ( 'NONE', #7462, #1174, #4658, .T. ) ;
#5358 = CARTESIAN_POINT ( 'NONE',  ( -8.032999999999988816, 7.250000000000000000, -150.6715170305900529 ) ) ;
#5359 = CLOSED_SHELL ( 'NONE', ( #6662, #10288, #779, #8287, #4501, #2829, #529, #3305, #4971, #7438, #6247, #10143, #1947, #9577, #7836, #5218, #8222, #8493, #3218, #2243, #4916, #7292, #3169, #3664, #7024, #1250, #4984, #841, #3863, #1946, #5289, #1635 ) ) ;
#5360 = DIRECTION ( 'NONE',  ( 0.000000000000000000, 0.000000000000000000, -1.000000000000000000 ) ) ;
#5361 = ORIENTED_EDGE ( 'NONE', *, *, #2542, .T. ) ;
#5362 = DIRECTION ( 'NONE',  ( 0.000000000000000000, 0.000000000000000000, 1.000000000000000000 ) ) ;
#5363 = VERTEX_POINT ( 'NONE', #7217 ) ;
#5364 = VERTEX_POINT ( 'NONE', #3129 ) ;
#5365 = VERTEX_POINT ( 'NONE', #10441 ) ;
#5366 = DIRECTION ( 'NONE',  ( -1.000000000000000000, -0.000000000000000000, -0.000000000000000000 ) ) ;
#5367 = CARTESIAN_POINT ( 'NONE',  ( 4.232999999999958796, 5.653581948263731051E-16, 29.99999999999999289 ) ) ;
#5368 = DIRECTION ( 'NONE',  ( 1.000000000000000000, 0.000000000000000000, 0.000000000000000000 ) ) ;
#5369 = EDGE_CURVE ( 'NONE', #4354, #8155, #8924, .T. ) ;
#5370 = ORIENTED_EDGE ( 'NONE', *, *, #461, .T. ) ;
#5371 = CARTESIAN_POINT ( 'NONE',  ( -8.015521883131921044, -26.00000000000030553, -4.000000000000000000 ) ) ;
#5372 = ORIENTED_EDGE ( 'NONE', *, *, #4322, .T. ) ;
#5373 = DIRECTION ( 'NONE',  ( 0.000000000000000000, -0.000000000000000000, 1.000000000000000000 ) ) ;
#5374 = ORIENTED_EDGE ( 'NONE', *, *, #7430, .T. ) ;
#5375 = ORIENTED_EDGE ( 'NONE', *, *, #8471, .F. ) ;
#5376 = FACE_OUTER_BOUND ( 'NONE', #2078, .T. ) ;
#5377 = DIRECTION ( 'NONE',  ( -0.000000000000000000, -0.000000000000000000, -1.000000000000000000 ) ) ;
#5378 = FACE_OUTER_BOUND ( 'NONE', #2305, .T. ) ;
#5379 = DIRECTION ( 'NONE',  ( 0.000000000000000000, 0.000000000000000000, -1.000000000000000000 ) ) ;
#5380 = ORIENTED_EDGE ( 'NONE', *, *, #654, .T. ) ;
#5381 = LINE ( 'NONE', #3692, #4405 ) ;
#5382 = CARTESIAN_POINT ( 'NONE',  ( -11.09999999999997833, -26.00000000000000355, -152.0000000000000000 ) ) ;
#5383 = FACE_BOUND ( 'NONE', #6186, .T. ) ;
#5384 = ORIENTED_EDGE ( 'NONE', *, *, #481, .T. ) ;
#5385 = CONICAL_SURFACE ( 'NONE', #3868, 2.458500000000012786, 0.7853981633974488341 ) ;
#5386 = EDGE_LOOP ( 'NONE', ( #1717, #184, #9306, #571 ) ) ;
#5387 = FACE_BOUND ( 'NONE', #2358, .T. ) ;
#5388 = ORIENTED_EDGE ( 'NONE', *, *, #5043, .F. ) ;
#5389 = ORIENTED_EDGE ( 'NONE', *, *, #3231, .F. ) ;
#5390 = PLANE ( 'NONE',  #206 ) ;
#5391 = CIRCLE ( 'NONE', #8282, 6.000000000000000000 ) ;
#5392 = CARTESIAN_POINT ( 'NONE',  ( 2.458500000000006125, -14.55984404309424995, -10.95850000000000790 ) ) ;
#5393 = ORIENTED_EDGE ( 'NONE', *, *, #100, .T. ) ;
#5394 = VECTOR ( 'NONE', #3613, 1000.000000000000114 ) ;
#5395 = VERTEX_POINT ( 'NONE', #1456 ) ;
#5396 = DIRECTION ( 'NONE',  ( -1.000000000000000000, 0.000000000000000000, 0.000000000000000000 ) ) ;
#5397 = LINE ( 'NONE', #9542, #4846 ) ;
#5398 = ORIENTED_EDGE ( 'NONE', *, *, #7104, .F. ) ;
#5399 = EDGE_CURVE ( 'NONE', #3429, #2474, #9918, .T. ) ;
#5400 = EDGE_CURVE ( 'NONE', #2476, #3004, #10336, .T. ) ;
#5401 = AXIS2_PLACEMENT_3D ( 'NONE', #2859, #2175, #5347 ) ;
#5402 = VECTOR ( 'NONE', #1510, 1000.000000000000000 ) ;
#5403 = CARTESIAN_POINT ( 'NONE',  ( -8.259309623521311039, -24.41766167337458171, -0.07771142334320418898 ) ) ;
#5404 = AXIS2_PLACEMENT_3D ( 'NONE', #3714, #8696, #3763 ) ;
#5405 = DIRECTION ( 'NONE',  ( 0.000000000000000000, 0.000000000000000000, 1.000000000000000000 ) ) ;
#5406 = CARTESIAN_POINT ( 'NONE',  ( -12.00000000000000000, -25.99999999999968026, -135.0000000000000000 ) ) ;
#5407 = CARTESIAN_POINT ( 'NONE',  ( 8.000000000000000000, 26.00000000000000355, -152.0000000000000000 ) ) ;
#5408 = AXIS2_PLACEMENT_3D ( 'NONE', #10307, #6286, #3208 ) ;
#5409 = DIRECTION ( 'NONE',  ( -0.000000000000000000, -0.000000000000000000, 1.000000000000000000 ) ) ;
#5410 = ORIENTED_EDGE ( 'NONE', *, *, #9569, .F. ) ;
#5411 = VECTOR ( 'NONE', #10316, 1000.000000000000000 ) ;
#5412 = FACE_OUTER_BOUND ( 'NONE', #7592, .T. ) ;
#5413 = ORIENTED_EDGE ( 'NONE', *, *, #1680, .T. ) ;
#5414 = ADVANCED_FACE ( 'NONE', ( #6305 ), #1152, .T. ) ;
#5415 = ORIENTED_EDGE ( 'NONE', *, *, #9440, .F. ) ;
#5416 = EDGE_CURVE ( 'NONE', #9529, #7045, #3824, .T. ) ;
#5417 = CONICAL_SURFACE ( 'NONE', #5086, 1.720000000000002860, 1.047197551196594745 ) ;
#5418 = EDGE_CURVE ( 'NONE', #3882, #7467, #979, .T. ) ;
#5419 = EDGE_CURVE ( 'NONE', #9404, #5489, #5187, .T. ) ;
#5420 = ORIENTED_EDGE ( 'NONE', *, *, #6216, .F. ) ;
#5421 = DIRECTION ( 'NONE',  ( -0.000000000000000000, 0.000000000000000000, -1.000000000000000000 ) ) ;
#5422 = LINE ( 'NONE', #3631, #7719 ) ;
#5423 = DIRECTION ( 'NONE',  ( 0.000000000000000000, 0.000000000000000000, 1.000000000000000000 ) ) ;
#5424 = VECTOR ( 'NONE', #8391, 1000.000000000000000 ) ;
#5425 = CARTESIAN_POINT ( 'NONE',  ( 1.200000000000554179, 33.20000000000000284, -135.0000000000000000 ) ) ;
#5426 = ORIENTED_EDGE ( 'NONE', *, *, #7906, .T. ) ;
#5427 = CARTESIAN_POINT ( 'NONE',  ( 8.750000000000293099, 24.70096189432366529, -150.0000000000000000 ) ) ;
#5428 = ADVANCED_FACE ( 'NONE', ( #8127 ), #4244, .T. ) ;
#5429 = VERTEX_POINT ( 'NONE', #7330 ) ;
#5430 = AXIS2_PLACEMENT_3D ( 'NONE', #10124, #6898, #6201 ) ;
#5431 = EDGE_CURVE ( 'NONE', #9718, #8207, #4697, .T. ) ;
#5432 = DIRECTION ( 'NONE',  ( 1.000000000000000000, 0.000000000000000000, 0.000000000000000000 ) ) ;
#5433 = AXIS2_PLACEMENT_3D ( 'NONE', #2306, #8999, #4109 ) ;
#5434 = LINE ( 'NONE', #3902, #6404 ) ;
#5435 = CARTESIAN_POINT ( 'NONE',  ( -12.00000000000000533, 26.00000000000094857, -135.0000000000000000 ) ) ;
#5436 = VERTEX_POINT ( 'NONE', #5042 ) ;
#5437 = FACE_OUTER_BOUND ( 'NONE', #2642, .T. ) ;
#5438 = ORIENTED_EDGE ( 'NONE', *, *, #1190, .T. ) ;
#5439 = CARTESIAN_POINT ( 'NONE',  ( -12.00000000000000000, -25.99999999999969802, -152.0000000000000000 ) ) ;
#5440 = ORIENTED_EDGE ( 'NONE', *, *, #1443, .F. ) ;
#5441 = EDGE_CURVE ( 'NONE', #931, #9467, #890, .T. ) ;
#5442 = ORIENTED_EDGE ( 'NONE', *, *, #1375, .F. ) ;
#5443 = DIRECTION ( 'NONE',  ( 1.000000000000000000, 0.000000000000000000, 0.000000000000000000 ) ) ;
#5444 = EDGE_LOOP ( 'NONE', ( #7150, #5249, #9687, #9400 ) ) ;
#5445 = ORIENTED_EDGE ( 'NONE', *, *, #7430, .F. ) ;
#5446 = CARTESIAN_POINT ( 'NONE',  ( 7.249999999999388933, 35.00000000000000000, -135.0000000000000000 ) ) ;
#5447 = CARTESIAN_POINT ( 'NONE',  ( 4.335090188609796336, 29.80000000000000071, -4.000000000000000000 ) ) ;
#5448 = CARTESIAN_POINT ( 'NONE',  ( 4.232999999999958796, 5.183929900790695821E-16, 29.99999999999999289 ) ) ;
#5449 = DIRECTION ( 'NONE',  ( 1.000000000000000000, 0.000000000000000000, 0.000000000000000000 ) ) ;
#5450 = ORIENTED_EDGE ( 'NONE', *, *, #6711, .F. ) ;
#5451 = LINE ( 'NONE', #8641, #10412 ) ;
#5452 = CARTESIAN_POINT ( 'NONE',  ( -2.458500000000003460, 16.00000000000000000, -121.0000000000000000 ) ) ;
#5453 = EDGE_LOOP ( 'NONE', ( #3914, #9109 ) ) ;
#5454 = DIRECTION ( 'NONE',  ( 0.000000000000000000, -1.000000000000000000, 0.000000000000000000 ) ) ;
#5455 = DIRECTION ( 'NONE',  ( 1.000000000000000000, 0.000000000000000000, 0.000000000000000000 ) ) ;
#5456 = DIRECTION ( 'NONE',  ( -1.000000000000000000, 0.000000000000000000, 0.000000000000000000 ) ) ;
#5457 = DIRECTION ( 'NONE',  ( 1.000000000000000000, 0.000000000000000000, 0.000000000000000000 ) ) ;
#5458 = ORIENTED_EDGE ( 'NONE', *, *, #8739, .T. ) ;
#5459 = LINE ( 'NONE', #8700, #7867 ) ;
#5460 = EDGE_LOOP ( 'NONE', ( #2328, #5864, #412, #6958 ) ) ;
#5461 = AXIS2_PLACEMENT_3D ( 'NONE', #9911, #4987, #7532 ) ;
#5462 = VERTEX_POINT ( 'NONE', #1824 ) ;
#5463 = DIRECTION ( 'NONE',  ( 0.000000000000000000, 1.000000000000000000, 0.000000000000000000 ) ) ;
#5464 = CARTESIAN_POINT ( 'NONE',  ( -8.000000000001291411, 26.00000000000094857, 0.000000000000000000 ) ) ;
#5465 = LINE ( 'NONE', #9454, #6829 ) ;
#5466 = VECTOR ( 'NONE', #237, 1000.000000000000000 ) ;
#5467 = EDGE_CURVE ( 'NONE', #8893, #4099, #8730, .T. ) ;
#5468 = AXIS2_PLACEMENT_3D ( 'NONE', #5124, #10045, #279 ) ;
#5469 = EDGE_CURVE ( 'NONE', #5549, #3856, #8275, .T. ) ;
#5470 = DIRECTION ( 'NONE',  ( 1.000000000000000000, 0.000000000000000000, 0.000000000000000000 ) ) ;
#5471 = EDGE_CURVE ( 'NONE', #8863, #2773, #5353, .T. ) ;
#5472 = DIRECTION ( 'NONE',  ( 6.195440985631349314E-17, 1.000000000000000000, 0.000000000000000000 ) ) ;
#5473 = ORIENTED_EDGE ( 'NONE', *, *, #10018, .F. ) ;
#5474 = LINE ( 'NONE', #4574, #7657 ) ;
#5475 = EDGE_LOOP ( 'NONE', ( #5887, #2669, #5268, #9779, #827 ) ) ;
#5476 = ORIENTED_EDGE ( 'NONE', *, *, #1770, .F. ) ;
#5477 = ORIENTED_EDGE ( 'NONE', *, *, #10201, .T. ) ;
#5478 = EDGE_CURVE ( 'NONE', #5489, #75, #4037, .T. ) ;
#5479 = CARTESIAN_POINT ( 'NONE',  ( 0.000000000000000000, 16.00000000000000000, 0.000000000000000000 ) ) ;
#5480 = AXIS2_PLACEMENT_3D ( 'NONE', #9349, #6199, #2918 ) ;
#5481 = DIRECTION ( 'NONE',  ( 0.000000000000000000, 0.000000000000000000, 1.000000000000000000 ) ) ;
#5482 = DIRECTION ( 'NONE',  ( 1.000000000000000000, 0.000000000000000000, 0.000000000000000000 ) ) ;
#5483 = DIRECTION ( 'NONE',  ( 0.8660254037842997077, -0.5000000000002408074, 0.000000000000000000 ) ) ;
#5484 = DIRECTION ( 'NONE',  ( -0.08784076505916563193, -0.9961345290641321348, 0.000000000000000000 ) ) ;
#5485 = EDGE_LOOP ( 'NONE', ( #3966, #2668, #3721, #1, #5286, #4197 ) ) ;
#5486 = EDGE_CURVE ( 'NONE', #3866, #3769, #6468, .T. ) ;
#5487 = VECTOR ( 'NONE', #2609, 1000.000000000000000 ) ;
#5488 = PLANE ( 'NONE',  #7964 ) ;
#5489 = VERTEX_POINT ( 'NONE', #5677 ) ;
#5490 = EDGE_CURVE ( 'NONE', #5657, #6391, #1667, .T. ) ;
#5491 = AXIS2_PLACEMENT_3D ( 'NONE', #9393, #8594, #7054 ) ;
#5492 = CARTESIAN_POINT ( 'NONE',  ( -6.500000000000005329, -26.86602540378398984, 0.000000000000000000 ) ) ;
#5493 = ORIENTED_EDGE ( 'NONE', *, *, #3025, .T. ) ;
#5494 = VECTOR ( 'NONE', #9711, 1000.000000000000000 ) ;
#5495 = AXIS2_PLACEMENT_3D ( 'NONE', #1087, #4286, #3598 ) ;
#5496 = ORIENTED_EDGE ( 'NONE', *, *, #2381, .F. ) ;
#5497 = VECTOR ( 'NONE', #5107, 1000.000000000000000 ) ;
#5498 = DIRECTION ( 'NONE',  ( 0.000000000000000000, 0.000000000000000000, -1.000000000000000000 ) ) ;
#5499 = ORIENTED_EDGE ( 'NONE', *, *, #4462, .F. ) ;
#5500 = CIRCLE ( 'NONE', #2478, 1.500000000000000666 ) ;
#5501 = ORIENTED_EDGE ( 'NONE', *, *, #10423, .T. ) ;
#5502 = EDGE_CURVE ( 'NONE', #7305, #614, #3836, .T. ) ;
#5503 = DIRECTION ( 'NONE',  ( 1.000000000000000000, 0.000000000000000000, 0.000000000000000000 ) ) ;
#5504 = EDGE_CURVE ( 'NONE', #5957, #8533, #6272, .T. ) ;
#5505 = CARTESIAN_POINT ( 'NONE',  ( 6.500000000000000888, 25.13397459621599950, -152.0000000000000000 ) ) ;
#5506 = DIRECTION ( 'NONE',  ( -1.000000000000000000, 0.000000000000000000, 0.000000000000000000 ) ) ;
#5507 = DIRECTION ( 'NONE',  ( -0.7071067811864980568, 0.000000000000000000, -0.7071067811865970887 ) ) ;
#5508 = ORIENTED_EDGE ( 'NONE', *, *, #4138, .F. ) ;
#5509 = DIRECTION ( 'NONE',  ( 1.000000000000000000, 0.000000000000000000, 0.000000000000000000 ) ) ;
#5510 = ORIENTED_EDGE ( 'NONE', *, *, #857, .T. ) ;
#5511 = VECTOR ( 'NONE', #5622, 1000.000000000000000 ) ;
#5512 = VECTOR ( 'NONE', #6296, 1000.000000000000000 ) ;
#5513 = AXIS2_PLACEMENT_3D ( 'NONE', #3255, #7130, #1522 ) ;
#5514 = CARTESIAN_POINT ( 'NONE',  ( 4.600000000000002309, 26.00000000000000355, -4.000000000000000000 ) ) ;
#5515 = CARTESIAN_POINT ( 'NONE',  ( 9.478903285766060449, 25.12179440257400387, -152.0000000000000000 ) ) ;
#5516 = CARTESIAN_POINT ( 'NONE',  ( 9.500000000000001776, 26.28641851078571889, -151.8851669390504071 ) ) ;
#5517 = AXIS2_PLACEMENT_3D ( 'NONE', #7643, #7533, #405 ) ;
#5518 = DIRECTION ( 'NONE',  ( 0.000000000000000000, -0.000000000000000000, 1.000000000000000000 ) ) ;
#5519 = EDGE_LOOP ( 'NONE', ( #7192, #6489, #1026, #5037, #2245, #4127 ) ) ;
#5520 = CARTESIAN_POINT ( 'NONE',  ( 11.50000000000000000, 26.00000000000000355, -4.000000000000000000 ) ) ;
#5521 = ORIENTED_EDGE ( 'NONE', *, *, #10257, .T. ) ;
#5522 = AXIS2_PLACEMENT_3D ( 'NONE', #5170, #8250, #1070 ) ;
#5523 = CARTESIAN_POINT ( 'NONE',  ( -8.000000000000000000, -24.26794919243099713, -2.000000000000000000 ) ) ;
#5524 = AXIS2_PLACEMENT_3D ( 'NONE', #7598, #8418, #4478 ) ;
#5525 = PLANE ( 'NONE',  #6858 ) ;
#5526 = CARTESIAN_POINT ( 'NONE',  ( 8.200000000000553513, -16.00000000000000000, -3.499999999999999556 ) ) ;
#5527 = EDGE_LOOP ( 'NONE', ( #2841, #3166, #7926, #5555 ) ) ;
#5528 = DIRECTION ( 'NONE',  ( 0.000000000000000000, -1.000000000000000000, 0.000000000000000000 ) ) ;
#5529 = LINE ( 'NONE', #7921, #5700 ) ;
#5530 = CARTESIAN_POINT ( 'NONE',  ( 3.010794155703798726E-16, -18.45850000000002211, -6.041499999999976112 ) ) ;
#5531 = ORIENTED_EDGE ( 'NONE', *, *, #3925, .F. ) ;
#5532 = VERTEX_POINT ( 'NONE', #9561 ) ;
#5533 = VECTOR ( 'NONE', #4182, 1000.000000000000000 ) ;
#5534 = EDGE_CURVE ( 'NONE', #2800, #9416, #7069, .T. ) ;
#5535 = PLANE ( 'NONE',  #2805 ) ;
#5536 = EDGE_CURVE ( 'NONE', #1220, #7015, #56, .T. ) ;
#5537 = CARTESIAN_POINT ( 'NONE',  ( -0.6607491694260467785, -18.45850000000002211, -6.041499999999981441 ) ) ;
#5538 = CARTESIAN_POINT ( 'NONE',  ( 8.500000000000000000, 25.50000000000000355, -121.0000000000000000 ) ) ;
#5539 = FACE_OUTER_BOUND ( 'NONE', #3829, .T. ) ;
#5540 = EDGE_LOOP ( 'NONE', ( #2667, #6560, #9960, #2585 ) ) ;
#5541 = DIRECTION ( 'NONE',  ( 0.000000000000000000, 0.000000000000000000, -1.000000000000000000 ) ) ;
#5542 = ORIENTED_EDGE ( 'NONE', *, *, #1248, .F. ) ;
#5543 = DIRECTION ( 'NONE',  ( -0.000000000000000000, -0.000000000000000000, 1.000000000000000000 ) ) ;
#5544 = EDGE_CURVE ( 'NONE', #8753, #1819, #8888, .T. ) ;
#5545 = ORIENTED_EDGE ( 'NONE', *, *, #3025, .F. ) ;
#5546 = EDGE_CURVE ( 'NONE', #8562, #377, #9720, .T. ) ;
#5547 = EDGE_CURVE ( 'NONE', #227, #6223, #2470, .T. ) ;
#5548 = CARTESIAN_POINT ( 'NONE',  ( -9.500000000000000000, -26.86602540378400050, -150.0000000000000000 ) ) ;
#5549 = VERTEX_POINT ( 'NONE', #5635 ) ;
#5550 = VERTEX_POINT ( 'NONE', #3089 ) ;
#5551 = DIRECTION ( 'NONE',  ( 0.000000000000000000, -1.000000000000000000, 0.000000000000000000 ) ) ;
#5552 = DIRECTION ( 'NONE',  ( -1.000000000000000000, 0.000000000000000000, 0.000000000000000000 ) ) ;
#5553 = CARTESIAN_POINT ( 'NONE',  ( 0.000000000000000000, -16.00000000000000000, -0.7915000000000169678 ) ) ;
#5554 = CARTESIAN_POINT ( 'NONE',  ( -2.114726455570120400, 26.96507328603669862, -135.0000000000000000 ) ) ;
#5555 = ORIENTED_EDGE ( 'NONE', *, *, #2629, .F. ) ;
#5556 = ORIENTED_EDGE ( 'NONE', *, *, #74, .F. ) ;
#5557 = CARTESIAN_POINT ( 'NONE',  ( 8.000000000000000000, 26.00000000000000355, -4.000000000000000000 ) ) ;
#5558 = LINE ( 'NONE', #6708, #5856 ) ;
#5559 = ORIENTED_EDGE ( 'NONE', *, *, #669, .T. ) ;
#5560 = EDGE_CURVE ( 'NONE', #9739, #3839, #5529, .T. ) ;
#5561 = DIRECTION ( 'NONE',  ( 0.000000000000000000, 0.000000000000000000, 1.000000000000000000 ) ) ;
#5562 = AXIS2_PLACEMENT_3D ( 'NONE', #8917, #7260, #3276 ) ;
#5563 = LINE ( 'NONE', #5618, #8363 ) ;
#5564 = FACE_OUTER_BOUND ( 'NONE', #8828, .T. ) ;
#5565 = VECTOR ( 'NONE', #8118, 1000.000000000000000 ) ;
#5566 = CARTESIAN_POINT ( 'NONE',  ( -5.688034792648446469, -1.909518315602324545, 3.599999999999993872 ) ) ;
#5567 = CARTESIAN_POINT ( 'NONE',  ( -0.4999999999993793853, 17.49999999999938183, -121.0000000000000000 ) ) ;
#5568 = DIRECTION ( 'NONE',  ( -1.000000000000000000, 0.000000000000000000, 0.000000000000000000 ) ) ;
#5569 = ORIENTED_EDGE ( 'NONE', *, *, #6410, .T. ) ;
#5570 = AXIS2_PLACEMENT_3D ( 'NONE', #4618, #842, #1626 ) ;
#5571 = CYLINDRICAL_SURFACE ( 'NONE', #9266, 3.499999999999999556 ) ;
#5572 = VECTOR ( 'NONE', #5360, 1000.000000000000000 ) ;
#5573 = CARTESIAN_POINT ( 'NONE',  ( 9.458499999999967045, 1.191489487060436502E-15, 2.000000000000000000 ) ) ;
#5574 = ORIENTED_EDGE ( 'NONE', *, *, #9558, .F. ) ;
#5575 = CARTESIAN_POINT ( 'NONE',  ( 0.4999999999993793853, 25.50000000000000355, -121.0000000000000000 ) ) ;
#5576 = DIRECTION ( 'NONE',  ( 0.000000000000000000, -0.000000000000000000, -1.000000000000000000 ) ) ;
#5577 = CARTESIAN_POINT ( 'NONE',  ( -8.000000000000000000, -16.00000000000000000, -8.500000000000000000 ) ) ;
#5578 = CIRCLE ( 'NONE', #2373, 1.720000000000002860 ) ;
#5579 = PRODUCT_DEFINITION_FORMATION_WITH_SPECIFIED_SOURCE ( 'ANY', '', #6599, .NOT_KNOWN. ) ;
#5580 = VECTOR ( 'NONE', #8529, 1000.000000000000114 ) ;
#5581 = CARTESIAN_POINT ( 'NONE',  ( -11.50000000000000000, -26.00000000000000355, -151.5999999999999943 ) ) ;
#5582 = CARTESIAN_POINT ( 'NONE',  ( -11.84999999999999964, -26.00000000000028422, -135.0000000000000000 ) ) ;
#5583 = CARTESIAN_POINT ( 'NONE',  ( 9.500000000000001776, 26.28630237793977287, -0.1148472620670310806 ) ) ;
#5584 = EDGE_LOOP ( 'NONE', ( #8639, #7901, #6179 ) ) ;
#5585 = DIRECTION ( 'NONE',  ( -1.000000000000000000, 0.000000000000000000, 0.000000000000000000 ) ) ;
#5586 = ORIENTED_EDGE ( 'NONE', *, *, #2517, .T. ) ;
#5587 = ORIENTED_EDGE ( 'NONE', *, *, #8037, .T. ) ;
#5588 = VERTEX_POINT ( 'NONE', #8711 ) ;
#5589 = DIRECTION ( 'NONE',  ( -1.000000000000000000, 0.000000000000000000, 0.000000000000000000 ) ) ;
#5590 = CIRCLE ( 'NONE', #7970, 5.999999999999985789 ) ;
#5591 = CARTESIAN_POINT ( 'NONE',  ( 9.500000000000000000, 26.86602540378400050, 0.000000000000000000 ) ) ;
#5592 = CARTESIAN_POINT ( 'NONE',  ( 0.4999999999993932631, -17.49999999999939249, -31.00000000000000000 ) ) ;
#5593 = CARTESIAN_POINT ( 'NONE',  ( 8.000000000000000000, 26.00000000000000355, 997.1339745962155803 ) ) ;
#5594 = ORIENTED_EDGE ( 'NONE', *, *, #9629, .F. ) ;
#5595 = DIRECTION ( 'NONE',  ( 1.000000000000000000, 0.000000000000000000, 0.000000000000000000 ) ) ;
#5596 = CARTESIAN_POINT ( 'NONE',  ( -2.458500000000003016, -16.66074916942604034, -141.0415000000000134 ) ) ;
#5597 = EDGE_LOOP ( 'NONE', ( #3360, #1168 ) ) ;
#5598 = DIRECTION ( 'NONE',  ( 0.000000000000000000, 0.000000000000000000, -1.000000000000000000 ) ) ;
#5599 = ORIENTED_EDGE ( 'NONE', *, *, #7764, .F. ) ;
#5600 = VECTOR ( 'NONE', #490, 1000.000000000000000 ) ;
#5601 = VERTEX_POINT ( 'NONE', #6426 ) ;
#5602 = DIRECTION ( 'NONE',  ( 0.000000000000000000, -1.000000000000000000, 0.000000000000000000 ) ) ;
#5603 = ORIENTED_EDGE ( 'NONE', *, *, #3351, .F. ) ;
#5604 = EDGE_CURVE ( 'NONE', #2225, #2862, #5021, .T. ) ;
#5605 = VERTEX_POINT ( 'NONE', #688 ) ;
#5606 = PLANE ( 'NONE',  #5748 ) ;
#5607 = ADVANCED_FACE ( 'NONE', ( #8889 ), #7904, .F. ) ;
#5608 = DIRECTION ( 'NONE',  ( -1.000000000000000000, 0.000000000000000000, 0.000000000000000000 ) ) ;
#5609 = CYLINDRICAL_SURFACE ( 'NONE', #4216, 4.000000000000305533 ) ;
#5610 = DIRECTION ( 'NONE',  ( -0.000000000000000000, -0.000000000000000000, -1.000000000000000000 ) ) ;
#5611 =( NAMED_UNIT ( * ) SI_UNIT ( $, .STERADIAN. ) SOLID_ANGLE_UNIT ( ) );
#5612 = ORIENTED_EDGE ( 'NONE', *, *, #7656, .F. ) ;
#5613 = EDGE_CURVE ( 'NONE', #4682, #9888, #3891, .T. ) ;
#5614 = CARTESIAN_POINT ( 'NONE',  ( 0.000000000000000000, -13.54149999999999743, -143.5000000000000284 ) ) ;
#5615 = AXIS2_PLACEMENT_3D ( 'NONE', #3225, #6563, #190 ) ;
#5616 = VERTEX_POINT ( 'NONE', #898 ) ;
#5617 = CARTESIAN_POINT ( 'NONE',  ( -1.738422021547135765, -17.73842202154713732, -10.23842202154713554 ) ) ;
#5618 = CARTESIAN_POINT ( 'NONE',  ( 8.015521883131921044, 22.00000000000000000, -148.0000000000000000 ) ) ;
#5619 = CARTESIAN_POINT ( 'NONE',  ( 6.500000000000000888, 25.15833498349996944, -152.0000000000000000 ) ) ;
#5620 = EDGE_CURVE ( 'NONE', #8799, #9160, #1157, .T. ) ;
#5621 = CARTESIAN_POINT ( 'NONE',  ( -6.500000000000000888, -26.86602540378400050, -152.0000000000000000 ) ) ;
#5622 = DIRECTION ( 'NONE',  ( 0.000000000000000000, 0.000000000000000000, 1.000000000000000000 ) ) ;
#5623 = EDGE_CURVE ( 'NONE', #9964, #6138, #6028, .T. ) ;
#5624 = LINE ( 'NONE', #3130, #2867 ) ;
#5625 = VERTEX_POINT ( 'NONE', #8432 ) ;
#5626 = ADVANCED_FACE ( 'NONE', ( #6727 ), #307, .F. ) ;
#5627 = DIRECTION ( 'NONE',  ( 0.000000000000000000, 0.000000000000000000, 1.000000000000000000 ) ) ;
#5628 = EDGE_LOOP ( 'NONE', ( #853, #7814, #6995, #7356 ) ) ;
#5629 = DIRECTION ( 'NONE',  ( -0.000000000000000000, -0.000000000000000000, -1.000000000000000000 ) ) ;
#5630 = FACE_BOUND ( 'NONE', #7420, .T. ) ;
#5631 = DIRECTION ( 'NONE',  ( 0.000000000000000000, 0.000000000000000000, 1.000000000000000000 ) ) ;
#5632 = VERTEX_POINT ( 'NONE', #5094 ) ;
#5633 = CARTESIAN_POINT ( 'NONE',  ( -12.00000000000000000, -16.00000000000000000, -6.041500000000000092 ) ) ;
#5634 = PLANE ( 'NONE',  #6233 ) ;
#5635 = CARTESIAN_POINT ( 'NONE',  ( 8.000000000000000000, 27.73205080756899932, -150.0000000000000000 ) ) ;
#5636 = ORIENTED_EDGE ( 'NONE', *, *, #85, .F. ) ;
#5637 = EDGE_CURVE ( 'NONE', #1014, #4369, #1192, .T. ) ;
#5638 = CARTESIAN_POINT ( 'NONE',  ( 8.000000000000000000, 24.26794919243099713, -150.0000000000000000 ) ) ;
#5639 = EDGE_LOOP ( 'NONE', ( #8627, #9518, #5496, #8968 ) ) ;
#5640 = EDGE_LOOP ( 'NONE', ( #694, #630 ) ) ;
#5641 = ORIENTED_EDGE ( 'NONE', *, *, #3602, .F. ) ;
#5642 = CYLINDRICAL_SURFACE ( 'NONE', #813, 4.000000000000305533 ) ;
#5643 = AXIS2_PLACEMENT_3D ( 'NONE', #807, #9682, #5649 ) ;
#5644 = FACE_OUTER_BOUND ( 'NONE', #5336, .T. ) ;
#5645 = VECTOR ( 'NONE', #7156, 1000.000000000000000 ) ;
#5646 = PLANE ( 'NONE',  #7522 ) ;
#5647 = DIRECTION ( 'NONE',  ( 1.000000000000000000, 0.000000000000000000, 0.000000000000000000 ) ) ;
#5648 = VERTEX_POINT ( 'NONE', #9126 ) ;
#5649 = DIRECTION ( 'NONE',  ( 0.8660254037842989305, 0.5000000000002420286, 0.000000000000000000 ) ) ;
#5650 = DIRECTION ( 'NONE',  ( 1.000000000000000000, 0.000000000000000000, 0.000000000000000000 ) ) ;
#5651 = ORIENTED_EDGE ( 'NONE', *, *, #1873, .F. ) ;
#5652 = CARTESIAN_POINT ( 'NONE',  ( -3.750000000000000000, 7.250000000000000000, -145.5000000000000000 ) ) ;
#5653 = ORIENTED_EDGE ( 'NONE', *, *, #2003, .T. ) ;
#5654 = ORIENTED_EDGE ( 'NONE', *, *, #9758, .F. ) ;
#5655 = FACE_OUTER_BOUND ( 'NONE', #10153, .T. ) ;
#5656 = AXIS2_PLACEMENT_3D ( 'NONE', #2711, #3457, #2606 ) ;
#5657 = VERTEX_POINT ( 'NONE', #7282 ) ;
#5658 =( NAMED_UNIT ( * ) PLANE_ANGLE_UNIT ( ) SI_UNIT ( $, .RADIAN. ) );
#5659 = CARTESIAN_POINT ( 'NONE',  ( -12.00000000000000000, -30.00000000000000000, -4.000000000000000000 ) ) ;
#5660 = CARTESIAN_POINT ( 'NONE',  ( -11.60629780968142732, 27.73049591386089929, -17.00000000000000000 ) ) ;
#5661 = FACE_OUTER_BOUND ( 'NONE', #9472, .T. ) ;
#5662 = DIRECTION ( 'NONE',  ( 1.000000000000000000, 0.000000000000000000, 0.000000000000000000 ) ) ;
#5663 = VERTEX_POINT ( 'NONE', #8328 ) ;
#5664 = CIRCLE ( 'NONE', #6536, 3.250000000000058620 ) ;
#5665 = VECTOR ( 'NONE', #2851, 1000.000000000000227 ) ;
#5666 = CARTESIAN_POINT ( 'NONE',  ( -9.500000000000000000, -25.99999999999975131, -151.8729829407772343 ) ) ;
#5667 = AXIS2_PLACEMENT_3D ( 'NONE', #10135, #2248, #2988 ) ;
#5668 = ORIENTED_EDGE ( 'NONE', *, *, #2268, .T. ) ;
#5669 = ADVANCED_FACE ( 'NONE', ( #2465, #8376, #4105 ), #1144, .F. ) ;
#5670 = EDGE_CURVE ( 'NONE', #1578, #7144, #1973, .T. ) ;
#5671 = DIRECTION ( 'NONE',  ( 1.000000000000000000, 0.000000000000000000, 0.000000000000000000 ) ) ;
#5672 = AXIS2_PLACEMENT_3D ( 'NONE', #1915, #350, #9223 ) ;
#5673 = CARTESIAN_POINT ( 'NONE',  ( -9.500000000000000000, -26.84166501650003767, -152.0000000000000000 ) ) ;
#5674 = LINE ( 'NONE', #6570, #9274 ) ;
#5675 = LINE ( 'NONE', #8014, #394 ) ;
#5676 = ADVANCED_FACE ( 'NONE', ( #1092 ), #5196, .F. ) ;
#5677 = CARTESIAN_POINT ( 'NONE',  ( -7.299999999999445599, 33.20000000000000284, -17.00000000000000000 ) ) ;
#5678 = CARTESIAN_POINT ( 'NONE',  ( 6.500000000000000888, 25.13397459621599950, 0.000000000000000000 ) ) ;
#5679 = ORIENTED_EDGE ( 'NONE', *, *, #1987, .F. ) ;
#5680 = CARTESIAN_POINT ( 'NONE',  ( -8.000000000000000000, -26.00000000000000355, 0.000000000000000000 ) ) ;
#5681 = AXIS2_PLACEMENT_3D ( 'NONE', #9923, #5892, #9865 ) ;
#5682 = ADVANCED_FACE ( 'NONE', ( #4844 ), #482, .F. ) ;
#5683 = DIRECTION ( 'NONE',  ( -1.000000000000000000, -0.000000000000000000, -0.000000000000000000 ) ) ;
#5684 = AXIS2_PLACEMENT_3D ( 'NONE', #3067, #10119, #509 ) ;
#5685 = ADVANCED_FACE ( 'NONE', ( #2412 ), #6365, .F. ) ;
#5686 = EDGE_CURVE ( 'NONE', #1617, #8104, #8943, .T. ) ;
#5687 = CARTESIAN_POINT ( 'NONE',  ( 3.647273485673901749, 22.00000000000000000, 0.000000000000000000 ) ) ;
#5688 = DIRECTION ( 'NONE',  ( -0.5000000000002383649, 0.8660254037843011510, 0.000000000000000000 ) ) ;
#5689 = DIRECTION ( 'NONE',  ( 0.000000000000000000, 0.000000000000000000, -1.000000000000000000 ) ) ;
#5690 = VECTOR ( 'NONE', #3075, 1000.000000000000000 ) ;
#5691 = DIRECTION ( 'NONE',  ( 1.000000000000000000, -0.000000000000000000, -0.000000000000000000 ) ) ;
#5692 = DIRECTION ( 'NONE',  ( 1.000000000000000000, 0.000000000000000000, 0.000000000000000000 ) ) ;
#5693 = DIRECTION ( 'NONE',  ( 0.000000000000000000, 1.000000000000000000, 0.000000000000000000 ) ) ;
#5694 = CARTESIAN_POINT ( 'NONE',  ( -11.50000000000000000, -26.00000000000000355, -4.000000000000000000 ) ) ;
#5695 = ORIENTED_EDGE ( 'NONE', *, *, #8410, .F. ) ;
#5696 = CARTESIAN_POINT ( 'NONE',  ( 8.000000000001291411, 26.00000000000094857, -17.00000000000000000 ) ) ;
#5697 = ORIENTED_EDGE ( 'NONE', *, *, #3038, .F. ) ;
#5698 = ORIENTED_EDGE ( 'NONE', *, *, #5544, .F. ) ;
#5699 = ORIENTED_EDGE ( 'NONE', *, *, #9884, .T. ) ;
#5700 = VECTOR ( 'NONE', #5472, 1000.000000000000000 ) ;
#5701 = CARTESIAN_POINT ( 'NONE',  ( -2.458500000000012786, -16.00000000000000000, -141.0415000000000134 ) ) ;
#5702 = ADVANCED_FACE ( 'NONE', ( #3267 ), #4828, .F. ) ;
#5703 = LINE ( 'NONE', #10358, #6034 ) ;
#5704 = DIRECTION ( 'NONE',  ( -0.000000000000000000, -0.000000000000000000, -1.000000000000000000 ) ) ;
#5705 = AXIS2_PLACEMENT_3D ( 'NONE', #750, #3955, #8093 ) ;
#5706 = ORIENTED_EDGE ( 'NONE', *, *, #1493, .F. ) ;
#5707 = DIRECTION ( 'NONE',  ( -0.000000000000000000, -0.000000000000000000, -1.000000000000000000 ) ) ;
#5708 = DIRECTION ( 'NONE',  ( 0.000000000000000000, 0.000000000000000000, 1.000000000000000000 ) ) ;
#5709 = ORIENTED_EDGE ( 'NONE', *, *, #4, .T. ) ;
#5710 = CARTESIAN_POINT ( 'NONE',  ( -9.458499999999967045, 0.000000000000000000, 2.000000000000000000 ) ) ;
#5711 = VERTEX_POINT ( 'NONE', #2398 ) ;
#5712 = VERTEX_POINT ( 'NONE', #5619 ) ;
#5713 = DIRECTION ( 'NONE',  ( 1.000000000000000000, 0.000000000000000000, 0.000000000000000000 ) ) ;
#5714 = EDGE_LOOP ( 'NONE', ( #67, #9733, #6403, #1850 ) ) ;
#5715 = CARTESIAN_POINT ( 'NONE',  ( -12.00000000000000000, 26.00000000000000355, -152.0000000000000000 ) ) ;
#5716 = DIRECTION ( 'NONE',  ( 1.000000000000000000, 0.000000000000000000, 0.000000000000000000 ) ) ;
#5717 = FACE_OUTER_BOUND ( 'NONE', #2723, .T. ) ;
#5718 = DIRECTION ( 'NONE',  ( 0.000000000000000000, 0.000000000000000000, 1.000000000000000000 ) ) ;
#5719 =( NAMED_UNIT ( * ) PLANE_ANGLE_UNIT ( ) SI_UNIT ( $, .RADIAN. ) );
#5720 = ORIENTED_EDGE ( 'NONE', *, *, #6188, .T. ) ;
#5721 = CARTESIAN_POINT ( 'NONE',  ( 8.500000000000000000, -25.50000000000000355, -121.0000000000000000 ) ) ;
#5722 = EDGE_LOOP ( 'NONE', ( #8781, #10242 ) ) ;
#5723 = CARTESIAN_POINT ( 'NONE',  ( -8.000000000000000000, -27.73205080756899932, 0.000000000000000000 ) ) ;
#5724 = CARTESIAN_POINT ( 'NONE',  ( -0.4999999999993932631, 17.49999999999939249, -31.00000000000000000 ) ) ;
#5725 = LINE ( 'NONE', #4776, #6544 ) ;
#5726 = DIRECTION ( 'NONE',  ( 0.000000000000000000, 0.000000000000000000, 1.000000000000000000 ) ) ;
#5727 = FACE_OUTER_BOUND ( 'NONE', #704, .T. ) ;
#5728 = EDGE_CURVE ( 'NONE', #3793, #1798, #2506, .T. ) ;
#5729 = EDGE_LOOP ( 'NONE', ( #4228, #8600 ) ) ;
#5730 = CARTESIAN_POINT ( 'NONE',  ( 9.720000000000002416, 26.00000000000000355, 0.000000000000000000 ) ) ;
#5731 = VECTOR ( 'NONE', #1597, 1000.000000000000000 ) ;
#5732 = DIRECTION ( 'NONE',  ( 1.000000000000000000, -0.000000000000000000, -0.000000000000000000 ) ) ;
#5733 = CARTESIAN_POINT ( 'NONE',  ( 6.521096714233936886, 25.12179440257401097, -152.0000000000000000 ) ) ;
#5734 = DIRECTION ( 'NONE',  ( -0.000000000000000000, -0.000000000000000000, -1.000000000000000000 ) ) ;
#5735 = CARTESIAN_POINT ( 'NONE',  ( 3.750000000000000000, -7.250000000000000000, -152.0000000000000000 ) ) ;
#5736 = EDGE_CURVE ( 'NONE', #9326, #7936, #42, .T. ) ;
#5737 = PLANE ( 'NONE',  #8980 ) ;
#5738 = VECTOR ( 'NONE', #8620, 1000.000000000000000 ) ;
#5739 = VERTEX_POINT ( 'NONE', #4941 ) ;
#5740 = ADVANCED_FACE ( 'NONE', ( #5564 ), #8573, .F. ) ;
#5741 = EDGE_CURVE ( 'NONE', #7786, #9212, #10426, .T. ) ;
#5742 = DIRECTION ( 'NONE',  ( 0.000000000000000000, 0.000000000000000000, 1.000000000000000000 ) ) ;
#5743 = ORIENTED_EDGE ( 'NONE', *, *, #10398, .F. ) ;
#5744 = VERTEX_POINT ( 'NONE', #3979 ) ;
#5745 = EDGE_CURVE ( 'NONE', #1505, #1511, #3126, .T. ) ;
#5746 = EDGE_LOOP ( 'NONE', ( #7931, #2275, #8906, #8007 ) ) ;
#5747 = DIRECTION ( 'NONE',  ( -1.000000000000000000, 0.000000000000000000, 0.000000000000000000 ) ) ;
#5748 = AXIS2_PLACEMENT_3D ( 'NONE', #8856, #2496, #3272 ) ;
#5749 = AXIS2_PLACEMENT_3D ( 'NONE', #6632, #7591, #6789 ) ;
#5750 = LINE ( 'NONE', #5591, #3155 ) ;
#5751 = CARTESIAN_POINT ( 'NONE',  ( 0.000000000000000000, 0.000000000000000000, -2.000000000000000000 ) ) ;
#5752 = CONICAL_SURFACE ( 'NONE', #6091, 2.458500000000024777, 0.7853981633974557175 ) ;
#5753 = ORIENTED_EDGE ( 'NONE', *, *, #4698, .T. ) ;
#5754 = DIRECTION ( 'NONE',  ( -1.000000000000000000, 0.000000000000000000, 0.000000000000000000 ) ) ;
#5755 = ADVANCED_FACE ( 'NONE', ( #6466 ), #939, .F. ) ;
#5756 = DIRECTION ( 'NONE',  ( 0.000000000000000000, 0.000000000000000000, -1.000000000000000000 ) ) ;
#5757 = ORIENTED_EDGE ( 'NONE', *, *, #2182, .F. ) ;
#5758 = VECTOR ( 'NONE', #7684, 1000.000000000000000 ) ;
#5759 = EDGE_CURVE ( 'NONE', #9526, #3699, #7395, .T. ) ;
#5760 = DIRECTION ( 'NONE',  ( -1.000000000000000000, 0.000000000000000000, 0.000000000000000000 ) ) ;
#5761 = EDGE_CURVE ( 'NONE', #747, #7919, #1649, .T. ) ;
#5762 = EDGE_CURVE ( 'NONE', #8333, #2724, #3287, .T. ) ;
#5763 = FACE_OUTER_BOUND ( 'NONE', #4509, .T. ) ;
#5764 = EDGE_LOOP ( 'NONE', ( #276, #6346 ) ) ;
#5765 = ORIENTED_EDGE ( 'NONE', *, *, #7961, .F. ) ;
#5766 = AXIS2_PLACEMENT_3D ( 'NONE', #9907, #9805, #5779 ) ;
#5767 = CARTESIAN_POINT ( 'NONE',  ( 4.499999999999968914, 26.00000000000000355, -148.1000000000000512 ) ) ;
#5768 = ORIENTED_EDGE ( 'NONE', *, *, #1688, .T. ) ;
#5769 = LINE ( 'NONE', #6503, #8581 ) ;
#5770 = LINE ( 'NONE', #6619, #2883 ) ;
#5771 = DIRECTION ( 'NONE',  ( 1.000000000000000000, 0.000000000000000000, 0.000000000000000000 ) ) ;
#5772 = LINE ( 'NONE', #4979, #10401 ) ;
#5773 = ORIENTED_EDGE ( 'NONE', *, *, #780, .T. ) ;
#5774 = EDGE_CURVE ( 'NONE', #7486, #4795, #1609, .T. ) ;
#5775 = CIRCLE ( 'NONE', #1229, 3.499999999999999556 ) ;
#5776 = DIRECTION ( 'NONE',  ( -0.000000000000000000, -0.000000000000000000, 1.000000000000000000 ) ) ;
#5777 = EDGE_LOOP ( 'NONE', ( #2292, #4772, #7553, #5370, #7885, #10377, #9302, #9753, #10351, #9067, #8315, #3, #7254, #6633, #934, #6616, #664, #9487, #636 ) ) ;
#5778 = VECTOR ( 'NONE', #7055, 1000.000000000000000 ) ;
#5779 = DIRECTION ( 'NONE',  ( 1.000000000000000000, 0.000000000000000000, 0.000000000000000000 ) ) ;
#5780 = UNCERTAINTY_MEASURE_WITH_UNIT (LENGTH_MEASURE( 1.000000000000000082E-05 ), #1398, 'distance_accuracy_value', 'NONE');
#5781 = CARTESIAN_POINT ( 'NONE',  ( -1.500000000000000000, 29.80000000000000426, -8.500000000000000000 ) ) ;
#5782 = DIRECTION ( 'NONE',  ( 1.000000000000000000, 0.000000000000000000, 0.000000000000000000 ) ) ;
#5783 = CIRCLE ( 'NONE', #243, 3.000000000000030198 ) ;
#5784 = DIRECTION ( 'NONE',  ( 1.000000000000000000, 0.000000000000000000, 0.000000000000000000 ) ) ;
#5785 = FACE_OUTER_BOUND ( 'NONE', #748, .T. ) ;
#5786 = ORIENTED_EDGE ( 'NONE', *, *, #5869, .F. ) ;
#5787 = CARTESIAN_POINT ( 'NONE',  ( 8.500000000000000000, 17.49999999999938538, -121.0000000000000000 ) ) ;
#5788 = CARTESIAN_POINT ( 'NONE',  ( 8.000000000000000000, 24.26794919243099713, -2.000000000000000000 ) ) ;
#5789 = DIRECTION ( 'NONE',  ( 1.000000000000000000, 0.000000000000000000, 0.000000000000000000 ) ) ;
#5790 = CARTESIAN_POINT ( 'NONE',  ( -4.232999999999958796, 0.000000000000000000, 29.99999999999999289 ) ) ;
#5791 = DIRECTION ( 'NONE',  ( 0.000000000000000000, 1.000000000000000000, 0.000000000000000000 ) ) ;
#5792 = VERTEX_POINT ( 'NONE', #3343 ) ;
#5793 = DIRECTION ( 'NONE',  ( -0.000000000000000000, -0.000000000000000000, -1.000000000000000000 ) ) ;
#5794 = ORIENTED_EDGE ( 'NONE', *, *, #1574, .F. ) ;
#5795 = ORIENTED_EDGE ( 'NONE', *, *, #7635, .T. ) ;
#5796 = ORIENTED_EDGE ( 'NONE', *, *, #4644, .T. ) ;
#5797 = LINE ( 'NONE', #1741, #4847 ) ;
#5798 = VECTOR ( 'NONE', #8857, 1000.000000000000000 ) ;
#5799 = EDGE_CURVE ( 'NONE', #2830, #9942, #2555, .T. ) ;
#5800 = CARTESIAN_POINT ( 'NONE',  ( -12.00000000000000178, 16.00000000000000000, -143.5000000000000284 ) ) ;
#5801 = CARTESIAN_POINT ( 'NONE',  ( -1.500000000000000000, 28.47151703059009265, -139.2170000000000414 ) ) ;
#5802 = EDGE_CURVE ( 'NONE', #7223, #5792, #5674, .T. ) ;
#5803 = EDGE_CURVE ( 'NONE', #6896, #8429, #5866, .T. ) ;
#5804 = VERTEX_POINT ( 'NONE', #2343 ) ;
#5805 = CARTESIAN_POINT ( 'NONE',  ( 1.649999999999999911, 34.60000000000061959, -135.0000000000000000 ) ) ;
#5806 = DIRECTION ( 'NONE',  ( 1.000000000000000000, 0.000000000000000000, 0.000000000000000000 ) ) ;
#5807 = VERTEX_POINT ( 'NONE', #1665 ) ;
#5808 = EDGE_CURVE ( 'NONE', #4792, #8245, #3928, .T. ) ;
#5809 = DIRECTION ( 'NONE',  ( -0.000000000000000000, -0.000000000000000000, -1.000000000000000000 ) ) ;
#5810 = DIRECTION ( 'NONE',  ( 0.000000000000000000, 0.000000000000000000, -1.000000000000000000 ) ) ;
#5811 = ORIENTED_EDGE ( 'NONE', *, *, #2268, .F. ) ;
#5812 = AXIS2_PLACEMENT_3D ( 'NONE', #6067, #2675, #9313 ) ;
#5813 = AXIS2_PLACEMENT_3D ( 'NONE', #404, #5342, #6089 ) ;
#5814 = ORIENTED_EDGE ( 'NONE', *, *, #4614, .F. ) ;
#5815 = EDGE_CURVE ( 'NONE', #1337, #2959, #5725, .T. ) ;
#5816 = EDGE_CURVE ( 'NONE', #10019, #1631, #10439, .T. ) ;
#5817 = CARTESIAN_POINT ( 'NONE',  ( -8.500000000000000000, -17.49999999999938538, -121.0000000000000000 ) ) ;
#5818 = ORIENTED_EDGE ( 'NONE', *, *, #7119, .F. ) ;
#5819 = DIRECTION ( 'NONE',  ( -0.8660254037844484776, 1.060575238724918994E-16, 0.4999999999999829581 ) ) ;
#5820 = CARTESIAN_POINT ( 'NONE',  ( -0.6607491694260457793, -18.45850000000001856, -141.0414999999999850 ) ) ;
#5821 = AXIS2_PLACEMENT_3D ( 'NONE', #8094, #803, #4060 ) ;
#5822 = DIRECTION ( 'NONE',  ( -0.000000000000000000, 1.000000000000000000, -0.000000000000000000 ) ) ;
#5823 = DIRECTION ( 'NONE',  ( -1.000000000000000000, 0.000000000000000000, 0.000000000000000000 ) ) ;
#5824 = ORIENTED_EDGE ( 'NONE', *, *, #8090, .F. ) ;
#5825 = ORIENTED_EDGE ( 'NONE', *, *, #2854, .T. ) ;
#5826 = ORIENTED_EDGE ( 'NONE', *, *, #5728, .T. ) ;
#5827 = CONICAL_SURFACE ( 'NONE', #7183, 3.400000000000000355, 0.7853981633973783349 ) ;
#5828 = DIRECTION ( 'NONE',  ( -0.000000000000000000, -0.000000000000000000, -1.000000000000000000 ) ) ;
#5829 = EDGE_CURVE ( 'NONE', #7135, #6805, #7141, .T. ) ;
#5830 = EDGE_CURVE ( 'NONE', #4641, #7418, #1477, .T. ) ;
#5831 = DIRECTION ( 'NONE',  ( -0.7071067811865531239, 0.000000000000000000, -0.7071067811865419106 ) ) ;
#5832 = DIRECTION ( 'NONE',  ( 0.000000000000000000, 0.000000000000000000, 1.000000000000000000 ) ) ;
#5833 = DIRECTION ( 'NONE',  ( 0.000000000000000000, 0.000000000000000000, -1.000000000000000000 ) ) ;
#5834 = DIRECTION ( 'NONE',  ( 0.000000000000000000, 0.000000000000000000, -1.000000000000000000 ) ) ;
#5835 = ORIENTED_EDGE ( 'NONE', *, *, #2762, .T. ) ;
#5836 = CYLINDRICAL_SURFACE ( 'NONE', #4331, 2.458500000000003460 ) ;
#5837 = DIRECTION ( 'NONE',  ( 0.000000000000000000, 0.000000000000000000, -1.000000000000000000 ) ) ;
#5838 = PRODUCT_DEFINITION ( 'UNKNOWN', '', #4734, #7380 ) ;
#5839 = AXIS2_PLACEMENT_3D ( 'NONE', #9372, #548, #1965 ) ;
#5840 = CIRCLE ( 'NONE', #1960, 4.282999999999987928 ) ;
#5841 = DIRECTION ( 'NONE',  ( 0.000000000000000000, 1.000000000000000000, 0.000000000000000000 ) ) ;
#5842 = DIRECTION ( 'NONE',  ( 1.000000000000000000, 0.000000000000000000, 0.000000000000000000 ) ) ;
#5843 = DIRECTION ( 'NONE',  ( -0.000000000000000000, -0.000000000000000000, 1.000000000000000000 ) ) ;
#5844 = CIRCLE ( 'NONE', #5001, 3.999999999998702371 ) ;
#5845 = DIRECTION ( 'NONE',  ( -0.000000000000000000, -0.000000000000000000, 1.000000000000000000 ) ) ;
#5846 = LINE ( 'NONE', #3461, #5487 ) ;
#5847 = FACE_OUTER_BOUND ( 'NONE', #3436, .T. ) ;
#5848 = EDGE_LOOP ( 'NONE', ( #9203, #4903, #1490, #545 ) ) ;
#5849 = LINE ( 'NONE', #9099, #4425 ) ;
#5850 = VERTEX_POINT ( 'NONE', #9742 ) ;
#5851 = ORIENTED_EDGE ( 'NONE', *, *, #8086, .F. ) ;
#5852 = ORIENTED_EDGE ( 'NONE', *, *, #6772, .F. ) ;
#5853 = VECTOR ( 'NONE', #7902, 1000.000000000000000 ) ;
#5854 = CARTESIAN_POINT ( 'NONE',  ( 8.000000000000000000, 27.73205080756899932, -2.000000000000000000 ) ) ;
#5855 = VECTOR ( 'NONE', #7159, 1000.000000000000000 ) ;
#5856 = VECTOR ( 'NONE', #9060, 1000.000000000000000 ) ;
#5857 = AXIS2_PLACEMENT_3D ( 'NONE', #7987, #7346, #113 ) ;
#5858 = DIRECTION ( 'NONE',  ( -0.000000000000000000, -0.000000000000000000, -1.000000000000000000 ) ) ;
#5859 = DIRECTION ( 'NONE',  ( 0.000000000000000000, 0.000000000000000000, 1.000000000000000000 ) ) ;
#5860 = AXIS2_PLACEMENT_3D ( 'NONE', #2135, #6097, #8589 ) ;
#5861 = VERTEX_POINT ( 'NONE', #8966 ) ;
#5862 = CARTESIAN_POINT ( 'NONE',  ( -1.999999999999988010, 0.000000000000000000, -145.0000000000000000 ) ) ;
#5863 = DIRECTION ( 'NONE',  ( 0.000000000000000000, 0.000000000000000000, -1.000000000000000000 ) ) ;
#5864 = ORIENTED_EDGE ( 'NONE', *, *, #87, .F. ) ;
#5865 = CARTESIAN_POINT ( 'NONE',  ( 7.999999999999694467, -25.99999999999969447, 0.000000000000000000 ) ) ;
#5866 = CIRCLE ( 'NONE', #8931, 8.000000000000621725 ) ;
#5867 = EDGE_CURVE ( 'NONE', #2959, #720, #8738, .T. ) ;
#5868 = CARTESIAN_POINT ( 'NONE',  ( 0.000000000000000000, 0.000000000000000000, -145.0000000000000000 ) ) ;
#5869 = EDGE_CURVE ( 'NONE', #1437, #960, #9154, .T. ) ;
#5870 = EDGE_LOOP ( 'NONE', ( #8046, #9724, #5586, #712, #7099 ) ) ;
#5871 = CIRCLE ( 'NONE', #2816, 2.458499999999974595 ) ;
#5872 = CARTESIAN_POINT ( 'NONE',  ( -8.000000000000000000, -16.00000000000000000, -13.29999999999944826 ) ) ;
#5873 = ORIENTED_EDGE ( 'NONE', *, *, #6460, .F. ) ;
#5874 = LINE ( 'NONE', #7579, #4396 ) ;
#5875 = DIRECTION ( 'NONE',  ( 1.000000000000000000, 0.000000000000000000, 0.000000000000000000 ) ) ;
#5876 = ORIENTED_EDGE ( 'NONE', *, *, #1190, .F. ) ;
#5877 = ADVANCED_FACE ( 'NONE', ( #1156 ), #4360, .F. ) ;
#5878 = ORIENTED_EDGE ( 'NONE', *, *, #5287, .T. ) ;
#5879 = EDGE_CURVE ( 'NONE', #2558, #8892, #4179, .T. ) ;
#5880 = EDGE_CURVE ( 'NONE', #6494, #4342, #156, .T. ) ;
#5881 = CARTESIAN_POINT ( 'NONE',  ( -8.015521883131921044, -26.00000000000030553, -148.0000000000000000 ) ) ;
#5882 = VERTEX_POINT ( 'NONE', #2110 ) ;
#5883 = DIRECTION ( 'NONE',  ( 0.8660254037842990416, 1.060575238724736077E-16, -0.5000000000002419176 ) ) ;
#5884 = DIRECTION ( 'NONE',  ( 1.000000000000000000, 0.000000000000000000, 0.000000000000000000 ) ) ;
#5885 = DIRECTION ( 'NONE',  ( -0.000000000000000000, -0.000000000000000000, -1.000000000000000000 ) ) ;
#5886 = ADVANCED_FACE ( 'NONE', ( #3689 ), #6037, .T. ) ;
#5887 = ORIENTED_EDGE ( 'NONE', *, *, #3294, .F. ) ;
#5888 = CARTESIAN_POINT ( 'NONE',  ( 1.399999999999387068, 30.39999999999938751, -135.0000000000000000 ) ) ;
#5889 = CARTESIAN_POINT ( 'NONE',  ( 5.688034792648439364, 1.909518315602346084, 7.999999999999992895 ) ) ;
#5890 = EDGE_CURVE ( 'NONE', #2553, #5804, #7407, .T. ) ;
#5891 = SHAPE_REPRESENTATION ( '161267 DZF-32-80-A-P-A---(ZR)_features', ( #9473 ), #29 ) ;
#5892 = DIRECTION ( 'NONE',  ( -1.000000000000000000, -0.000000000000000000, -0.000000000000000000 ) ) ;
#5893 = DIRECTION ( 'NONE',  ( 1.000000000000000000, 0.000000000000000000, 0.000000000000000000 ) ) ;
#5894 = DIRECTION ( 'NONE',  ( 0.000000000000000000, 0.000000000000000000, -1.000000000000000000 ) ) ;
#5895 = DIRECTION ( 'NONE',  ( 1.000000000000000000, 0.000000000000000000, 0.000000000000000000 ) ) ;
#5896 = DIRECTION ( 'NONE',  ( -1.000000000000000000, -0.000000000000000000, -0.000000000000000000 ) ) ;
#5897 = LINE ( 'NONE', #955, #4538 ) ;
#5898 = EDGE_LOOP ( 'NONE', ( #1815, #8422, #7175, #9478 ) ) ;
#5899 = DIRECTION ( 'NONE',  ( -1.000000000000000000, 0.000000000000000000, 0.000000000000000000 ) ) ;
#5900 = ORIENTED_EDGE ( 'NONE', *, *, #9377, .F. ) ;
#5901 = ORIENTED_EDGE ( 'NONE', *, *, #1430, .F. ) ;
#5902 = AXIS2_PLACEMENT_3D ( 'NONE', #8972, #10375, #3115 ) ;
#5903 = ORIENTED_EDGE ( 'NONE', *, *, #5604, .T. ) ;
#5904 = CARTESIAN_POINT ( 'NONE',  ( -9.500000000000000000, -26.56748966547461777, -151.9225398006838361 ) ) ;
#5905 = CARTESIAN_POINT ( 'NONE',  ( -4.030983766875086971, -26.35136306023699149, -152.0000000000000000 ) ) ;
#5906 = CARTESIAN_POINT ( 'NONE',  ( -12.05000000000064020, 27.50000000000000000, -135.0000000000000000 ) ) ;
#5907 = CIRCLE ( 'NONE', #4226, 1.720000000000001084 ) ;
#5908 = VECTOR ( 'NONE', #7601, 1000.000000000000114 ) ;
#5909 = ORIENTED_EDGE ( 'NONE', *, *, #5288, .F. ) ;
#5911 = DIRECTION ( 'NONE',  ( 0.8660254037842992636, 0.5000000000002413625, 0.000000000000000000 ) ) ;
#5910 = AXIS2_PLACEMENT_3D ( 'NONE', #2604, #5837, #4247 ) ;
#5912 = DIRECTION ( 'NONE',  ( 1.000000000000000000, 0.000000000000000000, 0.000000000000000000 ) ) ;
#5913 = ORIENTED_EDGE ( 'NONE', *, *, #3474, .F. ) ;
#5914 = DIRECTION ( 'NONE',  ( 1.000000000000000000, -0.000000000000000000, -0.000000000000000000 ) ) ;
#5915 = CYLINDRICAL_SURFACE ( 'NONE', #8125, 3.499999999999999556 ) ;
#5916 = CARTESIAN_POINT ( 'NONE',  ( -9.350000000000003197, 35.00000000000000000, -135.0000000000000000 ) ) ;
#5917 = VECTOR ( 'NONE', #5971, 1000.000000000000114 ) ;
#5918 = LINE ( 'NONE', #9165, #1048 ) ;
#5919 = ORIENTED_EDGE ( 'NONE', *, *, #5961, .T. ) ;
#5920 = VECTOR ( 'NONE', #3105, 1000.000000000000114 ) ;
#5921 = CARTESIAN_POINT ( 'NONE',  ( -3.647273485673901749, -22.00000000000000000, -4.000000000000000000 ) ) ;
#5923 = DIRECTION ( 'NONE',  ( 1.000000000000000000, 0.000000000000000000, 0.000000000000000000 ) ) ;
#5922 = AXIS2_PLACEMENT_3D ( 'NONE', #8632, #450, #7792 ) ;
#5924 = CARTESIAN_POINT ( 'NONE',  ( 6.500000000000000888, 26.00000000000000355, -150.0000000000000000 ) ) ;
#5925 = EDGE_LOOP ( 'NONE', ( #339, #2431, #5380, #7996, #1651 ) ) ;
#5926 = ORIENTED_EDGE ( 'NONE', *, *, #9504, .F. ) ;
#5927 = VERTEX_POINT ( 'NONE', #3099 ) ;
#5928 = DIRECTION ( 'NONE',  ( -1.000000000000000000, 0.000000000000000000, 0.000000000000000000 ) ) ;
#5929 = ADVANCED_FACE ( 'NONE', ( #7875 ), #10055, .T. ) ;
#5930 = CARTESIAN_POINT ( 'NONE',  ( -3.249999999999988898, 16.00000000000000000, -152.0000000000000000 ) ) ;
#5932 = EDGE_CURVE ( 'NONE', #7288, #7179, #7172, .T. ) ;
#5931 = DIRECTION ( 'NONE',  ( -1.000000000000000000, 0.000000000000000000, 0.000000000000000000 ) ) ;
#5933 = ORIENTED_EDGE ( 'NONE', *, *, #7965, .F. ) ;
#5934 = ORIENTED_EDGE ( 'NONE', *, *, #5471, .F. ) ;
#5935 = LINE ( 'NONE', #6676, #3584 ) ;
#5936 = EDGE_CURVE ( 'NONE', #3651, #1460, #3107, .T. ) ;
#5937 = DIRECTION ( 'NONE',  ( -1.000000000000000000, 0.000000000000000000, 0.000000000000000000 ) ) ;
#5938 = ORIENTED_EDGE ( 'NONE', *, *, #10332, .T. ) ;
#5939 = DIRECTION ( 'NONE',  ( 1.000000000000000000, 0.000000000000000000, 0.000000000000000000 ) ) ;
#5940 = CARTESIAN_POINT ( 'NONE',  ( -6.500000000000000888, -25.15833498349997299, 0.000000000000000000 ) ) ;
#5941 = CIRCLE ( 'NONE', #3233, 0.2000000000005541234 ) ;
#5942 = CIRCLE ( 'NONE', #1396, 1.500000000000000666 ) ;
#5943 = EDGE_CURVE ( 'NONE', #2947, #9662, #2605, .T. ) ;
#5944 = CARTESIAN_POINT ( 'NONE',  ( 6.500000000000000888, 25.15833498349996944, -152.0000000000000000 ) ) ;
#5945 = EDGE_CURVE ( 'NONE', #912, #9822, #10381, .T. ) ;
#5946 = DIRECTION ( 'NONE',  ( 0.8660254037842792796, -0.5000000000002760014, 0.000000000000000000 ) ) ;
#5947 = ADVANCED_FACE ( 'NONE', ( #8137 ), #106, .F. ) ;
#5948 = DIRECTION ( 'NONE',  ( -0.9659258262890674240, 0.2588190451025243477, 0.000000000000000000 ) ) ;
#5949 = CARTESIAN_POINT ( 'NONE',  ( 7.100000000000612488, 30.00000000000000000, -135.0000000000000000 ) ) ;
#5950 = CYLINDRICAL_SURFACE ( 'NONE', #1282, 2.458500000000012786 ) ;
#5951 = DIRECTION ( 'NONE',  ( 1.000000000000000000, 0.000000000000000000, 0.000000000000000000 ) ) ;
#5952 = ORIENTED_EDGE ( 'NONE', *, *, #5620, .F. ) ;
#5953 =( BOUNDED_CURVE ( )  B_SPLINE_CURVE ( 3, ( #4245, #5202, #2557, #7484 ),
 .UNSPECIFIED., .F., .F. ) 
 B_SPLINE_CURVE_WITH_KNOTS ( ( 4, 4 ),
 ( 0.000000000000000000, 1.570796326794896780 ),
 .UNSPECIFIED. ) 
 CURVE ( )  GEOMETRIC_REPRESENTATION_ITEM ( )  RATIONAL_B_SPLINE_CURVE ( ( 1.000000000000000000, 0.8047378541243649375, 0.8047378541243649375, 1.000000000000000000 ) ) 
 REPRESENTATION_ITEM ( '' )  );
#5954 = CARTESIAN_POINT ( 'NONE',  ( 8.000000000000000000, 26.00000000000000355, -2.000000000000000000 ) ) ;
#5955 = ORIENTED_EDGE ( 'NONE', *, *, #8085, .F. ) ;
#5956 = VERTEX_POINT ( 'NONE', #5573 ) ;
#5957 = VERTEX_POINT ( 'NONE', #680 ) ;
#5958 = TOROIDAL_SURFACE ( 'NONE', #1405, 4.700000000000099654, 0.6000000000001000089 ) ;
#5959 = DIRECTION ( 'NONE',  ( 0.000000000000000000, 0.000000000000000000, 1.000000000000000000 ) ) ;
#5960 = DIRECTION ( 'NONE',  ( 1.000000000000000000, -0.000000000000000000, 0.000000000000000000 ) ) ;
#5961 = EDGE_CURVE ( 'NONE', #3697, #3769, #4582, .T. ) ;
#5962 = CARTESIAN_POINT ( 'NONE',  ( 12.00000000000000355, 26.00000000000094857, -17.00000000000000000 ) ) ;
#5963 = CYLINDRICAL_SURFACE ( 'NONE', #9311, 3.499999999999720224 ) ;
#5964 = ORIENTED_EDGE ( 'NONE', *, *, #8803, .T. ) ;
#5965 = ADVANCED_BREP_SHAPE_REPRESENTATION ( '', ( #6796, #9473 ), #29 ) ;
#5966 = DIRECTION ( 'NONE',  ( 0.000000000000000000, -1.000000000000000000, 0.000000000000000000 ) ) ;
#5967 = LINE ( 'NONE', #7570, #5231 ) ;
#5968 = FACE_OUTER_BOUND ( 'NONE', #3797, .T. ) ;
#5969 = DIRECTION ( 'NONE',  ( -0.000000000000000000, 0.000000000000000000, 1.000000000000000000 ) ) ;
#5970 = EDGE_LOOP ( 'NONE', ( #4148, #308, #2171, #1826 ) ) ;
#5971 = DIRECTION ( 'NONE',  ( -0.7071067811865348052, 0.000000000000000000, -0.7071067811865602293 ) ) ;
#5972 = DIRECTION ( 'NONE',  ( 1.000000000000000000, -0.000000000000000000, -0.000000000000000000 ) ) ;
#5973 = CARTESIAN_POINT ( 'NONE',  ( 8.000000000000000000, 26.00000000000000355, -152.0000000000000000 ) ) ;
#5974 = EDGE_LOOP ( 'NONE', ( #35, #1966, #9224, #2837 ) ) ;
#5975 = ORIENTED_EDGE ( 'NONE', *, *, #4121, .T. ) ;
#5976 = FACE_OUTER_BOUND ( 'NONE', #6430, .T. ) ;
#5977 = CARTESIAN_POINT ( 'NONE',  ( -12.00000000000000000, -16.00000000000000000, -143.5000000000000284 ) ) ;
#5978 = CIRCLE ( 'NONE', #4615, 9.458499999999967045 ) ;
#5979 =( BOUNDED_CURVE ( )  B_SPLINE_CURVE ( 3, ( #8484, #10114, #6988, #9431 ),
 .UNSPECIFIED., .F., .F. ) 
 B_SPLINE_CURVE_WITH_KNOTS ( ( 4, 4 ),
 ( 2.356194490192345281, 3.141592653589793116 ),
 .UNSPECIFIED. ) 
 CURVE ( )  GEOMETRIC_REPRESENTATION_ITEM ( )  RATIONAL_B_SPLINE_CURVE ( ( 1.000000000000000000, 0.9492530216741912330, 0.9492530216741912330, 1.000000000000000000 ) ) 
 REPRESENTATION_ITEM ( '' )  );
#5980 = FACE_OUTER_BOUND ( 'NONE', #9035, .T. ) ;
#5981 = AXIS2_PLACEMENT_3D ( 'NONE', #3472, #5064, #2000 ) ;
#5982 = DIRECTION ( 'NONE',  ( 1.000000000000000000, -0.000000000000000000, -0.000000000000000000 ) ) ;
#5983 = EDGE_LOOP ( 'NONE', ( #7967, #8365, #6482, #6419 ) ) ;
#5984 = ORIENTED_EDGE ( 'NONE', *, *, #5053, .T. ) ;
#5985 = DIRECTION ( 'NONE',  ( -1.000000000000000000, 0.000000000000000000, 0.000000000000000000 ) ) ;
#5986 = CARTESIAN_POINT ( 'NONE',  ( -0.5329999999999883720, -7.250000000000000000, -145.5000000000000000 ) ) ;
#5987 = ORIENTED_EDGE ( 'NONE', *, *, #9558, .T. ) ;
#5988 = CARTESIAN_POINT ( 'NONE',  ( -2.458500000000003460, 16.00000000000000000, -0.7915000000000260716 ) ) ;
#5989 = CARTESIAN_POINT ( 'NONE',  ( -6.500000000000000888, -25.99999999999975131, -0.1270170592245030983 ) ) ;
#5990 = EDGE_CURVE ( 'NONE', #8255, #2558, #6658, .T. ) ;
#5991 = VECTOR ( 'NONE', #2368, 1000.000000000000000 ) ;
#5992 = EDGE_CURVE ( 'NONE', #6109, #7045, #1950, .T. ) ;
#5993 = CARTESIAN_POINT ( 'NONE',  ( -6.850000000000002309, 34.60000000000061959, -17.00000000000001421 ) ) ;
#5994 = DIRECTION ( 'NONE',  ( -0.000000000000000000, -0.000000000000000000, -1.000000000000000000 ) ) ;
#5995 = DIRECTION ( 'NONE',  ( -1.000000000000000000, 0.000000000000000000, 0.000000000000000000 ) ) ;
#5996 = CIRCLE ( 'NONE', #4303, 10.00000000000000000 ) ;
#5997 = CARTESIAN_POINT ( 'NONE',  ( 0.5329999999999892601, 7.250000000000000888, -150.6715170305900529 ) ) ;
#5998 = DIRECTION ( 'NONE',  ( -1.000000000000000000, -0.000000000000000000, -0.000000000000000000 ) ) ;
#5999 = FACE_OUTER_BOUND ( 'NONE', #3846, .T. ) ;
#6000 = PLANE ( 'NONE',  #8 ) ;
#6001 = ORIENTED_EDGE ( 'NONE', *, *, #520, .F. ) ;
#6002 = CARTESIAN_POINT ( 'NONE',  ( 0.000000000000000000, -16.00000000000000000, -0.7915000000000169678 ) ) ;
#6003 = VERTEX_POINT ( 'NONE', #1744 ) ;
#6004 = ADVANCED_FACE ( 'NONE', ( #4959 ), #1692, .F. ) ;
#6005 = VECTOR ( 'NONE', #2348, 999.9999999999998863 ) ;
#6006 = ORIENTED_EDGE ( 'NONE', *, *, #5932, .F. ) ;
#6007 = AXIS2_PLACEMENT_3D ( 'NONE', #6350, #3116, #8797 ) ;
#6008 = EDGE_CURVE ( 'NONE', #1726, #10133, #5234, .T. ) ;
#6009 = ADVANCED_FACE ( 'NONE', ( #116 ), #3315, .F. ) ;
#6010 = DIRECTION ( 'NONE',  ( 0.000000000000000000, 0.000000000000000000, -1.000000000000000000 ) ) ;
#6011 = DIRECTION ( 'NONE',  ( 1.000000000000000000, 0.000000000000000000, 0.000000000000000000 ) ) ;
#6012 = DIRECTION ( 'NONE',  ( 0.000000000000000000, 0.000000000000000000, 1.000000000000000000 ) ) ;
#6013 = CIRCLE ( 'NONE', #6864, 1.500000000000001110 ) ;
#6014 = PRODUCT_DEFINITION_SHAPE ( 'NONE', 'NONE',  #10452 ) ;
#6015 = AXIS2_PLACEMENT_3D ( 'NONE', #4922, #8159, #8961 ) ;
#6016 = VERTEX_POINT ( 'NONE', #5801 ) ;
#6017 = CARTESIAN_POINT ( 'NONE',  ( -7.500000000000000000, 33.20000000000000284, -135.0000000000000000 ) ) ;
#6018 = DIRECTION ( 'NONE',  ( -1.000000000000000000, 0.000000000000000000, 0.000000000000000000 ) ) ;
#6019 = VERTEX_POINT ( 'NONE', #9785 ) ;
#6020 = CARTESIAN_POINT ( 'NONE',  ( 8.000000000000000000, 26.00000000000000355, -2.000000000000000000 ) ) ;
#6021 = FACE_OUTER_BOUND ( 'NONE', #6463, .T. ) ;
#6022 = AXIS2_PLACEMENT_3D ( 'NONE', #9040, #8944, #7492 ) ;
#6023 = VECTOR ( 'NONE', #9596, 1000.000000000000000 ) ;
#6024 = EDGE_CURVE ( 'NONE', #9813, #2170, #8152, .T. ) ;
#6025 = VECTOR ( 'NONE', #5252, 1000.000000000000000 ) ;
#6026 = DIRECTION ( 'NONE',  ( 0.000000000000000000, -1.000000000000000000, 0.000000000000000000 ) ) ;
#6027 = ORIENTED_EDGE ( 'NONE', *, *, #4837, .T. ) ;
#6028 = CIRCLE ( 'NONE', #2646, 3.999999999998711253 ) ;
#6029 = DIRECTION ( 'NONE',  ( -1.000000000000000000, 0.000000000000000000, 0.000000000000000000 ) ) ;
#6030 = VECTOR ( 'NONE', #7276, 1000.000000000000000 ) ;
#6031 = CARTESIAN_POINT ( 'NONE',  ( 12.00000000000000178, 16.00000000000000000, -8.500000000000000000 ) ) ;
#6032 = CARTESIAN_POINT ( 'NONE',  ( 0.000000000000000000, 0.000000000000000000, 3.599999999999993872 ) ) ;
#6033 = VERTEX_POINT ( 'NONE', #1581 ) ;
#6034 = VECTOR ( 'NONE', #8955, 1000.000000000000000 ) ;
#6035 = DIRECTION ( 'NONE',  ( -0.000000000000000000, -0.000000000000000000, -1.000000000000000000 ) ) ;
#6036 = ORIENTED_EDGE ( 'NONE', *, *, #6590, .F. ) ;
#6037 = CONICAL_SURFACE ( 'NONE', #1487, 3.400000000000000355, 0.7853981633973783349 ) ;
#6038 = DIRECTION ( 'NONE',  ( 0.8660254037842983754, 0.5000000000002429168, 0.000000000000000000 ) ) ;
#6039 = EDGE_LOOP ( 'NONE', ( #8861, #4575 ) ) ;
#6040 = ORIENTED_EDGE ( 'NONE', *, *, #6445, .F. ) ;
#6041 = CYLINDRICAL_SURFACE ( 'NONE', #6937, 2.458500000000000796 ) ;
#6042 = DIRECTION ( 'NONE',  ( 9.639503407471761171E-18, 6.091337029906881465E-17, 0.9999999999999998890 ) ) ;
#6043 = CONICAL_SURFACE ( 'NONE', #7057, 1.720000000000002860, 1.047197551196594745 ) ;
#6044 = CARTESIAN_POINT ( 'NONE',  ( 0.000000000000000000, 0.000000000000000000, -150.0000000000000000 ) ) ;
#6045 = CARTESIAN_POINT ( 'NONE',  ( -11.84999999999999964, -26.00000000000028422, -17.00000000000000000 ) ) ;
#6046 = ORIENTED_EDGE ( 'NONE', *, *, #4757, .F. ) ;
#6047 = PLANE ( 'NONE',  #4660 ) ;
#6048 = CARTESIAN_POINT ( 'NONE',  ( -7.978903285765462705, -24.28012938607333027, 0.000000000000000000 ) ) ;
#6049 = ADVANCED_FACE ( 'NONE', ( #4800 ), #8956, .F. ) ;
#6050 = LINE ( 'NONE', #2037, #2220 ) ;
#6051 = CARTESIAN_POINT ( 'NONE',  ( -11.84999999999999964, 27.95825756949599850, -135.0000000000000000 ) ) ;
#6052 = FACE_OUTER_BOUND ( 'NONE', #4782, .T. ) ;
#6053 = DIRECTION ( 'NONE',  ( 0.000000000000000000, 0.000000000000000000, 1.000000000000000000 ) ) ;
#6054 = LINE ( 'NONE', #3577, #6073 ) ;
#6055 = ORIENTED_EDGE ( 'NONE', *, *, #1430, .T. ) ;
#6056 = CARTESIAN_POINT ( 'NONE',  ( -8.021096714234536407, -24.28012938607333027, 0.000000000000000000 ) ) ;
#6057 = EDGE_LOOP ( 'NONE', ( #5061, #6971, #9002, #6322 ) ) ;
#6058 = ORIENTED_EDGE ( 'NONE', *, *, #9146, .T. ) ;
#6059 = VERTEX_POINT ( 'NONE', #10411 ) ;
#6060 = DIRECTION ( 'NONE',  ( -0.000000000000000000, -0.000000000000000000, -1.000000000000000000 ) ) ;
#6061 = DIRECTION ( 'NONE',  ( 0.000000000000000000, 0.000000000000000000, 1.000000000000000000 ) ) ;
#6062 = CARTESIAN_POINT ( 'NONE',  ( -4.352726514326103135, -30.00000000000000355, -148.0000000000000000 ) ) ;
#6063 = ADVANCED_FACE ( 'NONE', ( #8898 ), #2269, .F. ) ;
#6064 = VERTEX_POINT ( 'NONE', #7297 ) ;
#6065 = EDGE_CURVE ( 'NONE', #3112, #2494, #4624, .T. ) ;
#6066 = ADVANCED_FACE ( 'NONE', ( #7410 ), #176, .T. ) ;
#6067 = CARTESIAN_POINT ( 'NONE',  ( 8.000000000000000000, 26.00000000000000355, -3.899999999999999911 ) ) ;
#6068 = DIRECTION ( 'NONE',  ( 0.000000000000000000, 1.000000000000000000, 0.000000000000000000 ) ) ;
#6069 = EDGE_CURVE ( 'NONE', #1246, #1293, #7349, .T. ) ;
#6070 = ORIENTED_EDGE ( 'NONE', *, *, #7821, .T. ) ;
#6071 = DIRECTION ( 'NONE',  ( 0.000000000000000000, 0.000000000000000000, -1.000000000000000000 ) ) ;
#6072 = CARTESIAN_POINT ( 'NONE',  ( 12.00000000000000000, -25.99999999999969447, -152.0000000000000000 ) ) ;
#6073 = VECTOR ( 'NONE', #1992, 1000.000000000000114 ) ;
#6074 = VECTOR ( 'NONE', #415, 1000.000000000000000 ) ;
#6075 = EDGE_CURVE ( 'NONE', #377, #7359, #948, .T. ) ;
#6076 = CARTESIAN_POINT ( 'NONE',  ( -8.015521883131921044, -22.00000000000000000, 0.000000000000000000 ) ) ;
#6077 = ORIENTED_EDGE ( 'NONE', *, *, #9883, .F. ) ;
#6078 = ADVANCED_FACE ( 'NONE', ( #9835 ), #751, .F. ) ;
#6079 = CARTESIAN_POINT ( 'NONE',  ( 8.000000000000000000, 27.73205080756899932, -150.0000000000000000 ) ) ;
#6080 = ADVANCED_FACE ( 'NONE', ( #6383 ), #9620, .F. ) ;
#6081 = CIRCLE ( 'NONE', #8290, 3.499999999999720224 ) ;
#6082 = DIRECTION ( 'NONE',  ( -1.000000000000000000, 0.000000000000000000, 0.000000000000000000 ) ) ;
#6083 = CARTESIAN_POINT ( 'NONE',  ( -0.4999999999993932631, 17.49999999999939249, -31.00000000000000000 ) ) ;
#6084 = ORIENTED_EDGE ( 'NONE', *, *, #213, .F. ) ;
#6085 = CIRCLE ( 'NONE', #863, 3.782999999993961193 ) ;
#6086 = ORIENTED_EDGE ( 'NONE', *, *, #711, .F. ) ;
#6087 = AXIS2_PLACEMENT_3D ( 'NONE', #984, #297, #4976 ) ;
#6088 = DIRECTION ( 'NONE',  ( 0.000000000000000000, 0.000000000000000000, 1.000000000000000000 ) ) ;
#6089 = DIRECTION ( 'NONE',  ( -1.000000000000000000, 0.000000000000000000, 0.000000000000000000 ) ) ;
#6090 = ORIENTED_EDGE ( 'NONE', *, *, #10076, .F. ) ;
#6091 = AXIS2_PLACEMENT_3D ( 'NONE', #8679, #1438, #8051 ) ;
#6092 = ORIENTED_EDGE ( 'NONE', *, *, #4662, .F. ) ;
#6093 = DIRECTION ( 'NONE',  ( 0.000000000000000000, 0.000000000000000000, -1.000000000000000000 ) ) ;
#6094 = ADVANCED_FACE ( 'NONE', ( #2423 ), #5646, .T. ) ;
#6095 = CIRCLE ( 'NONE', #5408, 3.100000000000033396 ) ;
#6096 = DIRECTION ( 'NONE',  ( -0.000000000000000000, -0.000000000000000000, 1.000000000000000000 ) ) ;
#6097 = DIRECTION ( 'NONE',  ( 0.000000000000000000, 0.000000000000000000, -1.000000000000000000 ) ) ;
#6098 = AXIS2_PLACEMENT_3D ( 'NONE', #1158, #4255, #9926 ) ;
#6099 = AXIS2_PLACEMENT_3D ( 'NONE', #4389, #1278, #398 ) ;
#6100 = FILL_AREA_STYLE ('',( #5259 ) ) ;
#6101 = LINE ( 'NONE', #8547, #8629 ) ;
#6102 = DIRECTION ( 'NONE',  ( -1.000000000000000000, -0.000000000000000000, -0.000000000000000000 ) ) ;
#6103 = DIRECTION ( 'NONE',  ( 0.000000000000000000, 0.000000000000000000, -1.000000000000000000 ) ) ;
#6104 = CIRCLE ( 'NONE', #899, 5.000000000000000888 ) ;
#6105 = FACE_OUTER_BOUND ( 'NONE', #11, .T. ) ;
#6106 = ORIENTED_EDGE ( 'NONE', *, *, #1932, .T. ) ;
#6107 = CARTESIAN_POINT ( 'NONE',  ( -0.6607491694260457793, -18.45850000000001856, -145.9585000000000434 ) ) ;
#6108 = VERTEX_POINT ( 'NONE', #6751 ) ;
#6109 = VERTEX_POINT ( 'NONE', #3586 ) ;
#6110 = CIRCLE ( 'NONE', #904, 5.000000000000011546 ) ;
#6111 = ORIENTED_EDGE ( 'NONE', *, *, #3784, .F. ) ;
#6112 = DIRECTION ( 'NONE',  ( -0.000000000000000000, -0.000000000000000000, -1.000000000000000000 ) ) ;
#6113 = DIRECTION ( 'NONE',  ( -1.000000000000000000, -0.000000000000000000, -0.000000000000000000 ) ) ;
#6114 = CARTESIAN_POINT ( 'NONE',  ( -3.250000000000030642, -16.00000000000000000, 0.000000000000000000 ) ) ;
#6115 = AXIS2_PLACEMENT_3D ( 'NONE', #793, #5793, #109 ) ;
#6116 = CARTESIAN_POINT ( 'NONE',  ( -9.248999599679702754, 29.80000000000000782, -17.00000000000000000 ) ) ;
#6117 = ORIENTED_EDGE ( 'NONE', *, *, #10196, .T. ) ;
#6118 = CARTESIAN_POINT ( 'NONE',  ( 12.00000000000000000, -16.00000000000000000, -145.9585000000000150 ) ) ;
#6119 = VERTEX_POINT ( 'NONE', #7457 ) ;
#6120 = CARTESIAN_POINT ( 'NONE',  ( 4.335090188609796336, 29.80000000000000071, -148.0000000000000000 ) ) ;
#6121 = EDGE_CURVE ( 'NONE', #6720, #4925, #430, .T. ) ;
#6122 = EDGE_CURVE ( 'NONE', #5095, #3197, #1899, .T. ) ;
#6123 = DIRECTION ( 'NONE',  ( 1.000000000000000000, 0.000000000000000000, 0.000000000000000000 ) ) ;
#6124 = ADVANCED_FACE ( 'NONE', ( #1118 ), #2779, .F. ) ;
#6125 = CARTESIAN_POINT ( 'NONE',  ( -4.700000000000099654, 5.755839955992681928E-16, 7.999999999999992895 ) ) ;
#6126 = ORIENTED_EDGE ( 'NONE', *, *, #6133, .T. ) ;
#6127 = FACE_OUTER_BOUND ( 'NONE', #7114, .T. ) ;
#6128 = DIRECTION ( 'NONE',  ( 0.000000000000000000, -1.000000000000000000, 0.000000000000000000 ) ) ;
#6129 = DIRECTION ( 'NONE',  ( 1.000000000000000000, 0.000000000000000000, 0.000000000000000000 ) ) ;
#6130 = ORIENTED_EDGE ( 'NONE', *, *, #10388, .T. ) ;
#6131 = ORIENTED_EDGE ( 'NONE', *, *, #216, .F. ) ;
#6132 = EDGE_CURVE ( 'NONE', #7940, #5804, #4373, .T. ) ;
#6133 = EDGE_CURVE ( 'NONE', #7742, #205, #2109, .T. ) ;
#6134 = CIRCLE ( 'NONE', #1587, 4.282999999999987928 ) ;
#6135 = AXIS2_PLACEMENT_3D ( 'NONE', #6044, #4198, #5204 ) ;
#6136 = LINE ( 'NONE', #2911, #6249 ) ;
#6137 = VERTEX_POINT ( 'NONE', #8407 ) ;
#6138 = VERTEX_POINT ( 'NONE', #234 ) ;
#6139 = PLANE ( 'NONE',  #3711 ) ;
#6140 = ORIENTED_EDGE ( 'NONE', *, *, #3198, .T. ) ;
#6141 = VERTEX_POINT ( 'NONE', #3424 ) ;
#6142 = CARTESIAN_POINT ( 'NONE',  ( -1.499999999999999556, 19.80000000000001137, -139.7170000000060668 ) ) ;
#6143 = CARTESIAN_POINT ( 'NONE',  ( 0.000000000000000000, 0.000000000000000000, -111.0000000000000000 ) ) ;
#6144 = VECTOR ( 'NONE', #6601, 1000.000000000000000 ) ;
#6145 = EDGE_CURVE ( 'NONE', #4609, #9739, #4299, .T. ) ;
#6146 =( GEOMETRIC_REPRESENTATION_CONTEXT ( 3 ) GLOBAL_UNCERTAINTY_ASSIGNED_CONTEXT ( ( #9082 ) ) GLOBAL_UNIT_ASSIGNED_CONTEXT ( ( #2448, #6518, #7214 ) ) REPRESENTATION_CONTEXT ( 'NONE', 'WORKASPACE' ) );
#6147 = CARTESIAN_POINT ( 'NONE',  ( -8.000000000000000000, -26.00000000000000355, -152.0000000000000000 ) ) ;
#6148 = CARTESIAN_POINT ( 'NONE',  ( -1.200000000000554179, 32.99999999999944578, -17.00000000000001421 ) ) ;
#6149 = CARTESIAN_POINT ( 'NONE',  ( -6.500000000000000888, -26.86602540378400050, -150.0000000000000000 ) ) ;
#6150 = FACE_BOUND ( 'NONE', #2058, .T. ) ;
#6151 = FACE_OUTER_BOUND ( 'NONE', #7824, .T. ) ;
#6152 = ORIENTED_EDGE ( 'NONE', *, *, #4093, .F. ) ;
#6153 = AXIS2_PLACEMENT_3D ( 'NONE', #5592, #3957, #8040 ) ;
#6154 = CARTESIAN_POINT ( 'NONE',  ( 0.000000000000000000, 0.000000000000000000, 29.99999999999999289 ) ) ;
#6155 = EDGE_LOOP ( 'NONE', ( #3328, #4230, #8505, #6501 ) ) ;
#6156 = VERTEX_POINT ( 'NONE', #5171 ) ;
#6157 = EDGE_LOOP ( 'NONE', ( #707, #6587, #5794, #2534 ) ) ;
#6158 = CARTESIAN_POINT ( 'NONE',  ( -8.000000000001291411, 26.00000000000094857, -152.0000000000000000 ) ) ;
#6159 = DIRECTION ( 'NONE',  ( -0.000000000000000000, -0.000000000000000000, 1.000000000000000000 ) ) ;
#6160 = TOROIDAL_SURFACE ( 'NONE', #4140, 4.700000000000099654, 0.6000000000001000089 ) ;
#6161 = LINE ( 'NONE', #7722, #9728 ) ;
#6162 = LINE ( 'NONE', #9410, #9895 ) ;
#6163 = CARTESIAN_POINT ( 'NONE',  ( 7.249999999999717559, 24.70096189432366529, -2.000000000000000000 ) ) ;
#6164 = ORIENTED_EDGE ( 'NONE', *, *, #4895, .F. ) ;
#6165 = CARTESIAN_POINT ( 'NONE',  ( 3.971223470242094766, -4.497708766627552812, 3.599999999999993872 ) ) ;
#6166 = ORIENTED_EDGE ( 'NONE', *, *, #3953, .T. ) ;
#6167 = ORIENTED_EDGE ( 'NONE', *, *, #7698, .T. ) ;
#6168 = CARTESIAN_POINT ( 'NONE',  ( -2.458500000000003460, 16.00000000000000000, -6.041499999999996540 ) ) ;
#6169 = CYLINDRICAL_SURFACE ( 'NONE', #1382, 5.999999999999986677 ) ;
#6170 = CIRCLE ( 'NONE', #1628, 5.049999999999971401 ) ;
#6171 = DIRECTION ( 'NONE',  ( 0.000000000000000000, 0.000000000000000000, -1.000000000000000000 ) ) ;
#6172 = FACE_OUTER_BOUND ( 'NONE', #3228, .T. ) ;
#6173 = ORIENTED_EDGE ( 'NONE', *, *, #5741, .F. ) ;
#6174 = ADVANCED_FACE ( 'NONE', ( #2673 ), #4424, .F. ) ;
#6175 = CARTESIAN_POINT ( 'NONE',  ( 0.000000000000000000, 0.000000000000000000, 3.599999999999993872 ) ) ;
#6176 = EDGE_CURVE ( 'NONE', #4809, #5605, #6810, .T. ) ;
#6177 = FACE_OUTER_BOUND ( 'NONE', #10297, .T. ) ;
#6178 = AXIS2_PLACEMENT_3D ( 'NONE', #7542, #3513, #949 ) ;
#6179 = ORIENTED_EDGE ( 'NONE', *, *, #2853, .F. ) ;
#6180 = AXIS2_PLACEMENT_3D ( 'NONE', #1296, #9488, #6946 ) ;
#6181 = ORIENTED_EDGE ( 'NONE', *, *, #2745, .T. ) ;
#6182 = AXIS2_PLACEMENT_3D ( 'NONE', #419, #4457, #1205 ) ;
#6183 = FACE_OUTER_BOUND ( 'NONE', #7205, .T. ) ;
#6184 = VERTEX_POINT ( 'NONE', #1844 ) ;
#6185 = EDGE_CURVE ( 'NONE', #3856, #6064, #1172, .T. ) ;
#6186 = EDGE_LOOP ( 'NONE', ( #7195, #8377, #61, #8295, #845, #647, #1687, #6967, #2807, #10131, #10160, #10370, #7738, #172, #3967, #7971, #7354, #4653, #816 ) ) ;
#6187 = DIRECTION ( 'NONE',  ( 0.000000000000000000, 1.000000000000000000, 0.000000000000000000 ) ) ;
#6188 = EDGE_CURVE ( 'NONE', #747, #1996, #5150, .T. ) ;
#6189 = ADVANCED_FACE ( 'NONE', ( #2051 ), #9267, .T. ) ;
#6190 = DIRECTION ( 'NONE',  ( 1.000000000000000000, 0.000000000000000000, 0.000000000000000000 ) ) ;
#6191 = EDGE_LOOP ( 'NONE', ( #5413, #185 ) ) ;
#6192 = ORIENTED_EDGE ( 'NONE', *, *, #345, .T. ) ;
#6193 = EDGE_CURVE ( 'NONE', #7414, #1841, #3633, .T. ) ;
#6194 = FACE_OUTER_BOUND ( 'NONE', #4703, .T. ) ;
#6195 = CARTESIAN_POINT ( 'NONE',  ( -1.499999999999999556, 20.30000000000604032, -4.717000000006038363 ) ) ;
#6196 = AXIS2_PLACEMENT_3D ( 'NONE', #2749, #4291, #4399 ) ;
#6197 = CARTESIAN_POINT ( 'NONE',  ( 0.000000000000000000, -16.00000000000000000, -151.2084999999999866 ) ) ;
#6198 = AXIS2_PLACEMENT_3D ( 'NONE', #1524, #64, #2367 ) ;
#6199 = DIRECTION ( 'NONE',  ( -1.000000000000000000, 0.000000000000000000, 0.000000000000000000 ) ) ;
#6200 = ADVANCED_FACE ( 'NONE', ( #6863 ), #8251, .F. ) ;
#6201 = DIRECTION ( 'NONE',  ( 1.000000000000000000, 0.000000000000000000, 0.000000000000000000 ) ) ;
#6202 = CARTESIAN_POINT ( 'NONE',  ( 8.000000000000000000, 26.00000000000000355, -0.3999999999999810929 ) ) ;
#6203 = VECTOR ( 'NONE', #5707, 1000.000000000000000 ) ;
#6204 = FACE_BOUND ( 'NONE', #10039, .T. ) ;
#6205 = ORIENTED_EDGE ( 'NONE', *, *, #5613, .F. ) ;
#6206 = EDGE_CURVE ( 'NONE', #313, #4808, #2836, .T. ) ;
#6207 = DIRECTION ( 'NONE',  ( 0.8660254037842981534, 0.5000000000002433609, 0.000000000000000000 ) ) ;
#6208 = ORIENTED_EDGE ( 'NONE', *, *, #8535, .T. ) ;
#6209 = VERTEX_POINT ( 'NONE', #6062 ) ;
#6210 = ORIENTED_EDGE ( 'NONE', *, *, #7844, .F. ) ;
#6211 = DIRECTION ( 'NONE',  ( 1.000000000000000000, 0.000000000000000000, 0.000000000000000000 ) ) ;
#6212 = DIRECTION ( 'NONE',  ( 1.000000000000000000, 0.000000000000000000, 0.000000000000000000 ) ) ;
#6213 = PLANE ( 'NONE',  #4131 ) ;
#6214 = FACE_OUTER_BOUND ( 'NONE', #7985, .T. ) ;
#6215 = ORIENTED_EDGE ( 'NONE', *, *, #8740, .T. ) ;
#6216 = EDGE_CURVE ( 'NONE', #6033, #6059, #8303, .T. ) ;
#6217 = PLANE ( 'NONE',  #8488 ) ;
#6218 = EDGE_LOOP ( 'NONE', ( #2486, #9725, #5372, #6957, #7943, #503, #7332 ) ) ;
#6219 = EDGE_LOOP ( 'NONE', ( #5679, #3653, #6086, #5757, #33, #6377 ) ) ;
#6220 = DIRECTION ( 'NONE',  ( 0.000000000000000000, 0.000000000000000000, 1.000000000000000000 ) ) ;
#6221 = CARTESIAN_POINT ( 'NONE',  ( -7.458499999999975927, -16.00000000000000000, -8.500000000000000000 ) ) ;
#6222 = CARTESIAN_POINT ( 'NONE',  ( 10.00000000000000000, 1.224646799147353256E-15, 1.458499999999989249 ) ) ;
#6223 = VERTEX_POINT ( 'NONE', #685 ) ;
#6224 = LINE ( 'NONE', #4387, #7628 ) ;
#6225 = ORIENTED_EDGE ( 'NONE', *, *, #2527, .F. ) ;
#6226 = DIRECTION ( 'NONE',  ( 0.5000000000002383649, -0.8660254037843011510, 0.000000000000000000 ) ) ;
#6227 = ORIENTED_EDGE ( 'NONE', *, *, #8590, .T. ) ;
#6228 = CIRCLE ( 'NONE', #8784, 4.282999999999987928 ) ;
#6229 = ORIENTED_EDGE ( 'NONE', *, *, #9374, .F. ) ;
#6230 = B_SPLINE_CURVE_WITH_KNOTS ( 'NONE', 3,
 ( #5733, #104, #7171, #9715, #6475, #3354 ),
 .UNSPECIFIED., .F., .F.,
 ( 4, 2, 4 ),
 ( 7.282412306597499688E-07, 0.0008498777960104663852, 0.001699027350790273004 ),
 .UNSPECIFIED. ) ;
#6231 = CARTESIAN_POINT ( 'NONE',  ( 9.350000000000003197, 35.00000000000000000, -17.00000000000000000 ) ) ;
#6232 = ORIENTED_EDGE ( 'NONE', *, *, #7032, .T. ) ;
#6233 = AXIS2_PLACEMENT_3D ( 'NONE', #2414, #8887, #4678 ) ;
#6234 = EDGE_LOOP ( 'NONE', ( #6814, #1150, #3032, #6944, #9427, #3710, #7198 ) ) ;
#6235 = CARTESIAN_POINT ( 'NONE',  ( 0.000000000000000000, 0.000000000000000000, -2.000000000000000000 ) ) ;
#6236 = AXIS2_PLACEMENT_3D ( 'NONE', #8444, #2766, #6639 ) ;
#6237 = CARTESIAN_POINT ( 'NONE',  ( 1.440155956905748935, -13.54149999999999388, -9.940155956905750045 ) ) ;
#6238 = LINE ( 'NONE', #10376, #9732 ) ;
#6239 = CARTESIAN_POINT ( 'NONE',  ( 6.500000000000000888, 25.15833498349996233, 0.000000000000000000 ) ) ;
#6240 = ORIENTED_EDGE ( 'NONE', *, *, #3139, .F. ) ;
#6241 = CARTESIAN_POINT ( 'NONE',  ( 7.500000000000000000, 33.20000000000000284, -17.00000000000000000 ) ) ;
#6242 = CARTESIAN_POINT ( 'NONE',  ( 12.00000000000000000, 22.00000000000000000, -4.000000000000000000 ) ) ;
#6243 = ORIENTED_EDGE ( 'NONE', *, *, #2967, .F. ) ;
#6244 = CONICAL_SURFACE ( 'NONE', #1206, 1.720000000000002860, 1.047197551196594745 ) ;
#6245 = EDGE_CURVE ( 'NONE', #1236, #3788, #7918, .T. ) ;
#6246 = AXIS2_PLACEMENT_3D ( 'NONE', #3703, #4542, #6943 ) ;
#6247 = ADVANCED_FACE ( 'NONE', ( #2101 ), #6213, .T. ) ;
#6248 = FACE_OUTER_BOUND ( 'NONE', #9539, .T. ) ;
#6249 = VECTOR ( 'NONE', #1244, 1000.000000000000000 ) ;
#6250 = EDGE_CURVE ( 'NONE', #6692, #8572, #5465, .T. ) ;
#6251 = CARTESIAN_POINT ( 'NONE',  ( 1.000000000000000000, 33.20000000000000284, -17.00000000000000000 ) ) ;
#6252 = DIRECTION ( 'NONE',  ( 0.000000000000000000, 0.000000000000000000, 1.000000000000000000 ) ) ;
#6253 = ADVANCED_FACE ( 'NONE', ( #9556 ), #5273, .F. ) ;
#6254 = DIRECTION ( 'NONE',  ( 1.000000000000000000, 0.000000000000000000, 0.000000000000000000 ) ) ;
#6255 = VECTOR ( 'NONE', #9328, 1000.000000000000000 ) ;
#6256 =( BOUNDED_CURVE ( )  B_SPLINE_CURVE ( 3, ( #856, #10362, #5596, #4804 ),
 .UNSPECIFIED., .F., .T. ) 
 B_SPLINE_CURVE_WITH_KNOTS ( ( 4, 4 ),
 ( 2.356194490192346169, 3.141592653589793116 ),
 .UNSPECIFIED. ) 
 CURVE ( )  GEOMETRIC_REPRESENTATION_ITEM ( )  RATIONAL_B_SPLINE_CURVE ( ( 1.000000000000000000, 0.9492530216741912330, 0.9492530216741912330, 1.000000000000000000 ) ) 
 REPRESENTATION_ITEM ( '' )  );
#6257 = LINE ( 'NONE', #9496, #3881 ) ;
#6258 = ORIENTED_EDGE ( 'NONE', *, *, #1180, .F. ) ;
#6259 = CIRCLE ( 'NONE', #391, 0.3999999999993869571 ) ;
#6260 = DIRECTION ( 'NONE',  ( 0.000000000000000000, 0.000000000000000000, 1.000000000000000000 ) ) ;
#6261 = VERTEX_POINT ( 'NONE', #3885 ) ;
#6262 = AXIS2_PLACEMENT_3D ( 'NONE', #6568, #1864, #5671 ) ;
#6263 = ORIENTED_EDGE ( 'NONE', *, *, #2211, .F. ) ;
#6264 = DIRECTION ( 'NONE',  ( -0.000000000000000000, 0.000000000000000000, -1.000000000000000000 ) ) ;
#6265 = EDGE_CURVE ( 'NONE', #504, #9029, #2249, .T. ) ;
#6267 = EDGE_CURVE ( 'NONE', #7639, #1658, #10347, .T. ) ;
#6266 = CYLINDRICAL_SURFACE ( 'NONE', #4480, 0.2000000000005539014 ) ;
#6268 = CARTESIAN_POINT ( 'NONE',  ( -8.995663259305192838, -24.84279564321344225, -151.8727660348362747 ) ) ;
#6269 = VECTOR ( 'NONE', #8042, 1000.000000000000114 ) ;
#6270 = VERTEX_POINT ( 'NONE', #10238 ) ;
#6271 = FACE_OUTER_BOUND ( 'NONE', #2419, .T. ) ;
#6272 = LINE ( 'NONE', #4791, #10094 ) ;
#6273 = ORIENTED_EDGE ( 'NONE', *, *, #5348, .T. ) ;
#6274 = CYLINDRICAL_SURFACE ( 'NONE', #1555, 1.999999999999988676 ) ;
#6275 = EDGE_LOOP ( 'NONE', ( #781, #5195, #681, #1916, #9018, #9480, #5824, #7289 ) ) ;
#6276 = ORIENTED_EDGE ( 'NONE', *, *, #8522, .T. ) ;
#6277 = CIRCLE ( 'NONE', #2060, 4.799999999999447375 ) ;
#6278 = DIRECTION ( 'NONE',  ( 0.000000000000000000, 0.000000000000000000, 1.000000000000000000 ) ) ;
#6279 = EDGE_CURVE ( 'NONE', #4366, #7388, #6318, .T. ) ;
#6280 = EDGE_CURVE ( 'NONE', #8554, #7449, #2833, .T. ) ;
#6281 = LINE ( 'NONE', #2261, #1881 ) ;
#6282 = VECTOR ( 'NONE', #6760, 1000.000000000000000 ) ;
#6283 = CARTESIAN_POINT ( 'NONE',  ( 0.000000000000000000, 0.000000000000000000, 7.999999999999992895 ) ) ;
#6284 = DIRECTION ( 'NONE',  ( 0.000000000000000000, 0.000000000000000000, -1.000000000000000000 ) ) ;
#6285 = ORIENTED_EDGE ( 'NONE', *, *, #7165, .F. ) ;
#6286 = DIRECTION ( 'NONE',  ( -0.000000000000000000, -0.000000000000000000, 1.000000000000000000 ) ) ;
#6287 = CARTESIAN_POINT ( 'NONE',  ( -9.500000000000000000, -26.86602540378400050, -2.000000000000000000 ) ) ;
#6288 = ORIENTED_EDGE ( 'NONE', *, *, #2591, .F. ) ;
#6289 = ORIENTED_EDGE ( 'NONE', *, *, #4712, .F. ) ;
#6290 = DIRECTION ( 'NONE',  ( -1.000000000000000000, 0.000000000000000000, 0.000000000000000000 ) ) ;
#6291 = DIRECTION ( 'NONE',  ( 0.000000000000000000, 0.000000000000000000, -1.000000000000000000 ) ) ;
#6292 = EDGE_LOOP ( 'NONE', ( #5442, #331, #10193, #6106, #10217 ) ) ;
#6293 = VERTEX_POINT ( 'NONE', #8510 ) ;
#6294 = DIRECTION ( 'NONE',  ( 0.8660254037842978203, -0.5000000000002439160, 0.000000000000000000 ) ) ;
#6295 = DIRECTION ( 'NONE',  ( -0.8660254037842983754, -0.5000000000002429168, 0.000000000000000000 ) ) ;
#6296 = DIRECTION ( 'NONE',  ( 0.000000000000000000, 0.000000000000000000, -1.000000000000000000 ) ) ;
#6297 = ORIENTED_EDGE ( 'NONE', *, *, #6920, .T. ) ;
#6298 = ORIENTED_EDGE ( 'NONE', *, *, #8618, .T. ) ;
#6299 = DIRECTION ( 'NONE',  ( 0.000000000000000000, 0.000000000000000000, 1.000000000000000000 ) ) ;
#6300 = CARTESIAN_POINT ( 'NONE',  ( 0.000000000000000000, 0.000000000000000000, 2.000000000000000000 ) ) ;
#6301 = ORIENTED_EDGE ( 'NONE', *, *, #6497, .F. ) ;
#6302 = CARTESIAN_POINT ( 'NONE',  ( -2.756766064641395175, -18.75676606464139340, -9.220077978452877687 ) ) ;
#6303 = CYLINDRICAL_SURFACE ( 'NONE', #2933, 8.000000000000611067 ) ;
#6304 = DIRECTION ( 'NONE',  ( 0.000000000000000000, 0.000000000000000000, 1.000000000000000000 ) ) ;
#6305 = FACE_OUTER_BOUND ( 'NONE', #3580, .T. ) ;
#6306 = DIRECTION ( 'NONE',  ( 1.000000000000000000, 0.000000000000000000, 0.000000000000000000 ) ) ;
#6307 = EDGE_CURVE ( 'NONE', #7639, #931, #7693, .T. ) ;
#6308 = VERTEX_POINT ( 'NONE', #4471 ) ;
#6309 = EDGE_CURVE ( 'NONE', #4632, #7008, #6161, .T. ) ;
#6310 = CARTESIAN_POINT ( 'NONE',  ( 0.000000000000000000, 13.54150000000000098, -143.5000000000000284 ) ) ;
#6311 = CONICAL_SURFACE ( 'NONE', #432, 5.799999999999981171, 0.7853981633974526089 ) ;
#6312 = EDGE_LOOP ( 'NONE', ( #4488, #4622, #4052, #847 ) ) ;
#6313 = DIRECTION ( 'NONE',  ( 0.000000000000000000, 0.000000000000000000, 1.000000000000000000 ) ) ;
#6314 = CARTESIAN_POINT ( 'NONE',  ( -2.458500000000003460, 16.00000000000000000, -31.00000000000000000 ) ) ;
#6315 = CARTESIAN_POINT ( 'NONE',  ( 10.00000000000000000, 1.224646799147353256E-15, 2.000000000000000000 ) ) ;
#6316 = B_SPLINE_CURVE_WITH_KNOTS ( 'NONE', 3,
 ( #3258, #266, #1988, #6683, #6799, #3515 ),
 .UNSPECIFIED., .F., .F.,
 ( 4, 2, 4 ),
 ( 6.779041188029235059E-07, 0.0008498274060694168547, 0.001698976908020030738 ),
 .UNSPECIFIED. ) ;
#6317 =( BOUNDED_CURVE ( )  B_SPLINE_CURVE ( 3, ( #8311, #4224, #7303, #7355 ),
 .UNSPECIFIED., .F., .F. ) 
 B_SPLINE_CURVE_WITH_KNOTS ( ( 4, 4 ),
 ( 3.141592653589793116, 4.712388980384689674 ),
 .UNSPECIFIED. ) 
 CURVE ( )  GEOMETRIC_REPRESENTATION_ITEM ( )  RATIONAL_B_SPLINE_CURVE ( ( 1.000000000000000000, 0.8047378541243649375, 0.8047378541243649375, 1.000000000000000000 ) ) 
 REPRESENTATION_ITEM ( '' )  );
#6318 = CIRCLE ( 'NONE', #1779, 8.000000000000621725 ) ;
#6319 = EDGE_CURVE ( 'NONE', #10037, #1840, #3773, .T. ) ;
#6320 = LINE ( 'NONE', #5425, #6753 ) ;
#6321 = DIRECTION ( 'NONE',  ( 0.000000000000000000, -0.000000000000000000, 1.000000000000000000 ) ) ;
#6322 = ORIENTED_EDGE ( 'NONE', *, *, #484, .T. ) ;
#6323 = EDGE_CURVE ( 'NONE', #3490, #10116, #3727, .T. ) ;
#6324 = CARTESIAN_POINT ( 'NONE',  ( 0.000000000000000000, 16.00000000000000000, -0.7915000000000260716 ) ) ;
#6325 = ORIENTED_EDGE ( 'NONE', *, *, #265, .F. ) ;
#6326 = EDGE_LOOP ( 'NONE', ( #556, #3336, #7476, #797 ) ) ;
#6327 = ADVANCED_FACE ( 'NONE', ( #2989 ), #5827, .T. ) ;
#6328 = ORIENTED_EDGE ( 'NONE', *, *, #9959, .F. ) ;
#6329 = FACE_OUTER_BOUND ( 'NONE', #10276, .T. ) ;
#6330 = AXIS2_PLACEMENT_3D ( 'NONE', #577, #3086, #1267 ) ;
#6331 = DIRECTION ( 'NONE',  ( 1.000000000000000000, 0.000000000000000000, 0.000000000000000000 ) ) ;
#6332 = LINE ( 'NONE', #2313, #5738 ) ;
#6333 = CARTESIAN_POINT ( 'NONE',  ( -8.000000000000000000, -26.00000000000000355, -152.0000000000000000 ) ) ;
#6334 = VERTEX_POINT ( 'NONE', #6964 ) ;
#6335 = AXIS2_PLACEMENT_3D ( 'NONE', #4415, #9928, #8241 ) ;
#6336 = FACE_OUTER_BOUND ( 'NONE', #2915, .T. ) ;
#6337 = ORIENTED_EDGE ( 'NONE', *, *, #4789, .T. ) ;
#6338 = PLANE ( 'NONE',  #1967 ) ;
#6339 = EDGE_CURVE ( 'NONE', #8533, #3194, #10294, .T. ) ;
#6340 = VECTOR ( 'NONE', #7148, 1000.000000000000000 ) ;
#6341 = ORIENTED_EDGE ( 'NONE', *, *, #5194, .F. ) ;
#6342 = AXIS2_PLACEMENT_3D ( 'NONE', #10122, #2760, #1299 ) ;
#6343 = DIRECTION ( 'NONE',  ( 1.000000000000000000, 0.000000000000000000, 0.000000000000000000 ) ) ;
#6344 = ORIENTED_EDGE ( 'NONE', *, *, #10260, .T. ) ;
#6345 = AXIS2_PLACEMENT_3D ( 'NONE', #837, #1463, #3084 ) ;
#6346 = ORIENTED_EDGE ( 'NONE', *, *, #8850, .T. ) ;
#6347 = FACE_OUTER_BOUND ( 'NONE', #10393, .T. ) ;
#6348 = LINE ( 'NONE', #5505, #5798 ) ;
#6349 = FACE_OUTER_BOUND ( 'NONE', #9533, .T. ) ;
#6350 = CARTESIAN_POINT ( 'NONE',  ( -7.500000000000000000, 33.20000000000000284, -152.0010000000000048 ) ) ;
#6351 = ORIENTED_EDGE ( 'NONE', *, *, #2183, .T. ) ;
#6352 = B_SPLINE_CURVE_WITH_KNOTS ( 'NONE', 3,
 ( #2572, #6593, #5904, #9103 ),
 .UNSPECIFIED., .F., .F.,
 ( 4, 4 ),
 ( 0.001510354952922727265, 0.002359062840623571064 ),
 .UNSPECIFIED. ) ;
#6353 = ORIENTED_EDGE ( 'NONE', *, *, #3688, .T. ) ;
#6354 = CARTESIAN_POINT ( 'NONE',  ( 8.000000000000000000, 24.26794919243099713, -2.000000000000000000 ) ) ;
#6355 = DIRECTION ( 'NONE',  ( 0.7071067811865622277, 8.659560562355112817E-17, -0.7071067811865328068 ) ) ;
#6356 = ORIENTED_EDGE ( 'NONE', *, *, #8788, .F. ) ;
#6357 = VECTOR ( 'NONE', #9980, 1000.000000000000000 ) ;
#6358 = AXIS2_PLACEMENT_3D ( 'NONE', #6143, #6895, #10220 ) ;
#6359 = VECTOR ( 'NONE', #1842, 1000.000000000000000 ) ;
#6360 = CARTESIAN_POINT ( 'NONE',  ( -0.4999999999993932631, 25.50000000000000355, -121.0000000000000000 ) ) ;
#6361 = CARTESIAN_POINT ( 'NONE',  ( -6.500000000000000888, -25.15833498349996589, -152.0000000000000000 ) ) ;
#6362 = DIRECTION ( 'NONE',  ( 1.000000000000000000, 0.000000000000000000, 0.000000000000000000 ) ) ;
#6363 = DIRECTION ( 'NONE',  ( -0.000000000000000000, 0.000000000000000000, -1.000000000000000000 ) ) ;
#6364 = CARTESIAN_POINT ( 'NONE',  ( 12.00000000000000178, -16.00000000000000000, -143.5000000000000284 ) ) ;
#6365 = CONICAL_SURFACE ( 'NONE', #4855, 2.458500000000000796, 0.7853981633974562726 ) ;
#6366 = CARTESIAN_POINT ( 'NONE',  ( -7.999999999999694467, -25.99999999999969447, -17.00000000000000000 ) ) ;
#6367 = ORIENTED_EDGE ( 'NONE', *, *, #3488, .F. ) ;
#6368 = LINE ( 'NONE', #4040, #6030 ) ;
#6369 = ORIENTED_EDGE ( 'NONE', *, *, #7, .T. ) ;
#6370 = VECTOR ( 'NONE', #4858, 1000.000000000000000 ) ;
#6371 = CARTESIAN_POINT ( 'NONE',  ( 8.000000000000000000, 26.00000000000000355, -152.0000000000000000 ) ) ;
#6372 = CARTESIAN_POINT ( 'NONE',  ( 6.500000000000000888, 25.13397459621599950, 0.000000000000000000 ) ) ;
#6373 = DIRECTION ( 'NONE',  ( 0.08784076505916543764, 0.9961345290641321348, -0.000000000000000000 ) ) ;
#6374 = FACE_BOUND ( 'NONE', #8978, .T. ) ;
#6375 = ORIENTED_EDGE ( 'NONE', *, *, #8465, .F. ) ;
#6376 = DIRECTION ( 'NONE',  ( 1.000000000000000000, 0.000000000000000000, 0.000000000000000000 ) ) ;
#6377 = ORIENTED_EDGE ( 'NONE', *, *, #8419, .T. ) ;
#6378 = VERTEX_POINT ( 'NONE', #6114 ) ;
#6379 = ORIENTED_EDGE ( 'NONE', *, *, #9078, .F. ) ;
#6380 = CARTESIAN_POINT ( 'NONE',  ( -8.000000000000000000, -26.00000000000000355, 0.000000000000000000 ) ) ;
#6381 = EDGE_CURVE ( 'NONE', #5625, #4348, #9361, .T. ) ;
#6382 = FACE_OUTER_BOUND ( 'NONE', #3163, .T. ) ;
#6383 = FACE_OUTER_BOUND ( 'NONE', #8669, .T. ) ;
#6384 = EDGE_CURVE ( 'NONE', #6896, #7388, #531, .T. ) ;
#6385 = ADVANCED_FACE ( 'NONE', ( #8882 ), #2411, .T. ) ;
#6386 = CARTESIAN_POINT ( 'NONE',  ( -9.500000000000000000, -25.13397459621599950, -150.0000000000000000 ) ) ;
#6387 = ORIENTED_EDGE ( 'NONE', *, *, #9955, .T. ) ;
#6388 = DIRECTION ( 'NONE',  ( -0.000000000000000000, -0.000000000000000000, -1.000000000000000000 ) ) ;
#6389 = CARTESIAN_POINT ( 'NONE',  ( 0.000000000000000000, -30.00000000000000000, -143.5000000000000284 ) ) ;
#6390 = DIRECTION ( 'NONE',  ( 1.000000000000000000, 0.000000000000000000, 0.000000000000000000 ) ) ;
#6391 = VERTEX_POINT ( 'NONE', #8941 ) ;
#6392 = VERTEX_POINT ( 'NONE', #7394 ) ;
#6393 = EDGE_CURVE ( 'NONE', #4342, #5352, #786, .T. ) ;
#6394 = EDGE_CURVE ( 'NONE', #9404, #6716, #1569, .T. ) ;
#6395 = EDGE_CURVE ( 'NONE', #7111, #8104, #4811, .T. ) ;
#6396 = CARTESIAN_POINT ( 'NONE',  ( -12.00000000000000000, -16.00000000000000000, -8.500000000000000000 ) ) ;
#6397 = ORIENTED_EDGE ( 'NONE', *, *, #5829, .F. ) ;
#6398 = DIRECTION ( 'NONE',  ( 0.000000000000000000, 0.000000000000000000, 1.000000000000000000 ) ) ;
#6399 = DIRECTION ( 'NONE',  ( 0.000000000000000000, 0.000000000000000000, -1.000000000000000000 ) ) ;
#6400 = CARTESIAN_POINT ( 'NONE',  ( 8.000000000000000000, 26.00000000000000355, 0.000000000000000000 ) ) ;
#6401 = CARTESIAN_POINT ( 'NONE',  ( 3.750000000000000000, -7.250000000000000000, -150.6715170305900529 ) ) ;
#6402 = DIRECTION ( 'NONE',  ( 0.000000000000000000, 0.000000000000000000, -1.000000000000000000 ) ) ;
#6403 = ORIENTED_EDGE ( 'NONE', *, *, #8164, .T. ) ;
#6404 = VECTOR ( 'NONE', #5483, 1000.000000000000000 ) ;
#6405 = CARTESIAN_POINT ( 'NONE',  ( 2.458500000000000796, -14.55984404309425528, -145.9585000000000150 ) ) ;
#6406 = ORIENTED_EDGE ( 'NONE', *, *, #3432, .F. ) ;
#6407 = DIRECTION ( 'NONE',  ( -0.000000000000000000, -0.000000000000000000, -1.000000000000000000 ) ) ;
#6408 = AXIS2_PLACEMENT_3D ( 'NONE', #1836, #7496, #3249 ) ;
#6409 = VECTOR ( 'NONE', #1834, 1000.000000000000000 ) ;
#6410 = EDGE_CURVE ( 'NONE', #1658, #9467, #5996, .T. ) ;
#6411 = DIRECTION ( 'NONE',  ( -0.08784076505916561806, -0.9961345290641321348, -0.000000000000000000 ) ) ;
#6412 = CIRCLE ( 'NONE', #9976, 0.2000000000005539014 ) ;
#6413 = CARTESIAN_POINT ( 'NONE',  ( -6.521096714233922675, -26.87820559742596771, 0.000000000000000000 ) ) ;
#6414 = CARTESIAN_POINT ( 'NONE',  ( 5.000000000000000000, 6.123233995736766282E-16, 29.99999999999999289 ) ) ;
#6415 = DIRECTION ( 'NONE',  ( 0.000000000000000000, 0.000000000000000000, -1.000000000000000000 ) ) ;
#6416 = VERTEX_POINT ( 'NONE', #1624 ) ;
#6417 = DIRECTION ( 'NONE',  ( 0.8660254037842989305, 0.5000000000002420286, 0.000000000000000000 ) ) ;
#6418 = AXIS2_PLACEMENT_3D ( 'NONE', #10071, #2963, #6190 ) ;
#6419 = ORIENTED_EDGE ( 'NONE', *, *, #7166, .F. ) ;
#6420 = CARTESIAN_POINT ( 'NONE',  ( 6.850000000000001421, 33.20000000000000284, -17.00000000000000000 ) ) ;
#6421 = DIRECTION ( 'NONE',  ( -0.000000000000000000, 0.000000000000000000, -1.000000000000000000 ) ) ;
#6422 = CYLINDRICAL_SURFACE ( 'NONE', #952, 4.282999999999988816 ) ;
#6423 = VECTOR ( 'NONE', #6820, 1000.000000000000000 ) ;
#6424 = CONICAL_SURFACE ( 'NONE', #1212, 2.458500000000012786, 0.7853981633974504994 ) ;
#6425 = CARTESIAN_POINT ( 'NONE',  ( 6.500000000000000888, 25.13397459621599950, 0.000000000000000000 ) ) ;
#6426 = CARTESIAN_POINT ( 'NONE',  ( -6.500000000000000888, -26.86602540378400050, 0.000000000000000000 ) ) ;
#6427 = ORIENTED_EDGE ( 'NONE', *, *, #5418, .T. ) ;
#6428 = CONICAL_SURFACE ( 'NONE', #43, 3.499999999999999556, 0.7853981633974305154 ) ;
#6429 = CARTESIAN_POINT ( 'NONE',  ( 0.000000000000000000, 0.000000000000000000, 11.97272967750899220 ) ) ;
#6430 = EDGE_LOOP ( 'NONE', ( #8951, #7695, #4535, #7984 ) ) ;
#6431 = ORIENTED_EDGE ( 'NONE', *, *, #9632, .F. ) ;
#6432 = VERTEX_POINT ( 'NONE', #4045 ) ;
#6433 = AXIS2_PLACEMENT_3D ( 'NONE', #2579, #4324, #5806 ) ;
#6434 = DIRECTION ( 'NONE',  ( -0.000000000000000000, -0.000000000000000000, -1.000000000000000000 ) ) ;
#6435 = CIRCLE ( 'NONE', #4570, 5.999999999999999112 ) ;
#6436 = CARTESIAN_POINT ( 'NONE',  ( -7.000907178322304247, -24.84477570197242002, -0.1267986305219091225 ) ) ;
#6437 = DIRECTION ( 'NONE',  ( 0.9961345290641322459, -0.08784076505916545152, 0.000000000000000000 ) ) ;
#6438 = DIRECTION ( 'NONE',  ( -0.9961345290641322459, 0.08784076505916564581, 0.000000000000000000 ) ) ;
#6439 = ORIENTED_EDGE ( 'NONE', *, *, #4573, .T. ) ;
#6440 = FACE_OUTER_BOUND ( 'NONE', #5344, .T. ) ;
#6441 = CARTESIAN_POINT ( 'NONE',  ( 1.999999999999988676, 2.449293598294692609E-16, -152.0000000000000000 ) ) ;
#6442 = ORIENTED_EDGE ( 'NONE', *, *, #584, .F. ) ;
#6443 = DIRECTION ( 'NONE',  ( 1.000000000000000000, 0.000000000000000000, 0.000000000000000000 ) ) ;
#6444 = CIRCLE ( 'NONE', #9319, 3.999999999998713029 ) ;
#6445 = EDGE_CURVE ( 'NONE', #4125, #3222, #2778, .T. ) ;
#6446 = EDGE_CURVE ( 'NONE', #4887, #1475, #3941, .T. ) ;
#6447 = EDGE_LOOP ( 'NONE', ( #3661, #8643 ) ) ;
#6448 = AXIS2_PLACEMENT_3D ( 'NONE', #3211, #8257, #3374 ) ;
#6449 = EDGE_LOOP ( 'NONE', ( #9793, #5587, #7729, #3359 ) ) ;
#6450 = CYLINDRICAL_SURFACE ( 'NONE', #3557, 4.282999999999988816 ) ;
#6451 = EDGE_LOOP ( 'NONE', ( #3361, #3308, #507 ) ) ;
#6452 = DIRECTION ( 'NONE',  ( 0.000000000000000000, 0.000000000000000000, -1.000000000000000000 ) ) ;
#6453 = CARTESIAN_POINT ( 'NONE',  ( -3.250000000000030642, 16.00000000000000000, 1.084202172485504434E-16 ) ) ;
#6454 = CIRCLE ( 'NONE', #3415, 1.720000000000001084 ) ;
#6455 = DIRECTION ( 'NONE',  ( 1.000000000000000000, 0.000000000000000000, 0.000000000000000000 ) ) ;
#6456 = FACE_OUTER_BOUND ( 'NONE', #6936, .T. ) ;
#6457 = LINE ( 'NONE', #9484, #454 ) ;
#6458 = ORIENTED_EDGE ( 'NONE', *, *, #908, .T. ) ;
#6459 = LINE ( 'NONE', #10378, #7207 ) ;
#6460 = EDGE_CURVE ( 'NONE', #5712, #757, #1676, .T. ) ;
#6461 = VECTOR ( 'NONE', #249, 1000.000000000000000 ) ;
#6462 = ADVANCED_FACE ( 'NONE', ( #2298 ), #6422, .F. ) ;
#6463 = EDGE_LOOP ( 'NONE', ( #10108, #4444, #9434, #6608 ) ) ;
#6464 = DIRECTION ( 'NONE',  ( -0.000000000000000000, -0.000000000000000000, -1.000000000000000000 ) ) ;
#6465 = CARTESIAN_POINT ( 'NONE',  ( 7.249999999999388045, 35.00000000000000000, -17.00000000000000000 ) ) ;
#6466 = FACE_OUTER_BOUND ( 'NONE', #6645, .T. ) ;
#6467 = DIRECTION ( 'NONE',  ( -0.000000000000000000, -0.000000000000000000, 1.000000000000000000 ) ) ;
#6468 = LINE ( 'NONE', #9706, #3663 ) ;
#6469 = LINE ( 'NONE', #3180, #7454 ) ;
#6470 = EDGE_LOOP ( 'NONE', ( #7610, #10324, #915, #9597 ) ) ;
#6471 = FACE_OUTER_BOUND ( 'NONE', #4805, .T. ) ;
#6472 = EDGE_CURVE ( 'NONE', #9662, #2947, #6230, .T. ) ;
#6473 = CARTESIAN_POINT ( 'NONE',  ( 9.350000000000003197, 35.00000000000000000, -17.00000000000000000 ) ) ;
#6474 = DIRECTION ( 'NONE',  ( 0.000000000000000000, 0.000000000000000000, 1.000000000000000000 ) ) ;
#6475 = CARTESIAN_POINT ( 'NONE',  ( 7.740330214800442477, 24.41786961281648161, -151.9221710822838816 ) ) ;
#6476 = DIRECTION ( 'NONE',  ( 0.8660254037844478114, 0.000000000000000000, 0.4999999999999841238 ) ) ;
#6477 = CARTESIAN_POINT ( 'NONE',  ( 9.478903285766060449, 25.12179440257400387, -152.0000000000000000 ) ) ;
#6478 = CARTESIAN_POINT ( 'NONE',  ( 9.500000000000001776, 26.70547970114971292, -0.03847516427593263705 ) ) ;
#6479 = ORIENTED_EDGE ( 'NONE', *, *, #6280, .F. ) ;
#6480 = CARTESIAN_POINT ( 'NONE',  ( -12.05000000000064020, 27.50000000000000000, -135.0000000000000000 ) ) ;
#6481 = ORIENTED_EDGE ( 'NONE', *, *, #6987, .T. ) ;
#6482 = ORIENTED_EDGE ( 'NONE', *, *, #3270, .F. ) ;
#6483 = ORIENTED_EDGE ( 'NONE', *, *, #6907, .F. ) ;
#6484 = CARTESIAN_POINT ( 'NONE',  ( 0.000000000000000000, 0.000000000000000000, 9.499999999999841904 ) ) ;
#6485 = CARTESIAN_POINT ( 'NONE',  ( -4.352726514326100471, -30.00000000000000000, 0.000000000000000000 ) ) ;
#6486 = AXIS2_PLACEMENT_3D ( 'NONE', #6782, #4242, #2649 ) ;
#6487 = CARTESIAN_POINT ( 'NONE',  ( -7.740330214800445141, -24.41786961281647450, -151.9221710822838816 ) ) ;
#6488 = LINE ( 'NONE', #9868, #1537 ) ;
#6489 = ORIENTED_EDGE ( 'NONE', *, *, #7724, .T. ) ;
#6490 = CARTESIAN_POINT ( 'NONE',  ( -8.015521883131921044, -22.00000000000000000, 0.000000000000000000 ) ) ;
#6491 = CARTESIAN_POINT ( 'NONE',  ( -8.500000000000000000, -25.50000000000000355, -111.0000000000000000 ) ) ;
#6492 = VERTEX_POINT ( 'NONE', #5526 ) ;
#6493 = AXIS2_PLACEMENT_3D ( 'NONE', #6534, #4947, #1778 ) ;
#6494 = VERTEX_POINT ( 'NONE', #7975 ) ;
#6495 = EDGE_LOOP ( 'NONE', ( #1341, #3601, #1686, #5636, #6483, #8792 ) ) ;
#6496 = DIRECTION ( 'NONE',  ( -1.000000000000000000, 0.000000000000000000, 0.000000000000000000 ) ) ;
#6497 = EDGE_CURVE ( 'NONE', #10166, #6720, #2948, .T. ) ;
#6498 = CARTESIAN_POINT ( 'NONE',  ( 0.000000000000000000, 0.000000000000000000, 29.99999999999999289 ) ) ;
#6499 = AXIS2_PLACEMENT_3D ( 'NONE', #2763, #9978, #2563 ) ;
#6500 = ADVANCED_FACE ( 'NONE', ( #1729 ), #8186, .F. ) ;
#6501 = ORIENTED_EDGE ( 'NONE', *, *, #6920, .F. ) ;
#6502 = B_SPLINE_CURVE_WITH_KNOTS ( 'NONE', 3,
 ( #8926, #1767, #9030, #8979 ),
 .UNSPECIFIED., .F., .F.,
 ( 4, 4 ),
 ( 0.000000000000000000, 0.0004269752087343270885 ),
 .UNSPECIFIED. ) ;
#6503 = CARTESIAN_POINT ( 'NONE',  ( -8.000000000000000000, -26.00000000000000355, -2.866025403784399739 ) ) ;
#6504 = CARTESIAN_POINT ( 'NONE',  ( 2.458500000000003460, 16.00000000000000000, -145.9585000000000150 ) ) ;
#6505 = CARTESIAN_POINT ( 'NONE',  ( 0.000000000000000000, 0.000000000000000000, 8.600000000000093792 ) ) ;
#6506 = LINE ( 'NONE', #4706, #360 ) ;
#6507 = DIRECTION ( 'NONE',  ( 1.000000000000000000, 0.000000000000000000, 0.000000000000000000 ) ) ;
#6508 = APPLICATION_PROTOCOL_DEFINITION ( 'draft international standard', 'automotive_design', 1998, #9769 ) ;
#6509 = ORIENTED_EDGE ( 'NONE', *, *, #6472, .F. ) ;
#6510 = ORIENTED_EDGE ( 'NONE', *, *, #1562, .F. ) ;
#6511 = AXIS2_PLACEMENT_3D ( 'NONE', #2390, #5610, #2641 ) ;
#6512 = CARTESIAN_POINT ( 'NONE',  ( -6.500000000000000888, -25.13397459621599950, -152.0000000000000000 ) ) ;
#6513 = VECTOR ( 'NONE', #6159, 1000.000000000000000 ) ;
#6514 = VERTEX_POINT ( 'NONE', #9665 ) ;
#6515 = PLANE ( 'NONE',  #8998 ) ;
#6516 = AXIS2_PLACEMENT_3D ( 'NONE', #5881, #7021, #7680 ) ;
#6517 = EDGE_CURVE ( 'NONE', #1919, #10434, #833, .T. ) ;
#6518 =( NAMED_UNIT ( * ) PLANE_ANGLE_UNIT ( ) SI_UNIT ( $, .RADIAN. ) );
#6519 = CARTESIAN_POINT ( 'NONE',  ( -6.280000000000002025, -26.00000000000000355, 0.000000000000000000 ) ) ;
#6520 = EDGE_CURVE ( 'NONE', #2339, #4039, #3137, .T. ) ;
#6521 = EDGE_CURVE ( 'NONE', #141, #3222, #9609, .T. ) ;
#6522 = CARTESIAN_POINT ( 'NONE',  ( 0.000000000000000000, -16.00000000000000000, -151.2084999999999866 ) ) ;
#6523 = EDGE_CURVE ( 'NONE', #2552, #8088, #8373, .T. ) ;
#6524 = DIRECTION ( 'NONE',  ( 0.000000000000000000, 0.000000000000000000, 1.000000000000000000 ) ) ;
#6525 = ORIENTED_EDGE ( 'NONE', *, *, #2326, .T. ) ;
#6526 = DIRECTION ( 'NONE',  ( 1.000000000000000000, 0.000000000000000000, 0.000000000000000000 ) ) ;
#6527 = CIRCLE ( 'NONE', #6516, 4.000000000000305533 ) ;
#6528 = CONICAL_SURFACE ( 'NONE', #7733, 1.719999999999998419, 1.047197551196586307 ) ;
#6529 = VECTOR ( 'NONE', #3864, 1000.000000000000114 ) ;
#6530 = EDGE_CURVE ( 'NONE', #7040, #2476, #10221, .T. ) ;
#6531 = DIRECTION ( 'NONE',  ( 0.000000000000000000, -0.000000000000000000, 1.000000000000000000 ) ) ;
#6532 = DIRECTION ( 'NONE',  ( 1.000000000000000000, 0.000000000000000000, 0.000000000000000000 ) ) ;
#6533 = AXIS2_PLACEMENT_3D ( 'NONE', #3345, #998, #8930 ) ;
#6534 = CARTESIAN_POINT ( 'NONE',  ( -8.000000000000000000, -26.00000000000000355, -152.0000000000000000 ) ) ;
#6535 = EDGE_CURVE ( 'NONE', #6805, #3657, #615, .T. ) ;
#6536 = AXIS2_PLACEMENT_3D ( 'NONE', #6956, #1312, #4510 ) ;
#6537 = CARTESIAN_POINT ( 'NONE',  ( -4.030983766875087859, -26.35136306023699149, -4.000000000000000000 ) ) ;
#6538 = DIRECTION ( 'NONE',  ( -0.08784076505916543764, -0.9961345290641321348, -0.000000000000000000 ) ) ;
#6539 = EDGE_LOOP ( 'NONE', ( #2021, #4963, #1145, #8743 ) ) ;
#6540 = CARTESIAN_POINT ( 'NONE',  ( -1.500000000000000000, 20.30000000000604032, -8.500000000000000000 ) ) ;
#6541 = ORIENTED_EDGE ( 'NONE', *, *, #3231, .T. ) ;
#6542 = ORIENTED_EDGE ( 'NONE', *, *, #5945, .F. ) ;
#6543 = ORIENTED_EDGE ( 'NONE', *, *, #9959, .T. ) ;
#6544 = VECTOR ( 'NONE', #8013, 1000.000000000000000 ) ;
#6545 = PLANE ( 'NONE',  #5013 ) ;
#6546 = LINE ( 'NONE', #9784, #10263 ) ;
#6547 = DIRECTION ( 'NONE',  ( 1.000000000000000000, 0.000000000000000000, 0.000000000000000000 ) ) ;
#6548 = EDGE_CURVE ( 'NONE', #1497, #2995, #4412, .T. ) ;
#6549 = ORIENTED_EDGE ( 'NONE', *, *, #6121, .F. ) ;
#6550 = DIRECTION ( 'NONE',  ( 0.000000000000000000, 0.000000000000000000, -1.000000000000000000 ) ) ;
#6551 = DIRECTION ( 'NONE',  ( 0.000000000000000000, 0.000000000000000000, 1.000000000000000000 ) ) ;
#6552 = ORIENTED_EDGE ( 'NONE', *, *, #9260, .T. ) ;
#6553 = VECTOR ( 'NONE', #1809, 1000.000000000000000 ) ;
#6554 = CYLINDRICAL_SURFACE ( 'NONE', #6015, 2.458499999999988361 ) ;
#6555 = ORIENTED_EDGE ( 'NONE', *, *, #6075, .T. ) ;
#6556 = CARTESIAN_POINT ( 'NONE',  ( -4.700000000000099654, 5.755839955992681928E-16, 9.394203811574740826 ) ) ;
#6557 = ORIENTED_EDGE ( 'NONE', *, *, #2014, .F. ) ;
#6558 = ORIENTED_EDGE ( 'NONE', *, *, #2643, .F. ) ;
#6559 = LINE ( 'NONE', #4282, #9321 ) ;
#6560 = ORIENTED_EDGE ( 'NONE', *, *, #2542, .F. ) ;
#6561 = CARTESIAN_POINT ( 'NONE',  ( -6.500000000000000888, -25.13397459621599950, -152.0000000000000000 ) ) ;
#6562 = CARTESIAN_POINT ( 'NONE',  ( -6.500000000000000888, -26.86602540378400050, -2.000000000000000000 ) ) ;
#6563 = DIRECTION ( 'NONE',  ( -0.000000000000000000, -0.000000000000000000, -1.000000000000000000 ) ) ;
#6564 = DIRECTION ( 'NONE',  ( -0.000000000000000000, -0.000000000000000000, -1.000000000000000000 ) ) ;
#6565 = ORIENTED_EDGE ( 'NONE', *, *, #2316, .T. ) ;
#6566 = ORIENTED_EDGE ( 'NONE', *, *, #461, .F. ) ;
#6567 = ORIENTED_EDGE ( 'NONE', *, *, #8737, .T. ) ;
#6568 = CARTESIAN_POINT ( 'NONE',  ( -8.000000000000000000, -26.00000000000000355, 0.000000000000000000 ) ) ;
#6569 = DIRECTION ( 'NONE',  ( -1.000000000000000000, 0.000000000000000000, 0.000000000000000000 ) ) ;
#6570 = CARTESIAN_POINT ( 'NONE',  ( -9.500000000000000000, -26.86602540378400050, -150.0000000000000000 ) ) ;
#6571 = DIRECTION ( 'NONE',  ( 0.000000000000000000, 0.000000000000000000, 1.000000000000000000 ) ) ;
#6572 = LINE ( 'NONE', #8231, #5244 ) ;
#6573 = ORIENTED_EDGE ( 'NONE', *, *, #840, .T. ) ;
#6574 = DIRECTION ( 'NONE',  ( 0.000000000000000000, -1.000000000000000000, 0.000000000000000000 ) ) ;
#6575 = EDGE_CURVE ( 'NONE', #4945, #10414, #9890, .T. ) ;
#6576 = EDGE_CURVE ( 'NONE', #141, #9199, #2788, .T. ) ;
#6577 = CIRCLE ( 'NONE', #7082, 1.500000000000000222 ) ;
#6578 = EDGE_CURVE ( 'NONE', #8207, #5712, #1704, .T. ) ;
#6579 = DIRECTION ( 'NONE',  ( 0.000000000000000000, 0.000000000000000000, 1.000000000000000000 ) ) ;
#6580 = AXIS2_PLACEMENT_3D ( 'NONE', #4477, #6707, #9945 ) ;
#6581 = CARTESIAN_POINT ( 'NONE',  ( -7.299999999999445599, 32.99999999999944578, -152.0010000000000048 ) ) ;
#6582 = EDGE_CURVE ( 'NONE', #3788, #227, #5319, .T. ) ;
#6583 = CARTESIAN_POINT ( 'NONE',  ( -6.850000000000002309, 35.00000000000000000, -17.00000000000000000 ) ) ;
#6584 = AXIS2_PLACEMENT_3D ( 'NONE', #4208, #8996, #2664 ) ;
#6585 = CARTESIAN_POINT ( 'NONE',  ( 8.000000000000000000, -11.00000000000000000, -8.500000000000000000 ) ) ;
#6586 = AXIS2_PLACEMENT_3D ( 'NONE', #9983, #2715, #3574 ) ;
#6587 = ORIENTED_EDGE ( 'NONE', *, *, #10209, .T. ) ;
#6588 = DIRECTION ( 'NONE',  ( 1.000000000000000000, 0.000000000000000000, 0.000000000000000000 ) ) ;
#6589 = EDGE_LOOP ( 'NONE', ( #906, #2, #10348, #8760, #9072 ) ) ;
#6590 = EDGE_CURVE ( 'NONE', #2855, #2225, #6682, .T. ) ;
#6591 = EDGE_LOOP ( 'NONE', ( #10245, #6263, #303, #3280 ) ) ;
#6592 = EDGE_CURVE ( 'NONE', #9054, #1391, #9193, .T. ) ;
#6593 = CARTESIAN_POINT ( 'NONE',  ( -9.500000000000000000, -26.28425440593308338, -151.8729829407799343 ) ) ;
#6594 = VECTOR ( 'NONE', #3168, 1000.000000000000000 ) ;
#6595 = AXIS2_PLACEMENT_3D ( 'NONE', #2811, #6042, #9290 ) ;
#6596 = FACE_OUTER_BOUND ( 'NONE', #10233, .T. ) ;
#6597 = DIRECTION ( 'NONE',  ( 1.000000000000000000, 0.000000000000000000, 0.000000000000000000 ) ) ;
#6598 = VECTOR ( 'NONE', #2223, 1000.000000000000000 ) ;
#6599 = PRODUCT ( '161267 DZF-32-80-A-P-A---(KS)_Features', '161267 DZF-32-80-A-P-A---(KS)_Features', '', ( #8860 ) ) ;
#6600 = ORIENTED_EDGE ( 'NONE', *, *, #7119, .T. ) ;
#6601 = DIRECTION ( 'NONE',  ( 0.8660254037842981534, -0.5000000000002433609, 0.000000000000000000 ) ) ;
#6602 = DIRECTION ( 'NONE',  ( -0.000000000000000000, -0.000000000000000000, -1.000000000000000000 ) ) ;
#6603 = ORIENTED_EDGE ( 'NONE', *, *, #397, .F. ) ;
#6604 = AXIS2_PLACEMENT_3D ( 'NONE', #2795, #3596, #2903 ) ;
#6605 =( BOUNDED_CURVE ( )  B_SPLINE_CURVE ( 3, ( #7065, #8558, #1319, #10293 ),
 .UNSPECIFIED., .F., .T. ) 
 B_SPLINE_CURVE_WITH_KNOTS ( ( 4, 4 ),
 ( 3.141592653589793116, 4.712388980384689674 ),
 .UNSPECIFIED. ) 
 CURVE ( )  GEOMETRIC_REPRESENTATION_ITEM ( )  RATIONAL_B_SPLINE_CURVE ( ( 1.000000000000000000, 0.8047378541243649375, 0.8047378541243649375, 1.000000000000000000 ) ) 
 REPRESENTATION_ITEM ( '' )  );
#6606 = FACE_OUTER_BOUND ( 'NONE', #9876, .T. ) ;
#6607 = CARTESIAN_POINT ( 'NONE',  ( -8.000000000000000000, -26.00000000000000355, -152.0000000000000000 ) ) ;
#6608 = ORIENTED_EDGE ( 'NONE', *, *, #7953, .F. ) ;
#6609 = AXIS2_PLACEMENT_3D ( 'NONE', #3594, #6877, #1274 ) ;
#6610 = ADVANCED_FACE ( 'NONE', ( #1053, #10029 ), #7544, .F. ) ;
#6611 = EDGE_CURVE ( 'NONE', #2862, #7664, #1781, .T. ) ;
#6612 = VERTEX_POINT ( 'NONE', #9091 ) ;
#6613 = CIRCLE ( 'NONE', #1541, 2.458500000000024777 ) ;
#6614 = CONICAL_SURFACE ( 'NONE', #8306, 3.400000000000000355, 0.7853981633973783349 ) ;
#6615 = DIRECTION ( 'NONE',  ( 0.000000000000000000, 0.000000000000000000, -1.000000000000000000 ) ) ;
#6616 = ORIENTED_EDGE ( 'NONE', *, *, #9569, .T. ) ;
#6617 = VECTOR ( 'NONE', #6467, 1000.000000000000000 ) ;
#6618 = LINE ( 'NONE', #6561, #1495 ) ;
#6619 = CARTESIAN_POINT ( 'NONE',  ( -0.4999999999993915423, -25.50000000000000355, -31.00000000000000000 ) ) ;
#6620 = LINE ( 'NONE', #5083, #8842 ) ;
#6621 = DIRECTION ( 'NONE',  ( 1.000000000000000000, 0.000000000000000000, 0.000000000000000000 ) ) ;
#6622 = VERTEX_POINT ( 'NONE', #3571 ) ;
#6623 = ORIENTED_EDGE ( 'NONE', *, *, #5486, .F. ) ;
#6624 = VECTOR ( 'NONE', #9414, 1000.000000000000000 ) ;
#6625 = DIRECTION ( 'NONE',  ( 0.000000000000000000, 0.000000000000000000, -1.000000000000000000 ) ) ;
#6626 = ORIENTED_EDGE ( 'NONE', *, *, #8704, .T. ) ;
#6627 = CARTESIAN_POINT ( 'NONE',  ( -1.000000000000000000, 33.20000000000000284, -135.0000000000000000 ) ) ;
#6628 = DIRECTION ( 'NONE',  ( 0.000000000000000000, -0.000000000000000000, 1.000000000000000000 ) ) ;
#6629 = AXIS2_PLACEMENT_3D ( 'NONE', #6002, #1994, #5115 ) ;
#6630 = DIRECTION ( 'NONE',  ( 1.000000000000000000, 0.000000000000000000, 0.000000000000000000 ) ) ;
#6631 = CARTESIAN_POINT ( 'NONE',  ( 6.500000000000001776, 26.28630237793967339, -151.8851527379344759 ) ) ;
#6632 = CARTESIAN_POINT ( 'NONE',  ( 0.000000000000000000, 0.000000000000000000, -145.0000000000000000 ) ) ;
#6633 = ORIENTED_EDGE ( 'NONE', *, *, #4827, .T. ) ;
#6634 = DIRECTION ( 'NONE',  ( 1.000000000000000000, 0.000000000000000000, 0.000000000000000000 ) ) ;
#6635 = DIRECTION ( 'NONE',  ( -1.000000000000000000, 0.000000000000000000, 0.000000000000000000 ) ) ;
#6636 = DIRECTION ( 'NONE',  ( 0.000000000000000000, 0.000000000000000000, 1.000000000000000000 ) ) ;
#6637 = EDGE_CURVE ( 'NONE', #1952, #10144, #3459, .T. ) ;
#6638 = EDGE_CURVE ( 'NONE', #9614, #1578, #9390, .T. ) ;
#6639 = DIRECTION ( 'NONE',  ( 0.000000000000000000, 0.000000000000000000, -1.000000000000000000 ) ) ;
#6640 = CARTESIAN_POINT ( 'NONE',  ( -1.500000000000000000, 20.30000000000604032, -147.2829999999939616 ) ) ;
#6641 = CARTESIAN_POINT ( 'NONE',  ( 8.500000000000000000, 25.50000000000000355, -31.00000000000000000 ) ) ;
#6642 = ORIENTED_EDGE ( 'NONE', *, *, #5357, .T. ) ;
#6643 = CARTESIAN_POINT ( 'NONE',  ( -4.100000000000000533, 0.000000000000000000, 9.394203811574740826 ) ) ;
#6644 = ORIENTED_EDGE ( 'NONE', *, *, #4001, .F. ) ;
#6645 = EDGE_LOOP ( 'NONE', ( #6542, #7435, #9610, #8947 ) ) ;
#6646 = ORIENTED_EDGE ( 'NONE', *, *, #5802, .F. ) ;
#6647 = FACE_OUTER_BOUND ( 'NONE', #8511, .T. ) ;
#6648 = CIRCLE ( 'NONE', #5292, 2.458500000000012786 ) ;
#6649 = CARTESIAN_POINT ( 'NONE',  ( 7.249999999999709566, 24.70096189432365108, -2.000000000000000000 ) ) ;
#6650 = DIRECTION ( 'NONE',  ( 0.000000000000000000, -0.000000000000000000, 1.000000000000000000 ) ) ;
#6651 = EDGE_CURVE ( 'NONE', #9854, #691, #10390, .T. ) ;
#6652 = ORIENTED_EDGE ( 'NONE', *, *, #7455, .T. ) ;
#6653 = EDGE_CURVE ( 'NONE', #10310, #9991, #9817, .T. ) ;
#6654 = DIRECTION ( 'NONE',  ( 0.000000000000000000, -1.000000000000000000, 0.000000000000000000 ) ) ;
#6655 = CARTESIAN_POINT ( 'NONE',  ( -12.00000000000000000, -16.00000000000000000, -8.500000000000000000 ) ) ;
#6656 = EDGE_CURVE ( 'NONE', #4795, #1177, #9039, .T. ) ;
#6657 = EDGE_LOOP ( 'NONE', ( #3973, #7073, #3959, #1353 ) ) ;
#6658 = LINE ( 'NONE', #3738, #5991 ) ;
#6659 = CARTESIAN_POINT ( 'NONE',  ( -8.500000000000000000, -17.49999999999938538, -111.0000000000000000 ) ) ;
#6660 = CARTESIAN_POINT ( 'NONE',  ( -4.015521883131615510, -26.00000000000030553, -4.000000000000000000 ) ) ;
#6661 = EDGE_LOOP ( 'NONE', ( #8089, #5599, #2912, #1134 ) ) ;
#6662 = ADVANCED_FACE ( 'NONE', ( #8239 ), #6160, .F. ) ;
#6663 = LINE ( 'NONE', #7361, #9652 ) ;
#6664 = ORIENTED_EDGE ( 'NONE', *, *, #478, .F. ) ;
#6665 =( BOUNDED_CURVE ( )  B_SPLINE_CURVE ( 3, ( #521, #10392, #10231, #6310 ),
 .UNSPECIFIED., .F., .F. ) 
 B_SPLINE_CURVE_WITH_KNOTS ( ( 4, 4 ),
 ( 0.000000000000000000, 1.570796326794896780 ),
 .UNSPECIFIED. ) 
 CURVE ( )  GEOMETRIC_REPRESENTATION_ITEM ( )  RATIONAL_B_SPLINE_CURVE ( ( 1.000000000000000000, 0.8047378541243649375, 0.8047378541243649375, 1.000000000000000000 ) ) 
 REPRESENTATION_ITEM ( '' )  );
#6666 = CARTESIAN_POINT ( 'NONE',  ( 8.000000000000000000, 26.00000000000000355, -152.0000000000000000 ) ) ;
#6667 = CARTESIAN_POINT ( 'NONE',  ( -7.500000000000000000, 32.99999999999944578, -17.00000000000001421 ) ) ;
#6668 = ADVANCED_FACE ( 'NONE', ( #215 ), #10059, .T. ) ;
#6669 = VECTOR ( 'NONE', #9995, 1000.000000000000114 ) ;
#6670 = CARTESIAN_POINT ( 'NONE',  ( 12.00000000000000178, -16.00000000000000000, -141.0415000000000134 ) ) ;
#6671 = DIRECTION ( 'NONE',  ( 0.000000000000000000, 0.000000000000000000, 1.000000000000000000 ) ) ;
#6672 = ORIENTED_EDGE ( 'NONE', *, *, #2250, .F. ) ;
#6673 = ORIENTED_EDGE ( 'NONE', *, *, #6911, .T. ) ;
#6674 = VECTOR ( 'NONE', #5049, 1000.000000000000000 ) ;
#6675 = CARTESIAN_POINT ( 'NONE',  ( -1.449999999999445954, 33.40000000000055280, -135.0000000000000000 ) ) ;
#6676 = CARTESIAN_POINT ( 'NONE',  ( -3.971223470242152054, 4.497708766627500410, 3.599999999999993872 ) ) ;
#6677 = AXIS2_PLACEMENT_3D ( 'NONE', #8003, #7261, #8058 ) ;
#6678 = LINE ( 'NONE', #312, #533 ) ;
#6679 = DIRECTION ( 'NONE',  ( 1.000000000000000000, 0.000000000000000000, 0.000000000000000000 ) ) ;
#6680 = DIRECTION ( 'NONE',  ( 1.000000000000000000, 0.000000000000000000, 0.000000000000000000 ) ) ;
#6681 = DIRECTION ( 'NONE',  ( -0.000000000000000000, 0.000000000000000000, 1.000000000000000000 ) ) ;
#6682 = LINE ( 'NONE', #1100, #6674 ) ;
#6683 = CARTESIAN_POINT ( 'NONE',  ( -7.004336740694808050, -27.15720435678655420, -151.8727660348362747 ) ) ;
#6684 = LINE ( 'NONE', #1679, #4166 ) ;
#6685 = VECTOR ( 'NONE', #528, 1000.000000000000000 ) ;
#6686 = DIRECTION ( 'NONE',  ( 1.000000000000000000, 0.000000000000000000, 0.000000000000000000 ) ) ;
#6687 = CARTESIAN_POINT ( 'NONE',  ( 1.000000000000000000, 30.00000000000000000, -135.0000000000000000 ) ) ;
#6688 = ORIENTED_EDGE ( 'NONE', *, *, #9629, .T. ) ;
#6689 = CARTESIAN_POINT ( 'NONE',  ( 1.738422021547141760, -17.73842202154714087, -10.23842202154713910 ) ) ;
#6690 = EDGE_LOOP ( 'NONE', ( #8215, #6826, #8114, #6431 ) ) ;
#6691 = VERTEX_POINT ( 'NONE', #3667 ) ;
#6692 = VERTEX_POINT ( 'NONE', #2139 ) ;
#6693 = VECTOR ( 'NONE', #2444, 1000.000000000000000 ) ;
#6694 = DIRECTION ( 'NONE',  ( 0.000000000000000000, 0.000000000000000000, 1.000000000000000000 ) ) ;
#6695 = AXIS2_PLACEMENT_3D ( 'NONE', #9248, #2820, #4506 ) ;
#6696 = AXIS2_PLACEMENT_3D ( 'NONE', #9017, #5810, #9111 ) ;
#6697 = FACE_OUTER_BOUND ( 'NONE', #1670, .T. ) ;
#6698 = CARTESIAN_POINT ( 'NONE',  ( 12.00000000000000000, 26.00000000000000355, -148.0000000000000000 ) ) ;
#6699 = AXIS2_PLACEMENT_3D ( 'NONE', #5333, #299, #9280 ) ;
#6700 = ADVANCED_FACE ( 'NONE', ( #1301 ), #4504, .T. ) ;
#6701 = ORIENTED_EDGE ( 'NONE', *, *, #7325, .F. ) ;
#6702 = CARTESIAN_POINT ( 'NONE',  ( -12.00000000000000000, 16.00000000000000000, -8.500000000000000000 ) ) ;
#6703 = CARTESIAN_POINT ( 'NONE',  ( -8.000000000000000000, -27.73205080756899932, -152.0000000000000000 ) ) ;
#6704 = ORIENTED_EDGE ( 'NONE', *, *, #8545, .F. ) ;
#6705 = DIRECTION ( 'NONE',  ( -1.000000000000000000, -0.000000000000000000, -0.000000000000000000 ) ) ;
#6706 = VECTOR ( 'NONE', #8946, 999.9999999999998863 ) ;
#6707 = DIRECTION ( 'NONE',  ( -0.000000000000000000, -0.000000000000000000, 1.000000000000000000 ) ) ;
#6708 = CARTESIAN_POINT ( 'NONE',  ( -8.500000000000000000, 25.50000000000000355, -31.00000000000000000 ) ) ;
#6709 = ADVANCED_FACE ( 'NONE', ( #5354 ), #7756, .F. ) ;
#6710 = ORIENTED_EDGE ( 'NONE', *, *, #1242, .F. ) ;
#6711 = EDGE_CURVE ( 'NONE', #7008, #1107, #1615, .T. ) ;
#6712 = DIRECTION ( 'NONE',  ( -1.000000000000000000, 0.000000000000000000, 0.000000000000000000 ) ) ;
#6713 = EDGE_CURVE ( 'NONE', #4369, #1364, #6847, .T. ) ;
#6714 = CONICAL_SURFACE ( 'NONE', #5705, 1.720000000000001084, 1.047197551202451837 ) ;
#6715 = CARTESIAN_POINT ( 'NONE',  ( 1.999999999999988010, 2.449293598294691130E-16, -145.0000000000000000 ) ) ;
#6716 = VERTEX_POINT ( 'NONE', #2087 ) ;
#6717 = CARTESIAN_POINT ( 'NONE',  ( 11.79999999999944649, -16.00000000000000000, -13.50000000000000178 ) ) ;
#6718 = CARTESIAN_POINT ( 'NONE',  ( -3.750000000000000000, 7.250000000000000000, -152.0000000000000000 ) ) ;
#6719 = CARTESIAN_POINT ( 'NONE',  ( -1.000000000000000000, 30.00000000000000000, -17.00000000000000000 ) ) ;
#6720 = VERTEX_POINT ( 'NONE', #7806 ) ;
#6721 = ORIENTED_EDGE ( 'NONE', *, *, #1432, .F. ) ;
#6722 = EDGE_CURVE ( 'NONE', #9840, #5200, #10282, .T. ) ;
#6723 = ADVANCED_FACE ( 'NONE', ( #3713 ), #564, .F. ) ;
#6724 = DIRECTION ( 'NONE',  ( 0.000000000000000000, -0.000000000000000000, 1.000000000000000000 ) ) ;
#6725 =( BOUNDED_CURVE ( )  B_SPLINE_CURVE ( 3, ( #6689, #5214, #1110, #2878 ),
 .UNSPECIFIED., .F., .T. ) 
 B_SPLINE_CURVE_WITH_KNOTS ( ( 4, 4 ),
 ( 5.497787143782137065, 6.283185307179586232 ),
 .UNSPECIFIED. ) 
 CURVE ( )  GEOMETRIC_REPRESENTATION_ITEM ( )  RATIONAL_B_SPLINE_CURVE ( ( 1.000000000000000000, 0.9492530216741910110, 0.9492530216741910110, 1.000000000000000000 ) ) 
 REPRESENTATION_ITEM ( '' )  );
#6726 = FACE_OUTER_BOUND ( 'NONE', #2848, .T. ) ;
#6727 = FACE_OUTER_BOUND ( 'NONE', #8100, .T. ) ;
#6728 = ORIENTED_EDGE ( 'NONE', *, *, #5467, .T. ) ;
#6729 = VERTEX_POINT ( 'NONE', #4455 ) ;
#6730 = CARTESIAN_POINT ( 'NONE',  ( 0.000000000000000000, 0.000000000000000000, 3.599999999999993872 ) ) ;
#6731 = DIRECTION ( 'NONE',  ( 0.000000000000000000, 0.000000000000000000, -1.000000000000000000 ) ) ;
#6732 = ORIENTED_EDGE ( 'NONE', *, *, #4462, .T. ) ;
#6733 = DIRECTION ( 'NONE',  ( 0.000000000000000000, 0.000000000000000000, -1.000000000000000000 ) ) ;
#6734 = CARTESIAN_POINT ( 'NONE',  ( 4.335090188609796336, 29.80000000000000071, -152.0000000000000000 ) ) ;
#6735 = EDGE_CURVE ( 'NONE', #6824, #2959, #10065, .T. ) ;
#6736 = DIRECTION ( 'NONE',  ( 1.000000000000000000, 0.000000000000000000, 0.000000000000000000 ) ) ;
#6737 = CARTESIAN_POINT ( 'NONE',  ( 6.500000000000000888, 26.00000000000025224, -151.8729829407772343 ) ) ;
#6738 = CARTESIAN_POINT ( 'NONE',  ( 6.500000000000000888, 26.86602540378400050, -152.0000000000000000 ) ) ;
#6739 = DIRECTION ( 'NONE',  ( -0.8660254037842989305, 0.5000000000002420286, 0.000000000000000000 ) ) ;
#6740 = CARTESIAN_POINT ( 'NONE',  ( 0.4999999999993932631, -17.49999999999939249, -121.0000000000000000 ) ) ;
#6741 = CARTESIAN_POINT ( 'NONE',  ( 0.4999999999993915423, 17.49999999999939249, -31.00000000000000000 ) ) ;
#6742 = CARTESIAN_POINT ( 'NONE',  ( 0.000000000000000000, 0.000000000000000000, 7.999999999999992895 ) ) ;
#6743 = EDGE_LOOP ( 'NONE', ( #605, #6205, #3381, #2162 ) ) ;
#6744 = CARTESIAN_POINT ( 'NONE',  ( 0.000000000000000000, 0.000000000000000000, 29.99999999999999289 ) ) ;
#6745 = ORIENTED_EDGE ( 'NONE', *, *, #936, .T. ) ;
#6746 = ORIENTED_EDGE ( 'NONE', *, *, #2899, .T. ) ;
#6747 = AXIS2_PLACEMENT_3D ( 'NONE', #2278, #9397, #5951 ) ;
#6748 = EDGE_LOOP ( 'NONE', ( #10020, #3496, #4475, #9356, #4900 ) ) ;
#6749 = FACE_OUTER_BOUND ( 'NONE', #769, .T. ) ;
#6750 = CYLINDRICAL_SURFACE ( 'NONE', #4351, 2.458500000000024777 ) ;
#6751 = CARTESIAN_POINT ( 'NONE',  ( 8.500000000000000000, -17.49999999999939249, -121.0000000000000000 ) ) ;
#6752 = CARTESIAN_POINT ( 'NONE',  ( -1.499999999999999556, 28.47151703059009265, -147.7829999999999870 ) ) ;
#6753 = VECTOR ( 'NONE', #10295, 1000.000000000000000 ) ;
#6754 = CONICAL_SURFACE ( 'NONE', #1358, 1.719999999999998419, 1.047197551196586307 ) ;
#6755 = ORIENTED_EDGE ( 'NONE', *, *, #9377, .T. ) ;
#6757 = DIRECTION ( 'NONE',  ( -1.000000000000000000, 0.000000000000000000, 0.000000000000000000 ) ) ;
#6756 = CIRCLE ( 'NONE', #9803, 5.200000000000555289 ) ;
#6758 = CARTESIAN_POINT ( 'NONE',  ( 0.4999999999993793853, -17.49999999999938183, -111.0000000000000000 ) ) ;
#6759 = ORIENTED_EDGE ( 'NONE', *, *, #5943, .F. ) ;
#6760 = DIRECTION ( 'NONE',  ( -1.000000000000000000, -0.000000000000000000, -0.000000000000000000 ) ) ;
#6761 = ORIENTED_EDGE ( 'NONE', *, *, #4894, .F. ) ;
#6762 = DIRECTION ( 'NONE',  ( -0.8660254037842989305, 0.5000000000002420286, 0.000000000000000000 ) ) ;
#6763 = FACE_OUTER_BOUND ( 'NONE', #7583, .T. ) ;
#6764 = CIRCLE ( 'NONE', #8301, 2.458500000000000796 ) ;
#6765 = CIRCLE ( 'NONE', #5749, 1.999999999999988010 ) ;
#6766 = TOROIDAL_SURFACE ( 'NONE', #3213, 3.782999999993962081, 0.5000000000060270677 ) ;
#6767 = DIRECTION ( 'NONE',  ( 0.000000000000000000, 0.000000000000000000, 1.000000000000000000 ) ) ;
#6768 = FACE_OUTER_BOUND ( 'NONE', #4134, .T. ) ;
#6769 = VERTEX_POINT ( 'NONE', #6048 ) ;
#6770 = VECTOR ( 'NONE', #5541, 1000.000000000000000 ) ;
#6771 = EDGE_CURVE ( 'NONE', #1840, #7768, #9441, .T. ) ;
#6772 = EDGE_CURVE ( 'NONE', #4980, #2383, #9555, .T. ) ;
#6773 = CARTESIAN_POINT ( 'NONE',  ( -8.021096714234518643, -27.71987061392667329, -152.0000000000000000 ) ) ;
#6774 = DIRECTION ( 'NONE',  ( -1.000000000000000000, 0.000000000000000000, 0.000000000000000000 ) ) ;
#6775 = ORIENTED_EDGE ( 'NONE', *, *, #8660, .T. ) ;
#6776 = VECTOR ( 'NONE', #9176, 1000.000000000000000 ) ;
#6777 = DIRECTION ( 'NONE',  ( -0.5000000000002338130, -0.8660254037843035935, 0.000000000000000000 ) ) ;
#6778 = ADVANCED_FACE ( 'NONE', ( #6897 ), #93, .T. ) ;
#6779 = ORIENTED_EDGE ( 'NONE', *, *, #7167, .F. ) ;
#6780 = DIRECTION ( 'NONE',  ( 0.8660254037842792796, -0.5000000000002760014, 0.000000000000000000 ) ) ;
#6781 = VECTOR ( 'NONE', #2713, 1000.000000000000000 ) ;
#6782 = CARTESIAN_POINT ( 'NONE',  ( -8.350000000000278533, -26.00000000000028422, -135.0000000000000000 ) ) ;
#6783 = DIRECTION ( 'NONE',  ( -1.000000000000000000, 0.000000000000000000, -0.000000000000000000 ) ) ;
#6784 = ORIENTED_EDGE ( 'NONE', *, *, #3427, .T. ) ;
#6785 = ADVANCED_FACE ( 'NONE', ( #2186 ), #1404, .F. ) ;
#6786 = ORIENTED_EDGE ( 'NONE', *, *, #9175, .F. ) ;
#6787 = CARTESIAN_POINT ( 'NONE',  ( 8.000000000000000000, 26.00000000000000355, -151.5999999999999943 ) ) ;
#6788 = ADVANCED_FACE ( 'NONE', ( #10123 ), #940, .F. ) ;
#6789 = DIRECTION ( 'NONE',  ( -1.000000000000000000, 0.000000000000000000, 0.000000000000000000 ) ) ;
#6790 = EDGE_LOOP ( 'NONE', ( #9287, #3157, #1912, #3083 ) ) ;
#6791 = EDGE_CURVE ( 'NONE', #3909, #691, #5305, .T. ) ;
#6792 = CARTESIAN_POINT ( 'NONE',  ( 9.500000000000000000, 26.86602540378400050, -150.0000000000000000 ) ) ;
#6793 = CARTESIAN_POINT ( 'NONE',  ( 6.000000000000000000, 7.347880794884119736E-16, 3.599999999999993872 ) ) ;
#6794 = VERTEX_POINT ( 'NONE', #6844 ) ;
#6795 = AXIS2_PLACEMENT_3D ( 'NONE', #1610, #7329, #831 ) ;
#6796 = MANIFOLD_SOLID_BREP ( 'Fillet6', #8758 ) ;
#6797 = LINE ( 'NONE', #1831, #10227 ) ;
#6798 = DIRECTION ( 'NONE',  ( 0.000000000000000000, 0.000000000000000000, 1.000000000000000000 ) ) ;
#6799 = CARTESIAN_POINT ( 'NONE',  ( -6.759669431641926352, -27.01594562004288846, -151.9221711976236406 ) ) ;
#6800 = CARTESIAN_POINT ( 'NONE',  ( -7.999999999999694467, -30.00000000000000000, -152.0000000000000000 ) ) ;
#6801 = PLANE ( 'NONE',  #6747 ) ;
#6802 = VERTEX_POINT ( 'NONE', #1553 ) ;
#6803 = ADVANCED_FACE ( 'NONE', ( #4718 ), #2035, .F. ) ;
#6804 = ORIENTED_EDGE ( 'NONE', *, *, #667, .T. ) ;
#6805 = VERTEX_POINT ( 'NONE', #6465 ) ;
#6806 = ORIENTED_EDGE ( 'NONE', *, *, #7244, .T. ) ;
#6807 = CARTESIAN_POINT ( 'NONE',  ( -1.500000000000000000, 29.80000000000000426, -8.500000000000000000 ) ) ;
#6808 = CARTESIAN_POINT ( 'NONE',  ( -9.350000000000003197, 35.00000000000000000, -17.00000000000000000 ) ) ;
#6809 = PRODUCT_DEFINITION ( 'UNKNOWN', '', #9320, #5039 ) ;
#6810 = LINE ( 'NONE', #2619, #7004 ) ;
#6811 = ORIENTED_EDGE ( 'NONE', *, *, #4642, .F. ) ;
#6812 = DIRECTION ( 'NONE',  ( 0.000000000000000000, 1.000000000000000000, 0.000000000000000000 ) ) ;
#6813 = DIRECTION ( 'NONE',  ( -1.000000000000000000, 0.000000000000000000, 0.000000000000000000 ) ) ;
#6814 = ORIENTED_EDGE ( 'NONE', *, *, #7968, .F. ) ;
#6815 = CARTESIAN_POINT ( 'NONE',  ( 9.350000000000003197, 35.00000000000000000, -135.0000000000000000 ) ) ;
#6816 = VERTEX_POINT ( 'NONE', #4826 ) ;
#6817 = CARTESIAN_POINT ( 'NONE',  ( 2.458499999999995911, 17.44015595690574472, -141.0415000000000134 ) ) ;
#6818 = CARTESIAN_POINT ( 'NONE',  ( 4.068859615986540668, -4.133325710054086777, 7.999999999999992895 ) ) ;
#6819 = ORIENTED_EDGE ( 'NONE', *, *, #3544, .F. ) ;
#6820 = DIRECTION ( 'NONE',  ( -0.000000000000000000, -0.000000000000000000, 1.000000000000000000 ) ) ;
#6821 = DIRECTION ( 'NONE',  ( 0.000000000000000000, 1.000000000000000000, 0.000000000000000000 ) ) ;
#6822 = AXIS2_PLACEMENT_3D ( 'NONE', #9886, #5068, #3426 ) ;
#6823 = CARTESIAN_POINT ( 'NONE',  ( 8.032999999999988816, -7.249999999999999112, -150.6715170305900529 ) ) ;
#6824 = VERTEX_POINT ( 'NONE', #5673 ) ;
#6825 = VECTOR ( 'NONE', #5884, 1000.000000000000000 ) ;
#6826 = ORIENTED_EDGE ( 'NONE', *, *, #7401, .F. ) ;
#6827 = EDGE_CURVE ( 'NONE', #7838, #9942, #7105, .T. ) ;
#6828 = CARTESIAN_POINT ( 'NONE',  ( -6.500000000000005329, -26.86602540378398984, 0.000000000000000000 ) ) ;
#6829 = VECTOR ( 'NONE', #8608, 1000.000000000000000 ) ;
#6830 = CARTESIAN_POINT ( 'NONE',  ( 1.649999999999999911, 35.00000000000000000, -152.0010000000000048 ) ) ;
#6831 = ORIENTED_EDGE ( 'NONE', *, *, #283, .F. ) ;
#6832 = ORIENTED_EDGE ( 'NONE', *, *, #4726, .F. ) ;
#6833 = CARTESIAN_POINT ( 'NONE',  ( 7.999999999999694467, -30.00000000000000000, 0.000000000000000000 ) ) ;
#6834 = B_SPLINE_CURVE_WITH_KNOTS ( 'NONE', 3,
 ( #8576, #5284, #10110, #8425, #1964, #6773 ),
 .UNSPECIFIED., .F., .F.,
 ( 4, 2, 4 ),
 ( 7.282412306590056386E-07, 0.0008498777960104738662, 0.001699027350790288616 ),
 .UNSPECIFIED. ) ;
#6835 = DIRECTION ( 'NONE',  ( 0.000000000000000000, 0.000000000000000000, 1.000000000000000000 ) ) ;
#6836 = DIRECTION ( 'NONE',  ( -0.000000000000000000, -0.000000000000000000, 1.000000000000000000 ) ) ;
#6837 = CARTESIAN_POINT ( 'NONE',  ( 0.000000000000000000, 0.000000000000000000, -2.000000000000000000 ) ) ;
#6838 = AXIS2_PLACEMENT_3D ( 'NONE', #9867, #7658, #5789 ) ;
#6839 = EDGE_CURVE ( 'NONE', #6184, #7209, #9375, .T. ) ;
#6840 = ADVANCED_FACE ( 'NONE', ( #727 ), #4094, .F. ) ;
#6841 = FACE_BOUND ( 'NONE', #1969, .T. ) ;
#6842 = EDGE_CURVE ( 'NONE', #1114, #8427, #3814, .T. ) ;
#6843 = ADVANCED_FACE ( 'NONE', ( #3176 ), #9546, .F. ) ;
#6844 = CARTESIAN_POINT ( 'NONE',  ( -5.999999999999999112, 0.000000000000000000, 3.599999999999993872 ) ) ;
#6845 = CIRCLE ( 'NONE', #2283, 5.049999999999971401 ) ;
#6846 = LINE ( 'NONE', #4413, #8314 ) ;
#6847 = CIRCLE ( 'NONE', #2284, 2.458499999999988361 ) ;
#6848 = FACE_OUTER_BOUND ( 'NONE', #3933, .T. ) ;
#6849 = CARTESIAN_POINT ( 'NONE',  ( 1.440155956905746049, -13.54149999999999565, -142.0598440430942730 ) ) ;
#6850 = CARTESIAN_POINT ( 'NONE',  ( -3.647273485673901749, -22.00000000000000000, 0.000000000000000000 ) ) ;
#6851 = LINE ( 'NONE', #9198, #687 ) ;
#6852 = EDGE_LOOP ( 'NONE', ( #9829, #2950 ) ) ;
#6853 = DIRECTION ( 'NONE',  ( 0.000000000000000000, 0.000000000000000000, 1.000000000000000000 ) ) ;
#6854 = ORIENTED_EDGE ( 'NONE', *, *, #3020, .T. ) ;
#6855 = VERTEX_POINT ( 'NONE', #6361 ) ;
#6856 = AXIS2_PLACEMENT_3D ( 'NONE', #5137, #10159, #1235 ) ;
#6857 = EDGE_CURVE ( 'NONE', #3850, #8799, #2397, .T. ) ;
#6858 = AXIS2_PLACEMENT_3D ( 'NONE', #3299, #6531, #1515 ) ;
#6859 = FACE_OUTER_BOUND ( 'NONE', #6657, .T. ) ;
#6860 = EDGE_CURVE ( 'NONE', #5927, #2858, #5563, .T. ) ;
#6862 = ADVANCED_FACE ( 'NONE', ( #91 ), #1426, .F. ) ;
#6861 = CARTESIAN_POINT ( 'NONE',  ( 0.000000000000000000, 16.00000000000000000, -31.00000000000000000 ) ) ;
#6863 = FACE_OUTER_BOUND ( 'NONE', #8633, .T. ) ;
#6864 = AXIS2_PLACEMENT_3D ( 'NONE', #3989, #10343, #1674 ) ;
#6865 = ORIENTED_EDGE ( 'NONE', *, *, #6576, .F. ) ;
#6866 = FACE_OUTER_BOUND ( 'NONE', #7003, .T. ) ;
#6867 = LINE ( 'NONE', #7726, #3540 ) ;
#6868 = ORIENTED_EDGE ( 'NONE', *, *, #3677, .F. ) ;
#6869 = B_SPLINE_CURVE_WITH_KNOTS ( 'NONE', 3,
 ( #9021, #1757, #3742, #8420, #3787, #9325 ),
 .UNSPECIFIED., .F., .F.,
 ( 4, 2, 4 ),
 ( 0.0006612996977020978769, 0.001085827325312412571, 0.001510354952922727265 ),
 .UNSPECIFIED. ) ;
#6870 = DIRECTION ( 'NONE',  ( 0.000000000000000000, 0.000000000000000000, -1.000000000000000000 ) ) ;
#6871 = EDGE_LOOP ( 'NONE', ( #3215, #8601, #1389 ) ) ;
#6872 = DIRECTION ( 'NONE',  ( 0.000000000000000000, 0.000000000000000000, 1.000000000000000000 ) ) ;
#6873 = AXIS2_PLACEMENT_3D ( 'NONE', #4145, #8872, #7385 ) ;
#6874 = VECTOR ( 'NONE', #10279, 1000.000000000000000 ) ;
#6875 = CIRCLE ( 'NONE', #8238, 5.049999999999971401 ) ;
#6876 = ADVANCED_FACE ( 'NONE', ( #2505 ), #6303, .F. ) ;
#6877 = DIRECTION ( 'NONE',  ( 0.000000000000000000, 0.000000000000000000, 1.000000000000000000 ) ) ;
#6878 = ORIENTED_EDGE ( 'NONE', *, *, #992, .T. ) ;
#6879 = VECTOR ( 'NONE', #45, 1000.000000000000000 ) ;
#6880 = FACE_OUTER_BOUND ( 'NONE', #7036, .T. ) ;
#6881 = DIRECTION ( 'NONE',  ( 0.8660254037842983754, 0.5000000000002429168, 0.000000000000000000 ) ) ;
#6882 = CARTESIAN_POINT ( 'NONE',  ( -2.458500000000012786, -16.00000000000000000, -0.7915000000000169678 ) ) ;
#6883 = ORIENTED_EDGE ( 'NONE', *, *, #8338, .T. ) ;
#6884 = ORIENTED_EDGE ( 'NONE', *, *, #10032, .F. ) ;
#6885 = CIRCLE ( 'NONE', #2317, 3.999999999998709477 ) ;
#6886 = EDGE_LOOP ( 'NONE', ( #4209, #3524, #559 ) ) ;
#6887 = AXIS2_PLACEMENT_3D ( 'NONE', #7735, #3643, #493 ) ;
#6888 = DIRECTION ( 'NONE',  ( 0.000000000000000000, 0.000000000000000000, -1.000000000000000000 ) ) ;
#6889 = ORIENTED_EDGE ( 'NONE', *, *, #7062, .T. ) ;
#6890 = ORIENTED_EDGE ( 'NONE', *, *, #3938, .T. ) ;
#6891 = PLANE ( 'NONE',  #9648 ) ;
#6892 =( LENGTH_UNIT ( ) NAMED_UNIT ( * ) SI_UNIT ( .MILLI., .METRE. ) );
#6893 = VERTEX_POINT ( 'NONE', #10333 ) ;
#6894 = CARTESIAN_POINT ( 'NONE',  ( 12.00000000000000000, -25.99999999999969447, -17.00000000000000000 ) ) ;
#6895 = DIRECTION ( 'NONE',  ( 0.000000000000000000, 0.000000000000000000, 1.000000000000000000 ) ) ;
#6896 = VERTEX_POINT ( 'NONE', #3073 ) ;
#6897 = FACE_OUTER_BOUND ( 'NONE', #7588, .T. ) ;
#6898 = DIRECTION ( 'NONE',  ( 0.000000000000000000, 0.000000000000000000, 1.000000000000000000 ) ) ;
#6899 = LINE ( 'NONE', #6149, #6357 ) ;
#6900 = FACE_OUTER_BOUND ( 'NONE', #7627, .T. ) ;
#6901 = EDGE_CURVE ( 'NONE', #9202, #3202, #2288, .T. ) ;
#6902 = CARTESIAN_POINT ( 'NONE',  ( 9.500000000000000000, 26.86602540378400050, -152.0000000000000000 ) ) ;
#6903 = ORIENTED_EDGE ( 'NONE', *, *, #5030, .F. ) ;
#6904 = EDGE_CURVE ( 'NONE', #9516, #1166, #255, .T. ) ;
#6905 = CARTESIAN_POINT ( 'NONE',  ( 11.79999999999944649, -16.00000000000000000, -8.500000000000000000 ) ) ;
#6906 = ORIENTED_EDGE ( 'NONE', *, *, #6713, .F. ) ;
#6907 = EDGE_CURVE ( 'NONE', #5332, #976, #1043, .T. ) ;
#6908 = ORIENTED_EDGE ( 'NONE', *, *, #2517, .F. ) ;
#6909 = ORIENTED_EDGE ( 'NONE', *, *, #8090, .T. ) ;
#6910 = CARTESIAN_POINT ( 'NONE',  ( 0.000000000000000000, 0.000000000000000000, -150.0000000000000000 ) ) ;
#6911 = EDGE_CURVE ( 'NONE', #7980, #3253, #7517, .T. ) ;
#6912 = DIRECTION ( 'NONE',  ( 0.000000000000000000, 0.000000000000000000, 1.000000000000000000 ) ) ;
#6913 = DIRECTION ( 'NONE',  ( -0.8660254037842985975, 0.5000000000002425837, 0.000000000000000000 ) ) ;
#6914 = FACE_BOUND ( 'NONE', #9150, .T. ) ;
#6915 = AXIS2_PLACEMENT_3D ( 'NONE', #1525, #6975, #9573 ) ;
#6916 = VERTEX_POINT ( 'NONE', #1972 ) ;
#6917 = ADVANCED_FACE ( 'NONE', ( #1821 ), #9031, .F. ) ;
#6918 = DIRECTION ( 'NONE',  ( -1.000000000000000000, 0.000000000000000000, 0.000000000000000000 ) ) ;
#6919 = ORIENTED_EDGE ( 'NONE', *, *, #1416, .T. ) ;
#6920 = EDGE_CURVE ( 'NONE', #2150, #8572, #9045, .T. ) ;
#6921 = CARTESIAN_POINT ( 'NONE',  ( 9.478903285766072884, 26.87820559742598192, 0.000000000000000000 ) ) ;
#6922 = CARTESIAN_POINT ( 'NONE',  ( 1.649999999999999911, 33.40000000000055280, -152.0010000000000048 ) ) ;
#6923 = CARTESIAN_POINT ( 'NONE',  ( -8.000000000000000000, -26.00000000000000355, -148.0000000000000000 ) ) ;
#6924 = VECTOR ( 'NONE', #5159, 1000.000000000000000 ) ;
#6925 = VECTOR ( 'NONE', #4524, 1000.000000000000000 ) ;
#6926 = CARTESIAN_POINT ( 'NONE',  ( -7.249999999999717559, -24.70096189432366529, -150.0000000000000000 ) ) ;
#6927 = ORIENTED_EDGE ( 'NONE', *, *, #9063, .T. ) ;
#6928 = CARTESIAN_POINT ( 'NONE',  ( 9.500000000000000000, 26.00000000000025224, -0.1270170592245028485 ) ) ;
#6929 = VECTOR ( 'NONE', #4308, 1000.000000000000000 ) ;
#6930 = LINE ( 'NONE', #10158, #716 ) ;
#6931 = LINE ( 'NONE', #6882, #5665 ) ;
#6932 = EDGE_LOOP ( 'NONE', ( #8680, #3441, #7266, #3523 ) ) ;
#6933 = EDGE_CURVE ( 'NONE', #7528, #4589, #1273, .T. ) ;
#6934 = VECTOR ( 'NONE', #3076, 1000.000000000000000 ) ;
#6935 = EDGE_CURVE ( 'NONE', #2147, #3591, #10207, .T. ) ;
#6936 = EDGE_LOOP ( 'NONE', ( #1476, #4879, #9028 ) ) ;
#6937 = AXIS2_PLACEMENT_3D ( 'NONE', #1442, #10117, #8534 ) ;
#6938 = DIRECTION ( 'NONE',  ( 0.5000000000002383649, 0.8660254037843009289, 0.000000000000000000 ) ) ;
#6939 = VERTEX_POINT ( 'NONE', #3555 ) ;
#6940 = CIRCLE ( 'NONE', #375, 1.499999999999997335 ) ;
#6941 = VERTEX_POINT ( 'NONE', #8270 ) ;
#6942 = DIRECTION ( 'NONE',  ( 0.000000000000000000, 0.000000000000000000, 1.000000000000000000 ) ) ;
#6943 = DIRECTION ( 'NONE',  ( -1.000000000000000000, 1.224646799147351975E-16, 0.000000000000000000 ) ) ;
#6944 = ORIENTED_EDGE ( 'NONE', *, *, #5469, .T. ) ;
#6945 = AXIS2_PLACEMENT_3D ( 'NONE', #1528, #3051, #9735 ) ;
#6946 = DIRECTION ( 'NONE',  ( 0.000000000000000000, 0.000000000000000000, -1.000000000000000000 ) ) ;
#6947 = FACE_OUTER_BOUND ( 'NONE', #2380, .T. ) ;
#6948 = CIRCLE ( 'NONE', #6609, 4.232999999999958796 ) ;
#6949 = FACE_BOUND ( 'NONE', #7977, .T. ) ;
#6950 = DIRECTION ( 'NONE',  ( -0.5000000000002420286, -0.8660254037842989305, 0.000000000000000000 ) ) ;
#6951 = LINE ( 'NONE', #3024, #7654 ) ;
#6952 = CARTESIAN_POINT ( 'NONE',  ( -1.440155956905744494, 13.54150000000000276, -142.0598440430942730 ) ) ;
#6953 = PLANE ( 'NONE',  #2032 ) ;
#6954 = DIRECTION ( 'NONE',  ( 0.000000000000000000, -0.000000000000000000, -1.000000000000000000 ) ) ;
#6955 = ORIENTED_EDGE ( 'NONE', *, *, #1801, .T. ) ;
#6956 = CARTESIAN_POINT ( 'NONE',  ( 0.000000000000000000, -30.00000000000000000, -143.5000000000000284 ) ) ;
#6957 = ORIENTED_EDGE ( 'NONE', *, *, #4374, .F. ) ;
#6958 = ORIENTED_EDGE ( 'NONE', *, *, #4644, .F. ) ;
#6959 = VECTOR ( 'NONE', #6870, 1000.000000000000000 ) ;
#6960 = ORIENTED_EDGE ( 'NONE', *, *, #6517, .T. ) ;
#6961 = DIRECTION ( 'NONE',  ( 1.000000000000000000, 0.000000000000000000, 0.000000000000000000 ) ) ;
#6962 = EDGE_CURVE ( 'NONE', #9888, #9285, #2758, .T. ) ;
#6963 = CARTESIAN_POINT ( 'NONE',  ( 0.000000000000000000, 0.000000000000000000, -152.0000000000000000 ) ) ;
#6964 = CARTESIAN_POINT ( 'NONE',  ( -2.458500000000003460, 16.00000000000000000, -145.9585000000000150 ) ) ;
#6965 = EDGE_CURVE ( 'NONE', #8587, #3851, #1940, .T. ) ;
#6966 = CIRCLE ( 'NONE', #6629, 2.458500000000012786 ) ;
#6967 = ORIENTED_EDGE ( 'NONE', *, *, #10222, .F. ) ;
#6968 = CARTESIAN_POINT ( 'NONE',  ( 4.068859615986540668, -4.133325710054086777, 7.999999999999992895 ) ) ;
#6969 = ORIENTED_EDGE ( 'NONE', *, *, #6530, .F. ) ;
#6970 = CARTESIAN_POINT ( 'NONE',  ( 7.458499999999979480, -16.00000000000000000, -6.041500000000000092 ) ) ;
#6971 = ORIENTED_EDGE ( 'NONE', *, *, #1346, .T. ) ;
#6972 = CYLINDRICAL_SURFACE ( 'NONE', #5339, 13.99999999999321965 ) ;
#6973 = ADVANCED_FACE ( 'NONE', ( #5980 ), #3273, .T. ) ;
#6974 = LINE ( 'NONE', #7022, #2053 ) ;
#6975 = DIRECTION ( 'NONE',  ( 0.000000000000000000, 0.000000000000000000, 1.000000000000000000 ) ) ;
#6976 = EDGE_CURVE ( 'NONE', #4099, #8893, #4124, .T. ) ;
#6977 = EDGE_CURVE ( 'NONE', #9354, #4348, #10047, .T. ) ;
#6978 = EDGE_CURVE ( 'NONE', #2151, #8772, #3956, .T. ) ;
#6979 = DIRECTION ( 'NONE',  ( 1.000000000000000000, 0.000000000000000000, 0.000000000000000000 ) ) ;
#6980 = ORIENTED_EDGE ( 'NONE', *, *, #8269, .T. ) ;
#6981 = LINE ( 'NONE', #10203, #4239 ) ;
#6982 = VERTEX_POINT ( 'NONE', #5093 ) ;
#6983 = FACE_OUTER_BOUND ( 'NONE', #9179, .T. ) ;
#6984 = ORIENTED_EDGE ( 'NONE', *, *, #1003, .T. ) ;
#6985 = ORIENTED_EDGE ( 'NONE', *, *, #407, .T. ) ;
#6986 = EDGE_CURVE ( 'NONE', #8920, #4609, #9232, .T. ) ;
#6987 = EDGE_CURVE ( 'NONE', #8401, #9615, #938, .T. ) ;
#6988 = CARTESIAN_POINT ( 'NONE',  ( -2.458500000000006125, -16.66074916942604034, -10.95850000000000612 ) ) ;
#6989 = ORIENTED_EDGE ( 'NONE', *, *, #8539, .F. ) ;
#6990 = ORIENTED_EDGE ( 'NONE', *, *, #2007, .T. ) ;
#6991 = DIRECTION ( 'NONE',  ( 0.000000000000000000, -0.000000000000000000, 1.000000000000000000 ) ) ;
#6992 = VERTEX_POINT ( 'NONE', #7382 ) ;
#6993 = ORIENTED_EDGE ( 'NONE', *, *, #286, .T. ) ;
#6994 = CARTESIAN_POINT ( 'NONE',  ( -1.399999999999387068, 30.00000000000000000, -135.0000000000000000 ) ) ;
#6995 = ORIENTED_EDGE ( 'NONE', *, *, #3500, .T. ) ;
#6996 = AXIS2_PLACEMENT_3D ( 'NONE', #9493, #3762, #8646 ) ;
#6997 = DIRECTION ( 'NONE',  ( 1.000000000000000000, 0.000000000000000000, 0.000000000000000000 ) ) ;
#6998 = DIRECTION ( 'NONE',  ( 1.000000000000000000, 0.000000000000000000, 0.000000000000000000 ) ) ;
#6999 = PLANE ( 'NONE',  #9332 ) ;
#7000 = LINE ( 'NONE', #8757, #5511 ) ;
#7001 =( BOUNDED_CURVE ( )  B_SPLINE_CURVE ( 3, ( #4379, #1326, #4522, #288 ),
 .UNSPECIFIED., .F., .F. ) 
 B_SPLINE_CURVE_WITH_KNOTS ( ( 4, 4 ),
 ( 0.000000000000000000, 0.7853981633974453924 ),
 .UNSPECIFIED. ) 
 CURVE ( )  GEOMETRIC_REPRESENTATION_ITEM ( )  RATIONAL_B_SPLINE_CURVE ( ( 1.000000000000000000, 0.9492530216741915661, 0.9492530216741915661, 1.000000000000000000 ) ) 
 REPRESENTATION_ITEM ( '' )  );
#7002 = LINE ( 'NONE', #2144, #5572 ) ;
#7003 = EDGE_LOOP ( 'NONE', ( #1163, #3265, #819, #676 ) ) ;
#7004 = VECTOR ( 'NONE', #9309, 1000.000000000000000 ) ;
#7005 = CARTESIAN_POINT ( 'NONE',  ( 2.458500000000012786, -16.00000000000000000, -152.0000000000000000 ) ) ;
#7006 = ORIENTED_EDGE ( 'NONE', *, *, #5637, .T. ) ;
#7007 = VERTEX_POINT ( 'NONE', #306 ) ;
#7008 = VERTEX_POINT ( 'NONE', #4191 ) ;
#7009 = DIRECTION ( 'NONE',  ( -0.000000000000000000, 0.000000000000000000, -1.000000000000000000 ) ) ;
#7010 = VECTOR ( 'NONE', #1516, 1000.000000000000000 ) ;
#7011 = CARTESIAN_POINT ( 'NONE',  ( 8.750000000000293099, 27.29903810567633471, -2.000000000000000000 ) ) ;
#7012 = ORIENTED_EDGE ( 'NONE', *, *, #8411, .F. ) ;
#7014 = AXIS2_PLACEMENT_3D ( 'NONE', #10289, #10340, #4607 ) ;
#7013 = CARTESIAN_POINT ( 'NONE',  ( 0.000000000000000000, 16.00000000000000000, -152.0000000000000000 ) ) ;
#7015 = VERTEX_POINT ( 'NONE', #3502 ) ;
#7016 = VECTOR ( 'NONE', #6671, 1000.000000000000000 ) ;
#7017 = DIRECTION ( 'NONE',  ( -1.000000000000000000, 0.000000000000000000, 0.000000000000000000 ) ) ;
#7018 = ORIENTED_EDGE ( 'NONE', *, *, #154, .F. ) ;
#7019 = CONICAL_SURFACE ( 'NONE', #8223, 2.458500000000003460, 0.7853981633974488341 ) ;
#7020 = ORIENTED_EDGE ( 'NONE', *, *, #8783, .F. ) ;
#7021 = DIRECTION ( 'NONE',  ( -0.000000000000000000, -0.000000000000000000, -1.000000000000000000 ) ) ;
#7022 = CARTESIAN_POINT ( 'NONE',  ( 11.50000000000000000, 26.00000000000000355, -3.899999999999999911 ) ) ;
#7023 = VECTOR ( 'NONE', #1531, 1000.000000000000000 ) ;
#7024 = ADVANCED_FACE ( 'NONE', ( #6726 ), #6311, .T. ) ;
#7025 = PLANE ( 'NONE',  #1034 ) ;
#7026 = CARTESIAN_POINT ( 'NONE',  ( 0.000000000000000000, 0.000000000000000000, -31.00000000000000000 ) ) ;
#7027 = ORIENTED_EDGE ( 'NONE', *, *, #4445, .F. ) ;
#7028 = DIRECTION ( 'NONE',  ( 0.000000000000000000, 0.000000000000000000, -1.000000000000000000 ) ) ;
#7029 = DIRECTION ( 'NONE',  ( 0.000000000000000000, 0.000000000000000000, 1.000000000000000000 ) ) ;
#7030 = AXIS2_PLACEMENT_3D ( 'NONE', #7052, #4031, #4089 ) ;
#7031 = EDGE_LOOP ( 'NONE', ( #7417, #8027, #2203, #10319 ) ) ;
#7032 = EDGE_CURVE ( 'NONE', #1028, #8612, #4968, .T. ) ;
#7033 = ADVANCED_FACE ( 'NONE', ( #6183 ), #1392, .T. ) ;
#7034 = EDGE_CURVE ( 'NONE', #2112, #1214, #9379, .T. ) ;
#7035 = AXIS2_PLACEMENT_3D ( 'NONE', #1927, #314, #1199 ) ;
#7036 = EDGE_LOOP ( 'NONE', ( #3206, #4073, #9148, #6328 ) ) ;
#7037 = VECTOR ( 'NONE', #5843, 1000.000000000000000 ) ;
#7038 = CIRCLE ( 'NONE', #1130, 2.458500000000024777 ) ;
#7039 = DIRECTION ( 'NONE',  ( 1.000000000000000000, 0.000000000000000000, 0.000000000000000000 ) ) ;
#7040 = VERTEX_POINT ( 'NONE', #602 ) ;
#7041 = ORIENTED_EDGE ( 'NONE', *, *, #4759, .T. ) ;
#7042 = DIRECTION ( 'NONE',  ( 0.000000000000000000, 0.000000000000000000, 1.000000000000000000 ) ) ;
#7043 = DIRECTION ( 'NONE',  ( 0.000000000000000000, 0.000000000000000000, -1.000000000000000000 ) ) ;
#7044 = DIRECTION ( 'NONE',  ( 0.000000000000000000, -1.000000000000000000, 0.000000000000000000 ) ) ;
#7045 = VERTEX_POINT ( 'NONE', #4491 ) ;
#7046 = ORIENTED_EDGE ( 'NONE', *, *, #177, .T. ) ;
#7047 = CARTESIAN_POINT ( 'NONE',  ( -12.00000000000000000, -25.99999999999969447, -4.000000000000000000 ) ) ;
#7048 = EDGE_CURVE ( 'NONE', #3490, #4514, #2103, .T. ) ;
#7049 = CARTESIAN_POINT ( 'NONE',  ( -8.000000000000000000, -26.00000000000000355, 0.000000000000000000 ) ) ;
#7050 = VECTOR ( 'NONE', #5982, 1000.000000000000000 ) ;
#7051 = EDGE_CURVE ( 'NONE', #6156, #4181, #8468, .T. ) ;
#7052 = CARTESIAN_POINT ( 'NONE',  ( 0.000000000000000000, -29.50000000000000355, 0.000000000000000000 ) ) ;
#7053 = VECTOR ( 'NONE', #8199, 1000.000000000000000 ) ;
#7054 = DIRECTION ( 'NONE',  ( 1.000000000000000000, 0.000000000000000000, 0.000000000000000000 ) ) ;
#7055 = DIRECTION ( 'NONE',  ( 0.000000000000000000, 0.000000000000000000, -1.000000000000000000 ) ) ;
#7056 = DIRECTION ( 'NONE',  ( -1.000000000000000000, 0.000000000000000000, 0.000000000000000000 ) ) ;
#7057 = AXIS2_PLACEMENT_3D ( 'NONE', #981, #4930, #4023 ) ;
#7058 = LINE ( 'NONE', #10286, #7446 ) ;
#7059 = ORIENTED_EDGE ( 'NONE', *, *, #8668, .T. ) ;
#7060 = LINE ( 'NONE', #5520, #8710 ) ;
#7061 = ORIENTED_EDGE ( 'NONE', *, *, #5623, .T. ) ;
#7062 = EDGE_CURVE ( 'NONE', #5363, #3651, #8431, .T. ) ;
#7063 = ORIENTED_EDGE ( 'NONE', *, *, #6265, .F. ) ;
#7064 = DIRECTION ( 'NONE',  ( 0.000000000000000000, -0.000000000000000000, 1.000000000000000000 ) ) ;
#7065 = CARTESIAN_POINT ( 'NONE',  ( -2.458500000000000796, -16.00000000000000000, -10.95850000000000080 ) ) ;
#7066 = DIRECTION ( 'NONE',  ( -1.000000000000000000, 0.000000000000000000, 0.000000000000000000 ) ) ;
#7067 =( BOUNDED_CURVE ( )  B_SPLINE_CURVE ( 3, ( #4495, #8487, #9383, #5250 ),
 .UNSPECIFIED., .F., .T. ) 
 B_SPLINE_CURVE_WITH_KNOTS ( ( 4, 4 ),
 ( 1.570796326794896558, 3.141592653589793116 ),
 .UNSPECIFIED. ) 
 CURVE ( )  GEOMETRIC_REPRESENTATION_ITEM ( )  RATIONAL_B_SPLINE_CURVE ( ( 1.000000000000000000, 0.8047378541243649375, 0.8047378541243649375, 1.000000000000000000 ) ) 
 REPRESENTATION_ITEM ( '' )  );
#7068 = FACE_OUTER_BOUND ( 'NONE', #5584, .T. ) ;
#7069 = LINE ( 'NONE', #2357, #4344 ) ;
#7070 = EDGE_LOOP ( 'NONE', ( #3467, #2654, #9647, #9261 ) ) ;
#7071 = CARTESIAN_POINT ( 'NONE',  ( 8.015521883131921044, 22.00000000000000000, -148.0000000000000000 ) ) ;
#7072 = ORIENTED_EDGE ( 'NONE', *, *, #729, .T. ) ;
#7073 = ORIENTED_EDGE ( 'NONE', *, *, #3442, .T. ) ;
#7074 = CARTESIAN_POINT ( 'NONE',  ( -8.000000000000000000, -26.00000000000000355, -152.0000000000000000 ) ) ;
#7075 = DIRECTION ( 'NONE',  ( -1.000000000000000000, 0.000000000000000000, 0.000000000000000000 ) ) ;
#7076 = CYLINDRICAL_SURFACE ( 'NONE', #7609, 3.499999999999999556 ) ;
#7077 = CARTESIAN_POINT ( 'NONE',  ( 5.999999999999985789, 7.347880794884102973E-16, 2.000000000000001776 ) ) ;
#7078 = ORIENTED_EDGE ( 'NONE', *, *, #8350, .T. ) ;
#7079 = CARTESIAN_POINT ( 'NONE',  ( -8.000000000000000000, -26.00000000000000355, 997.1339745962155803 ) ) ;
#7080 = CYLINDRICAL_SURFACE ( 'NONE', #3475, 4.282999999999988816 ) ;
#7081 = VERTEX_POINT ( 'NONE', #2172 ) ;
#7082 = AXIS2_PLACEMENT_3D ( 'NONE', #4460, #7711, #471 ) ;
#7083 = ORIENTED_EDGE ( 'NONE', *, *, #2133, .T. ) ;
#7084 = ADVANCED_FACE ( 'NONE', ( #5387, #4536 ), #3698, .F. ) ;
#7085 = CYLINDRICAL_SURFACE ( 'NONE', #4072, 5.000000000000000888 ) ;
#7086 = EDGE_CURVE ( 'NONE', #10037, #9054, #6940, .T. ) ;
#7087 = ORIENTED_EDGE ( 'NONE', *, *, #8098, .T. ) ;
#7088 = VECTOR ( 'NONE', #3945, 1000.000000000000000 ) ;
#7089 = EDGE_LOOP ( 'NONE', ( #9916, #9631, #1942, #10040, #881, #3629 ) ) ;
#7090 = FACE_OUTER_BOUND ( 'NONE', #1737, .T. ) ;
#7091 = TOROIDAL_SURFACE ( 'NONE', #6236, 3.782999999993962081, 0.5000000000060270677 ) ;
#7092 =( BOUNDED_CURVE ( )  B_SPLINE_CURVE ( 3, ( #675, #1457, #10179, #2921 ),
 .UNSPECIFIED., .F., .F. ) 
 B_SPLINE_CURVE_WITH_KNOTS ( ( 4, 4 ),
 ( 1.570796326794896558, 3.141592653589793116 ),
 .UNSPECIFIED. ) 
 CURVE ( )  GEOMETRIC_REPRESENTATION_ITEM ( )  RATIONAL_B_SPLINE_CURVE ( ( 1.000000000000000000, 0.8047378541243649375, 0.8047378541243649375, 1.000000000000000000 ) ) 
 REPRESENTATION_ITEM ( '' )  );
#7093 = LINE ( 'NONE', #3918, #1759 ) ;
#7094 = LINE ( 'NONE', #8685, #6340 ) ;
#7095 = ORIENTED_EDGE ( 'NONE', *, *, #4695, .F. ) ;
#7096 = ORIENTED_EDGE ( 'NONE', *, *, #2062, .T. ) ;
#7097 = CARTESIAN_POINT ( 'NONE',  ( -4.136184427528460716, 5.594299507796317354E-16, 9.599415897570180434 ) ) ;
#7098 = FACE_BOUND ( 'NONE', #4561, .T. ) ;
#7099 = ORIENTED_EDGE ( 'NONE', *, *, #9389, .F. ) ;
#7100 = VECTOR ( 'NONE', #359, 1000.000000000000114 ) ;
#7101 = CIRCLE ( 'NONE', #8132, 4.000000000000305533 ) ;
#7102 = DIRECTION ( 'NONE',  ( 1.000000000000000000, 0.000000000000000000, 0.000000000000000000 ) ) ;
#7103 = VECTOR ( 'NONE', #3489, 1000.000000000000000 ) ;
#7104 = EDGE_CURVE ( 'NONE', #4699, #3043, #5979, .T. ) ;
#7105 = LINE ( 'NONE', #41, #1108 ) ;
#7106 = EDGE_CURVE ( 'NONE', #1387, #7526, #4592, .T. ) ;
#7107 = FACE_BOUND ( 'NONE', #724, .T. ) ;
#7108 = EDGE_CURVE ( 'NONE', #6223, #71, #9996, .T. ) ;
#7109 = CIRCLE ( 'NONE', #5079, 3.499999999999999556 ) ;
#7110 = CARTESIAN_POINT ( 'NONE',  ( -6.500000000000000888, -25.99999999999975131, -0.1270170592245030983 ) ) ;
#7111 = VERTEX_POINT ( 'NONE', #2022 ) ;
#7112 = DIRECTION ( 'NONE',  ( 1.000000000000000000, 0.000000000000000000, 0.000000000000000000 ) ) ;
#7113 = AXIS2_PLACEMENT_3D ( 'NONE', #7928, #8670, #10198 ) ;
#7114 = EDGE_LOOP ( 'NONE', ( #10436, #4370 ) ) ;
#7115 = LINE ( 'NONE', #6473, #3650 ) ;
#7116 = DIRECTION ( 'NONE',  ( -1.000000000000000000, 0.000000000000000000, 0.000000000000000000 ) ) ;
#7117 = CARTESIAN_POINT ( 'NONE',  ( -9.240330568358070096, -24.98405437995711154, -151.9221711976236406 ) ) ;
#7118 = VECTOR ( 'NONE', #5153, 1000.000000000000000 ) ;
#7119 = EDGE_CURVE ( 'NONE', #5235, #5160, #2709, .T. ) ;
#7120 = ORIENTED_EDGE ( 'NONE', *, *, #4625, .F. ) ;
#7121 = CARTESIAN_POINT ( 'NONE',  ( -4.899999999999966604, -26.00000000000000355, 0.000000000000000000 ) ) ;
#7122 = CARTESIAN_POINT ( 'NONE',  ( 0.000000000000000000, -16.00000000000000000, -12.49999999999396749 ) ) ;
#7123 = ORIENTED_EDGE ( 'NONE', *, *, #3847, .T. ) ;
#7124 = AXIS2_PLACEMENT_3D ( 'NONE', #9110, #2106, #6918 ) ;
#7125 = CARTESIAN_POINT ( 'NONE',  ( -8.000000000000000000, -26.00000000000000355, -148.1000000000000512 ) ) ;
#7126 = ORIENTED_EDGE ( 'NONE', *, *, #7509, .T. ) ;
#7127 = EDGE_LOOP ( 'NONE', ( #1788, #2167, #10445, #8575, #6984, #794, #2216, #5384 ) ) ;
#7128 = ORIENTED_EDGE ( 'NONE', *, *, #4712, .T. ) ;
#7129 = CIRCLE ( 'NONE', #2699, 3.499999999999999556 ) ;
#7130 = DIRECTION ( 'NONE',  ( 0.5000000000002420286, 0.8660254037842989305, 0.000000000000000000 ) ) ;
#7131 = DIRECTION ( 'NONE',  ( -1.000000000000000000, 0.000000000000000000, 0.000000000000000000 ) ) ;
#7132 = AXIS2_PLACEMENT_3D ( 'NONE', #5954, #5057, #9258 ) ;
#7133 = CARTESIAN_POINT ( 'NONE',  ( 1.000000000000000000, 32.99999999999944578, -135.0000000000000000 ) ) ;
#7134 = DIRECTION ( 'NONE',  ( 0.000000000000000000, 0.000000000000000000, 1.000000000000000000 ) ) ;
#7135 = VERTEX_POINT ( 'NONE', #6231 ) ;
#7136 = LINE ( 'NONE', #3906, #5920 ) ;
#7137 = ORIENTED_EDGE ( 'NONE', *, *, #7309, .F. ) ;
#7138 = DIRECTION ( 'NONE',  ( 0.000000000000000000, 0.000000000000000000, 1.000000000000000000 ) ) ;
#7139 = VERTEX_POINT ( 'NONE', #5293 ) ;
#7140 = ORIENTED_EDGE ( 'NONE', *, *, #4077, .T. ) ;
#7141 = LINE ( 'NONE', #23, #3322 ) ;
#7142 = PLANE ( 'NONE',  #9474 ) ;
#7143 = EDGE_LOOP ( 'NONE', ( #10072, #2132, #4577, #4309 ) ) ;
#7144 = VERTEX_POINT ( 'NONE', #1191 ) ;
#7145 = CARTESIAN_POINT ( 'NONE',  ( 8.000000000000000000, 26.00000000000000355, 0.000000000000000000 ) ) ;
#7146 = LINE ( 'NONE', #2388, #2091 ) ;
#7147 = DIRECTION ( 'NONE',  ( 0.000000000000000000, 0.000000000000000000, -1.000000000000000000 ) ) ;
#7148 = DIRECTION ( 'NONE',  ( 0.000000000000000000, 0.000000000000000000, 1.000000000000000000 ) ) ;
#7149 = ORIENTED_EDGE ( 'NONE', *, *, #6339, .F. ) ;
#7150 = ORIENTED_EDGE ( 'NONE', *, *, #935, .T. ) ;
#7151 = LINE ( 'NONE', #4880, #5565 ) ;
#7152 = LINE ( 'NONE', #1752, #6023 ) ;
#7153 = EDGE_LOOP ( 'NONE', ( #7857, #8213, #2644, #4673 ) ) ;
#7154 = AXIS2_PLACEMENT_3D ( 'NONE', #3011, #8056, #8745 ) ;
#7155 = CYLINDRICAL_SURFACE ( 'NONE', #8479, 2.458500000000002572 ) ;
#7156 = DIRECTION ( 'NONE',  ( -0.000000000000000000, 0.000000000000000000, 1.000000000000000000 ) ) ;
#7157 = DIRECTION ( 'NONE',  ( -1.000000000000000000, 0.000000000000000000, 0.000000000000000000 ) ) ;
#7158 = CARTESIAN_POINT ( 'NONE',  ( 7.740690376478576162, 27.58233832662534724, -151.9222885766577917 ) ) ;
#7159 = DIRECTION ( 'NONE',  ( 0.000000000000000000, 1.000000000000000000, 0.000000000000000000 ) ) ;
#7160 = DIRECTION ( 'NONE',  ( 0.000000000000000000, 0.8660254037843888586, 0.5000000000000861533 ) ) ;
#7161 = ORIENTED_EDGE ( 'NONE', *, *, #6176, .F. ) ;
#7162 = DIRECTION ( 'NONE',  ( 1.000000000000000000, 0.000000000000000000, -0.000000000000000000 ) ) ;
#7163 = EDGE_CURVE ( 'NONE', #5601, #7248, #7642, .T. ) ;
#7164 = VECTOR ( 'NONE', #4346, 1000.000000000000000 ) ;
#7165 = EDGE_CURVE ( 'NONE', #4487, #3004, #2043, .T. ) ;
#7166 = EDGE_CURVE ( 'NONE', #7403, #9433, #2806, .T. ) ;
#7167 = EDGE_CURVE ( 'NONE', #3638, #6916, #6136, .T. ) ;
#7168 = ORIENTED_EDGE ( 'NONE', *, *, #4150, .T. ) ;
#7169 = LINE ( 'NONE', #6420, #627 ) ;
#7170 = DIRECTION ( 'NONE',  ( 0.000000000000000000, 0.000000000000000000, 1.000000000000000000 ) ) ;
#7171 = CARTESIAN_POINT ( 'NONE',  ( 7.000907178322482771, 24.84477570197231699, -151.8732013694798013 ) ) ;
#7172 = LINE ( 'NONE', #6583, #4463 ) ;
#7173 = CARTESIAN_POINT ( 'NONE',  ( -2.458500000000012786, -16.00000000000000000, -121.0000000000000000 ) ) ;
#7174 = DIRECTION ( 'NONE',  ( 1.000000000000000000, 0.000000000000000000, 0.000000000000000000 ) ) ;
#7175 = ORIENTED_EDGE ( 'NONE', *, *, #1377, .T. ) ;
#7176 = LINE ( 'NONE', #638, #9502 ) ;
#7177 = ORIENTED_EDGE ( 'NONE', *, *, #4409, .F. ) ;
#7178 = ADVANCED_FACE ( 'NONE', ( #4443 ), #7692, .F. ) ;
#7179 = VERTEX_POINT ( 'NONE', #3110 ) ;
#7180 = EDGE_CURVE ( 'NONE', #3876, #6992, #8634, .T. ) ;
#7181 = ADVANCED_FACE ( 'NONE', ( #8912 ), #6450, .F. ) ;
#7182 = DIRECTION ( 'NONE',  ( 0.000000000000000000, -0.000000000000000000, -1.000000000000000000 ) ) ;
#7183 = AXIS2_PLACEMENT_3D ( 'NONE', #3834, #632, #7066 ) ;
#7184 = DIRECTION ( 'NONE',  ( 0.000000000000000000, 0.000000000000000000, 1.000000000000000000 ) ) ;
#7185 = DIRECTION ( 'NONE',  ( 1.000000000000000000, 0.000000000000000000, 0.000000000000000000 ) ) ;
#7186 = DIRECTION ( 'NONE',  ( -0.000000000000000000, 1.000000000000000000, 1.224646799147353207E-16 ) ) ;
#7187 = ORIENTED_EDGE ( 'NONE', *, *, #9894, .F. ) ;
#7188 = CIRCLE ( 'NONE', #8705, 5.049999999999971401 ) ;
#7189 = DIRECTION ( 'NONE',  ( -0.000000000000000000, -0.000000000000000000, -1.000000000000000000 ) ) ;
#7190 = VERTEX_POINT ( 'NONE', #8851 ) ;
#7191 = CARTESIAN_POINT ( 'NONE',  ( -6.500000000000000888, -26.28425440593315798, -0.1270170592217708394 ) ) ;
#7192 = ORIENTED_EDGE ( 'NONE', *, *, #8482, .T. ) ;
#7193 = ADVANCED_FACE ( 'NONE', ( #3165 ), #7085, .F. ) ;
#7194 = AXIS2_PLACEMENT_3D ( 'NONE', #6032, #10061, #6129 ) ;
#7195 = ORIENTED_EDGE ( 'NONE', *, *, #1605, .T. ) ;
#7196 = AXIS2_PLACEMENT_3D ( 'NONE', #7336, #8706, #7974 ) ;
#7197 = CARTESIAN_POINT ( 'NONE',  ( 3.250000000000030642, -16.00000000000000000, 0.000000000000000000 ) ) ;
#7198 = ORIENTED_EDGE ( 'NONE', *, *, #7637, .F. ) ;
#7199 = CIRCLE ( 'NONE', #5681, 5.200000000000555289 ) ;
#7200 = ORIENTED_EDGE ( 'NONE', *, *, #1347, .F. ) ;
#7201 = CARTESIAN_POINT ( 'NONE',  ( -6.850000000000002309, 33.20000000000000284, -135.0000000000000000 ) ) ;
#7202 = DIRECTION ( 'NONE',  ( -0.000000000000000000, -0.000000000000000000, -1.000000000000000000 ) ) ;
#7203 = DIRECTION ( 'NONE',  ( 8.659560562354921765E-17, -0.7071067811865485719, 0.7071067811865465735 ) ) ;
#7204 = FACE_OUTER_BOUND ( 'NONE', #6218, .T. ) ;
#7205 = EDGE_LOOP ( 'NONE', ( #6884, #3183, #7938, #6225 ) ) ;
#7206 = EDGE_LOOP ( 'NONE', ( #9073, #5876, #2253, #6367 ) ) ;
#7207 = VECTOR ( 'NONE', #3482, 1000.000000000000000 ) ;
#7208 = FACE_OUTER_BOUND ( 'NONE', #5714, .T. ) ;
#7209 = VERTEX_POINT ( 'NONE', #2433 ) ;
#7210 = AXIS2_PLACEMENT_3D ( 'NONE', #6364, #3981, #8697 ) ;
#7211 = CIRCLE ( 'NONE', #1971, 1.499999999999996447 ) ;
#7212 = CARTESIAN_POINT ( 'NONE',  ( -2.756766064641394287, -18.75676606464139340, -144.2200779784529061 ) ) ;
#7213 = VECTOR ( 'NONE', #8278, 1000.000000000000227 ) ;
#7214 =( NAMED_UNIT ( * ) SI_UNIT ( $, .STERADIAN. ) SOLID_ANGLE_UNIT ( ) );
#7215 = CARTESIAN_POINT ( 'NONE',  ( -8.000000000001291411, 26.00000000000094857, -17.00000000000000000 ) ) ;
#7216 = CARTESIAN_POINT ( 'NONE',  ( -12.05000000000064020, 27.50000000000000000, -135.0000000000000000 ) ) ;
#7217 = CARTESIAN_POINT ( 'NONE',  ( 7.500000000000000000, 30.39999999999938751, -135.0000000000000000 ) ) ;
#7218 = VECTOR ( 'NONE', #1722, 1000.000000000000000 ) ;
#7219 = DIRECTION ( 'NONE',  ( -1.000000000000000000, 0.000000000000000000, 0.000000000000000000 ) ) ;
#7220 = ORIENTED_EDGE ( 'NONE', *, *, #9699, .F. ) ;
#7221 = DIRECTION ( 'NONE',  ( 0.000000000000000000, 0.000000000000000000, 1.000000000000000000 ) ) ;
#7222 = CARTESIAN_POINT ( 'NONE',  ( 8.259309623521307486, 24.41766167337457816, -0.07771142334320535472 ) ) ;
#7223 = VERTEX_POINT ( 'NONE', #5548 ) ;
#7224 = CARTESIAN_POINT ( 'NONE',  ( 8.500000000000000000, 25.50000000000000355, -31.00000000000000000 ) ) ;
#7225 = LINE ( 'NONE', #6372, #9737 ) ;
#7226 = CARTESIAN_POINT ( 'NONE',  ( -7.500000000000000000, 33.20000000000000284, -17.00000000000000000 ) ) ;
#7227 = AXIS2_PLACEMENT_3D ( 'NONE', #7412, #6550, #3260 ) ;
#7228 = DIRECTION ( 'NONE',  ( 0.000000000000000000, -1.000000000000000000, 0.000000000000000000 ) ) ;
#7229 = ADVANCED_FACE ( 'NONE', ( #5655 ), #6766, .F. ) ;
#7230 = ADVANCED_FACE ( 'NONE', ( #1591 ), #7142, .T. ) ;
#7231 = CARTESIAN_POINT ( 'NONE',  ( 4.700000000000099654, 0.000000000000000000, 9.394203811574740826 ) ) ;
#7232 = ADVANCED_FACE ( 'NONE', ( #1496 ), #5752, .F. ) ;
#7233 = VERTEX_POINT ( 'NONE', #3913 ) ;
#7234 = CARTESIAN_POINT ( 'NONE',  ( -9.500000000000001776, -25.85766847995576967, -0.1270075046021409415 ) ) ;
#7235 = ORIENTED_EDGE ( 'NONE', *, *, #1432, .T. ) ;
#7236 = ORIENTED_EDGE ( 'NONE', *, *, #950, .T. ) ;
#7237 = ORIENTED_EDGE ( 'NONE', *, *, #1226, .F. ) ;
#7238 = EDGE_CURVE ( 'NONE', #7526, #3646, #25, .T. ) ;
#7239 = DIRECTION ( 'NONE',  ( 0.000000000000000000, 0.000000000000000000, -1.000000000000000000 ) ) ;
#7240 = PLANE ( 'NONE',  #1823 ) ;
#7241 = DIRECTION ( 'NONE',  ( 1.000000000000000000, 0.000000000000000000, 0.000000000000000000 ) ) ;
#7242 = PLANE ( 'NONE',  #8644 ) ;
#7243 = EDGE_LOOP ( 'NONE', ( #4802, #3950, #2392, #611, #9415, #6626, #1458, #8565, #2028, #3173, #2370, #5426, #2501 ) ) ;
#7244 = EDGE_CURVE ( 'NONE', #7607, #7499, #7997, .T. ) ;
#7245 = LINE ( 'NONE', #4066, #4865 ) ;
#7246 = CARTESIAN_POINT ( 'NONE',  ( -11.55000000000000249, 27.50000000000000000, -135.0000000000000000 ) ) ;
#7247 = EDGE_CURVE ( 'NONE', #3909, #6802, #8989, .T. ) ;
#7248 = VERTEX_POINT ( 'NONE', #2272 ) ;
#7249 = CARTESIAN_POINT ( 'NONE',  ( -11.55000000000000249, 27.50000000000000000, -17.00000000000000000 ) ) ;
#7250 = ORIENTED_EDGE ( 'NONE', *, *, #921, .T. ) ;
#7251 = ORIENTED_EDGE ( 'NONE', *, *, #5736, .F. ) ;
#7252 = EDGE_LOOP ( 'NONE', ( #2264, #4819, #8096, #8665 ) ) ;
#7253 = DIRECTION ( 'NONE',  ( 1.000000000000000000, 0.000000000000000000, 0.000000000000000000 ) ) ;
#7254 = ORIENTED_EDGE ( 'NONE', *, *, #1443, .T. ) ;
#7255 = CARTESIAN_POINT ( 'NONE',  ( -1.440155956905744494, 13.54150000000000276, -7.059844043094255284 ) ) ;
#7256 = EDGE_CURVE ( 'NONE', #7179, #5365, #7312, .T. ) ;
#7257 = DIRECTION ( 'NONE',  ( 1.000000000000000000, -0.000000000000000000, 0.000000000000000000 ) ) ;
#7258 = EDGE_CURVE ( 'NONE', #6982, #5235, #2327, .T. ) ;
#7259 = FACE_OUTER_BOUND ( 'NONE', #3748, .T. ) ;
#7260 = DIRECTION ( 'NONE',  ( 0.000000000000000000, 0.000000000000000000, 1.000000000000000000 ) ) ;
#7261 = DIRECTION ( 'NONE',  ( -0.5000000000002420286, -0.8660254037842989305, 0.000000000000000000 ) ) ;
#7262 = ORIENTED_EDGE ( 'NONE', *, *, #3602, .T. ) ;
#7263 = VERTEX_POINT ( 'NONE', #7197 ) ;
#7264 = CARTESIAN_POINT ( 'NONE',  ( -7.050000000000555822, 33.20000000000000284, -17.00000000000000000 ) ) ;
#7265 = LINE ( 'NONE', #933, #2971 ) ;
#7266 = ORIENTED_EDGE ( 'NONE', *, *, #9910, .T. ) ;
#7267 = CARTESIAN_POINT ( 'NONE',  ( 11.84999999999999964, -26.00000000000028422, -135.0000000000000000 ) ) ;
#7268 = AXIS2_PLACEMENT_3D ( 'NONE', #2840, #4571, #10241 ) ;
#7269 = AXIS2_PLACEMENT_3D ( 'NONE', #6366, #7274, #733 ) ;
#7270 = CARTESIAN_POINT ( 'NONE',  ( 2.458499999999995911, 14.55984404309425884, -145.9585000000000150 ) ) ;
#7271 = DIRECTION ( 'NONE',  ( -0.000000000000000000, -0.000000000000000000, -1.000000000000000000 ) ) ;
#7272 = AXIS2_PLACEMENT_3D ( 'NONE', #4546, #510, #5509 ) ;
#7273 = CARTESIAN_POINT ( 'NONE',  ( -7.004336740694776076, -27.15720435678653644, -0.1272339651654611214 ) ) ;
#7274 = DIRECTION ( 'NONE',  ( -0.000000000000000000, -0.000000000000000000, -1.000000000000000000 ) ) ;
#7275 = ORIENTED_EDGE ( 'NONE', *, *, #5547, .T. ) ;
#7276 = DIRECTION ( 'NONE',  ( 1.000000000000000000, -0.000000000000000000, -0.000000000000000000 ) ) ;
#7277 = CIRCLE ( 'NONE', #3887, 1.500000000000001332 ) ;
#7278 = CARTESIAN_POINT ( 'NONE',  ( 0.4999999999993932631, -25.50000000000000355, -121.0000000000000000 ) ) ;
#7279 = LINE ( 'NONE', #1568, #7871 ) ;
#7280 = CARTESIAN_POINT ( 'NONE',  ( 6.500000000000000888, 25.15833498350000141, -152.0000000000000000 ) ) ;
#7281 = AXIS2_PLACEMENT_3D ( 'NONE', #2732, #8157, #5127 ) ;
#7282 = CARTESIAN_POINT ( 'NONE',  ( -8.750000000000298428, -24.70096189432365108, -150.0000000000000000 ) ) ;
#7283 = VECTOR ( 'NONE', #6038, 1000.000000000000114 ) ;
#7284 = PLANE ( 'NONE',  #3700 ) ;
#7285 = VERTEX_POINT ( 'NONE', #77 ) ;
#7286 = AXIS2_PLACEMENT_3D ( 'NONE', #4526, #10252, #3843 ) ;
#7287 = CARTESIAN_POINT ( 'NONE',  ( -8.200000000000553513, -16.00000000000000000, -3.499999999999999556 ) ) ;
#7288 = VERTEX_POINT ( 'NONE', #3266 ) ;
#7289 = ORIENTED_EDGE ( 'NONE', *, *, #7335, .T. ) ;
#7290 = EDGE_LOOP ( 'NONE', ( #4237, #930, #4768, #2630 ) ) ;
#7291 = CIRCLE ( 'NONE', #46, 3.099999999999977884 ) ;
#7292 = ADVANCED_FACE ( 'NONE', ( #3059 ), #10427, .T. ) ;
#7293 = CARTESIAN_POINT ( 'NONE',  ( -2.458500000000003460, 16.00000000000000000, -0.7915000000000260716 ) ) ;
#7294 = ADVANCED_FACE ( 'NONE', ( #7893 ), #658, .T. ) ;
#7295 = AXIS2_PLACEMENT_3D ( 'NONE', #1485, #2999, #4689 ) ;
#7296 = LINE ( 'NONE', #5, #7053 ) ;
#7297 = CARTESIAN_POINT ( 'NONE',  ( 6.500000000000000888, 26.86602540378400050, -150.0000000000000000 ) ) ;
#7298 = CARTESIAN_POINT ( 'NONE',  ( -8.000000000000000000, -30.00000000000000000, -148.0000000000000000 ) ) ;
#7299 = ORIENTED_EDGE ( 'NONE', *, *, #3744, .T. ) ;
#7300 = LINE ( 'NONE', #2484, #6203 ) ;
#7301 = CARTESIAN_POINT ( 'NONE',  ( -0.4999999999993915423, -25.50000000000000355, -31.00000000000000000 ) ) ;
#7302 = ORIENTED_EDGE ( 'NONE', *, *, #8677, .T. ) ;
#7303 = CARTESIAN_POINT ( 'NONE',  ( -1.440155956905745605, 13.54150000000000276, -144.9401559569057554 ) ) ;
#7304 = CIRCLE ( 'NONE', #10007, 0.2000000000005539014 ) ;
#7305 = VERTEX_POINT ( 'NONE', #8364 ) ;
#7306 = EDGE_CURVE ( 'NONE', #2552, #8088, #7995, .T. ) ;
#7307 = CIRCLE ( 'NONE', #10334, 4.000000000000305533 ) ;
#7308 = VERTEX_POINT ( 'NONE', #5872 ) ;
#7309 = EDGE_CURVE ( 'NONE', #6064, #9612, #6663, .T. ) ;
#7310 = EDGE_CURVE ( 'NONE', #6941, #8731, #9066, .T. ) ;
#7311 = ADVANCED_FACE ( 'NONE', ( #3435 ), #6424, .F. ) ;
#7312 = LINE ( 'NONE', #9584, #5411 ) ;
#7313 = ORIENTED_EDGE ( 'NONE', *, *, #3080, .T. ) ;
#7314 = DIRECTION ( 'NONE',  ( -1.000000000000000000, 0.000000000000000000, 0.000000000000000000 ) ) ;
#7315 = FACE_OUTER_BOUND ( 'NONE', #6039, .T. ) ;
#7316 = CARTESIAN_POINT ( 'NONE',  ( 9.500000000000000000, 26.86602540378400050, -2.000000000000000000 ) ) ;
#7317 = CARTESIAN_POINT ( 'NONE',  ( 9.500000000000000000, 26.00000000000000355, -150.0000000000000000 ) ) ;
#7318 = FACE_OUTER_BOUND ( 'NONE', #3052, .T. ) ;
#7319 = SHAPE_DEFINITION_REPRESENTATION ( #4914, #2034 ) ;
#7320 = ORIENTED_EDGE ( 'NONE', *, *, #4138, .T. ) ;
#7321 = ORIENTED_EDGE ( 'NONE', *, *, #3487, .F. ) ;
#7322 = FACE_OUTER_BOUND ( 'NONE', #8748, .T. ) ;
#7323 = ADVANCED_FACE ( 'NONE', ( #6768 ), #2493, .T. ) ;
#7324 = VERTEX_POINT ( 'NONE', #5077 ) ;
#7325 = EDGE_CURVE ( 'NONE', #1586, #8155, #1852, .T. ) ;
#7326 = LINE ( 'NONE', #7530, #5258 ) ;
#7327 = DIRECTION ( 'NONE',  ( 0.000000000000000000, 0.000000000000000000, -1.000000000000000000 ) ) ;
#7328 = CARTESIAN_POINT ( 'NONE',  ( -4.500000000000000888, -26.00000000000000355, -0.3999999999999810929 ) ) ;
#7329 = DIRECTION ( 'NONE',  ( 0.000000000000000000, 0.000000000000000000, 1.000000000000000000 ) ) ;
#7330 = CARTESIAN_POINT ( 'NONE',  ( -8.000000000000000000, -16.00000000000000000, -3.700000000000553513 ) ) ;
#7331 = CARTESIAN_POINT ( 'NONE',  ( 8.500000000000000000, -17.49999999999939249, -31.00000000000000000 ) ) ;
#7332 = ORIENTED_EDGE ( 'NONE', *, *, #1226, .T. ) ;
#7333 = CARTESIAN_POINT ( 'NONE',  ( 0.000000000000000000, -29.20850000000000435, -8.500000000000000000 ) ) ;
#7334 = FACE_OUTER_BOUND ( 'NONE', #8344, .T. ) ;
#7335 = EDGE_CURVE ( 'NONE', #3646, #3866, #4973, .T. ) ;
#7336 = CARTESIAN_POINT ( 'NONE',  ( -8.000000000000000000, -22.89999999999999858, -152.0000000000000000 ) ) ;
#7337 = CARTESIAN_POINT ( 'NONE',  ( -3.647273485673901749, -22.00000000000000000, -152.0000000000000000 ) ) ;
#7338 = CARTESIAN_POINT ( 'NONE',  ( 0.000000000000000000, 0.000000000000000000, -121.0000000000000000 ) ) ;
#7339 = DIRECTION ( 'NONE',  ( -0.000000000000000000, -0.000000000000000000, -1.000000000000000000 ) ) ;
#7340 = CYLINDRICAL_SURFACE ( 'NONE', #6584, 4.282999999999987928 ) ;
#7341 = ORIENTED_EDGE ( 'NONE', *, *, #1929, .T. ) ;
#7342 = DIRECTION ( 'NONE',  ( 0.000000000000000000, 0.000000000000000000, -1.000000000000000000 ) ) ;
#7343 = ORIENTED_EDGE ( 'NONE', *, *, #9841, .F. ) ;
#7344 = ORIENTED_EDGE ( 'NONE', *, *, #5490, .T. ) ;
#7345 = EDGE_LOOP ( 'NONE', ( #2206, #4449, #9506, #3813 ) ) ;
#7346 = DIRECTION ( 'NONE',  ( -1.000000000000000000, -0.000000000000000000, -0.000000000000000000 ) ) ;
#7347 = AXIS2_PLACEMENT_3D ( 'NONE', #386, #3589, #6757 ) ;
#7348 = CARTESIAN_POINT ( 'NONE',  ( -8.000000000000000000, -26.00000000000000355, -152.0000000000000000 ) ) ;
#7349 = CIRCLE ( 'NONE', #770, 4.136184427528460716 ) ;
#7350 = CARTESIAN_POINT ( 'NONE',  ( 8.015521883131921044, 26.00000000000030553, 0.000000000000000000 ) ) ;
#7351 = ORIENTED_EDGE ( 'NONE', *, *, #711, .T. ) ;
#7352 = LINE ( 'NONE', #69, #9937 ) ;
#7353 = PLANE ( 'NONE',  #2712 ) ;
#7354 = ORIENTED_EDGE ( 'NONE', *, *, #4319, .T. ) ;
#7355 = CARTESIAN_POINT ( 'NONE',  ( 0.000000000000000000, 13.54150000000000098, -143.5000000000000284 ) ) ;
#7356 = ORIENTED_EDGE ( 'NONE', *, *, #1377, .F. ) ;
#7357 = VECTOR ( 'NONE', #368, 1000.000000000000000 ) ;
#7358 = CYLINDRICAL_SURFACE ( 'NONE', #6696, 3.499999999999720224 ) ;
#7359 = VERTEX_POINT ( 'NONE', #6715 ) ;
#7360 = ORIENTED_EDGE ( 'NONE', *, *, #10194, .F. ) ;
#7361 = CARTESIAN_POINT ( 'NONE',  ( 6.500000000000000888, 26.86602540378400050, -150.0000000000000000 ) ) ;
#7362 = AXIS2_PLACEMENT_3D ( 'NONE', #8025, #2464, #5688 ) ;
#7363 = ORIENTED_EDGE ( 'NONE', *, *, #161, .T. ) ;
#7364 = EDGE_CURVE ( 'NONE', #6416, #7832, #9155, .T. ) ;
#7365 = CARTESIAN_POINT ( 'NONE',  ( 8.000000000000000000, 24.26794919243099713, -152.0000000000000000 ) ) ;
#7366 = CARTESIAN_POINT ( 'NONE',  ( 8.021096714234520419, 27.71987061392667329, -152.0000000000000000 ) ) ;
#7367 = EDGE_CURVE ( 'NONE', #3675, #8255, #7794, .T. ) ;
#7368 = CARTESIAN_POINT ( 'NONE',  ( -4.232999999999958796, 0.000000000000000000, 29.99999999999999289 ) ) ;
#7369 = CARTESIAN_POINT ( 'NONE',  ( 0.6607491694260478887, -18.45850000000002211, -145.9585000000000434 ) ) ;
#7370 = ORIENTED_EDGE ( 'NONE', *, *, #9283, .F. ) ;
#7371 = CONICAL_SURFACE ( 'NONE', #2789, 1.720000000000002860, 1.047197551196594745 ) ;
#7372 = VERTEX_POINT ( 'NONE', #977 ) ;
#7373 = EDGE_CURVE ( 'NONE', #6003, #8194, #6559, .T. ) ;
#7374 = AXIS2_PLACEMENT_3D ( 'NONE', #32, #3227, #3012 ) ;
#7375 = CONICAL_SURFACE ( 'NONE', #971, 1.720000000000001084, 1.047197551202451837 ) ;
#7376 = EDGE_CURVE ( 'NONE', #1107, #7008, #885, .T. ) ;
#7377 = ORIENTED_EDGE ( 'NONE', *, *, #2580, .T. ) ;
#7378 = FACE_OUTER_BOUND ( 'NONE', #16, .T. ) ;
#7379 = CIRCLE ( 'NONE', #2798, 2.458499999999974595 ) ;
#7380 = PRODUCT_DEFINITION_CONTEXT ( 'detailed design', #9769, 'design' ) ;
#7381 = CIRCLE ( 'NONE', #7477, 1.719999999999999307 ) ;
#7382 = CARTESIAN_POINT ( 'NONE',  ( 6.000000000000000000, 7.347880794884119736E-16, -111.0000000000000000 ) ) ;
#7383 = CARTESIAN_POINT ( 'NONE',  ( 1.200000000000554179, 32.99999999999944578, -152.0010000000000048 ) ) ;
#7384 = DIRECTION ( 'NONE',  ( -0.000000000000000000, -0.000000000000000000, -1.000000000000000000 ) ) ;
#7385 = DIRECTION ( 'NONE',  ( 1.000000000000000000, 0.000000000000000000, 0.000000000000000000 ) ) ;
#7386 = EDGE_CURVE ( 'NONE', #1340, #2475, #5918, .T. ) ;
#7387 = CARTESIAN_POINT ( 'NONE',  ( -11.79999999999944649, -16.00000000000000000, -13.70000000000055529 ) ) ;
#7388 = VERTEX_POINT ( 'NONE', #5817 ) ;
#7389 = ADVANCED_FACE ( 'NONE', ( #3380 ), #9848, .F. ) ;
#7390 = CARTESIAN_POINT ( 'NONE',  ( 8.500000000000000000, 25.50000000000000355, -121.0000000000000000 ) ) ;
#7391 = AXIS2_PLACEMENT_3D ( 'NONE', #4604, #942, #5833 ) ;
#7392 = AXIS2_PLACEMENT_3D ( 'NONE', #4965, #9946, #7955 ) ;
#7393 = AXIS2_PLACEMENT_3D ( 'NONE', #5479, #8717, #3199 ) ;
#7394 = CARTESIAN_POINT ( 'NONE',  ( -8.500000000000000000, 17.49999999999939249, -31.00000000000000000 ) ) ;
#7395 = CIRCLE ( 'NONE', #648, 6.000000000000000000 ) ;
#7396 = AXIS2_PLACEMENT_3D ( 'NONE', #3030, #5312, #2244 ) ;
#7397 = ORIENTED_EDGE ( 'NONE', *, *, #2761, .F. ) ;
#7398 = EDGE_CURVE ( 'NONE', #745, #5601, #1133, .T. ) ;
#7399 = PLANE ( 'NONE',  #851 ) ;
#7400 = ORIENTED_EDGE ( 'NONE', *, *, #8037, .F. ) ;
#7401 = EDGE_CURVE ( 'NONE', #10280, #8652, #4927, .T. ) ;
#7402 = CARTESIAN_POINT ( 'NONE',  ( 4.030983766875087859, 26.35136306023699504, -152.0000000000000000 ) ) ;
#7403 = VERTEX_POINT ( 'NONE', #9795 ) ;
#7404 = EDGE_LOOP ( 'NONE', ( #7848, #8716, #4260, #7320, #6166 ) ) ;
#7405 = AXIS2_PLACEMENT_3D ( 'NONE', #9619, #9729, #9676 ) ;
#7406 = EDGE_LOOP ( 'NONE', ( #2280, #9098, #1573, #7450 ) ) ;
#7407 = CIRCLE ( 'NONE', #8752, 0.5000000000006405987 ) ;
#7408 = CARTESIAN_POINT ( 'NONE',  ( 7.740690376478702284, 27.58233832662541474, -0.07771142334320643719 ) ) ;
#7409 = CARTESIAN_POINT ( 'NONE',  ( -4.352726514326100471, -30.00000000000000000, -4.000000000000000000 ) ) ;
#7410 = FACE_OUTER_BOUND ( 'NONE', #8542, .T. ) ;
#7411 = ORIENTED_EDGE ( 'NONE', *, *, #8935, .T. ) ;
#7412 = CARTESIAN_POINT ( 'NONE',  ( 8.000000000000000000, 26.00000000000000355, -4.000000000000000000 ) ) ;
#7413 = LINE ( 'NONE', #4221, #217 ) ;
#7414 = VERTEX_POINT ( 'NONE', #2544 ) ;
#7415 = DIRECTION ( 'NONE',  ( 0.000000000000000000, 0.000000000000000000, 1.000000000000000000 ) ) ;
#7416 = CARTESIAN_POINT ( 'NONE',  ( -12.05000000000064020, 27.50000000000000000, -17.00000000000000000 ) ) ;
#7417 = ORIENTED_EDGE ( 'NONE', *, *, #9646, .F. ) ;
#7418 = VERTEX_POINT ( 'NONE', #5767 ) ;
#7419 = CARTESIAN_POINT ( 'NONE',  ( 2.114726455570120400, 26.96507328603669862, -135.0000000000000000 ) ) ;
#7420 = EDGE_LOOP ( 'NONE', ( #7804, #9234 ) ) ;
#7421 =( BOUNDED_CURVE ( )  B_SPLINE_CURVE ( 3, ( #5014, #8302, #7613, #381 ),
 .UNSPECIFIED., .F., .F. ) 
 B_SPLINE_CURVE_WITH_KNOTS ( ( 4, 4 ),
 ( 0.000000000000000000, 1.570796326794896780 ),
 .UNSPECIFIED. ) 
 CURVE ( )  GEOMETRIC_REPRESENTATION_ITEM ( )  RATIONAL_B_SPLINE_CURVE ( ( 1.000000000000000000, 0.8047378541243649375, 0.8047378541243649375, 1.000000000000000000 ) ) 
 REPRESENTATION_ITEM ( '' )  );
#7422 = CARTESIAN_POINT ( 'NONE',  ( 0.000000000000000000, 13.54150000000000098, -8.500000000000000000 ) ) ;
#7423 = DIRECTION ( 'NONE',  ( 0.000000000000000000, 0.000000000000000000, -1.000000000000000000 ) ) ;
#7424 = DIRECTION ( 'NONE',  ( 0.000000000000000000, 0.000000000000000000, -1.000000000000000000 ) ) ;
#7425 = CARTESIAN_POINT ( 'NONE',  ( -8.015521883131921044, -26.00000000000030553, 0.000000000000000000 ) ) ;
#7426 = ORIENTED_EDGE ( 'NONE', *, *, #7497, .T. ) ;
#7427 = ORIENTED_EDGE ( 'NONE', *, *, #6193, .F. ) ;
#7428 = ORIENTED_EDGE ( 'NONE', *, *, #2776, .F. ) ;
#7429 = EDGE_CURVE ( 'NONE', #720, #1337, #6869, .T. ) ;
#7430 = EDGE_CURVE ( 'NONE', #4263, #6033, #2944, .T. ) ;
#7431 = CARTESIAN_POINT ( 'NONE',  ( 0.000000000000000000, 0.000000000000000000, 7.999999999999992895 ) ) ;
#7432 = DIRECTION ( 'NONE',  ( -0.8660254037842890495, 0.5000000000002590150, 0.000000000000000000 ) ) ;
#7433 = DIRECTION ( 'NONE',  ( 0.000000000000000000, 0.000000000000000000, 1.000000000000000000 ) ) ;
#7434 = DIRECTION ( 'NONE',  ( 1.000000000000000000, 0.000000000000000000, 0.000000000000000000 ) ) ;
#7435 = ORIENTED_EDGE ( 'NONE', *, *, #9260, .F. ) ;
#7436 = FACE_OUTER_BOUND ( 'NONE', #9535, .T. ) ;
#7437 = DIRECTION ( 'NONE',  ( -0.000000000000000000, 0.000000000000000000, 1.000000000000000000 ) ) ;
#7438 = ADVANCED_FACE ( 'NONE', ( #10200 ), #2738, .T. ) ;
#7439 = AXIS2_PLACEMENT_3D ( 'NONE', #2093, #5506, #5309 ) ;
#7440 = ADVANCED_FACE ( 'NONE', ( #544, #1329, #6172 ), #7785, .T. ) ;
#7441 = ADVANCED_FACE ( 'NONE', ( #2064 ), #9277, .T. ) ;
#7442 = CIRCLE ( 'NONE', #8457, 3.249999999999988898 ) ;
#7443 = CARTESIAN_POINT ( 'NONE',  ( 1.000000000000000000, 33.20000000000000284, -152.0010000000000048 ) ) ;
#7444 = CARTESIAN_POINT ( 'NONE',  ( 2.756766064641395175, -18.75676606464139340, -7.779922021547122313 ) ) ;
#7445 = PLANE ( 'NONE',  #4046 ) ;
#7446 = VECTOR ( 'NONE', #8873, 1000.000000000000000 ) ;
#7447 = ORIENTED_EDGE ( 'NONE', *, *, #7163, .F. ) ;
#7448 = LINE ( 'NONE', #2473, #235 ) ;
#7449 = VERTEX_POINT ( 'NONE', #1230 ) ;
#7450 = ORIENTED_EDGE ( 'NONE', *, *, #5830, .F. ) ;
#7451 = VERTEX_POINT ( 'NONE', #6076 ) ;
#7452 = CARTESIAN_POINT ( 'NONE',  ( -7.500000000000000000, 30.00000000000000000, -135.0000000000000000 ) ) ;
#7453 = AXIS2_PLACEMENT_3D ( 'NONE', #8682, #2080, #7843 ) ;
#7454 = VECTOR ( 'NONE', #2509, 1000.000000000000000 ) ;
#7455 = EDGE_CURVE ( 'NONE', #8612, #10389, #4581, .T. ) ;
#7456 = FACE_OUTER_BOUND ( 'NONE', #7089, .T. ) ;
#7457 = CARTESIAN_POINT ( 'NONE',  ( -1.449999999999445954, 33.20000000000000284, -17.00000000000000000 ) ) ;
#7458 = VECTOR ( 'NONE', #10152, 1000.000000000000114 ) ;
#7459 = VERTEX_POINT ( 'NONE', #9218 ) ;
#7460 = CARTESIAN_POINT ( 'NONE',  ( -8.000000000000000000, -27.73205080756899932, -2.000000000000000000 ) ) ;
#7461 = CARTESIAN_POINT ( 'NONE',  ( -6.500000000000000888, -25.13397459621599950, -150.0000000000000000 ) ) ;
#7462 = VERTEX_POINT ( 'NONE', #4433 ) ;
#7463 = AXIS2_PLACEMENT_3D ( 'NONE', #592, #3745, #9370 ) ;
#7464 = DIRECTION ( 'NONE',  ( -0.000000000000000000, -0.000000000000000000, -1.000000000000000000 ) ) ;
#7465 = CARTESIAN_POINT ( 'NONE',  ( 12.00000000000000000, 22.00000000000000000, -148.0000000000000000 ) ) ;
#7466 = CIRCLE ( 'NONE', #10004, 4.282999999999988816 ) ;
#7467 = VERTEX_POINT ( 'NONE', #6125 ) ;
#7468 = CARTESIAN_POINT ( 'NONE',  ( 7.495663649558061969, 24.55912792012095380, -0.1272339792135381564 ) ) ;
#7469 = ORIENTED_EDGE ( 'NONE', *, *, #343, .T. ) ;
#7470 = CIRCLE ( 'NONE', #873, 5.999999999999999112 ) ;
#7471 =( LENGTH_UNIT ( ) NAMED_UNIT ( * ) SI_UNIT ( .MILLI., .METRE. ) );
#7472 = CARTESIAN_POINT ( 'NONE',  ( -6.500000000000000888, -25.13397459621599950, 0.000000000000000000 ) ) ;
#7473 = DIRECTION ( 'NONE',  ( -1.000000000000000000, 0.000000000000000000, 0.000000000000000000 ) ) ;
#7474 = DIRECTION ( 'NONE',  ( -1.000000000000000000, 0.000000000000000000, 0.000000000000000000 ) ) ;
#7475 = ORIENTED_EDGE ( 'NONE', *, *, #5418, .F. ) ;
#7476 = ORIENTED_EDGE ( 'NONE', *, *, #265, .T. ) ;
#7477 = AXIS2_PLACEMENT_3D ( 'NONE', #9015, #4866, #1751 ) ;
#7478 = EDGE_LOOP ( 'NONE', ( #10269, #2471, #9114, #8428, #8658, #2538 ) ) ;
#7479 = CARTESIAN_POINT ( 'NONE',  ( -9.500000000000000000, -26.86602540378400050, -152.0000000000000000 ) ) ;
#7480 = DIRECTION ( 'NONE',  ( 0.000000000000000000, 0.000000000000000000, -1.000000000000000000 ) ) ;
#7481 = AXIS2_PLACEMENT_3D ( 'NONE', #4367, #4262, #1941 ) ;
#7482 = CARTESIAN_POINT ( 'NONE',  ( 4.500000000000000888, 26.00000000000000355, -4.000000000000000000 ) ) ;
#7483 = CARTESIAN_POINT ( 'NONE',  ( 8.000000000000000000, 27.73205080756899932, -150.0000000000000000 ) ) ;
#7484 = CARTESIAN_POINT ( 'NONE',  ( 0.000000000000000000, -13.54149999999999388, -8.500000000000000000 ) ) ;
#7485 = AXIS2_PLACEMENT_3D ( 'NONE', #8264, #139, #8916 ) ;
#7486 = VERTEX_POINT ( 'NONE', #5329 ) ;
#7487 = DIRECTION ( 'NONE',  ( 0.000000000000000000, 1.000000000000000000, 0.000000000000000000 ) ) ;
#7488 = DIRECTION ( 'NONE',  ( 1.000000000000000000, 0.000000000000000000, 0.000000000000000000 ) ) ;
#7489 = EDGE_CURVE ( 'NONE', #130, #7223, #5233, .T. ) ;
#7490 = CARTESIAN_POINT ( 'NONE',  ( -12.00000000000000000, -16.00000000000000000, -3.499999999999999556 ) ) ;
#7491 = DIRECTION ( 'NONE',  ( 0.000000000000000000, -1.000000000000000000, 0.000000000000000000 ) ) ;
#7492 = DIRECTION ( 'NONE',  ( 1.000000000000000000, 0.000000000000000000, 0.000000000000000000 ) ) ;
#7493 = DIRECTION ( 'NONE',  ( -0.000000000000000000, -0.000000000000000000, 1.000000000000000000 ) ) ;
#7494 = CARTESIAN_POINT ( 'NONE',  ( 7.249999999999717559, 27.29903810567634181, -2.000000000000000000 ) ) ;
#7495 = EDGE_CURVE ( 'NONE', #9199, #7139, #4563, .T. ) ;
#7496 = DIRECTION ( 'NONE',  ( 0.000000000000000000, 0.000000000000000000, -1.000000000000000000 ) ) ;
#7497 = EDGE_CURVE ( 'NONE', #7288, #2750, #8139, .T. ) ;
#7498 = CARTESIAN_POINT ( 'NONE',  ( -6.500000000000000888, -25.85766847995570217, -151.8729924953995294 ) ) ;
#7499 = VERTEX_POINT ( 'NONE', #4481 ) ;
#7500 = ORIENTED_EDGE ( 'NONE', *, *, #8532, .F. ) ;
#7501 = EDGE_CURVE ( 'NONE', #2476, #7040, #3045, .T. ) ;
#7502 = ORIENTED_EDGE ( 'NONE', *, *, #1506, .T. ) ;
#7503 = FACE_OUTER_BOUND ( 'NONE', #3543, .T. ) ;
#7504 = VECTOR ( 'NONE', #6733, 1000.000000000000000 ) ;
#7505 = FACE_OUTER_BOUND ( 'NONE', #6539, .T. ) ;
#7506 = CARTESIAN_POINT ( 'NONE',  ( -8.000000000000000000, -24.26794919243099713, -150.0000000000000000 ) ) ;
#7507 = ORIENTED_EDGE ( 'NONE', *, *, #161, .F. ) ;
#7508 = DIRECTION ( 'NONE',  ( -1.000000000000000000, -0.000000000000000000, -0.000000000000000000 ) ) ;
#7509 = EDGE_CURVE ( 'NONE', #6492, #10100, #3568, .T. ) ;
#7510 = DIRECTION ( 'NONE',  ( 0.000000000000000000, 0.000000000000000000, -1.000000000000000000 ) ) ;
#7511 = ORIENTED_EDGE ( 'NONE', *, *, #9323, .F. ) ;
#7512 = EDGE_CURVE ( 'NONE', #5200, #89, #439, .T. ) ;
#7513 = CARTESIAN_POINT ( 'NONE',  ( 11.60629780968142377, 27.73049591386089929, -17.00000000000000000 ) ) ;
#7514 = EDGE_CURVE ( 'NONE', #7499, #7233, #8571, .T. ) ;
#7515 = FACE_OUTER_BOUND ( 'NONE', #4429, .T. ) ;
#7516 = CARTESIAN_POINT ( 'NONE',  ( 1.440155956905743828, 18.45849999999999724, -144.9401559569057554 ) ) ;
#7517 = CIRCLE ( 'NONE', #8877, 5.049999999999971401 ) ;
#7518 = ORIENTED_EDGE ( 'NONE', *, *, #5945, .T. ) ;
#7519 = DIRECTION ( 'NONE',  ( 0.000000000000000000, -1.000000000000000000, 0.000000000000000000 ) ) ;
#7520 = ORIENTED_EDGE ( 'NONE', *, *, #4190, .F. ) ;
#7521 = CARTESIAN_POINT ( 'NONE',  ( -1.500000000000000000, 29.80000000000000426, -143.5000000000000284 ) ) ;
#7522 = AXIS2_PLACEMENT_3D ( 'NONE', #8353, #7614, #6012 ) ;
#7523 = DIRECTION ( 'NONE',  ( 0.000000000000000000, 0.000000000000000000, -1.000000000000000000 ) ) ;
#7524 = CARTESIAN_POINT ( 'NONE',  ( -11.50000000000003020, -26.00000000000000355, -148.1000000000000512 ) ) ;
#7525 = ORIENTED_EDGE ( 'NONE', *, *, #3799, .F. ) ;
#7526 = VERTEX_POINT ( 'NONE', #3645 ) ;
#7527 = EDGE_CURVE ( 'NONE', #4867, #6716, #6259, .T. ) ;
#7528 = VERTEX_POINT ( 'NONE', #7626 ) ;
#7529 = AXIS2_PLACEMENT_3D ( 'NONE', #9924, #5108, #5893 ) ;
#7530 = CARTESIAN_POINT ( 'NONE',  ( -0.5329999999999892601, -7.250000000000000000, -152.0000000000000000 ) ) ;
#7531 = B_SPLINE_CURVE_WITH_KNOTS ( 'NONE', 3,
 ( #9815, #1005, #9660, #3242 ),
 .UNSPECIFIED., .F., .F.,
 ( 4, 4 ),
 ( 0.000000000000000000, 0.0004269752087343238901 ),
 .UNSPECIFIED. ) ;
#7532 = DIRECTION ( 'NONE',  ( 0.000000000000000000, 0.000000000000000000, -1.000000000000000000 ) ) ;
#7533 = DIRECTION ( 'NONE',  ( 1.000000000000000000, 0.000000000000000000, 0.000000000000000000 ) ) ;
#7534 = ORIENTED_EDGE ( 'NONE', *, *, #1755, .F. ) ;
#7535 = ORIENTED_EDGE ( 'NONE', *, *, #5762, .F. ) ;
#7536 = CARTESIAN_POINT ( 'NONE',  ( 6.500000000000000888, 26.00000000000000355, -2.000000000000000000 ) ) ;
#7537 = CARTESIAN_POINT ( 'NONE',  ( -2.458499999999998575, 14.55984404309425884, -10.95849999999999902 ) ) ;
#7538 = ORIENTED_EDGE ( 'NONE', *, *, #1829, .T. ) ;
#7539 = AXIS2_PLACEMENT_3D ( 'NONE', #2352, #8940, #1675 ) ;
#7540 = CARTESIAN_POINT ( 'NONE',  ( -3.971223470242152054, 4.497708766627500410, 3.599999999999993872 ) ) ;
#7541 = PLANE ( 'NONE',  #20 ) ;
#7542 = CARTESIAN_POINT ( 'NONE',  ( -8.500000000000000000, 25.50000000000000355, -31.00000000000000000 ) ) ;
#7543 = AXIS2_PLACEMENT_3D ( 'NONE', #3053, #7138, #9471 ) ;
#7544 = PLANE ( 'NONE',  #442 ) ;
#7545 = CYLINDRICAL_SURFACE ( 'NONE', #6098, 2.458500000000003460 ) ;
#7546 = PLANE ( 'NONE',  #4845 ) ;
#7547 = TOROIDAL_SURFACE ( 'NONE', #6345, 5.200000000000555289, 0.2000000000005540679 ) ;
#7548 = DIRECTION ( 'NONE',  ( 0.000000000000000000, 1.000000000000000000, 0.000000000000000000 ) ) ;
#7549 = CARTESIAN_POINT ( 'NONE',  ( 2.458500000000000796, -16.00000000000000000, -10.95850000000000080 ) ) ;
#7550 = CARTESIAN_POINT ( 'NONE',  ( 8.500000000000000000, 25.50000000000000355, -111.0000000000000000 ) ) ;
#7551 = ORIENTED_EDGE ( 'NONE', *, *, #8724, .T. ) ;
#7552 = CARTESIAN_POINT ( 'NONE',  ( -1.271201803182602452, -18.20564223991167552, -145.7056422399116400 ) ) ;
#7553 = ORIENTED_EDGE ( 'NONE', *, *, #1304, .T. ) ;
#7554 = ORIENTED_EDGE ( 'NONE', *, *, #5104, .T. ) ;
#7555 = ORIENTED_EDGE ( 'NONE', *, *, #7335, .F. ) ;
#7556 = CIRCLE ( 'NONE', #5684, 0.5000000000006405987 ) ;
#7557 = CARTESIAN_POINT ( 'NONE',  ( 1.738422021547136209, -17.73842202154713732, -141.7615779784528627 ) ) ;
#7558 = AXIS2_PLACEMENT_3D ( 'NONE', #3764, #2239, #7056 ) ;
#7559 = EDGE_CURVE ( 'NONE', #4187, #753, #6948, .T. ) ;
#7560 = AXIS2_PLACEMENT_3D ( 'NONE', #7049, #8690, #459 ) ;
#7561 = DIRECTION ( 'NONE',  ( 0.000000000000000000, 0.000000000000000000, -1.000000000000000000 ) ) ;
#7562 = CARTESIAN_POINT ( 'NONE',  ( 11.84999999999999964, 27.04174243050400150, -135.0000000000000000 ) ) ;
#7563 = ADVANCED_FACE ( 'NONE', ( #10413 ), #7242, .T. ) ;
#7564 = EDGE_LOOP ( 'NONE', ( #5415, #2611, #9112, #7765, #6746, #3522, #362 ) ) ;
#7565 = DIRECTION ( 'NONE',  ( 0.000000000000000000, -1.000000000000000000, 0.000000000000000000 ) ) ;
#7566 = DIRECTION ( 'NONE',  ( -1.000000000000000000, 0.000000000000000000, 0.000000000000000000 ) ) ;
#7567 = ORIENTED_EDGE ( 'NONE', *, *, #4, .F. ) ;
#7568 = LINE ( 'NONE', #1906, #5600 ) ;
#7569 = VECTOR ( 'NONE', #9600, 1000.000000000000000 ) ;
#7570 = CARTESIAN_POINT ( 'NONE',  ( 7.500000000000000000, 33.20000000000000284, -135.0000000000000000 ) ) ;
#7571 = PLANE ( 'NONE',  #9920 ) ;
#7572 = EDGE_CURVE ( 'NONE', #6391, #2733, #646, .T. ) ;
#7573 = AXIS2_PLACEMENT_3D ( 'NONE', #2777, #1116, #6011 ) ;
#7574 = ADVANCED_FACE ( 'NONE', ( #7991 ), #9004, .F. ) ;
#7575 = ADVANCED_FACE ( 'NONE', ( #3156 ), #9466, .T. ) ;
#7576 = DIRECTION ( 'NONE',  ( -1.000000000000000000, 5.108103680151668413E-16, -0.000000000000000000 ) ) ;
#7577 = CIRCLE ( 'NONE', #3510, 2.458500000000003460 ) ;
#7578 = ORIENTED_EDGE ( 'NONE', *, *, #1885, .F. ) ;
#7579 = CARTESIAN_POINT ( 'NONE',  ( -4.352726514326100471, -30.00000000000000000, 0.000000000000000000 ) ) ;
#7580 = CARTESIAN_POINT ( 'NONE',  ( -8.500000000000000000, -25.50000000000000355, -31.00000000000000000 ) ) ;
#7581 = CYLINDRICAL_SURFACE ( 'NONE', #3298, 4.000000000000305533 ) ;
#7582 = ORIENTED_EDGE ( 'NONE', *, *, #8668, .F. ) ;
#7583 = EDGE_LOOP ( 'NONE', ( #9447, #5926, #1286, #5556 ) ) ;
#7584 = ORIENTED_EDGE ( 'NONE', *, *, #9710, .T. ) ;
#7585 = LINE ( 'NONE', #10303, #4926 ) ;
#7586 = ADVANCED_FACE ( 'NONE', ( #2215 ), #752, .F. ) ;
#7587 = DIRECTION ( 'NONE',  ( 0.3122498999197030889, 0.9500000000000713429, 0.000000000000000000 ) ) ;
#7588 = EDGE_LOOP ( 'NONE', ( #2042, #5113, #5045, #6406 ) ) ;
#7589 = ORIENTED_EDGE ( 'NONE', *, *, #7778, .F. ) ;
#7590 = LINE ( 'NONE', #10069, #7100 ) ;
#7591 = DIRECTION ( 'NONE',  ( -0.000000000000000000, -0.000000000000000000, -1.000000000000000000 ) ) ;
#7592 = EDGE_LOOP ( 'NONE', ( #8145, #9381, #352 ) ) ;
#7593 = CYLINDRICAL_SURFACE ( 'NONE', #8734, 5.000000000000000888 ) ;
#7594 = DIRECTION ( 'NONE',  ( 0.000000000000000000, 0.000000000000000000, 1.000000000000000000 ) ) ;
#7595 = ORIENTED_EDGE ( 'NONE', *, *, #2984, .F. ) ;
#7596 = LINE ( 'NONE', #5788, #5497 ) ;
#7597 = DIRECTION ( 'NONE',  ( -0.000000000000000000, -0.000000000000000000, -1.000000000000000000 ) ) ;
#7598 = CARTESIAN_POINT ( 'NONE',  ( 8.000000000000000000, 27.73205080756899932, -2.000000000000000000 ) ) ;
#7599 = CARTESIAN_POINT ( 'NONE',  ( 0.000000000000000000, -29.20850000000000435, -10.95850000000002566 ) ) ;
#7600 = FACE_OUTER_BOUND ( 'NONE', #4467, .T. ) ;
#7601 = DIRECTION ( 'NONE',  ( -0.4999999999986916022, 0.000000000000000000, -0.8660254037851941034 ) ) ;
#7602 = CARTESIAN_POINT ( 'NONE',  ( 2.756766064641395175, -18.75676606464139340, -9.220077978452874135 ) ) ;
#7603 = DIRECTION ( 'NONE',  ( 1.000000000000000000, -0.000000000000000000, -0.000000000000000000 ) ) ;
#7604 = ORIENTED_EDGE ( 'NONE', *, *, #5287, .F. ) ;
#7605 = APPLICATION_CONTEXT ( 'automotive_design' ) ;
#7606 = CARTESIAN_POINT ( 'NONE',  ( -6.500000000000000000, -26.28413949777842973, -151.8729638491241190 ) ) ;
#7607 = VERTEX_POINT ( 'NONE', #9622 ) ;
#7608 = ORIENTED_EDGE ( 'NONE', *, *, #4757, .T. ) ;
#7609 = AXIS2_PLACEMENT_3D ( 'NONE', #10253, #3741, #645 ) ;
#7610 = ORIENTED_EDGE ( 'NONE', *, *, #5400, .F. ) ;
#7611 = PLANE ( 'NONE',  #7030 ) ;
#7612 = CARTESIAN_POINT ( 'NONE',  ( 8.000000000000000000, 26.00000000000000355, -2.000000000000000000 ) ) ;
#7613 = CARTESIAN_POINT ( 'NONE',  ( 1.440155956905742940, 13.54150000000000453, -7.059844043094257948 ) ) ;
#7614 = DIRECTION ( 'NONE',  ( -1.000000000000000000, 0.000000000000000000, 0.000000000000000000 ) ) ;
#7615 = CIRCLE ( 'NONE', #5065, 5.000000000000000888 ) ;
#7616 = AXIS2_PLACEMENT_3D ( 'NONE', #5051, #5998, #5210 ) ;
#7617 = EDGE_LOOP ( 'NONE', ( #9956, #4852, #2295, #246, #5374, #10163, #9044 ) ) ;
#7618 = CARTESIAN_POINT ( 'NONE',  ( -12.00000000000000178, -16.00000000000000000, -143.5000000000000284 ) ) ;
#7619 = CARTESIAN_POINT ( 'NONE',  ( -8.000000000000000000, -26.00000000000000355, -152.0000000000000000 ) ) ;
#7620 = ORIENTED_EDGE ( 'NONE', *, *, #1544, .T. ) ;
#7621 = DIRECTION ( 'NONE',  ( 0.000000000000000000, 0.000000000000000000, 1.000000000000000000 ) ) ;
#7622 = EDGE_CURVE ( 'NONE', #6692, #3704, #2716, .T. ) ;
#7623 = CARTESIAN_POINT ( 'NONE',  ( 8.504336350441931813, 27.44087207987904264, -0.1272339792135397663 ) ) ;
#7624 = AXIS2_PLACEMENT_3D ( 'NONE', #348, #5135, #9024 ) ;
#7625 = AXIS2_PLACEMENT_3D ( 'NONE', #4295, #6731, #1874 ) ;
#7626 = CARTESIAN_POINT ( 'NONE',  ( 3.010794155703798726E-16, -18.45850000000002922, -141.0414999999999850 ) ) ;
#7627 = EDGE_LOOP ( 'NONE', ( #9412, #2674 ) ) ;
#7628 = VECTOR ( 'NONE', #8474, 1000.000000000000000 ) ;
#7629 = DIRECTION ( 'NONE',  ( -1.000000000000000000, -0.000000000000000000, -0.000000000000000000 ) ) ;
#7631 = FACE_OUTER_BOUND ( 'NONE', #8762, .T. ) ;
#7630 = VECTOR ( 'NONE', #10106, 1000.000000000000000 ) ;
#7632 = CARTESIAN_POINT ( 'NONE',  ( -9.248999599679700978, 29.80000000000000071, -135.0000000000000000 ) ) ;
#7633 = ORIENTED_EDGE ( 'NONE', *, *, #5534, .T. ) ;
#7634 = ADVANCED_FACE ( 'NONE', ( #5539 ), #550, .F. ) ;
#7635 = EDGE_CURVE ( 'NONE', #19, #5532, #3904, .T. ) ;
#7636 = CONICAL_SURFACE ( 'NONE', #9335, 5.800000000000022027, 0.7853981633974547183 ) ;
#7637 = EDGE_CURVE ( 'NONE', #2242, #7746, #10254, .T. ) ;
#7638 = EDGE_CURVE ( 'NONE', #1093, #6794, #6435, .T. ) ;
#7639 = VERTEX_POINT ( 'NONE', #6222 ) ;
#7640 = CARTESIAN_POINT ( 'NONE',  ( -6.500000000000000888, -26.86602540378400050, -2.000000000000000000 ) ) ;
#7641 = AXIS2_PLACEMENT_3D ( 'NONE', #4302, #2819, #5842 ) ;
#7642 = LINE ( 'NONE', #6828, #5580 ) ;
#7643 = CARTESIAN_POINT ( 'NONE',  ( 7.458499999999979480, -16.00000000000000000, -8.500000000000000000 ) ) ;
#7644 = EDGE_LOOP ( 'NONE', ( #10328, #9047, #1529, #6084, #4533, #9384, #2194 ) ) ;
#7645 = VERTEX_POINT ( 'NONE', #3103 ) ;
#7646 = DIRECTION ( 'NONE',  ( 1.000000000000000000, 0.000000000000000000, -0.000000000000000000 ) ) ;
#7647 = VECTOR ( 'NONE', #1271, 1000.000000000000000 ) ;
#7648 = CARTESIAN_POINT ( 'NONE',  ( 0.000000000000000000, 16.00000000000000000, 0.000000000000000000 ) ) ;
#7649 = EDGE_CURVE ( 'NONE', #10133, #1726, #894, .T. ) ;
#7650 = ORIENTED_EDGE ( 'NONE', *, *, #9190, .F. ) ;
#7651 = CARTESIAN_POINT ( 'NONE',  ( -1.500000000000000000, 28.47151703059500960, -8.500000000000000000 ) ) ;
#7652 = ADVANCED_FACE ( 'NONE', ( #9575 ), #9525, .F. ) ;
#7653 = CARTESIAN_POINT ( 'NONE',  ( -6.500000000000001776, -25.43248594406018626, -0.07040429179406020033 ) ) ;
#7654 = VECTOR ( 'NONE', #10177, 1000.000000000000000 ) ;
#7655 = EDGE_CURVE ( 'NONE', #5164, #5200, #7466, .T. ) ;
#7656 = EDGE_CURVE ( 'NONE', #1533, #4039, #8902, .T. ) ;
#7657 = VECTOR ( 'NONE', #3894, 1000.000000000000000 ) ;
#7658 = DIRECTION ( 'NONE',  ( -0.000000000000000000, -0.000000000000000000, -1.000000000000000000 ) ) ;
#7659 = FACE_OUTER_BOUND ( 'NONE', #1165, .T. ) ;
#7660 = CARTESIAN_POINT ( 'NONE',  ( -7.050000000000555822, 33.20000000000000284, -152.0010000000000048 ) ) ;
#7661 = FACE_OUTER_BOUND ( 'NONE', #1462, .T. ) ;
#7662 = LINE ( 'NONE', #7494, #2616 ) ;
#7663 = FACE_OUTER_BOUND ( 'NONE', #9515, .T. ) ;
#7664 = VERTEX_POINT ( 'NONE', #5435 ) ;
#7665 = CARTESIAN_POINT ( 'NONE',  ( -8.000000000000000000, -26.00000000000000355, -152.0000000000000000 ) ) ;
#7666 = ORIENTED_EDGE ( 'NONE', *, *, #10201, .F. ) ;
#7667 = VERTEX_POINT ( 'NONE', #3845 ) ;
#7668 = EDGE_CURVE ( 'NONE', #9212, #7786, #3910, .T. ) ;
#7669 = LINE ( 'NONE', #428, #128 ) ;
#7670 = DIRECTION ( 'NONE',  ( 0.000000000000000000, 0.000000000000000000, 1.000000000000000000 ) ) ;
#7671 = DIRECTION ( 'NONE',  ( 0.000000000000000000, 0.000000000000000000, -1.000000000000000000 ) ) ;
#7672 = ORIENTED_EDGE ( 'NONE', *, *, #2376, .T. ) ;
#7673 = CYLINDRICAL_SURFACE ( 'NONE', #945, 0.3999999999993869571 ) ;
#7674 = DIRECTION ( 'NONE',  ( 0.000000000000000000, 0.000000000000000000, -1.000000000000000000 ) ) ;
#7675 = ORIENTED_EDGE ( 'NONE', *, *, #7890, .T. ) ;
#7676 = CARTESIAN_POINT ( 'NONE',  ( 11.50000000000000000, 26.00000000000000355, -149.1339745962199856 ) ) ;
#7677 = ORIENTED_EDGE ( 'NONE', *, *, #1347, .T. ) ;
#7678 = CARTESIAN_POINT ( 'NONE',  ( 7.100000000000610711, 30.00000000000000000, -17.00000000000000000 ) ) ;
#7679 = VECTOR ( 'NONE', #3063, 1000.000000000000000 ) ;
#7680 = DIRECTION ( 'NONE',  ( 1.000000000000000000, 0.000000000000000000, 0.000000000000000000 ) ) ;
#7681 = DIRECTION ( 'NONE',  ( 1.000000000000000000, 0.000000000000000000, 0.000000000000000000 ) ) ;
#7682 = CARTESIAN_POINT ( 'NONE',  ( -9.500000000000000000, -26.00000000000000355, -150.0000000000000000 ) ) ;
#7683 = VERTEX_POINT ( 'NONE', #7077 ) ;
#7684 = DIRECTION ( 'NONE',  ( 0.000000000000000000, 0.000000000000000000, -1.000000000000000000 ) ) ;
#7685 = DIRECTION ( 'NONE',  ( -0.000000000000000000, -0.000000000000000000, 1.000000000000000000 ) ) ;
#7686 = AXIS2_PLACEMENT_3D ( 'NONE', #1783, #1208, #1008 ) ;
#7687 = FACE_OUTER_BOUND ( 'NONE', #4186, .T. ) ;
#7688 = ORIENTED_EDGE ( 'NONE', *, *, #4437, .F. ) ;
#7689 = ORIENTED_EDGE ( 'NONE', *, *, #9146, .F. ) ;
#7690 = ORIENTED_EDGE ( 'NONE', *, *, #7367, .T. ) ;
#7691 = EDGE_CURVE ( 'NONE', #9014, #3837, #1227, .T. ) ;
#7692 = PLANE ( 'NONE',  #10312 ) ;
#7693 = CIRCLE ( 'NONE', #6330, 10.00000000000000000 ) ;
#7694 = EDGE_CURVE ( 'NONE', #2105, #1394, #418, .T. ) ;
#7695 = ORIENTED_EDGE ( 'NONE', *, *, #216, .T. ) ;
#7696 = ORIENTED_EDGE ( 'NONE', *, *, #3744, .F. ) ;
#7697 = CARTESIAN_POINT ( 'NONE',  ( 7.299999999999445599, 33.20000000000000284, -135.0000000000000000 ) ) ;
#7698 = EDGE_CURVE ( 'NONE', #1177, #1399, #6846, .T. ) ;
#7699 = FACE_OUTER_BOUND ( 'NONE', #2408, .T. ) ;
#7700 = CARTESIAN_POINT ( 'NONE',  ( -9.500000000000000000, -26.86602540378400050, 0.000000000000000000 ) ) ;
#7701 = CARTESIAN_POINT ( 'NONE',  ( 7.299999999999445599, 32.99999999999944578, -152.0010000000000048 ) ) ;
#7702 = AXIS2_PLACEMENT_3D ( 'NONE', #2974, #7853, #2817 ) ;
#7703 = DIRECTION ( 'NONE',  ( 0.000000000000000000, 0.000000000000000000, -1.000000000000000000 ) ) ;
#7704 = EDGE_CURVE ( 'NONE', #6416, #6209, #8341, .T. ) ;
#7705 = VECTOR ( 'NONE', #4677, 1000.000000000000000 ) ;
#7706 = CARTESIAN_POINT ( 'NONE',  ( -12.00000000000000000, -22.00000000000000000, 0.000000000000000000 ) ) ;
#7707 = EDGE_CURVE ( 'NONE', #614, #7832, #1204, .T. ) ;
#7708 = ADVANCED_FACE ( 'NONE', ( #7659 ), #7545, .F. ) ;
#7709 = DIRECTION ( 'NONE',  ( -0.2588190451025242922, -0.9659258262890673130, 0.000000000000000000 ) ) ;
#7710 = CARTESIAN_POINT ( 'NONE',  ( 8.000000000000310862, 26.00000000000000355, -148.0000000000000000 ) ) ;
#7711 = DIRECTION ( 'NONE',  ( -0.000000000000000000, -0.000000000000000000, -1.000000000000000000 ) ) ;
#7712 = ORIENTED_EDGE ( 'NONE', *, *, #10092, .F. ) ;
#7713 = LINE ( 'NONE', #474, #9677 ) ;
#7714 = ORIENTED_EDGE ( 'NONE', *, *, #4919, .F. ) ;
#7715 = ORIENTED_EDGE ( 'NONE', *, *, #10391, .T. ) ;
#7716 = VECTOR ( 'NONE', #5507, 1000.000000000000114 ) ;
#7717 = DIRECTION ( 'NONE',  ( -0.000000000000000000, -0.000000000000000000, -1.000000000000000000 ) ) ;
#7718 = ORIENTED_EDGE ( 'NONE', *, *, #7704, .T. ) ;
#7719 = VECTOR ( 'NONE', #4568, 1000.000000000000000 ) ;
#7720 = CARTESIAN_POINT ( 'NONE',  ( -12.00000000000000000, 16.00000000000000000, -10.95849999999999369 ) ) ;
#7721 = CARTESIAN_POINT ( 'NONE',  ( -6.500000000000000888, -26.84166501650003767, -152.0000000000000000 ) ) ;
#7722 = CARTESIAN_POINT ( 'NONE',  ( 2.458500000000003460, 16.00000000000000000, 0.000000000000000000 ) ) ;
#7723 = CIRCLE ( 'NONE', #3133, 3.400000000000000355 ) ;
#7724 = EDGE_CURVE ( 'NONE', #7081, #1081, #2607, .T. ) ;
#7725 = EDGE_CURVE ( 'NONE', #4915, #7486, #1886, .T. ) ;
#7726 = CARTESIAN_POINT ( 'NONE',  ( 2.458500000000012786, -16.00000000000000000, -0.7915000000000169678 ) ) ;
#7727 = ORIENTED_EDGE ( 'NONE', *, *, #3860, .T. ) ;
#7728 = CARTESIAN_POINT ( 'NONE',  ( 12.00000000000000000, -16.00000000000000000, -8.500000000000000000 ) ) ;
#7729 = ORIENTED_EDGE ( 'NONE', *, *, #2942, .F. ) ;
#7730 = CARTESIAN_POINT ( 'NONE',  ( -9.500000000000000000, -26.86602540378400050, -150.0000000000000000 ) ) ;
#7731 = CIRCLE ( 'NONE', #6022, 4.000000000000305533 ) ;
#7732 = AXIS2_PLACEMENT_3D ( 'NONE', #5868, #4225, #3326 ) ;
#7733 = AXIS2_PLACEMENT_3D ( 'NONE', #6380, #3311, #4113 ) ;
#7734 =( BOUNDED_CURVE ( )  B_SPLINE_CURVE ( 3, ( #3240, #1560, #4944, #1613 ),
 .UNSPECIFIED., .F., .F. ) 
 B_SPLINE_CURVE_WITH_KNOTS ( ( 4, 4 ),
 ( 0.000000000000000000, 1.570796326794896780 ),
 .UNSPECIFIED. ) 
 CURVE ( )  GEOMETRIC_REPRESENTATION_ITEM ( )  RATIONAL_B_SPLINE_CURVE ( ( 1.000000000000000000, 0.8047378541243649375, 0.8047378541243649375, 1.000000000000000000 ) ) 
 REPRESENTATION_ITEM ( '' )  );
#7735 = CARTESIAN_POINT ( 'NONE',  ( 8.000000000000000000, 26.00000000000000355, -152.0000000000000000 ) ) ;
#7736 = AXIS2_PLACEMENT_3D ( 'NONE', #5888, #8385, #2755 ) ;
#7737 = CARTESIAN_POINT ( 'NONE',  ( 0.000000000000000000, 0.000000000000000000, 29.23299999999995080 ) ) ;
#7738 = ORIENTED_EDGE ( 'NONE', *, *, #2434, .T. ) ;
#7739 = LINE ( 'NONE', #2168, #3393 ) ;
#7740 = CARTESIAN_POINT ( 'NONE',  ( -7.500000000000000000, 30.00000000000000000, -17.00000000000000000 ) ) ;
#7741 = CYLINDRICAL_SURFACE ( 'NONE', #5672, 2.458499999999974595 ) ;
#7742 = VERTEX_POINT ( 'NONE', #4361 ) ;
#7743 = CIRCLE ( 'NONE', #1325, 5.049999999999943867 ) ;
#7744 = EDGE_LOOP ( 'NONE', ( #5753, #2924, #6909 ) ) ;
#7745 = DIRECTION ( 'NONE',  ( -1.000000000000000000, 0.000000000000000000, 0.000000000000000000 ) ) ;
#7746 = VERTEX_POINT ( 'NONE', #6738 ) ;
#7747 = EDGE_LOOP ( 'NONE', ( #488, #6806, #7083, #5215, #2235, #6288 ) ) ;
#7748 = CARTESIAN_POINT ( 'NONE',  ( 11.84999999999999964, 27.04174243050400150, -135.0000000000000000 ) ) ;
#7749 = PLANE ( 'NONE',  #9986 ) ;
#7750 = ORIENTED_EDGE ( 'NONE', *, *, #6611, .T. ) ;
#7751 = VERTEX_POINT ( 'NONE', #3619 ) ;
#7752 = LINE ( 'NONE', #2134, #10090 ) ;
#7753 = DIRECTION ( 'NONE',  ( 1.000000000000000000, 0.000000000000000000, 0.000000000000000000 ) ) ;
#7754 = EDGE_CURVE ( 'NONE', #3389, #5160, #321, .T. ) ;
#7755 = EDGE_CURVE ( 'NONE', #5792, #5436, #8442, .T. ) ;
#7756 = CYLINDRICAL_SURFACE ( 'NONE', #3111, 2.458500000000002572 ) ;
#7757 = FACE_OUTER_BOUND ( 'NONE', #8371, .T. ) ;
#7758 = PLANE ( 'NONE',  #4335 ) ;
#7759 = FACE_OUTER_BOUND ( 'NONE', #10363, .T. ) ;
#7760 = DIRECTION ( 'NONE',  ( 1.000000000000000000, 0.000000000000000000, 0.000000000000000000 ) ) ;
#7761 = ORIENTED_EDGE ( 'NONE', *, *, #796, .T. ) ;
#7762 = LINE ( 'NONE', #8599, #1451 ) ;
#7763 = ORIENTED_EDGE ( 'NONE', *, *, #1418, .F. ) ;
#7764 = EDGE_CURVE ( 'NONE', #806, #7135, #4241, .T. ) ;
#7765 = ORIENTED_EDGE ( 'NONE', *, *, #919, .T. ) ;
#7766 = EDGE_CURVE ( 'NONE', #6939, #4218, #6050, .T. ) ;
#7767 = EDGE_CURVE ( 'NONE', #2097, #1697, #6316, .T. ) ;
#7768 = VERTEX_POINT ( 'NONE', #5260 ) ;
#7769 = DIRECTION ( 'NONE',  ( 0.000000000000000000, 0.000000000000000000, 1.000000000000000000 ) ) ;
#7770 = CARTESIAN_POINT ( 'NONE',  ( 9.500000000000000000, 25.43251033452523657, -0.07746019931716967288 ) ) ;
#7771 = CARTESIAN_POINT ( 'NONE',  ( -8.500000000000000000, 25.50000000000000355, -121.0000000000000000 ) ) ;
#7772 = ORIENTED_EDGE ( 'NONE', *, *, #4759, .F. ) ;
#7773 = FACE_OUTER_BOUND ( 'NONE', #7153, .T. ) ;
#7774 = VECTOR ( 'NONE', #2943, 1000.000000000000000 ) ;
#7775 = ORIENTED_EDGE ( 'NONE', *, *, #2839, .F. ) ;
#7776 = DIRECTION ( 'NONE',  ( 0.000000000000000000, 0.000000000000000000, -1.000000000000000000 ) ) ;
#7777 = VERTEX_POINT ( 'NONE', #4064 ) ;
#7778 = EDGE_CURVE ( 'NONE', #5807, #4366, #3458, .T. ) ;
#7779 = DIRECTION ( 'NONE',  ( -1.000000000000000000, 0.000000000000000000, 0.000000000000000000 ) ) ;
#7780 = EDGE_CURVE ( 'NONE', #5395, #9212, #6488, .T. ) ;
#7781 = AXIS2_PLACEMENT_3D ( 'NONE', #6116, #8561, #9363 ) ;
#7782 = CIRCLE ( 'NONE', #4227, 8.000000000000611067 ) ;
#7783 = DIRECTION ( 'NONE',  ( 0.000000000000000000, 0.000000000000000000, 1.000000000000000000 ) ) ;
#7784 = AXIS2_PLACEMENT_3D ( 'NONE', #7701, #3404, #6635 ) ;
#7785 = PLANE ( 'NONE',  #4233 ) ;
#7786 = VERTEX_POINT ( 'NONE', #9093 ) ;
#7787 = CARTESIAN_POINT ( 'NONE',  ( 0.4999999999993915423, 25.50000000000000355, -31.00000000000000000 ) ) ;
#7788 = CIRCLE ( 'NONE', #1530, 3.100000000000033396 ) ;
#7789 = ORIENTED_EDGE ( 'NONE', *, *, #601, .F. ) ;
#7790 = VECTOR ( 'NONE', #5834, 1000.000000000000000 ) ;
#7791 = ORIENTED_EDGE ( 'NONE', *, *, #6976, .F. ) ;
#7792 = DIRECTION ( 'NONE',  ( 0.000000000000000000, -0.000000000000000000, 1.000000000000000000 ) ) ;
#7793 = EDGE_LOOP ( 'NONE', ( #6701, #5270, #4238, #2490 ) ) ;
#7794 = CIRCLE ( 'NONE', #10150, 13.99999999999321965 ) ;
#7795 = B_SPLINE_CURVE_WITH_KNOTS ( 'NONE', 3,
 ( #8399, #3464, #7606, #7498, #5162, #3579, #376, #8448 ),
 .UNSPECIFIED., .F., .F.,
 ( 4, 2, 2, 4 ),
 ( 0.001569259017091720115, 0.002420304687599992427, 0.002845827522854123270, 0.003271350358108254114 ),
 .UNSPECIFIED. ) ;
#7796 = ORIENTED_EDGE ( 'NONE', *, *, #152, .T. ) ;
#7797 = CYLINDRICAL_SURFACE ( 'NONE', #3037, 5.000000000000000000 ) ;
#7798 = CIRCLE ( 'NONE', #6262, 1.719999999999998419 ) ;
#7799 = CARTESIAN_POINT ( 'NONE',  ( 0.000000000000000000, 0.000000000000000000, 0.000000000000000000 ) ) ;
#7800 = ORIENTED_EDGE ( 'NONE', *, *, #9175, .T. ) ;
#7801 = AXIS2_PLACEMENT_3D ( 'NONE', #6655, #9788, #5756 ) ;
#7802 = CARTESIAN_POINT ( 'NONE',  ( 1.449999999999445954, 33.40000000000055280, -135.0000000000000000 ) ) ;
#7803 = CARTESIAN_POINT ( 'NONE',  ( 1.449999999999445954, 33.20000000000000284, -17.00000000000000000 ) ) ;
#7804 = ORIENTED_EDGE ( 'NONE', *, *, #10076, .T. ) ;
#7805 = VECTOR ( 'NONE', #7491, 1000.000000000000000 ) ;
#7806 = CARTESIAN_POINT ( 'NONE',  ( -7.249999999999640288, -24.70096189432354805, -2.000000000000000000 ) ) ;
#7807 = DIRECTION ( 'NONE',  ( -0.000000000000000000, -1.000000000000000000, -0.000000000000000000 ) ) ;
#7808 = CARTESIAN_POINT ( 'NONE',  ( -0.4999999999993932631, 25.50000000000000355, -31.00000000000000000 ) ) ;
#7809 = DIRECTION ( 'NONE',  ( 0.000000000000000000, 0.000000000000000000, 1.000000000000000000 ) ) ;
#7810 = AXIS2_PLACEMENT_3D ( 'NONE', #6522, #3980, #94 ) ;
#7811 = ORIENTED_EDGE ( 'NONE', *, *, #6651, .F. ) ;
#7812 = CARTESIAN_POINT ( 'NONE',  ( 3.647273485673900861, 22.00000000000000000, -152.0000000000000000 ) ) ;
#7813 = ORIENTED_EDGE ( 'NONE', *, *, #10277, .T. ) ;
#7814 = ORIENTED_EDGE ( 'NONE', *, *, #6548, .T. ) ;
#7815 = ORIENTED_EDGE ( 'NONE', *, *, #7509, .F. ) ;
#7816 = CARTESIAN_POINT ( 'NONE',  ( -8.000000000001291411, 26.00000000000094857, -152.0000000000000000 ) ) ;
#7817 = CARTESIAN_POINT ( 'NONE',  ( 0.000000000000000000, 0.000000000000000000, 2.000000000000000000 ) ) ;
#7818 = CARTESIAN_POINT ( 'NONE',  ( -8.021096714234532854, -24.28012938607333027, -152.0000000000000000 ) ) ;
#7819 =( BOUNDED_CURVE ( )  B_SPLINE_CURVE ( 3, ( #10125, #6952, #2920, #8392 ),
 .UNSPECIFIED., .F., .F. ) 
 B_SPLINE_CURVE_WITH_KNOTS ( ( 4, 4 ),
 ( 4.712388980384689674, 6.283185307179586232 ),
 .UNSPECIFIED. ) 
 CURVE ( )  GEOMETRIC_REPRESENTATION_ITEM ( )  RATIONAL_B_SPLINE_CURVE ( ( 1.000000000000000000, 0.8047378541243649375, 0.8047378541243649375, 1.000000000000000000 ) ) 
 REPRESENTATION_ITEM ( '' )  );
#7820 = ADVANCED_FACE ( 'NONE', ( #1833 ), #4929, .T. ) ;
#7821 = EDGE_CURVE ( 'NONE', #7209, #6184, #8483, .T. ) ;
#7822 = CARTESIAN_POINT ( 'NONE',  ( -2.458500000000003460, 16.00000000000000000, 0.000000000000000000 ) ) ;
#7823 = EDGE_CURVE ( 'NONE', #7838, #3195, #3900, .T. ) ;
#7824 = EDGE_LOOP ( 'NONE', ( #2684, #236, #357 ) ) ;
#7825 = DIRECTION ( 'NONE',  ( -0.000000000000000000, 0.000000000000000000, -1.000000000000000000 ) ) ;
#7826 = ORIENTED_EDGE ( 'NONE', *, *, #5399, .T. ) ;
#7827 = AXIS2_PLACEMENT_3D ( 'NONE', #2497, #2640, #7523 ) ;
#7828 = ORIENTED_EDGE ( 'NONE', *, *, #8467, .F. ) ;
#7829 = CARTESIAN_POINT ( 'NONE',  ( 4.100000000000000533, 0.000000000000000000, 9.499999999999841904 ) ) ;
#7830 = FACE_OUTER_BOUND ( 'NONE', #9674, .T. ) ;
#7831 = CARTESIAN_POINT ( 'NONE',  ( -7.249999999999388933, 34.60000000000061959, -17.00000000000001421 ) ) ;
#7832 = VERTEX_POINT ( 'NONE', #9247 ) ;
#7833 = EDGE_CURVE ( 'NONE', #5352, #5276, #2889, .T. ) ;
#7834 = DIRECTION ( 'NONE',  ( -0.000000000000000000, -0.000000000000000000, -1.000000000000000000 ) ) ;
#7835 = ORIENTED_EDGE ( 'NONE', *, *, #5122, .T. ) ;
#7836 = ADVANCED_FACE ( 'NONE', ( #7107, #2289 ), #10284, .T. ) ;
#7837 = DIRECTION ( 'NONE',  ( -0.8660254037842883834, -0.5000000000002601253, 0.000000000000000000 ) ) ;
#7838 = VERTEX_POINT ( 'NONE', #5515 ) ;
#7839 = VERTEX_POINT ( 'NONE', #9394 ) ;
#7840 = DIRECTION ( 'NONE',  ( 1.000000000000000000, 0.000000000000000000, 0.000000000000000000 ) ) ;
#7841 = ORIENTED_EDGE ( 'NONE', *, *, #3817, .F. ) ;
#7842 = ORIENTED_EDGE ( 'NONE', *, *, #4518, .T. ) ;
#7843 = DIRECTION ( 'NONE',  ( 1.000000000000000000, 0.000000000000000000, -0.000000000000000000 ) ) ;
#7844 = EDGE_CURVE ( 'NONE', #4348, #7667, #8647, .T. ) ;
#7845 = LINE ( 'NONE', #3170, #7679 ) ;
#7846 = CARTESIAN_POINT ( 'NONE',  ( -9.248999599679704531, 29.80000000000001137, -17.00000000000000000 ) ) ;
#7847 = VERTEX_POINT ( 'NONE', #5406 ) ;
#7848 = ORIENTED_EDGE ( 'NONE', *, *, #2453, .F. ) ;
#7849 = CARTESIAN_POINT ( 'NONE',  ( 4.030983766875087859, 26.35136306023699149, -4.000000000000000000 ) ) ;
#7850 = DIRECTION ( 'NONE',  ( 0.000000000000000000, 0.000000000000000000, 1.000000000000000000 ) ) ;
#7851 = ORIENTED_EDGE ( 'NONE', *, *, #152, .F. ) ;
#7852 = CARTESIAN_POINT ( 'NONE',  ( -1.000000000000000000, 33.20000000000000284, -17.00000000000000000 ) ) ;
#7853 = DIRECTION ( 'NONE',  ( 0.000000000000000000, 0.000000000000000000, 1.000000000000000000 ) ) ;
#7854 = CARTESIAN_POINT ( 'NONE',  ( 3.750000000000000000, -7.250000000000000000, -152.0000000000000000 ) ) ;
#7855 = DIRECTION ( 'NONE',  ( 1.000000000000000000, 0.000000000000000000, 0.000000000000000000 ) ) ;
#7856 = DIRECTION ( 'NONE',  ( 0.000000000000000000, 0.000000000000000000, 1.000000000000000000 ) ) ;
#7857 = ORIENTED_EDGE ( 'NONE', *, *, #267, .T. ) ;
#7858 = AXIS2_PLACEMENT_3D ( 'NONE', #8839, #5704, #9006 ) ;
#7859 = DIRECTION ( 'NONE',  ( -0.000000000000000000, -0.000000000000000000, -1.000000000000000000 ) ) ;
#7860 = ORIENTED_EDGE ( 'NONE', *, *, #8009, .T. ) ;
#7861 = ORIENTED_EDGE ( 'NONE', *, *, #5315, .F. ) ;
#7862 = DIRECTION ( 'NONE',  ( 0.000000000000000000, 0.000000000000000000, -1.000000000000000000 ) ) ;
#7863 = PLANE ( 'NONE',  #9076 ) ;
#7864 = AXIS2_PLACEMENT_3D ( 'NONE', #4300, #1832, #3617 ) ;
#7865 = CARTESIAN_POINT ( 'NONE',  ( -8.500907784476483542, -24.55714843663785985, -151.8732013552417754 ) ) ;
#7867 = VECTOR ( 'NONE', #3828, 1000.000000000000000 ) ;
#7866 = CARTESIAN_POINT ( 'NONE',  ( 12.00000000000000178, -16.00000000000000000, -143.5000000000000284 ) ) ;
#7868 = VERTEX_POINT ( 'NONE', #9350 ) ;
#7869 = CIRCLE ( 'NONE', #5495, 4.136184427528460716 ) ;
#7870 = LINE ( 'NONE', #537, #3056 ) ;
#7871 = VECTOR ( 'NONE', #51, 1000.000000000000000 ) ;
#7872 = ORIENTED_EDGE ( 'NONE', *, *, #778, .F. ) ;
#7873 = EDGE_CURVE ( 'NONE', #5395, #7683, #5590, .T. ) ;
#7874 = ADVANCED_FACE ( 'NONE', ( #7757 ), #6999, .F. ) ;
#7875 = FACE_OUTER_BOUND ( 'NONE', #2350, .T. ) ;
#7876 = AXIS2_PLACEMENT_3D ( 'NONE', #6371, #4785, #2460 ) ;
#7877 = CARTESIAN_POINT ( 'NONE',  ( -2.458500000000003460, 16.00000000000000000, -10.95850000000000257 ) ) ;
#7878 = CIRCLE ( 'NONE', #9245, 4.282999999999987928 ) ;
#7879 = LINE ( 'NONE', #3786, #5229 ) ;
#7880 = DIRECTION ( 'NONE',  ( 0.000000000000000000, 0.000000000000000000, -1.000000000000000000 ) ) ;
#7881 = ORIENTED_EDGE ( 'NONE', *, *, #5232, .T. ) ;
#7882 = DIRECTION ( 'NONE',  ( 0.000000000000000000, -1.000000000000000000, 0.000000000000000000 ) ) ;
#7883 = CARTESIAN_POINT ( 'NONE',  ( -9.478903285766056896, -25.12179440257400387, 0.000000000000000000 ) ) ;
#7884 = AXIS2_PLACEMENT_3D ( 'NONE', #1159, #8499, #10033 ) ;
#7885 = ORIENTED_EDGE ( 'NONE', *, *, #8605, .F. ) ;
#7886 = VECTOR ( 'NONE', #5366, 1000.000000000000000 ) ;
#7887 = EDGE_CURVE ( 'NONE', #960, #925, #4746, .T. ) ;
#7888 = AXIS2_PLACEMENT_3D ( 'NONE', #2916, #2863, #3708 ) ;
#7889 = ORIENTED_EDGE ( 'NONE', *, *, #9618, .T. ) ;
#7890 = EDGE_CURVE ( 'NONE', #3779, #3695, #2141, .T. ) ;
#7891 = ADVANCED_FACE ( 'NONE', ( #466 ), #2384, .T. ) ;
#7892 = CONICAL_SURFACE ( 'NONE', #1153, 1.719999999999998419, 1.047197551196586307 ) ;
#7893 = FACE_OUTER_BOUND ( 'NONE', #1902, .T. ) ;
#7894 = ORIENTED_EDGE ( 'NONE', *, *, #7455, .F. ) ;
#7895 = ORIENTED_EDGE ( 'NONE', *, *, #6935, .F. ) ;
#7896 = DIRECTION ( 'NONE',  ( 0.000000000000000000, 1.000000000000000000, 0.000000000000000000 ) ) ;
#7897 = CARTESIAN_POINT ( 'NONE',  ( 2.756766064641391178, -18.75676606464138985, -144.2200779784528777 ) ) ;
#7898 = FACE_OUTER_BOUND ( 'NONE', #737, .T. ) ;
#7899 = DIRECTION ( 'NONE',  ( 0.000000000000000000, 0.000000000000000000, 1.000000000000000000 ) ) ;
#7900 = EDGE_LOOP ( 'NONE', ( #108, #1183, #5933, #2956 ) ) ;
#7901 = ORIENTED_EDGE ( 'NONE', *, *, #10346, .F. ) ;
#7902 = DIRECTION ( 'NONE',  ( -0.000000000000000000, -0.000000000000000000, 1.000000000000000000 ) ) ;
#7903 = FACE_BOUND ( 'NONE', #8503, .T. ) ;
#7904 = TOROIDAL_SURFACE ( 'NONE', #3832, 1.958499999993985830, 0.5000000000060270677 ) ;
#7905 = VERTEX_POINT ( 'NONE', #3668 ) ;
#7906 = EDGE_CURVE ( 'NONE', #3591, #5927, #4091, .T. ) ;
#7907 = CARTESIAN_POINT ( 'NONE',  ( -1.738422021547136875, -17.73842202154713732, -141.7615779784528627 ) ) ;
#7908 = DIRECTION ( 'NONE',  ( 1.000000000000000000, 0.000000000000000000, 0.000000000000000000 ) ) ;
#7909 = CARTESIAN_POINT ( 'NONE',  ( 9.500000000000000000, 25.15833498349996944, -152.0000000000000000 ) ) ;
#7910 = VECTOR ( 'NONE', #1760, 1000.000000000000000 ) ;
#7911 = CARTESIAN_POINT ( 'NONE',  ( 12.05000000000064020, 27.50000000000000000, -135.0000000000000000 ) ) ;
#7912 = ORIENTED_EDGE ( 'NONE', *, *, #2406, .T. ) ;
#7913 = FACE_OUTER_BOUND ( 'NONE', #9378, .T. ) ;
#7914 = ORIENTED_EDGE ( 'NONE', *, *, #7946, .T. ) ;
#7915 = ORIENTED_EDGE ( 'NONE', *, *, #2063, .T. ) ;
#7916 = LINE ( 'NONE', #2247, #460 ) ;
#7917 = LINE ( 'NONE', #10447, #2625 ) ;
#7918 = LINE ( 'NONE', #3036, #603 ) ;
#7919 = VERTEX_POINT ( 'NONE', #10226 ) ;
#7920 = DIRECTION ( 'NONE',  ( 0.000000000000000000, 0.000000000000000000, -1.000000000000000000 ) ) ;
#7921 = CARTESIAN_POINT ( 'NONE',  ( 12.00000000000000000, -30.00000000000000000, -135.0000000000000000 ) ) ;
#7922 = ORIENTED_EDGE ( 'NONE', *, *, #4374, .T. ) ;
#7923 = DIRECTION ( 'NONE',  ( -0.000000000000000000, -0.000000000000000000, -1.000000000000000000 ) ) ;
#7924 = ORIENTED_EDGE ( 'NONE', *, *, #282, .F. ) ;
#7925 = ORIENTED_EDGE ( 'NONE', *, *, #8783, .T. ) ;
#7926 = ORIENTED_EDGE ( 'NONE', *, *, #9432, .T. ) ;
#7927 = DIRECTION ( 'NONE',  ( 0.000000000000000000, -1.000000000000000000, 0.000000000000000000 ) ) ;
#7928 = CARTESIAN_POINT ( 'NONE',  ( 0.000000000000000000, -16.00000000000000000, -152.0000000000000000 ) ) ;
#7929 = CARTESIAN_POINT ( 'NONE',  ( 9.248999599679704531, 29.80000000000001137, -135.0000000000000000 ) ) ;
#7930 = CARTESIAN_POINT ( 'NONE',  ( 6.500000000000000888, 26.86602540378400050, -150.0000000000000000 ) ) ;
#7931 = ORIENTED_EDGE ( 'NONE', *, *, #2954, .F. ) ;
#7932 = ADVANCED_FACE ( 'NONE', ( #2975 ), #232, .T. ) ;
#7933 = CARTESIAN_POINT ( 'NONE',  ( -7.999999999999694467, -30.00000000000000000, -135.0000000000000000 ) ) ;
#7934 = ORIENTED_EDGE ( 'NONE', *, *, #6410, .F. ) ;
#7935 = FACE_OUTER_BOUND ( 'NONE', #8848, .T. ) ;
#7936 = VERTEX_POINT ( 'NONE', #1303 ) ;
#7937 = AXIS2_PLACEMENT_3D ( 'NONE', #718, #2332, #8111 ) ;
#7938 = ORIENTED_EDGE ( 'NONE', *, *, #5536, .T. ) ;
#7939 = DIRECTION ( 'NONE',  ( -0.8660254037842989305, -0.5000000000002420286, 0.000000000000000000 ) ) ;
#7940 = VERTEX_POINT ( 'NONE', #2870 ) ;
#7941 = AXIS2_PLACEMENT_3D ( 'NONE', #2610, #4259, #271 ) ;
#7942 = EDGE_CURVE ( 'NONE', #625, #5532, #1454, .T. ) ;
#7943 = ORIENTED_EDGE ( 'NONE', *, *, #9121, .F. ) ;
#7944 = CARTESIAN_POINT ( 'NONE',  ( 7.500000000000000000, 33.20000000000000284, -152.0010000000000048 ) ) ;
#7945 = CIRCLE ( 'NONE', #1859, 3.249999999999988898 ) ;
#7946 = EDGE_CURVE ( 'NONE', #2322, #3259, #4578, .T. ) ;
#7947 = DIRECTION ( 'NONE',  ( -1.000000000000000000, -0.000000000000000000, -0.000000000000000000 ) ) ;
#7948 = EDGE_CURVE ( 'NONE', #9854, #1460, #6101, .T. ) ;
#7949 = CARTESIAN_POINT ( 'NONE',  ( 11.50000000000000000, 26.00000000000000355, -3.899999999999999911 ) ) ;
#7950 = CARTESIAN_POINT ( 'NONE',  ( 9.350000000000003197, 35.00000000000000000, -17.00000000000000000 ) ) ;
#7951 = EDGE_LOOP ( 'NONE', ( #7027, #5450, #3905, #6644 ) ) ;
#7952 = ORIENTED_EDGE ( 'NONE', *, *, #921, .F. ) ;
#7953 = EDGE_CURVE ( 'NONE', #7418, #5352, #3822, .T. ) ;
#7954 = CARTESIAN_POINT ( 'NONE',  ( 2.458499999999995911, 17.44015595690574472, -10.95849999999999547 ) ) ;
#7955 = DIRECTION ( 'NONE',  ( 0.000000000000000000, 0.000000000000000000, -1.000000000000000000 ) ) ;
#7956 = ORIENTED_EDGE ( 'NONE', *, *, #2001, .T. ) ;
#7957 = VECTOR ( 'NONE', #1184, 1000.000000000000000 ) ;
#7958 = FACE_OUTER_BOUND ( 'NONE', #7404, .T. ) ;
#7959 = VECTOR ( 'NONE', #8106, 1000.000000000000000 ) ;
#7960 = DIRECTION ( 'NONE',  ( -1.000000000000000000, 0.000000000000000000, 0.000000000000000000 ) ) ;
#7961 = EDGE_CURVE ( 'NONE', #8580, #5601, #6951, .T. ) ;
#7962 = DIRECTION ( 'NONE',  ( -1.000000000000000000, -0.000000000000000000, -0.000000000000000000 ) ) ;
#7963 = CARTESIAN_POINT ( 'NONE',  ( 9.499999999999998224, 26.14233152004429783, -151.8729924953995294 ) ) ;
#7964 = AXIS2_PLACEMENT_3D ( 'NONE', #2427, #13, #4634 ) ;
#7965 = EDGE_CURVE ( 'NONE', #4557, #4572, #5941, .T. ) ;
#7966 = CARTESIAN_POINT ( 'NONE',  ( -8.000000000000000000, -27.73205080756899932, -150.0000000000000000 ) ) ;
#7967 = ORIENTED_EDGE ( 'NONE', *, *, #367, .F. ) ;
#7968 = EDGE_CURVE ( 'NONE', #7372, #2242, #7973, .T. ) ;
#7969 = CARTESIAN_POINT ( 'NONE',  ( 8.799999999999970512, -7.249999999999999112, -152.0000000000000000 ) ) ;
#7970 = AXIS2_PLACEMENT_3D ( 'NONE', #3074, #10335, #2238 ) ;
#7971 = ORIENTED_EDGE ( 'NONE', *, *, #7698, .F. ) ;
#7972 = DIRECTION ( 'NONE',  ( 0.000000000000000000, -1.000000000000000000, 0.000000000000000000 ) ) ;
#7973 = B_SPLINE_CURVE_WITH_KNOTS ( 'NONE', 3,
 ( #2507, #7158, #2556, #8069, #10385, #10440 ),
 .UNSPECIFIED., .F., .F.,
 ( 4, 2, 4 ),
 ( 6.779041188059005090E-07, 0.0008498274060694169631, 0.001698976908020028136 ),
 .UNSPECIFIED. ) ;
#7974 = DIRECTION ( 'NONE',  ( 1.000000000000000000, 0.000000000000000000, 0.000000000000000000 ) ) ;
#7975 = CARTESIAN_POINT ( 'NONE',  ( 11.09999999999997833, 26.00000000000000355, -152.0000000000000000 ) ) ;
#7976 = AXIS2_PLACEMENT_3D ( 'NONE', #3127, #8756, #44 ) ;
#7977 = EDGE_LOOP ( 'NONE', ( #2361, #6173 ) ) ;
#7978 = DIRECTION ( 'NONE',  ( 1.000000000000000000, 0.000000000000000000, 0.000000000000000000 ) ) ;
#7979 = CARTESIAN_POINT ( 'NONE',  ( -2.458500000000012786, -16.00000000000000000, -152.0000000000000000 ) ) ;
#7980 = VERTEX_POINT ( 'NONE', #8929 ) ;
#7981 = EDGE_CURVE ( 'NONE', #10100, #3704, #6277, .T. ) ;
#7982 = VECTOR ( 'NONE', #690, 1000.000000000000000 ) ;
#7983 = CARTESIAN_POINT ( 'NONE',  ( -9.248999599679702754, 29.80000000000000782, -17.00000000000000000 ) ) ;
#7984 = ORIENTED_EDGE ( 'NONE', *, *, #7780, .F. ) ;
#7985 = EDGE_LOOP ( 'NONE', ( #7507, #1037, #8060 ) ) ;
#7986 = ORIENTED_EDGE ( 'NONE', *, *, #8868, .F. ) ;
#7987 = CARTESIAN_POINT ( 'NONE',  ( -12.00000000000000000, 16.00000000000000000, -8.500000000000000000 ) ) ;
#7988 = DIRECTION ( 'NONE',  ( 0.08784076505916545152, 0.9961345290641321348, 0.000000000000000000 ) ) ;
#7989 = VECTOR ( 'NONE', #8144, 1000.000000000000114 ) ;
#7990 = LINE ( 'NONE', #9231, #8294 ) ;
#7991 = FACE_OUTER_BOUND ( 'NONE', #3611, .T. ) ;
#7992 = ORIENTED_EDGE ( 'NONE', *, *, #7398, .F. ) ;
#7993 = DIRECTION ( 'NONE',  ( 0.000000000000000000, 0.000000000000000000, -1.000000000000000000 ) ) ;
#7994 = LINE ( 'NONE', #10261, #7023 ) ;
#7995 = B_SPLINE_CURVE_WITH_KNOTS ( 'NONE', 3,
 ( #3537, #2634, #8260, #7468, #4126, #2586 ),
 .UNSPECIFIED., .F., .F.,
 ( 4, 2, 4 ),
 ( 7.282412306279459993E-07, 0.0008498777960106034283, 0.001699027350790578749 ),
 .UNSPECIFIED. ) ;
#7996 = ORIENTED_EDGE ( 'NONE', *, *, #6122, .F. ) ;
#7997 = LINE ( 'NONE', #4871, #7959 ) ;
#7998 = ORIENTED_EDGE ( 'NONE', *, *, #2899, .F. ) ;
#7999 = ORIENTED_EDGE ( 'NONE', *, *, #9010, .F. ) ;
#8000 = CARTESIAN_POINT ( 'NONE',  ( 0.000000000000000000, -29.20849999999996527, -143.5000000000000284 ) ) ;
#8001 = CARTESIAN_POINT ( 'NONE',  ( 7.100000000000612488, 30.39999999999938751, -152.0010000000000048 ) ) ;
#8002 = DIRECTION ( 'NONE',  ( -1.000000000000000000, 0.000000000000000000, 0.000000000000000000 ) ) ;
#8003 = CARTESIAN_POINT ( 'NONE',  ( 6.500000000000000888, 25.13397459621599950, -2.000000000000000000 ) ) ;
#8004 = ORIENTED_EDGE ( 'NONE', *, *, #2016, .T. ) ;
#8005 = CARTESIAN_POINT ( 'NONE',  ( 9.500000000000000000, 26.86602540378400050, -2.000000000000000000 ) ) ;
#8006 = CARTESIAN_POINT ( 'NONE',  ( 6.500000000000000888, 26.84166501650004122, 0.000000000000000000 ) ) ;
#8007 = ORIENTED_EDGE ( 'NONE', *, *, #3501, .F. ) ;
#8008 = EDGE_CURVE ( 'NONE', #1399, #3087, #725, .T. ) ;
#8009 = EDGE_CURVE ( 'NONE', #8831, #2862, #4422, .T. ) ;
#8010 = CARTESIAN_POINT ( 'NONE',  ( -8.000000000000000000, -26.00000000000000355, -0.3999999999999810929 ) ) ;
#8011 = EDGE_CURVE ( 'NONE', #2799, #7139, #8983, .T. ) ;
#8012 = CARTESIAN_POINT ( 'NONE',  ( -8.000000000000000000, -26.00000000000000355, -4.000000000000000000 ) ) ;
#8013 = DIRECTION ( 'NONE',  ( -0.8660254037873656996, 0.000000000000000000, -0.4999999999949302221 ) ) ;
#8014 = CARTESIAN_POINT ( 'NONE',  ( 9.500000000000000000, 25.13397459621599950, -2.000000000000000000 ) ) ;
#8015 = CARTESIAN_POINT ( 'NONE',  ( 9.350000000000003197, 35.00000000000000000, -135.0000000000000000 ) ) ;
#8016 = CARTESIAN_POINT ( 'NONE',  ( -8.000000000000000000, -26.00000000000000355, 0.000000000000000000 ) ) ;
#8017 = ORIENTED_EDGE ( 'NONE', *, *, #5560, .F. ) ;
#8018 = VECTOR ( 'NONE', #2413, 1000.000000000000000 ) ;
#8019 = CARTESIAN_POINT ( 'NONE',  ( -8.000000000000000000, -26.00000000000000355, -151.5999999999999943 ) ) ;
#8020 = ORIENTED_EDGE ( 'NONE', *, *, #4077, .F. ) ;
#8021 = CARTESIAN_POINT ( 'NONE',  ( 7.299999999999445599, 33.20000000000000284, -17.00000000000000000 ) ) ;
#8022 = EDGE_CURVE ( 'NONE', #3131, #7248, #4043, .T. ) ;
#8023 = EDGE_CURVE ( 'NONE', #9892, #5363, #3058, .T. ) ;
#8024 = CARTESIAN_POINT ( 'NONE',  ( -8.015521883131921044, -26.00000000000030553, -4.000000000000000000 ) ) ;
#8025 = CARTESIAN_POINT ( 'NONE',  ( -8.000000000000000000, -26.00000000000000355, -2.000000000000000000 ) ) ;
#8026 = AXIS2_PLACEMENT_3D ( 'NONE', #2728, #9882, #335 ) ;
#8027 = ORIENTED_EDGE ( 'NONE', *, *, #8419, .F. ) ;
#8028 = DIRECTION ( 'NONE',  ( 1.000000000000000000, 0.000000000000000000, 0.000000000000000000 ) ) ;
#8029 = DIRECTION ( 'NONE',  ( 0.000000000000000000, 0.000000000000000000, 1.000000000000000000 ) ) ;
#8030 = ORIENTED_EDGE ( 'NONE', *, *, #10140, .F. ) ;
#8031 = CARTESIAN_POINT ( 'NONE',  ( 7.999999999999694467, -30.00000000000000000, -17.00000000000000000 ) ) ;
#8032 = EDGE_LOOP ( 'NONE', ( #3146, #591, #4108, #3093 ) ) ;
#8033 = ORIENTED_EDGE ( 'NONE', *, *, #2513, .F. ) ;
#8034 = ORIENTED_EDGE ( 'NONE', *, *, #1481, .T. ) ;
#8035 = CYLINDRICAL_SURFACE ( 'NONE', #5857, 2.458499999999993690 ) ;
#8036 = AXIS2_PLACEMENT_3D ( 'NONE', #8286, #8389, #4254 ) ;
#8037 = EDGE_CURVE ( 'NONE', #1246, #4487, #2344, .T. ) ;
#8038 = ADVANCED_FACE ( 'NONE', ( #941 ), #10164, .F. ) ;
#8039 = LINE ( 'NONE', #4958, #1167 ) ;
#8040 = DIRECTION ( 'NONE',  ( 1.000000000000000000, 0.000000000000000000, 0.000000000000000000 ) ) ;
#8041 = CIRCLE ( 'NONE', #6511, 4.282999999999987928 ) ;
#8042 = DIRECTION ( 'NONE',  ( -0.8660254037842887165, -0.5000000000002595701, 0.000000000000000000 ) ) ;
#8043 = VERTEX_POINT ( 'NONE', #4778 ) ;
#8044 = DIRECTION ( 'NONE',  ( 0.000000000000000000, 0.000000000000000000, -1.000000000000000000 ) ) ;
#8045 = FACE_OUTER_BOUND ( 'NONE', #1837, .T. ) ;
#8046 = ORIENTED_EDGE ( 'NONE', *, *, #8465, .T. ) ;
#8047 = FACE_OUTER_BOUND ( 'NONE', #6312, .T. ) ;
#8048 = EDGE_LOOP ( 'NONE', ( #496, #4638, #9184, #6980, #6240, #8477, #2614, #9300, #3104, #9475, #8383, #6759, #5559, #5393, #5117, #593, #7715, #1891, #3109 ) ) ;
#8049 = CIRCLE ( 'NONE', #9403, 0.3999999999993869571 ) ;
#8050 = ORIENTED_EDGE ( 'NONE', *, *, #6267, .T. ) ;
#8051 = DIRECTION ( 'NONE',  ( 0.000000000000000000, 0.000000000000000000, -1.000000000000000000 ) ) ;
#8052 = ORIENTED_EDGE ( 'NONE', *, *, #2481, .F. ) ;
#8053 = CIRCLE ( 'NONE', #9081, 0.5000000000006440404 ) ;
#8054 = DIRECTION ( 'NONE',  ( 0.000000000000000000, 0.000000000000000000, 1.000000000000000000 ) ) ;
#8055 = DIRECTION ( 'NONE',  ( 0.000000000000000000, 0.000000000000000000, 1.000000000000000000 ) ) ;
#8056 = DIRECTION ( 'NONE',  ( 0.000000000000000000, 0.000000000000000000, -1.000000000000000000 ) ) ;
#8057 = CARTESIAN_POINT ( 'NONE',  ( -6.500000000000000888, -26.86602540378400050, -150.0000000000000000 ) ) ;
#8058 = DIRECTION ( 'NONE',  ( 0.8660254037842989305, -0.5000000000002420286, 0.000000000000000000 ) ) ;
#8059 = SHAPE_DEFINITION_REPRESENTATION ( #8900, #5891 ) ;
#8060 = ORIENTED_EDGE ( 'NONE', *, *, #4774, .F. ) ;
#8061 = LINE ( 'NONE', #880, #4219 ) ;
#8062 = ORIENTED_EDGE ( 'NONE', *, *, #9884, .F. ) ;
#8063 = VECTOR ( 'NONE', #10149, 1000.000000000000000 ) ;
#8064 = AXIS2_PLACEMENT_3D ( 'NONE', #7416, #4122, #3375 ) ;
#8065 = AXIS2_PLACEMENT_3D ( 'NONE', #6484, #10409, #8836 ) ;
#8066 = CARTESIAN_POINT ( 'NONE',  ( -7.100000000000612488, 30.00000000000000000, -17.00000000000001421 ) ) ;
#8067 = DIRECTION ( 'NONE',  ( 0.000000000000000000, 0.000000000000000000, 1.000000000000000000 ) ) ;
#8068 = DIRECTION ( 'NONE',  ( 0.000000000000000000, 0.000000000000000000, -1.000000000000000000 ) ) ;
#8069 = CARTESIAN_POINT ( 'NONE',  ( 7.004336740694808050, 27.15720435678655420, -151.8727660348362747 ) ) ;
#8070 = CARTESIAN_POINT ( 'NONE',  ( -0.4999999999993915423, -17.49999999999939249, -31.00000000000000000 ) ) ;
#8071 = DIRECTION ( 'NONE',  ( 1.000000000000000000, 0.000000000000000000, 0.000000000000000000 ) ) ;
#8072 = EDGE_CURVE ( 'NONE', #9612, #3856, #9167, .T. ) ;
#8073 = EDGE_LOOP ( 'NONE', ( #2258, #4029, #3770, #3684 ) ) ;
#8074 = EDGE_CURVE ( 'NONE', #6855, #7868, #9810, .T. ) ;
#8075 = CARTESIAN_POINT ( 'NONE',  ( -0.4999999999993793853, 25.50000000000000355, -111.0000000000000000 ) ) ;
#8076 = AXIS2_PLACEMENT_3D ( 'NONE', #233, #9265, #8405 ) ;
#8077 = FACE_OUTER_BOUND ( 'NONE', #6155, .T. ) ;
#8078 = DIRECTION ( 'NONE',  ( 0.000000000000000000, 0.000000000000000000, -1.000000000000000000 ) ) ;
#8079 = CARTESIAN_POINT ( 'NONE',  ( 0.000000000000000000, 0.000000000000000000, -2.000000000000000000 ) ) ;
#8080 = PRESENTATION_LAYER_ASSIGNMENT (  '', '', ( #4685 ) ) ;
#8081 = DIRECTION ( 'NONE',  ( 1.000000000000000000, 0.000000000000000000, 0.000000000000000000 ) ) ;
#8082 = ADVANCED_FACE ( 'NONE', ( #9763 ), #1232, .F. ) ;
#8083 = PLANE ( 'NONE',  #2365 ) ;
#8084 = ORIENTED_EDGE ( 'NONE', *, *, #2887, .F. ) ;
#8085 = EDGE_CURVE ( 'NONE', #3912, #3850, #7304, .T. ) ;
#8086 = EDGE_CURVE ( 'NONE', #755, #5222, #4720, .T. ) ;
#8087 = CARTESIAN_POINT ( 'NONE',  ( 7.978903285765472475, 24.28012938607333027, -152.0000000000000000 ) ) ;
#8088 = VERTEX_POINT ( 'NONE', #9705 ) ;
#8089 = ORIENTED_EDGE ( 'NONE', *, *, #2451, .T. ) ;
#8090 = EDGE_CURVE ( 'NONE', #3646, #9054, #5675, .T. ) ;
#8091 = ORIENTED_EDGE ( 'NONE', *, *, #8993, .F. ) ;
#8092 = FACE_OUTER_BOUND ( 'NONE', #479, .T. ) ;
#8093 = DIRECTION ( 'NONE',  ( -1.000000000000000000, 0.000000000000000000, 0.000000000000000000 ) ) ;
#8094 = CARTESIAN_POINT ( 'NONE',  ( -1.500000000000000000, 20.30000000000604032, -12.28299999999396164 ) ) ;
#8095 = CARTESIAN_POINT ( 'NONE',  ( 8.200000000000553513, -16.00000000000000000, -13.29999999999944826 ) ) ;
#8096 = ORIENTED_EDGE ( 'NONE', *, *, #1770, .T. ) ;
#8097 = LINE ( 'NONE', #4220, #828 ) ;
#8098 = EDGE_CURVE ( 'NONE', #2858, #5085, #9337, .T. ) ;
#8099 = DIRECTION ( 'NONE',  ( -0.000000000000000000, 1.000000000000000000, -0.000000000000000000 ) ) ;
#8100 = EDGE_LOOP ( 'NONE', ( #4739, #7275, #5185, #9740 ) ) ;
#8101 =( BOUNDED_CURVE ( )  B_SPLINE_CURVE ( 3, ( #1213, #7552, #6107, #9989 ),
 .UNSPECIFIED., .F., .F. ) 
 B_SPLINE_CURVE_WITH_KNOTS ( ( 4, 4 ),
 ( 5.497787143782138841, 6.283185307179586232 ),
 .UNSPECIFIED. ) 
 CURVE ( )  GEOMETRIC_REPRESENTATION_ITEM ( )  RATIONAL_B_SPLINE_CURVE ( ( 1.000000000000000000, 0.9492530216741912330, 0.9492530216741912330, 1.000000000000000000 ) ) 
 REPRESENTATION_ITEM ( '' )  );
#8102 = CARTESIAN_POINT ( 'NONE',  ( -3.750000000000000000, 7.250000000000000000, -152.0000000000000000 ) ) ;
#8103 = EDGE_CURVE ( 'NONE', #6692, #6492, #6104, .T. ) ;
#8104 = VERTEX_POINT ( 'NONE', #730 ) ;
#8105 = ORIENTED_EDGE ( 'NONE', *, *, #7495, .F. ) ;
#8106 = DIRECTION ( 'NONE',  ( 1.000000000000000000, 0.000000000000000000, 0.000000000000000000 ) ) ;
#8107 = ORIENTED_EDGE ( 'NONE', *, *, #3023, .T. ) ;
#8108 = DIRECTION ( 'NONE',  ( 1.000000000000000000, 0.000000000000000000, 0.000000000000000000 ) ) ;
#8109 = CARTESIAN_POINT ( 'NONE',  ( 9.478903285766067555, 26.87820559742598547, -152.0000000000000000 ) ) ;
#8110 = DIRECTION ( 'NONE',  ( -1.000000000000000000, 0.000000000000000000, 0.000000000000000000 ) ) ;
#8111 = DIRECTION ( 'NONE',  ( 0.3122498999197030889, 0.9500000000000713429, 0.000000000000000000 ) ) ;
#8112 = CARTESIAN_POINT ( 'NONE',  ( -3.750000000000000000, 7.250000000000000000, -150.6715170305900529 ) ) ;
#8113 = APPLICATION_PROTOCOL_DEFINITION ( 'draft international standard', 'automotive_design', 1998, #7605 ) ;
#8114 = ORIENTED_EDGE ( 'NONE', *, *, #999, .F. ) ;
#8115 = CONICAL_SURFACE ( 'NONE', #4889, 1.720000000000002860, 1.047197551196594745 ) ;
#8116 = ORIENTED_EDGE ( 'NONE', *, *, #464, .T. ) ;
#8117 = ADVANCED_FACE ( 'NONE', ( #3929 ), #10021, .F. ) ;
#8118 = DIRECTION ( 'NONE',  ( 1.000000000000000000, 0.000000000000000000, 0.000000000000000000 ) ) ;
#8119 = EDGE_LOOP ( 'NONE', ( #7986, #1252, #1287, #6704 ) ) ;
#8120 = CARTESIAN_POINT ( 'NONE',  ( 7.458499999999979480, -16.00000000000000000, -10.95850000000000080 ) ) ;
#8121 = AXIS2_PLACEMENT_3D ( 'NONE', #2006, #4428, #8610 ) ;
#8122 = CONICAL_SURFACE ( 'NONE', #1702, 4.282999999999988816, 0.5235987755983984027 ) ;
#8123 = DIRECTION ( 'NONE',  ( -0.000000000000000000, -0.000000000000000000, -1.000000000000000000 ) ) ;
#8124 = CARTESIAN_POINT ( 'NONE',  ( -0.4999999999993793853, 17.49999999999938183, -121.0000000000000000 ) ) ;
#8125 = AXIS2_PLACEMENT_3D ( 'NONE', #8359, #5279, #7779 ) ;
#8126 = DIRECTION ( 'NONE',  ( 1.000000000000000000, 0.000000000000000000, 0.000000000000000000 ) ) ;
#8127 = FACE_OUTER_BOUND ( 'NONE', #8923, .T. ) ;
#8128 = CARTESIAN_POINT ( 'NONE',  ( 7.299999999999445599, 32.99999999999944578, -135.0000000000000000 ) ) ;
#8129 = ORIENTED_EDGE ( 'NONE', *, *, #2884, .T. ) ;
#8130 = VECTOR ( 'NONE', #9481, 1000.000000000000000 ) ;
#8131 = CARTESIAN_POINT ( 'NONE',  ( -1.500000000000000000, 20.30000000000604032, -8.500000000000000000 ) ) ;
#8132 = AXIS2_PLACEMENT_3D ( 'NONE', #9344, #558, #3757 ) ;
#8133 = DIRECTION ( 'NONE',  ( 1.000000000000000000, 0.000000000000000000, 0.000000000000000000 ) ) ;
#8134 = PLANE ( 'NONE',  #7196 ) ;
#8135 = CARTESIAN_POINT ( 'NONE',  ( 6.500000000000000000, 26.14233152004424099, -0.1270075046021407195 ) ) ;
#8136 = AXIS2_PLACEMENT_3D ( 'NONE', #1386, #7028, #1276 ) ;
#8137 = FACE_OUTER_BOUND ( 'NONE', #5640, .T. ) ;
#8138 = ORIENTED_EDGE ( 'NONE', *, *, #3799, .T. ) ;
#8139 = CIRCLE ( 'NONE', #4408, 0.3999999999993869571 ) ;
#8140 = LINE ( 'NONE', #1732, #4966 ) ;
#8141 = FACE_BOUND ( 'NONE', #5597, .T. ) ;
#8142 = ORIENTED_EDGE ( 'NONE', *, *, #4777, .T. ) ;
#8143 = EDGE_CURVE ( 'NONE', #5276, #5352, #7129, .T. ) ;
#8144 = DIRECTION ( 'NONE',  ( 0.7071067811864980568, 8.659560562354326421E-17, -0.7071067811865970887 ) ) ;
#8145 = ORIENTED_EDGE ( 'NONE', *, *, #7638, .T. ) ;
#8146 = ORIENTED_EDGE ( 'NONE', *, *, #8011, .F. ) ;
#8147 = EDGE_LOOP ( 'NONE', ( #1894, #6232 ) ) ;
#8148 = CARTESIAN_POINT ( 'NONE',  ( 6.850000000000001421, 34.60000000000061959, -135.0000000000000000 ) ) ;
#8149 = AXIS2_PLACEMENT_3D ( 'NONE', #7026, #1428, #4631 ) ;
#8150 = EDGE_CURVE ( 'NONE', #2945, #6691, #2222, .T. ) ;
#8151 = CARTESIAN_POINT ( 'NONE',  ( -6.521096714233937774, -25.12179440257401097, 0.000000000000000000 ) ) ;
#8152 = LINE ( 'NONE', #4859, #1439 ) ;
#8153 = EDGE_CURVE ( 'NONE', #5663, #8472, #553, .T. ) ;
#8154 = ADVANCED_FACE ( 'NONE', ( #4243 ), #8160, .F. ) ;
#8155 = VERTEX_POINT ( 'NONE', #1044 ) ;
#8156 = CARTESIAN_POINT ( 'NONE',  ( 4.100000000000000533, 5.021051876504148371E-16, 8.600000000000093792 ) ) ;
#8157 = DIRECTION ( 'NONE',  ( 0.000000000000000000, 0.000000000000000000, -1.000000000000000000 ) ) ;
#8158 = EDGE_LOOP ( 'NONE', ( #2992, #309, #9932, #5476 ) ) ;
#8159 = DIRECTION ( 'NONE',  ( 1.000000000000000000, -0.000000000000000000, -0.000000000000000000 ) ) ;
#8160 = CONICAL_SURFACE ( 'NONE', #1730, 3.249999999999988898, 0.7853981633974562726 ) ;
#8161 = ORIENTED_EDGE ( 'NONE', *, *, #654, .F. ) ;
#8162 = CONICAL_SURFACE ( 'NONE', #3587, 2.458500000000030106, 0.7853981633974469467 ) ;
#8163 = ORIENTED_EDGE ( 'NONE', *, *, #9880, .F. ) ;
#8164 = EDGE_CURVE ( 'NONE', #4354, #10116, #1822, .T. ) ;
#8165 = EDGE_CURVE ( 'NONE', #6794, #755, #7470, .T. ) ;
#8166 = CARTESIAN_POINT ( 'NONE',  ( 8.015521883131921044, 22.00000000000000000, 0.000000000000000000 ) ) ;
#8167 = ORIENTED_EDGE ( 'NONE', *, *, #4305, .F. ) ;
#8168 = CARTESIAN_POINT ( 'NONE',  ( 8.000000000000000000, 26.00000000000000355, 997.1339745962155803 ) ) ;
#8169 = CARTESIAN_POINT ( 'NONE',  ( 8.504336350441954906, 27.44087207987903554, -151.8727660207881627 ) ) ;
#8170 = CARTESIAN_POINT ( 'NONE',  ( -5.688034792648446469, -1.909518315602324545, 3.599999999999993872 ) ) ;
#8171 = CARTESIAN_POINT ( 'NONE',  ( 6.500000000000000888, 25.13397459621599950, -150.0000000000000000 ) ) ;
#8172 = VERTEX_POINT ( 'NONE', #256 ) ;
#8173 = ORIENTED_EDGE ( 'NONE', *, *, #8304, .T. ) ;
#8174 = ORIENTED_EDGE ( 'NONE', *, *, #6582, .F. ) ;
#8175 = DIRECTION ( 'NONE',  ( -1.000000000000000000, 0.000000000000000000, 0.000000000000000000 ) ) ;
#8176 = B_SPLINE_CURVE_WITH_KNOTS ( 'NONE', 3,
 ( #4002, #2417, #8193, #4050, #7234, #4901, #10451, #844 ),
 .UNSPECIFIED., .F., .F.,
 ( 4, 2, 2, 4 ),
 ( 0.0006612996976838338408, 0.001085740483414434753, 0.001510181269145035666, 0.002359062840606226865 ),
 .UNSPECIFIED. ) ;
#8177 = EDGE_CURVE ( 'NONE', #1093, #9526, #5935, .T. ) ;
#8178 = EDGE_CURVE ( 'NONE', #3112, #6514, #2650, .T. ) ;
#8179 = DIRECTION ( 'NONE',  ( 0.000000000000000000, 0.000000000000000000, 1.000000000000000000 ) ) ;
#8180 = CARTESIAN_POINT ( 'NONE',  ( -8.000000000000000000, -26.00000000000000355, 997.1339745962155803 ) ) ;
#8181 = CARTESIAN_POINT ( 'NONE',  ( 8.015521883131921044, 26.00000000000030553, -148.0000000000000000 ) ) ;
#8182 = DIRECTION ( 'NONE',  ( 0.000000000000000000, 1.000000000000000000, -1.224646799147353207E-16 ) ) ;
#8183 = ORIENTED_EDGE ( 'NONE', *, *, #1012, .F. ) ;
#8184 = DIRECTION ( 'NONE',  ( 0.000000000000000000, 0.000000000000000000, 1.000000000000000000 ) ) ;
#8185 = FACE_OUTER_BOUND ( 'NONE', #7031, .T. ) ;
#8186 = CYLINDRICAL_SURFACE ( 'NONE', #8543, 0.2000000000005539014 ) ;
#8187 = TOROIDAL_SURFACE ( 'NONE', #2786, 5.200000000000555289, 0.2000000000005540679 ) ;
#8188 = CARTESIAN_POINT ( 'NONE',  ( -8.000000000000000000, -24.26794919243099713, -152.0000000000000000 ) ) ;
#8189 = CARTESIAN_POINT ( 'NONE',  ( -1.449999999999445954, 33.20000000000000284, -135.0000000000000000 ) ) ;
#8190 = ORIENTED_EDGE ( 'NONE', *, *, #3871, .T. ) ;
#8191 = COLOUR_RGB ( '',0.7921568627450980005, 0.8196078431372548767, 0.9333333333333333481 ) ;
#8192 = SHAPE_REPRESENTATION ( 'cilinder_uit', ( #3385, #6418, #6595 ), #1867 ) ;
#8193 = CARTESIAN_POINT ( 'NONE',  ( -9.500000000000000000, -25.43242950257818435, -0.07039121654364363656 ) ) ;
#8194 = VERTEX_POINT ( 'NONE', #1094 ) ;
#8195 = ORIENTED_EDGE ( 'NONE', *, *, #5990, .T. ) ;
#8196 = ORIENTED_EDGE ( 'NONE', *, *, #5816, .F. ) ;
#8197 = CARTESIAN_POINT ( 'NONE',  ( -1.000000000000000000, 32.99999999999944578, -17.00000000000000000 ) ) ;
#8198 = AXIS2_PLACEMENT_3D ( 'NONE', #8203, #8958, #5595 ) ;
#8199 = DIRECTION ( 'NONE',  ( -0.000000000000000000, 1.000000000000000000, -0.000000000000000000 ) ) ;
#8200 = AXIS2_PLACEMENT_3D ( 'NONE', #1465, #5320, #5368 ) ;
#8201 = DIRECTION ( 'NONE',  ( 0.000000000000000000, 0.000000000000000000, 1.000000000000000000 ) ) ;
#8202 = EDGE_LOOP ( 'NONE', ( #6152, #5058 ) ) ;
#8203 = CARTESIAN_POINT ( 'NONE',  ( 0.000000000000000000, -16.00000000000000000, -8.500000003456433362 ) ) ;
#8204 = DIRECTION ( 'NONE',  ( 1.000000000000000000, -0.000000000000000000, -0.000000000000000000 ) ) ;
#8205 = ORIENTED_EDGE ( 'NONE', *, *, #85, .T. ) ;
#8206 = DIRECTION ( 'NONE',  ( -0.8660254037842993746, -0.5000000000002412515, 0.000000000000000000 ) ) ;
#8207 = VERTEX_POINT ( 'NONE', #4294 ) ;
#8208 = EDGE_CURVE ( 'NONE', #4598, #8770, #9236, .T. ) ;
#8209 = VECTOR ( 'NONE', #5207, 1000.000000000000000 ) ;
#8210 = FACE_BOUND ( 'NONE', #10183, .T. ) ;
#8211 = EDGE_CURVE ( 'NONE', #2964, #8849, #9966, .T. ) ;
#8212 = ORIENTED_EDGE ( 'NONE', *, *, #5504, .T. ) ;
#8213 = ORIENTED_EDGE ( 'NONE', *, *, #520, .T. ) ;
#8214 = DIRECTION ( 'NONE',  ( 1.000000000000000000, 0.000000000000000000, 0.000000000000000000 ) ) ;
#8215 = ORIENTED_EDGE ( 'NONE', *, *, #4013, .F. ) ;
#8216 = FACE_OUTER_BOUND ( 'NONE', #9885, .T. ) ;
#8217 = DIRECTION ( 'NONE',  ( -0.000000000000000000, 1.000000000000000000, -0.000000000000000000 ) ) ;
#8218 = CARTESIAN_POINT ( 'NONE',  ( -3.750000000000000000, 7.250000000000000000, -150.6715170305900529 ) ) ;
#8219 = CARTESIAN_POINT ( 'NONE',  ( -1.399999999999388622, 30.00000000000000000, -17.00000000000000000 ) ) ;
#8220 = ORIENTED_EDGE ( 'NONE', *, *, #1756, .T. ) ;
#8221 = ADVANCED_FACE ( 'NONE', ( #1774 ), #9666, .F. ) ;
#8222 = ADVANCED_FACE ( 'NONE', ( #4402 ), #3506, .T. ) ;
#8223 = AXIS2_PLACEMENT_3D ( 'NONE', #3456, #1052, #8339 ) ;
#8224 = VERTEX_POINT ( 'NONE', #409 ) ;
#8225 = DIRECTION ( 'NONE',  ( 0.000000000000000000, 1.000000000000000000, 0.000000000000000000 ) ) ;
#8226 = VECTOR ( 'NONE', #8763, 1000.000000000000000 ) ;
#8227 = UNCERTAINTY_MEASURE_WITH_UNIT (LENGTH_MEASURE( 1.000000000000000082E-05 ), #8489, 'distance_accuracy_value', 'NONE');
#8228 = CARTESIAN_POINT ( 'NONE',  ( 1.738422021547136209, -17.73842202154713732, -141.7615779784528627 ) ) ;
#8229 = CARTESIAN_POINT ( 'NONE',  ( -9.349999999999987210, 34.99999999999999289, -135.0000000000000000 ) ) ;
#8230 = CYLINDRICAL_SURFACE ( 'NONE', #1368, 4.282999999999981711 ) ;
#8231 = CARTESIAN_POINT ( 'NONE',  ( 1.000000000000000000, 32.99999999999944578, -17.00000000000001421 ) ) ;
#8232 = ORIENTED_EDGE ( 'NONE', *, *, #4305, .T. ) ;
#8233 = CARTESIAN_POINT ( 'NONE',  ( -1.440155956905747825, -13.54149999999999565, -144.9401559569057554 ) ) ;
#8234 = DIRECTION ( 'NONE',  ( -1.000000000000000000, -0.000000000000000000, -0.000000000000000000 ) ) ;
#8235 = VECTOR ( 'NONE', #9195, 1000.000000000000000 ) ;
#8236 = CONICAL_SURFACE ( 'NONE', #1310, 1.719999999999999307, 1.047197551202454280 ) ;
#8237 = EDGE_CURVE ( 'NONE', #3362, #9721, #6444, .T. ) ;
#8238 = AXIS2_PLACEMENT_3D ( 'NONE', #6718, #3541, #5923 ) ;
#8239 = FACE_OUTER_BOUND ( 'NONE', #2769, .T. ) ;
#8240 = DIRECTION ( 'NONE',  ( 0.000000000000000000, 0.8660254037851978781, 0.4999999999986848298 ) ) ;
#8241 = DIRECTION ( 'NONE',  ( -1.000000000000000000, 0.000000000000000000, 0.000000000000000000 ) ) ;
#8242 = DIRECTION ( 'NONE',  ( -0.000000000000000000, 0.000000000000000000, 1.000000000000000000 ) ) ;
#8243 = EDGE_LOOP ( 'NONE', ( #7020, #351, #8874, #5310 ) ) ;
#8244 = FACE_OUTER_BOUND ( 'NONE', #7564, .T. ) ;
#8245 = VERTEX_POINT ( 'NONE', #1924 ) ;
#8246 = ORIENTED_EDGE ( 'NONE', *, *, #3082, .T. ) ;
#8247 = CIRCLE ( 'NONE', #489, 1.999999999999989564 ) ;
#8248 = ORIENTED_EDGE ( 'NONE', *, *, #7780, .T. ) ;
#8249 = CARTESIAN_POINT ( 'NONE',  ( 0.000000000000000000, 13.54150000000000098, -8.500000000000000000 ) ) ;
#8250 = DIRECTION ( 'NONE',  ( -0.000000000000000000, -0.000000000000000000, -1.000000000000000000 ) ) ;
#8251 = PLANE ( 'NONE',  #8693 ) ;
#8252 = EDGE_LOOP ( 'NONE', ( #8485, #8845, #1513, #7343 ) ) ;
#8253 = CARTESIAN_POINT ( 'NONE',  ( -8.000000000000000000, -26.00000000000000355, -150.0000000000000000 ) ) ;
#8254 = FACE_OUTER_BOUND ( 'NONE', #4710, .T. ) ;
#8255 = VERTEX_POINT ( 'NONE', #4350 ) ;
#8256 =( GEOMETRIC_REPRESENTATION_CONTEXT ( 3 ) GLOBAL_UNCERTAINTY_ASSIGNED_CONTEXT ( ( #2597 ) ) GLOBAL_UNIT_ASSIGNED_CONTEXT ( ( #7471, #5658, #79 ) ) REPRESENTATION_CONTEXT ( 'NONE', 'WORKASPACE' ) );
#8257 = DIRECTION ( 'NONE',  ( 0.000000000000000000, 0.000000000000000000, 1.000000000000000000 ) ) ;
#8258 = CARTESIAN_POINT ( 'NONE',  ( 0.000000000000000000, 0.000000000000000000, 0.000000000000000000 ) ) ;
#8259 = ORIENTED_EDGE ( 'NONE', *, *, #5829, .T. ) ;
#8260 = CARTESIAN_POINT ( 'NONE',  ( 7.000907178322302471, 24.84477570197242002, -0.1267986305219090115 ) ) ;
#8261 = ORIENTED_EDGE ( 'NONE', *, *, #7968, .T. ) ;
#8262 = FILL_AREA_STYLE ('',( #8969 ) ) ;
#8263 = LINE ( 'NONE', #5921, #7957 ) ;
#8264 = CARTESIAN_POINT ( 'NONE',  ( 0.000000000000000000, 0.000000000000000000, 29.99999999999999289 ) ) ;
#8265 = CARTESIAN_POINT ( 'NONE',  ( 1.271201803182606005, -18.20564223991167552, -145.7056422399116684 ) ) ;
#8266 = ORIENTED_EDGE ( 'NONE', *, *, #9699, .T. ) ;
#8267 = ORIENTED_EDGE ( 'NONE', *, *, #8545, .T. ) ;
#8268 = DIRECTION ( 'NONE',  ( 0.5000000000002420286, 0.8660254037842989305, 0.000000000000000000 ) ) ;
#8269 = EDGE_CURVE ( 'NONE', #7459, #7372, #7590, .T. ) ;
#8270 = CARTESIAN_POINT ( 'NONE',  ( 0.4999999999993915423, 25.50000000000000355, -121.0000000000000000 ) ) ;
#8271 = ADVANCED_FACE ( 'NONE', ( #3608 ), #8230, .F. ) ;
#8272 = DIRECTION ( 'NONE',  ( -0.000000000000000000, 1.000000000000000000, -0.000000000000000000 ) ) ;
#8273 = CIRCLE ( 'NONE', #4041, 4.799999999999447375 ) ;
#8274 = EDGE_CURVE ( 'NONE', #1586, #3232, #7788, .T. ) ;
#8275 = LINE ( 'NONE', #7483, #9581 ) ;
#8276 = FACE_OUTER_BOUND ( 'NONE', #8032, .T. ) ;
#8277 = ORIENTED_EDGE ( 'NONE', *, *, #6381, .F. ) ;
#8278 = DIRECTION ( 'NONE',  ( -0.2588190451025242922, -0.9659258262890673130, 0.000000000000000000 ) ) ;
#8279 = PLANE ( 'NONE',  #9305 ) ;
#8280 = CARTESIAN_POINT ( 'NONE',  ( 8.995663259305226589, 24.84279564321345646, -0.1272339651654575410 ) ) ;
#8281 = CONICAL_SURFACE ( 'NONE', #1855, 3.000000000000030198, 0.7853981633974531640 ) ;
#8282 = AXIS2_PLACEMENT_3D ( 'NONE', #1352, #10126, #568 ) ;
#8283 = CARTESIAN_POINT ( 'NONE',  ( 3.010794155703792809E-16, -29.20849999999996527, -141.0414999999999850 ) ) ;
#8284 = CIRCLE ( 'NONE', #10132, 10.00000000000000000 ) ;
#8285 = ADVANCED_FACE ( 'NONE', ( #8585 ), #606, .F. ) ;
#8286 = CARTESIAN_POINT ( 'NONE',  ( -8.000000000001291411, 26.00000000000094857, -135.0000000000000000 ) ) ;
#8287 = ADVANCED_FACE ( 'NONE', ( #2025 ), #7797, .T. ) ;
#8288 = CARTESIAN_POINT ( 'NONE',  ( -8.000000000000000000, -26.00000000000000355, -4.000000000000000000 ) ) ;
#8289 = ADVANCED_FACE ( 'NONE', ( #3755 ), #6891, .T. ) ;
#8290 = AXIS2_PLACEMENT_3D ( 'NONE', #3683, #9270, #10190 ) ;
#8291 = DIRECTION ( 'NONE',  ( 0.8660254037842706198, -0.5000000000002912115, 0.000000000000000000 ) ) ;
#8292 = CARTESIAN_POINT ( 'NONE',  ( 9.500000000000000000, 25.13397459621599950, -152.0000000000000000 ) ) ;
#8293 = DIRECTION ( 'NONE',  ( 1.000000000000000000, 0.000000000000000000, 0.000000000000000000 ) ) ;
#8294 = VECTOR ( 'NONE', #9464, 1000.000000000000000 ) ;
#8295 = ORIENTED_EDGE ( 'NONE', *, *, #8424, .T. ) ;
#8296 = CARTESIAN_POINT ( 'NONE',  ( -1.500000000000000000, 28.47151703059500960, -8.500000000000000000 ) ) ;
#8297 = ORIENTED_EDGE ( 'NONE', *, *, #10105, .F. ) ;
#8298 = ORIENTED_EDGE ( 'NONE', *, *, #3500, .F. ) ;
#8299 = ORIENTED_EDGE ( 'NONE', *, *, #5759, .T. ) ;
#8300 = CYLINDRICAL_SURFACE ( 'NONE', #472, 5.999999999999986677 ) ;
#8301 = AXIS2_PLACEMENT_3D ( 'NONE', #3224, #762, #6399 ) ;
#8302 = CARTESIAN_POINT ( 'NONE',  ( 2.458499999999995911, 14.55984404309425884, -6.041500000000004533 ) ) ;
#8303 = LINE ( 'NONE', #7506, #438 ) ;
#8304 = EDGE_CURVE ( 'NONE', #1340, #625, #2227, .T. ) ;
#8305 = ORIENTED_EDGE ( 'NONE', *, *, #7778, .T. ) ;
#8306 = AXIS2_PLACEMENT_3D ( 'NONE', #1920, #5140, #7075 ) ;
#8307 = DIRECTION ( 'NONE',  ( 1.000000000000000000, 0.000000000000000000, 0.000000000000000000 ) ) ;
#8308 = CARTESIAN_POINT ( 'NONE',  ( -8.000000000000000000, -13.54149999999999920, -8.500000000000000000 ) ) ;
#8309 = EDGE_LOOP ( 'NONE', ( #6046, #2545, #9690, #1893, #6387 ) ) ;
#8310 = VECTOR ( 'NONE', #8844, 1000.000000000000227 ) ;
#8311 = CARTESIAN_POINT ( 'NONE',  ( -2.458500000000003460, 16.00000000000000000, -145.9585000000000150 ) ) ;
#8312 = CYLINDRICAL_SURFACE ( 'NONE', #3486, 2.458500000000002572 ) ;
#8313 = DIRECTION ( 'NONE',  ( -1.000000000000000000, -0.000000000000000000, -0.000000000000000000 ) ) ;
#8314 = VECTOR ( 'NONE', #5946, 1000.000000000000000 ) ;
#8315 = ORIENTED_EDGE ( 'NONE', *, *, #3677, .T. ) ;
#8316 = DIRECTION ( 'NONE',  ( 0.000000000000000000, -1.000000000000000000, 0.000000000000000000 ) ) ;
#8317 = EDGE_LOOP ( 'NONE', ( #9688, #8261 ) ) ;
#8318 = DIRECTION ( 'NONE',  ( -1.000000000000000000, 0.000000000000000000, 0.000000000000000000 ) ) ;
#8319 = DIRECTION ( 'NONE',  ( 0.000000000000000000, 0.000000000000000000, 1.000000000000000000 ) ) ;
#8320 = CARTESIAN_POINT ( 'NONE',  ( -8.021096714234518643, -27.71987061392667329, -152.0000000000000000 ) ) ;
#8321 = ORIENTED_EDGE ( 'NONE', *, *, #7668, .T. ) ;
#8322 = ORIENTED_EDGE ( 'NONE', *, *, #267, .F. ) ;
#8323 = VECTOR ( 'NONE', #2843, 1000.000000000000114 ) ;
#8324 = ORIENTED_EDGE ( 'NONE', *, *, #656, .F. ) ;
#8325 = CARTESIAN_POINT ( 'NONE',  ( 1.999999999999988010, 2.449293598294691130E-16, -145.0000000000000000 ) ) ;
#8326 = CARTESIAN_POINT ( 'NONE',  ( 9.500000000000000000, 26.00000000000000355, -150.0000000000000000 ) ) ;
#8327 = VECTOR ( 'NONE', #10087, 1000.000000000000000 ) ;
#8328 = CARTESIAN_POINT ( 'NONE',  ( 3.250000000000030642, 16.00000000000000000, 1.084202172485504434E-16 ) ) ;
#8329 = ORIENTED_EDGE ( 'NONE', *, *, #10260, .F. ) ;
#8330 = DIRECTION ( 'NONE',  ( 0.8660254037843072572, 0.5000000000002275957, 0.000000000000000000 ) ) ;
#8331 = LINE ( 'NONE', #9034, #3554 ) ;
#8332 = VECTOR ( 'NONE', #4234, 1000.000000000000114 ) ;
#8333 = VERTEX_POINT ( 'NONE', #5446 ) ;
#8334 = CARTESIAN_POINT ( 'NONE',  ( 5.688034792648439364, 1.909518315602346084, 3.599999999999993872 ) ) ;
#8335 = DIRECTION ( 'NONE',  ( 0.000000000000000000, 0.000000000000000000, -1.000000000000000000 ) ) ;
#8336 = ADVANCED_FACE ( 'NONE', ( #10168 ), #1707, .F. ) ;
#8337 = ADVANCED_FACE ( 'NONE', ( #7090 ), #4649, .T. ) ;
#8338 = EDGE_CURVE ( 'NONE', #4512, #8333, #8625, .T. ) ;
#8339 = DIRECTION ( 'NONE',  ( 1.000000000000000000, 0.000000000000000000, 0.000000000000000000 ) ) ;
#8340 = DIRECTION ( 'NONE',  ( 1.000000000000000000, 0.000000000000000000, 0.000000000000000000 ) ) ;
#8341 = LINE ( 'NONE', #7298, #5424 ) ;
#8342 = CARTESIAN_POINT ( 'NONE',  ( 2.458500000000013230, -16.00000000000000000, -8.500000003456433362 ) ) ;
#8343 = DIRECTION ( 'NONE',  ( 1.000000000000000000, -0.000000000000000000, -0.000000000000000000 ) ) ;
#8344 = EDGE_LOOP ( 'NONE', ( #3050, #2270, #8514, #1440 ) ) ;
#8345 = LINE ( 'NONE', #327, #8838 ) ;
#8346 = ORIENTED_EDGE ( 'NONE', *, *, #8868, .T. ) ;
#8347 = ORIENTED_EDGE ( 'NONE', *, *, #9830, .T. ) ;
#8348 = ORIENTED_EDGE ( 'NONE', *, *, #2952, .T. ) ;
#8349 = ADVANCED_FACE ( 'NONE', ( #2127 ), #6041, .F. ) ;
#8350 = EDGE_CURVE ( 'NONE', #6816, #3581, #661, .T. ) ;
#8351 = LINE ( 'NONE', #5854, #6359 ) ;
#8352 = DIRECTION ( 'NONE',  ( -0.000000000000000000, -1.000000000000000000, -0.000000000000000000 ) ) ;
#8353 = CARTESIAN_POINT ( 'NONE',  ( 9.500000000000000000, 25.13397459621599950, -150.0000000000000000 ) ) ;
#8354 = ORIENTED_EDGE ( 'NONE', *, *, #588, .T. ) ;
#8355 = CARTESIAN_POINT ( 'NONE',  ( 0.000000000000000000, 0.000000000000000000, 2.000000000000000000 ) ) ;
#8356 = CARTESIAN_POINT ( 'NONE',  ( -12.00000000000000000, -16.00000000000000000, -8.500000000000000000 ) ) ;
#8357 = ORIENTED_EDGE ( 'NONE', *, *, #6656, .F. ) ;
#8358 = LINE ( 'NONE', #4327, #6282 ) ;
#8359 = CARTESIAN_POINT ( 'NONE',  ( 8.000000000000000000, 26.00000000000000355, -149.1339745962199856 ) ) ;
#8360 = DIRECTION ( 'NONE',  ( -0.000000000000000000, 0.000000000000000000, 1.000000000000000000 ) ) ;
#8361 = ADVANCED_FACE ( 'NONE', ( #1342 ), #6139, .F. ) ;
#8362 = EDGE_CURVE ( 'NONE', #6622, #7499, #7067, .T. ) ;
#8363 = VECTOR ( 'NONE', #1608, 1000.000000000000000 ) ;
#8364 = CARTESIAN_POINT ( 'NONE',  ( -8.015521883131921044, -22.00000000000000000, -148.0000000000000000 ) ) ;
#8365 = ORIENTED_EDGE ( 'NONE', *, *, #9646, .T. ) ;
#8366 = LINE ( 'NONE', #1812, #8473 ) ;
#8367 = AXIS2_PLACEMENT_3D ( 'NONE', #7074, #5481, #1482 ) ;
#8368 = DIRECTION ( 'NONE',  ( 0.000000000000000000, -1.000000000000000000, 0.000000000000000000 ) ) ;
#8369 = CYLINDRICAL_SURFACE ( 'NONE', #5839, 4.100000000000000533 ) ;
#8370 = ORIENTED_EDGE ( 'NONE', *, *, #395, .T. ) ;
#8371 = EDGE_LOOP ( 'NONE', ( #6831, #10064, #864 ) ) ;
#8372 = ORIENTED_EDGE ( 'NONE', *, *, #2198, .F. ) ;
#8373 = CIRCLE ( 'NONE', #7529, 1.720000000000002860 ) ;
#8374 = CARTESIAN_POINT ( 'NONE',  ( 9.478903285766079989, 25.12179440257403584, 0.000000000000000000 ) ) ;
#8375 = DIRECTION ( 'NONE',  ( 0.000000000000000000, -0.000000000000000000, 1.000000000000000000 ) ) ;
#8376 = FACE_BOUND ( 'NONE', #9149, .T. ) ;
#8377 = ORIENTED_EDGE ( 'NONE', *, *, #6065, .F. ) ;
#8378 = VERTEX_POINT ( 'NONE', #7697 ) ;
#8379 = VECTOR ( 'NONE', #4888, 1000.000000000000114 ) ;
#8380 = CARTESIAN_POINT ( 'NONE',  ( 0.000000000000000000, -29.20850000000000435, -8.500000000000000000 ) ) ;
#8381 = CONICAL_SURFACE ( 'NONE', #3796, 1.719999999999999307, 1.047197551202454280 ) ;
#8382 = DIRECTION ( 'NONE',  ( 0.000000000000000000, 1.000000000000000000, 0.000000000000000000 ) ) ;
#8383 = ORIENTED_EDGE ( 'NONE', *, *, #229, .T. ) ;
#8384 = VECTOR ( 'NONE', #1464, 1000.000000000000000 ) ;
#8385 = DIRECTION ( 'NONE',  ( 0.000000000000000000, -0.000000000000000000, 1.000000000000000000 ) ) ;
#8386 = CARTESIAN_POINT ( 'NONE',  ( -9.500000000000003553, -25.13397459621599594, 0.000000000000000000 ) ) ;
#8387 = AXIS2_PLACEMENT_3D ( 'NONE', #3961, #8675, #8780 ) ;
#8388 = CARTESIAN_POINT ( 'NONE',  ( 12.00000000000000178, 16.00000000000000000, -10.95849999999998836 ) ) ;
#8389 = DIRECTION ( 'NONE',  ( 0.000000000000000000, 0.000000000000000000, 1.000000000000000000 ) ) ;
#8390 = ADVANCED_FACE ( 'NONE', ( #10215 ), #5390, .F. ) ;
#8391 = DIRECTION ( 'NONE',  ( 1.000000000000000000, 0.000000000000000000, 0.000000000000000000 ) ) ;
#8392 = CARTESIAN_POINT ( 'NONE',  ( -2.458500000000003460, 16.00000000000000000, -141.0415000000000134 ) ) ;
#8393 = EDGE_CURVE ( 'NONE', #9239, #988, #2872, .T. ) ;
#8394 = CIRCLE ( 'NONE', #9745, 4.282999999999981711 ) ;
#8395 = CARTESIAN_POINT ( 'NONE',  ( 1.958499999993985830, -16.00000000000000000, -12.49999999999396749 ) ) ;
#8396 = DIRECTION ( 'NONE',  ( 0.000000000000000000, 0.000000000000000000, 1.000000000000000000 ) ) ;
#8397 = CARTESIAN_POINT ( 'NONE',  ( -8.000000000001291411, 26.00000000000094857, -152.0000000000000000 ) ) ;
#8398 = VERTEX_POINT ( 'NONE', #1395 ) ;
#8399 = CARTESIAN_POINT ( 'NONE',  ( -6.500000000000000888, -26.84166501650003767, -152.0000000000000000 ) ) ;
#8400 = ORIENTED_EDGE ( 'NONE', *, *, #7062, .F. ) ;
#8401 = VERTEX_POINT ( 'NONE', #5296 ) ;
#8402 = EDGE_LOOP ( 'NONE', ( #6728, #9225, #9780, #3652 ) ) ;
#8403 = CARTESIAN_POINT ( 'NONE',  ( 11.50000000000003020, 26.00000000000000355, -148.1000000000000512 ) ) ;
#8404 = CIRCLE ( 'NONE', #9249, 1.500000000000000666 ) ;
#8405 = DIRECTION ( 'NONE',  ( -1.000000000000000000, 0.000000000000000000, 0.000000000000000000 ) ) ;
#8406 = VECTOR ( 'NONE', #9036, 1000.000000000000000 ) ;
#8407 = CARTESIAN_POINT ( 'NONE',  ( 8.500000000000000000, 17.49999999999939249, -121.0000000000000000 ) ) ;
#8408 = ADVANCED_FACE ( 'NONE', ( #1288 ), #3804, .F. ) ;
#8409 = ORIENTED_EDGE ( 'NONE', *, *, #10015, .T. ) ;
#8410 = EDGE_CURVE ( 'NONE', #6794, #3876, #1540, .T. ) ;
#8411 = EDGE_CURVE ( 'NONE', #205, #3882, #8806, .T. ) ;
#8412 = CARTESIAN_POINT ( 'NONE',  ( -8.000000000000000000, -16.00000000000000000, -8.500000000000000000 ) ) ;
#8413 = ADVANCED_FACE ( 'NONE', ( #927 ), #870, .F. ) ;
#8414 = ORIENTED_EDGE ( 'NONE', *, *, #1620, .F. ) ;
#8415 = LINE ( 'NONE', #6118, #5103 ) ;
#8416 = AXIS2_PLACEMENT_3D ( 'NONE', #150, #9704, #8867 ) ;
#8417 = LINE ( 'NONE', #2846, #6925 ) ;
#8418 = DIRECTION ( 'NONE',  ( -0.5000000000002420286, 0.8660254037842989305, 0.000000000000000000 ) ) ;
#8419 = EDGE_CURVE ( 'NONE', #7403, #4982, #5074, .T. ) ;
#8420 = CARTESIAN_POINT ( 'NONE',  ( -9.500000000000000000, -25.71369762206031595, -151.8851527379344759 ) ) ;
#8421 = AXIS2_PLACEMENT_3D ( 'NONE', #6666, #6452, #7314 ) ;
#8422 = ORIENTED_EDGE ( 'NONE', *, *, #1574, .T. ) ;
#8423 = CARTESIAN_POINT ( 'NONE',  ( -2.458500000000003460, 16.00000000000000000, -10.95850000000000257 ) ) ;
#8424 = EDGE_CURVE ( 'NONE', #6514, #6769, #28, .T. ) ;
#8425 = CARTESIAN_POINT ( 'NONE',  ( -8.504336350441953130, -27.44087207987903554, -151.8727660207881627 ) ) ;
#8426 = FACE_OUTER_BOUND ( 'NONE', #8317, .T. ) ;
#8427 = VERTEX_POINT ( 'NONE', #6504 ) ;
#8428 = ORIENTED_EDGE ( 'NONE', *, *, #10022, .F. ) ;
#8429 = VERTEX_POINT ( 'NONE', #4130 ) ;
#8430 = DIRECTION ( 'NONE',  ( 1.000000000000000000, 0.000000000000000000, 0.000000000000000000 ) ) ;
#8431 = LINE ( 'NONE', #502, #6598 ) ;
#8432 = CARTESIAN_POINT ( 'NONE',  ( -1.649999999999999911, 34.60000000000061959, -135.0000000000000000 ) ) ;
#8433 = EDGE_LOOP ( 'NONE', ( #10139, #6344, #4951, #1536 ) ) ;
#8434 = ORIENTED_EDGE ( 'NONE', *, *, #2647, .T. ) ;
#8435 = DIRECTION ( 'NONE',  ( -0.000000000000000000, -0.000000000000000000, 1.000000000000000000 ) ) ;
#8436 = EDGE_CURVE ( 'NONE', #4039, #8224, #2039, .T. ) ;
#8437 = DIRECTION ( 'NONE',  ( 0.000000000000000000, 0.000000000000000000, 1.000000000000000000 ) ) ;
#8438 = ORIENTED_EDGE ( 'NONE', *, *, #10151, .T. ) ;
#8439 = CARTESIAN_POINT ( 'NONE',  ( 9.500000000000000000, 26.86602540378400050, 0.000000000000000000 ) ) ;
#8440 = CARTESIAN_POINT ( 'NONE',  ( -0.4999999999993793853, -17.49999999999938538, -121.0000000000000000 ) ) ;
#8441 = CARTESIAN_POINT ( 'NONE',  ( -9.500000000000000000, -26.86602540378400050, -2.000000000000000000 ) ) ;
#8442 = LINE ( 'NONE', #10080, #9661 ) ;
#8443 = CARTESIAN_POINT ( 'NONE',  ( 0.000000000000000000, 16.00000000000000000, -152.0000000000000000 ) ) ;
#8444 = CARTESIAN_POINT ( 'NONE',  ( -1.500000000000000000, 20.30000000000604032, -143.5000000000000284 ) ) ;
#8445 = DIRECTION ( 'NONE',  ( 1.000000000000000000, 0.000000000000000000, 0.000000000000000000 ) ) ;
#8446 = LINE ( 'NONE', #10127, #10296 ) ;
#8447 = ORIENTED_EDGE ( 'NONE', *, *, #3442, .F. ) ;
#8448 = CARTESIAN_POINT ( 'NONE',  ( -6.500000000000000888, -25.15833498349996589, -152.0000000000000000 ) ) ;
#8449 = ORIENTED_EDGE ( 'NONE', *, *, #5943, .T. ) ;
#8450 = AXIS2_PLACEMENT_3D ( 'NONE', #6283, #9524, #8430 ) ;
#8451 = VERTEX_POINT ( 'NONE', #4082 ) ;
#8452 = FACE_OUTER_BOUND ( 'NONE', #10366, .T. ) ;
#8453 = AXIS2_PLACEMENT_3D ( 'NONE', #9755, #4822, #9595 ) ;
#8454 = DIRECTION ( 'NONE',  ( 0.000000000000000000, 0.000000000000000000, -1.000000000000000000 ) ) ;
#8455 = CARTESIAN_POINT ( 'NONE',  ( -1.500000000000000000, 29.80000000000000071, -143.5000000000000284 ) ) ;
#8456 = CARTESIAN_POINT ( 'NONE',  ( -7.249999999999709566, -24.70096189432366884, -2.000000000000000000 ) ) ;
#8457 = AXIS2_PLACEMENT_3D ( 'NONE', #7013, #3637, #2158 ) ;
#8458 = VECTOR ( 'NONE', #8291, 1000.000000000000000 ) ;
#8459 = ORIENTED_EDGE ( 'NONE', *, *, #8953, .F. ) ;
#8460 = DIRECTION ( 'NONE',  ( 0.000000000000000000, 0.000000000000000000, 1.000000000000000000 ) ) ;
#8461 = DIRECTION ( 'NONE',  ( 0.8660254037842995967, -0.5000000000002409184, 0.000000000000000000 ) ) ;
#8462 = ORIENTED_EDGE ( 'NONE', *, *, #6638, .T. ) ;
#8463 = CARTESIAN_POINT ( 'NONE',  ( 0.4999999999993793853, -25.50000000000000355, -111.0000000000000000 ) ) ;
#8464 = DIRECTION ( 'NONE',  ( 0.000000000000000000, 0.000000000000000000, 1.000000000000000000 ) ) ;
#8465 = EDGE_CURVE ( 'NONE', #6816, #9202, #868, .T. ) ;
#8466 = CIRCLE ( 'NONE', #4550, 0.2000000000005539014 ) ;
#8467 = EDGE_CURVE ( 'NONE', #1919, #10434, #5578, .T. ) ;
#8468 = CIRCLE ( 'NONE', #1379, 8.000000000000611067 ) ;
#8469 = EDGE_CURVE ( 'NONE', #1617, #7607, #6764, .T. ) ;
#8470 = CARTESIAN_POINT ( 'NONE',  ( 4.003462351063358682, -4.377391625423435961, 7.868853943432951858 ) ) ;
#8471 = EDGE_CURVE ( 'NONE', #75, #5632, #9693, .T. ) ;
#8472 = VERTEX_POINT ( 'NONE', #6453 ) ;
#8473 = VECTOR ( 'NONE', #1030, 1000.000000000000000 ) ;
#8474 = DIRECTION ( 'NONE',  ( -1.000000000000000000, -0.000000000000000000, -0.000000000000000000 ) ) ;
#8475 = CARTESIAN_POINT ( 'NONE',  ( -1.500000000000000000, 29.80000000000000071, -138.4500000000000739 ) ) ;
#8476 = CARTESIAN_POINT ( 'NONE',  ( -8.000000000000000000, -26.00000000000000355, -2.866025403784399739 ) ) ;
#8477 = ORIENTED_EDGE ( 'NONE', *, *, #7637, .T. ) ;
#8478 = VECTOR ( 'NONE', #3597, 1000.000000000000000 ) ;
#8479 = AXIS2_PLACEMENT_3D ( 'NONE', #829, #2340, #5561 ) ;
#8480 = ORIENTED_EDGE ( 'NONE', *, *, #1562, .T. ) ;
#8481 = ADVANCED_FACE ( 'NONE', ( #7315 ), #6244, .F. ) ;
#8482 = EDGE_CURVE ( 'NONE', #4005, #7081, #2437, .T. ) ;
#8483 = CIRCLE ( 'NONE', #9833, 3.399999999999996803 ) ;
#8484 = CARTESIAN_POINT ( 'NONE',  ( -1.738422021547135765, -17.73842202154713732, -10.23842202154713554 ) ) ;
#8485 = ORIENTED_EDGE ( 'NONE', *, *, #9503, .F. ) ;
#8486 = ORIENTED_EDGE ( 'NONE', *, *, #5504, .F. ) ;
#8487 = CARTESIAN_POINT ( 'NONE',  ( -1.440155956905749379, -13.54149999999999388, -7.059844043094250843 ) ) ;
#8488 = AXIS2_PLACEMENT_3D ( 'NONE', #10352, #9459, #10299 ) ;
#8489 =( LENGTH_UNIT ( ) NAMED_UNIT ( * ) SI_UNIT ( .MILLI., .METRE. ) );
#8490 = DIRECTION ( 'NONE',  ( 1.000000000000000000, 0.000000000000000000, 0.000000000000000000 ) ) ;
#8491 = CYLINDRICAL_SURFACE ( 'NONE', #7784, 0.2000000000005539014 ) ;
#8492 = EDGE_LOOP ( 'NONE', ( #475, #3718 ) ) ;
#8493 = ADVANCED_FACE ( 'NONE', ( #6347 ), #5606, .F. ) ;
#8494 = EDGE_CURVE ( 'NONE', #3793, #9987, #4104, .T. ) ;
#8495 = CIRCLE ( 'NONE', #1080, 4.232999999999958796 ) ;
#8496 = CARTESIAN_POINT ( 'NONE',  ( 8.032999999999988816, -7.249999999999999112, -145.5000000000000000 ) ) ;
#8497 = DIRECTION ( 'NONE',  ( 1.000000000000000000, -0.000000000000000000, -0.000000000000000000 ) ) ;
#8498 = CARTESIAN_POINT ( 'NONE',  ( -12.00000000000000000, -22.00000000000000000, -148.0000000000000000 ) ) ;
#8499 = DIRECTION ( 'NONE',  ( 0.000000000000000000, 0.000000000000000000, 1.000000000000000000 ) ) ;
#8500 =( BOUNDED_CURVE ( )  B_SPLINE_CURVE ( 3, ( #9994, #3365, #2727, #9207 ),
 .UNSPECIFIED., .F., .F. ) 
 B_SPLINE_CURVE_WITH_KNOTS ( ( 4, 4 ),
 ( 3.141592653589793116, 3.926990816987240063 ),
 .UNSPECIFIED. ) 
 CURVE ( )  GEOMETRIC_REPRESENTATION_ITEM ( )  RATIONAL_B_SPLINE_CURVE ( ( 1.000000000000000000, 0.9492530216741912330, 0.9492530216741912330, 1.000000000000000000 ) ) 
 REPRESENTATION_ITEM ( '' )  );
#8501 = CARTESIAN_POINT ( 'NONE',  ( 8.000000000000000000, -16.00000000000000000, -3.700000000000553513 ) ) ;
#8502 = DIRECTION ( 'NONE',  ( 0.8660254037842989305, -0.5000000000002420286, 0.000000000000000000 ) ) ;
#8503 = EDGE_LOOP ( 'NONE', ( #2567, #8603 ) ) ;
#8504 = DIRECTION ( 'NONE',  ( 1.000000000000000000, 0.000000000000000000, 0.000000000000000000 ) ) ;
#8505 = ORIENTED_EDGE ( 'NONE', *, *, #3145, .F. ) ;
#8506 = ORIENTED_EDGE ( 'NONE', *, *, #536, .F. ) ;
#8507 = ORIENTED_EDGE ( 'NONE', *, *, #3023, .F. ) ;
#8508 = DIRECTION ( 'NONE',  ( -0.8660254037842978203, 0.5000000000002438050, 0.000000000000000000 ) ) ;
#8509 = DIRECTION ( 'NONE',  ( 0.000000000000000000, 0.000000000000000000, 1.000000000000000000 ) ) ;
#8510 = CARTESIAN_POINT ( 'NONE',  ( -4.500000000000000000, -26.00000000000000355, -3.899999999999999911 ) ) ;
#8511 = EDGE_LOOP ( 'NONE', ( #6131, #3113, #8248, #8321 ) ) ;
#8512 = DIRECTION ( 'NONE',  ( 0.000000000000000000, 0.000000000000000000, -1.000000000000000000 ) ) ;
#8513 = CARTESIAN_POINT ( 'NONE',  ( 0.4999999999993793853, 25.50000000000000355, -111.0000000000000000 ) ) ;
#8514 = ORIENTED_EDGE ( 'NONE', *, *, #1887, .F. ) ;
#8515 = DIRECTION ( 'NONE',  ( -1.000000000000000000, 0.000000000000000000, 0.000000000000000000 ) ) ;
#8516 = CARTESIAN_POINT ( 'NONE',  ( 6.500000000000000888, 25.15833498350000141, -152.0000000000000000 ) ) ;
#8517 = CONICAL_SURFACE ( 'NONE', #3942, 1.499999999999999556, 1.047197551198829846 ) ;
#8518 = DIRECTION ( 'NONE',  ( -0.000000000000000000, -0.000000000000000000, -1.000000000000000000 ) ) ;
#8519 = ORIENTED_EDGE ( 'NONE', *, *, #551, .T. ) ;
#8520 = ADVANCED_FACE ( 'NONE', ( #1653 ), #1709, .T. ) ;
#8521 = CARTESIAN_POINT ( 'NONE',  ( 0.000000000000000000, -30.00000000000000000, -10.95850000000002566 ) ) ;
#8522 = EDGE_CURVE ( 'NONE', #1166, #2635, #37, .T. ) ;
#8523 = FACE_OUTER_BOUND ( 'NONE', #5444, .T. ) ;
#8524 = AXIS2_PLACEMENT_3D ( 'NONE', #5223, #8460, #1222 ) ;
#8525 = DIRECTION ( 'NONE',  ( 0.000000000000000000, 1.000000000000000000, 0.000000000000000000 ) ) ;
#8526 = ORIENTED_EDGE ( 'NONE', *, *, #166, .F. ) ;
#8527 = AXIS2_PLACEMENT_3D ( 'NONE', #6675, #10016, #1771 ) ;
#8528 = ORIENTED_EDGE ( 'NONE', *, *, #1607, .F. ) ;
#8529 = DIRECTION ( 'NONE',  ( -0.8660254037842883834, -0.5000000000002601253, 0.000000000000000000 ) ) ;
#8530 = AXIS2_PLACEMENT_3D ( 'NONE', #4008, #6, #3204 ) ;
#8531 = EDGE_LOOP ( 'NONE', ( #4079, #2812, #9856, #4032 ) ) ;
#8532 = EDGE_CURVE ( 'NONE', #5648, #3803, #3355, .T. ) ;
#8533 = VERTEX_POINT ( 'NONE', #7472 ) ;
#8534 = DIRECTION ( 'NONE',  ( 0.000000000000000000, 0.000000000000000000, -1.000000000000000000 ) ) ;
#8535 = EDGE_CURVE ( 'NONE', #6003, #426, #8263, .T. ) ;
#8536 = SHAPE_REPRESENTATION_RELATIONSHIP ( 'NONE' , 'NONE' ,  #2034, #683 ) ;
#8537 = ORIENTED_EDGE ( 'NONE', *, *, #8009, .F. ) ;
#8538 = ORIENTED_EDGE ( 'NONE', *, *, #3143, .F. ) ;
#8539 = EDGE_CURVE ( 'NONE', #8834, #7528, #5186, .T. ) ;
#8540 = LINE ( 'NONE', #458, #6529 ) ;
#8541 = CARTESIAN_POINT ( 'NONE',  ( -4.030983766875086971, -26.35136306023699149, -4.000000000000000000 ) ) ;
#8542 = EDGE_LOOP ( 'NONE', ( #6130, #1429, #5070 ) ) ;
#8543 = AXIS2_PLACEMENT_3D ( 'NONE', #6581, #951, #3186 ) ;
#8544 = CARTESIAN_POINT ( 'NONE',  ( -6.500000000000000888, -25.13397459621599950, -150.0000000000000000 ) ) ;
#8545 = EDGE_CURVE ( 'NONE', #604, #9404, #9168, .T. ) ;
#8546 = AXIS2_PLACEMENT_3D ( 'NONE', #3411, #1104, #1889 ) ;
#8547 = CARTESIAN_POINT ( 'NONE',  ( 1.000000000000000000, 30.00000000000000000, -17.00000000000000000 ) ) ;
#8548 = CARTESIAN_POINT ( 'NONE',  ( 0.000000000000000000, -30.00000000000000000, -11.75000000000003197 ) ) ;
#8549 = CARTESIAN_POINT ( 'NONE',  ( -6.500000000000000888, -25.13397459621599950, -150.0000000000000000 ) ) ;
#8550 = DIRECTION ( 'NONE',  ( 0.000000000000000000, 1.000000000000000000, 0.000000000000000000 ) ) ;
#8551 = ORIENTED_EDGE ( 'NONE', *, *, #1242, .T. ) ;
#8552 = ADVANCED_FACE ( 'NONE', ( #3539 ), #1854, .F. ) ;
#8553 = CARTESIAN_POINT ( 'NONE',  ( 4.899999999999966604, 26.00000000000000355, 0.000000000000000000 ) ) ;
#8554 = VERTEX_POINT ( 'NONE', #10008 ) ;
#8555 = ORIENTED_EDGE ( 'NONE', *, *, #6791, .F. ) ;
#8556 = VECTOR ( 'NONE', #9953, 1000.000000000000000 ) ;
#8557 = ORIENTED_EDGE ( 'NONE', *, *, #6911, .F. ) ;
#8558 = CARTESIAN_POINT ( 'NONE',  ( -2.458500000000006125, -14.55984404309424995, -10.95850000000000790 ) ) ;
#8559 = DIRECTION ( 'NONE',  ( 1.000000000000000000, 0.000000000000000000, 0.000000000000000000 ) ) ;
#8560 = TOROIDAL_SURFACE ( 'NONE', #4647, 4.799999999999447375, 0.2000000000005540679 ) ;
#8561 = DIRECTION ( 'NONE',  ( -3.751159154633072939E-16, -1.000000000000000000, 0.000000000000000000 ) ) ;
#8562 = VERTEX_POINT ( 'NONE', #2590 ) ;
#8563 = CIRCLE ( 'NONE', #8921, 2.458500000000000796 ) ;
#8564 = LINE ( 'NONE', #7676, #6959 ) ;
#8565 = ORIENTED_EDGE ( 'NONE', *, *, #4786, .T. ) ;
#8566 = CARTESIAN_POINT ( 'NONE',  ( 8.021096714234522196, 27.71987061392667684, 0.000000000000000000 ) ) ;
#8567 = AXIS2_PLACEMENT_3D ( 'NONE', #6202, #3179, #2187 ) ;
#8568 = AXIS2_PLACEMENT_3D ( 'NONE', #561, #9346, #2082 ) ;
#8569 = CIRCLE ( 'NONE', #10424, 4.000000000000305533 ) ;
#8570 = CARTESIAN_POINT ( 'NONE',  ( -8.000000000000000000, -27.73205080756899932, -2.000000000000000000 ) ) ;
#8571 = LINE ( 'NONE', #392, #383 ) ;
#8572 = VERTEX_POINT ( 'NONE', #6717 ) ;
#8573 = CONICAL_SURFACE ( 'NONE', #145, 1732.050807568956088, 1.047197551196617393 ) ;
#8574 = CYLINDRICAL_SURFACE ( 'NONE', #8992, 2.458500000000002572 ) ;
#8575 = ORIENTED_EDGE ( 'NONE', *, *, #5471, .T. ) ;
#8576 = CARTESIAN_POINT ( 'NONE',  ( -9.478903285766069331, -26.87820559742598547, -152.0000000000000000 ) ) ;
#8577 = DIRECTION ( 'NONE',  ( 0.000000000000000000, 0.000000000000000000, -1.000000000000000000 ) ) ;
#8578 = ORIENTED_EDGE ( 'NONE', *, *, #8153, .T. ) ;
#8579 = AXIS2_PLACEMENT_3D ( 'NONE', #2618, #8352, #7561 ) ;
#8580 = VERTEX_POINT ( 'NONE', #6562 ) ;
#8581 = VECTOR ( 'NONE', #5819, 1000.000000000000000 ) ;
#8582 = DIRECTION ( 'NONE',  ( -1.000000000000000000, 0.000000000000000000, 0.000000000000000000 ) ) ;
#8583 = ORIENTED_EDGE ( 'NONE', *, *, #282, .T. ) ;
#8584 = ORIENTED_EDGE ( 'NONE', *, *, #5815, .F. ) ;
#8585 = FACE_OUTER_BOUND ( 'NONE', #4287, .T. ) ;
#8586 = ORIENTED_EDGE ( 'NONE', *, *, #165, .F. ) ;
#8587 = VERTEX_POINT ( 'NONE', #9851 ) ;
#8588 = CYLINDRICAL_SURFACE ( 'NONE', #143, 2.458500000000003460 ) ;
#8589 = DIRECTION ( 'NONE',  ( -1.000000000000000000, 0.000000000000000000, 0.000000000000000000 ) ) ;
#8590 = EDGE_CURVE ( 'NONE', #5349, #9744, #5874, .T. ) ;
#8591 = ADVANCED_FACE ( 'NONE', ( #1761 ), #9069, .F. ) ;
#8592 = CARTESIAN_POINT ( 'NONE',  ( -0.4999999999993793853, 17.49999999999938183, -111.0000000000000000 ) ) ;
#8593 = EDGE_CURVE ( 'NONE', #2635, #1166, #3382, .T. ) ;
#8594 = DIRECTION ( 'NONE',  ( 0.000000000000000000, 0.000000000000000000, 1.000000000000000000 ) ) ;
#8595 = DIRECTION ( 'NONE',  ( 1.000000000000000000, 0.000000000000000000, 0.000000000000000000 ) ) ;
#8596 = DIRECTION ( 'NONE',  ( -0.000000000000000000, -0.000000000000000000, -1.000000000000000000 ) ) ;
#8597 = DIRECTION ( 'NONE',  ( -1.000000000000000000, -0.000000000000000000, -0.000000000000000000 ) ) ;
#8598 = VERTEX_POINT ( 'NONE', #2740 ) ;
#8599 = CARTESIAN_POINT ( 'NONE',  ( -6.500000000000000888, -25.13397459621599950, -150.0000000000000000 ) ) ;
#8600 = ORIENTED_EDGE ( 'NONE', *, *, #1173, .T. ) ;
#8601 = ORIENTED_EDGE ( 'NONE', *, *, #9131, .T. ) ;
#8602 = CARTESIAN_POINT ( 'NONE',  ( 8.021096714234529301, 24.28012938607332671, 0.000000000000000000 ) ) ;
#8603 = ORIENTED_EDGE ( 'NONE', *, *, #6978, .F. ) ;
#8604 = CARTESIAN_POINT ( 'NONE',  ( 8.000000000000000000, 24.26794919243099713, -2.000000000000000000 ) ) ;
#8605 = EDGE_CURVE ( 'NONE', #7449, #8554, #4548, .T. ) ;
#8607 = EDGE_CURVE ( 'NONE', #2722, #3362, #27, .T. ) ;
#8606 = DIRECTION ( 'NONE',  ( -1.000000000000000000, 0.000000000000000000, 0.000000000000000000 ) ) ;
#8608 = DIRECTION ( 'NONE',  ( 1.000000000000000000, 0.000000000000000000, 0.000000000000000000 ) ) ;
#8609 = ORIENTED_EDGE ( 'NONE', *, *, #10398, .T. ) ;
#8610 = DIRECTION ( 'NONE',  ( 1.000000000000000000, 0.000000000000000000, 0.000000000000000000 ) ) ;
#8611 = AXIS2_PLACEMENT_3D ( 'NONE', #6742, #9985, #2440 ) ;
#8612 = VERTEX_POINT ( 'NONE', #4337 ) ;
#8613 = DIRECTION ( 'NONE',  ( -0.000000000000000000, -0.000000000000000000, -1.000000000000000000 ) ) ;
#8614 = ORIENTED_EDGE ( 'NONE', *, *, #5056, .F. ) ;
#8615 = ORIENTED_EDGE ( 'NONE', *, *, #8964, .F. ) ;
#8616 = CONICAL_SURFACE ( 'NONE', #9806, 1.720000000000001084, 1.047197551202451837 ) ;
#8617 = VECTOR ( 'NONE', #10034, 1000.000000000000000 ) ;
#8618 = EDGE_CURVE ( 'NONE', #3434, #1220, #5080, .T. ) ;
#8619 = CARTESIAN_POINT ( 'NONE',  ( -8.500000000000000000, 17.49999999999938183, -121.0000000000000000 ) ) ;
#8620 = DIRECTION ( 'NONE',  ( -0.7071067811865550112, 8.659560562355024070E-17, 0.7071067811865400232 ) ) ;
#8621 = CIRCLE ( 'NONE', #317, 1.719999999999998419 ) ;
#8622 = DIRECTION ( 'NONE',  ( 1.000000000000000000, 0.000000000000000000, 0.000000000000000000 ) ) ;
#8623 = EDGE_LOOP ( 'NONE', ( #4741, #6525, #4761, #7689 ) ) ;
#8624 = DIRECTION ( 'NONE',  ( 0.000000000000000000, 0.000000000000000000, -1.000000000000000000 ) ) ;
#8625 = CIRCLE ( 'NONE', #5401, 0.3999999999993869571 ) ;
#8626 = DIRECTION ( 'NONE',  ( -0.000000000000000000, -0.000000000000000000, -1.000000000000000000 ) ) ;
#8627 = ORIENTED_EDGE ( 'NONE', *, *, #857, .F. ) ;
#8628 = AXIS2_PLACEMENT_3D ( 'NONE', #7966, #774, #4722 ) ;
#8629 = VECTOR ( 'NONE', #673, 1000.000000000000000 ) ;
#8630 = ORIENTED_EDGE ( 'NONE', *, *, #8653, .T. ) ;
#8631 = CIRCLE ( 'NONE', #708, 3.499999999999999556 ) ;
#8632 = CARTESIAN_POINT ( 'NONE',  ( 0.000000000000000000, -30.00000000000000000, 0.000000000000000000 ) ) ;
#8633 = EDGE_LOOP ( 'NONE', ( #6325, #6883, #3551, #9736, #3337, #795, #5016, #5903, #6027, #7690, #8195, #8688, #7511, #2031, #5375, #8346, #4011, #4606, #7095, #5510, #10420, #6642, #3566, #3701, #8277, #8919, #192, #3892, #1424, #1259, #2094, #7518, #2045, #4960, #5900, #9796, #8538, #2939, #5706, #4065 ) ) ;
#8634 = CIRCLE ( 'NONE', #4559, 6.000000000000000000 ) ;
#8635 = EDGE_LOOP ( 'NONE', ( #8298, #3999, #4392, #10235 ) ) ;
#8636 = DIRECTION ( 'NONE',  ( 0.000000000000000000, -0.000000000000000000, 1.000000000000000000 ) ) ;
#8637 = CARTESIAN_POINT ( 'NONE',  ( -3.750000000000000000, 7.250000000000000000, -145.5000000000000000 ) ) ;
#8638 = VECTOR ( 'NONE', #304, 1000.000000000000000 ) ;
#8639 = ORIENTED_EDGE ( 'NONE', *, *, #4789, .F. ) ;
#8640 = CONICAL_SURFACE ( 'NONE', #6433, 1.719999999999998419, 1.047197551196586307 ) ;
#8641 = CARTESIAN_POINT ( 'NONE',  ( 5.688034792648439364, 1.909518315602346084, 3.599999999999993872 ) ) ;
#8642 = CARTESIAN_POINT ( 'NONE',  ( 2.458500000000003460, 16.00000000000000000, -6.041499999999996540 ) ) ;
#8643 = ORIENTED_EDGE ( 'NONE', *, *, #7887, .T. ) ;
#8644 = AXIS2_PLACEMENT_3D ( 'NONE', #7930, #4010, #4750 ) ;
#8645 = CARTESIAN_POINT ( 'NONE',  ( -9.240330568358174901, -24.98405437995717904, -0.07782880237738698526 ) ) ;
#8646 = DIRECTION ( 'NONE',  ( -1.000000000000000000, 0.000000000000000000, 0.000000000000000000 ) ) ;
#8647 = LINE ( 'NONE', #2919, #2052 ) ;
#8648 = DIRECTION ( 'NONE',  ( 0.000000000000000000, 0.000000000000000000, 1.000000000000000000 ) ) ;
#8649 = CARTESIAN_POINT ( 'NONE',  ( 0.000000000000000000, 16.00000000000000000, -152.0000000000000000 ) ) ;
#8650 = AXIS2_PLACEMENT_3D ( 'NONE', #1557, #9655, #3288 ) ;
#8651 = ADVANCED_FACE ( 'NONE', ( #189 ), #4056, .F. ) ;
#8652 = VERTEX_POINT ( 'NONE', #9951 ) ;
#8653 = EDGE_CURVE ( 'NONE', #6691, #205, #9220, .T. ) ;
#8654 = PLANE ( 'NONE',  #7396 ) ;
#8655 = ORIENTED_EDGE ( 'NONE', *, *, #6860, .F. ) ;
#8656 = EDGE_LOOP ( 'NONE', ( #861, #2982, #194, #3338, #3264, #4878, #5023 ) ) ;
#8657 = AXIS2_PLACEMENT_3D ( 'NONE', #182, #2487, #1077 ) ;
#8658 = ORIENTED_EDGE ( 'NONE', *, *, #8607, .F. ) ;
#8659 = CYLINDRICAL_SURFACE ( 'NONE', #633, 3.999999999998710365 ) ;
#8660 = EDGE_CURVE ( 'NONE', #912, #388, #8366, .T. ) ;
#8661 = DIRECTION ( 'NONE',  ( 0.000000000000000000, 0.000000000000000000, -1.000000000000000000 ) ) ;
#8662 = DIRECTION ( 'NONE',  ( 1.000000000000000000, 3.710638451287290407E-16, 0.000000000000000000 ) ) ;
#8663 = EDGE_CURVE ( 'NONE', #1475, #8863, #5770, .T. ) ;
#8664 = FACE_BOUND ( 'NONE', #8492, .T. ) ;
#8665 = ORIENTED_EDGE ( 'NONE', *, *, #4394, .T. ) ;
#8666 = ADVANCED_FACE ( 'NONE', ( #5437 ), #539, .F. ) ;
#8667 = CARTESIAN_POINT ( 'NONE',  ( 0.000000000000000000, 0.000000000000000000, 9.499999999999841904 ) ) ;
#8668 = EDGE_CURVE ( 'NONE', #2339, #6209, #497, .T. ) ;
#8669 = EDGE_LOOP ( 'NONE', ( #9358, #2525, #1917, #1324, #2126 ) ) ;
#8670 = DIRECTION ( 'NONE',  ( 0.000000000000000000, -0.000000000000000000, 1.000000000000000000 ) ) ;
#8671 = CARTESIAN_POINT ( 'NONE',  ( -8.500000000000000000, -25.50000000000000355, -121.0000000000000000 ) ) ;
#8672 = DIRECTION ( 'NONE',  ( -1.000000000000000000, 0.000000000000000000, 0.000000000000000000 ) ) ;
#8673 = ORIENTED_EDGE ( 'NONE', *, *, #656, .T. ) ;
#8674 = DIRECTION ( 'NONE',  ( -0.000000000000000000, 0.000000000000000000, 1.000000000000000000 ) ) ;
#8675 = DIRECTION ( 'NONE',  ( 0.000000000000000000, 1.000000000000000000, 0.000000000000000000 ) ) ;
#8676 = ORIENTED_EDGE ( 'NONE', *, *, #3618, .F. ) ;
#8677 = EDGE_CURVE ( 'NONE', #7015, #6293, #8631, .T. ) ;
#8678 = ORIENTED_EDGE ( 'NONE', *, *, #9973, .T. ) ;
#8679 = CARTESIAN_POINT ( 'NONE',  ( 0.000000000000000000, -29.20850000000000435, -8.500000000000000000 ) ) ;
#8680 = ORIENTED_EDGE ( 'NONE', *, *, #2241, .F. ) ;
#8681 = ORIENTED_EDGE ( 'NONE', *, *, #7376, .F. ) ;
#8682 = CARTESIAN_POINT ( 'NONE',  ( -12.05000000000064020, 27.50000000000000000, -135.0000000000000000 ) ) ;
#8683 = AXIS2_PLACEMENT_3D ( 'NONE', #3286, #8067, #8810 ) ;
#8684 = CARTESIAN_POINT ( 'NONE',  ( 2.458500000000000796, -16.00000000000000000, -10.95850000000000080 ) ) ;
#8685 = CARTESIAN_POINT ( 'NONE',  ( -8.000000000000000000, -24.26794919243099713, -2.000000000000000000 ) ) ;
#8686 = CARTESIAN_POINT ( 'NONE',  ( 7.500000000000000000, 32.99999999999944578, -17.00000000000000000 ) ) ;
#8687 = ORIENTED_EDGE ( 'NONE', *, *, #4057, .T. ) ;
#8688 = ORIENTED_EDGE ( 'NONE', *, *, #5879, .T. ) ;
#8689 = CARTESIAN_POINT ( 'NONE',  ( 6.500000000000000888, 25.13397459621599950, -2.000000000000000000 ) ) ;
#8690 = DIRECTION ( 'NONE',  ( 0.000000000000000000, 0.000000000000000000, 1.000000000000000000 ) ) ;
#8691 = ORIENTED_EDGE ( 'NONE', *, *, #3097, .F. ) ;
#8692 = VECTOR ( 'NONE', #9011, 1000.000000000000000 ) ;
#8693 = AXIS2_PLACEMENT_3D ( 'NONE', #5906, #6650, #4271 ) ;
#8694 = CARTESIAN_POINT ( 'NONE',  ( -8.000000000000000000, -26.00000000000000355, -148.1000000000000512 ) ) ;
#8695 = CARTESIAN_POINT ( 'NONE',  ( 8.000000000000000000, 27.73205080756899932, -2.000000000000000000 ) ) ;
#8696 = DIRECTION ( 'NONE',  ( 0.000000000000000000, -0.000000000000000000, 1.000000000000000000 ) ) ;
#8697 = DIRECTION ( 'NONE',  ( 0.000000000000000000, 0.000000000000000000, -1.000000000000000000 ) ) ;
#8698 = ORIENTED_EDGE ( 'NONE', *, *, #6065, .T. ) ;
#8699 = VECTOR ( 'NONE', #5000, 1000.000000000000000 ) ;
#8700 = CARTESIAN_POINT ( 'NONE',  ( 6.500000000000000888, 25.13397459621599950, -150.0000000000000000 ) ) ;
#8701 = ORIENTED_EDGE ( 'NONE', *, *, #669, .F. ) ;
#8702 = ORIENTED_EDGE ( 'NONE', *, *, #4827, .F. ) ;
#8703 = PLANE ( 'NONE',  #1804 ) ;
#8704 = EDGE_CURVE ( 'NONE', #8224, #5332, #6224, .T. ) ;
#8705 = AXIS2_PLACEMENT_3D ( 'NONE', #5735, #788, #5692 ) ;
#8706 = DIRECTION ( 'NONE',  ( 0.000000000000000000, 0.000000000000000000, 1.000000000000000000 ) ) ;
#8707 = AXIS2_PLACEMENT_3D ( 'NONE', #672, #1453, #4664 ) ;
#8708 = DIRECTION ( 'NONE',  ( -1.000000000000000000, 0.000000000000000000, 0.000000000000000000 ) ) ;
#8710 = VECTOR ( 'NONE', #2095, 1000.000000000000000 ) ;
#8709 = DIRECTION ( 'NONE',  ( -1.000000000000000000, 0.000000000000000000, 0.000000000000000000 ) ) ;
#8711 = CARTESIAN_POINT ( 'NONE',  ( 0.4999999999993793853, -25.50000000000000355, -121.0000000000000000 ) ) ;
#8712 = ORIENTED_EDGE ( 'NONE', *, *, #6394, .F. ) ;
#8713 = CARTESIAN_POINT ( 'NONE',  ( 9.500000000000000000, 25.13397459621599950, -150.0000000000000000 ) ) ;
#8714 = ORIENTED_EDGE ( 'NONE', *, *, #1491, .F. ) ;
#8715 = AXIS2_PLACEMENT_3D ( 'NONE', #5272, #7009, #6212 ) ;
#8716 = ORIENTED_EDGE ( 'NONE', *, *, #10077, .F. ) ;
#8717 = DIRECTION ( 'NONE',  ( -0.000000000000000000, -0.000000000000000000, 1.000000000000000000 ) ) ;
#8718 = CIRCLE ( 'NONE', #10239, 8.000000000000621725 ) ;
#8719 = ADVANCED_FACE ( 'NONE', ( #2217 ), #8574, .F. ) ;
#8720 = CARTESIAN_POINT ( 'NONE',  ( 6.850000000000001421, 33.40000000000055280, -135.0000000000000000 ) ) ;
#8721 = CARTESIAN_POINT ( 'NONE',  ( -11.40000000000000036, -26.00000000000000355, -148.0000000000000000 ) ) ;
#8722 = EDGE_CURVE ( 'NONE', #5549, #7459, #3789, .T. ) ;
#8723 = EDGE_CURVE ( 'NONE', #8587, #3043, #5381, .T. ) ;
#8724 = EDGE_CURVE ( 'NONE', #6378, #7263, #8814, .T. ) ;
#8725 = CARTESIAN_POINT ( 'NONE',  ( -3.750000000000000000, 7.250000000000000000, -150.6715170305900529 ) ) ;
#8726 = ORIENTED_EDGE ( 'NONE', *, *, #151, .T. ) ;
#8727 = DIRECTION ( 'NONE',  ( 0.000000000000000000, -0.000000000000000000, 1.000000000000000000 ) ) ;
#8728 = ORIENTED_EDGE ( 'NONE', *, *, #9115, .T. ) ;
#8729 = LINE ( 'NONE', #5439, #2472 ) ;
#8730 = CIRCLE ( 'NONE', #6873, 3.400000000000000355 ) ;
#8731 = VERTEX_POINT ( 'NONE', #7787 ) ;
#8732 = CIRCLE ( 'NONE', #1308, 10.00000000000000000 ) ;
#8733 = AXIS2_PLACEMENT_3D ( 'NONE', #8592, #1348, #6997 ) ;
#8734 = AXIS2_PLACEMENT_3D ( 'NONE', #9087, #414, #4297 ) ;
#8735 = EDGE_LOOP ( 'NONE', ( #1943, #3463, #1315, #4820, #689 ) ) ;
#8736 = EDGE_CURVE ( 'NONE', #8587, #6270, #3898, .T. ) ;
#8737 = EDGE_CURVE ( 'NONE', #9285, #1627, #7739, .T. ) ;
#8738 = CIRCLE ( 'NONE', #4176, 1.720000000000001084 ) ;
#8739 = EDGE_CURVE ( 'NONE', #5882, #3389, #1332, .T. ) ;
#8740 = EDGE_CURVE ( 'NONE', #745, #1631, #36, .T. ) ;
#8741 = CARTESIAN_POINT ( 'NONE',  ( -8.000000000000000000, -24.26794919243099713, -2.000000000000000000 ) ) ;
#8742 = ORIENTED_EDGE ( 'NONE', *, *, #5936, .F. ) ;
#8743 = ORIENTED_EDGE ( 'NONE', *, *, #3145, .T. ) ;
#8744 = DIRECTION ( 'NONE',  ( -0.000000000000000000, -0.000000000000000000, -1.000000000000000000 ) ) ;
#8745 = DIRECTION ( 'NONE',  ( -1.000000000000000000, 0.000000000000000000, 0.000000000000000000 ) ) ;
#8746 = FACE_OUTER_BOUND ( 'NONE', #9836, .T. ) ;
#8747 = DIRECTION ( 'NONE',  ( 1.000000000000000000, 0.000000000000000000, -0.000000000000000000 ) ) ;
#8748 = EDGE_LOOP ( 'NONE', ( #3368, #4680, #10291, #8975, #9898 ) ) ;
#8749 = AXIS2_PLACEMENT_3D ( 'NONE', #5219, #4317, #1999 ) ;
#8750 = LINE ( 'NONE', #6512, #6693 ) ;
#8751 = DIRECTION ( 'NONE',  ( -1.000000000000000000, 0.000000000000000000, 0.000000000000000000 ) ) ;
#8752 = AXIS2_PLACEMENT_3D ( 'NONE', #3536, #6767, #6123 ) ;
#8753 = VERTEX_POINT ( 'NONE', #6928 ) ;
#8754 = LINE ( 'NONE', #7852, #1958 ) ;
#8755 = ADVANCED_FACE ( 'NONE', ( #6127, #2066 ), #10156, .F. ) ;
#8756 = DIRECTION ( 'NONE',  ( 0.000000000000000000, 0.000000000000000000, -1.000000000000000000 ) ) ;
#8757 = CARTESIAN_POINT ( 'NONE',  ( -4.015521883131615510, -26.00000000000030553, 0.000000000000000000 ) ) ;
#8758 = CLOSED_SHELL ( 'NONE', ( #2257, #2395, #9855, #600, #5607, #4868, #5179, #9691, #6668, #9909, #8082, #5676, #2450, #3996, #5685, #8651, #6862, #4382, #2951, #8221, #8038, #8154, #5929, #9958, #6778, #3069, #8117, #3985, #524, #2375, #2526, #9455, #6709, #344, #9838, #2466, #8271, #2832, #1861, #6462, #2575, #210, #6124, #4018, #6840, #7389, #7193, #8937, #3732, #1699, #5177, #9013, #3893, #7574, #9430, #1671, #5740, #6973, #3340, #5428, #5886, #1542, #3756, #7634, #1957, #131, #211, #2842, #10357, #1105, #8552, #9308, #8349, #4516, #7708, #578, #4279, #8520, #5343, #9275, #2564, #5035, #2965, #9500, #10046, #8869, #1816, #6843, #2540, #5090, #7575, #2325, #10030, #1870, #9722, #4714, #8755, #4266, #4384, #7440, #9061, #1295, #354, #6385, #9376, #9772, #7230, #7323, #9557, #10141, #2004, #4728, #6785, #3635, #5877, #9, #678, #7294, #6327, #9760, #2432, #7033, #7932, #1559, #2085, #8289, #6066, #6189, #1357, #9574, #2379, #9707, #3234, #5245, #7178, #8871, #10169, #1420, #10223, #4332, #6700, #230, #1683, #7874, #5102, #9310, #1051, #9174, #709, #7563, #4450, #3005, #6094, #9521, #3352, #1109, #6253, #4611, #4696, #4203, #9206, #9007, #2324, #4856, #6788, #4558, #88, #8666, #5947, #9322, #1930, #3926, #10157, #4249, #1745, #9442, #1123, #10138, #4502, #3412, #3567, #6063, #9650, #21, #8481, #3535, #6917, #6610, #7586, #8390, #6009, #6200, #9122, #3281, #10406, #9191, #8285, #8337, #7084, #4250, #5702, #494, #3858, #9188, #10091, #6174, #923, #2074, #8361, #538, #1611, #8413, #8408, #4525, #9947, #9387, #5626, #73, #1900, #4588, #3878, #9444, #4983, #8853, #4410, #5669, #2185, #1069, #4004, #9385, #9065, #9075, #922, #1240, #2130, #5221, #9616, #9402, #2577, #7181, #2116, #4629, #2898, #8591, #4448, #4700, #8719, #4513, #3550, #1321, #9517, #854, #6080, #4061, #6803, #3548, #1049, #5414, #7820, #5158, #7311, #7232, #4981, #2900, #9694, #9192, #5682, #1322, #8336, #2341, #731, #5027, #7891, #1746, #4970, #932, #2687, #5755, #4338, #1669, #4630, #6500, #4217, #353, #4075, #741, #3940, #3007, #6049, #618, #228, #298, #3665, #2970, #7229, #9117, #1818, #9589, #8801, #1684, #4556, #2631, #6004, #7441, #7652, #6078, #6723, #3620, #6876 ) ) ;
#8759 = DIRECTION ( 'NONE',  ( 1.000000000000000000, 0.000000000000000000, 0.000000000000000000 ) ) ;
#8760 = ORIENTED_EDGE ( 'NONE', *, *, #5623, .F. ) ;
#8761 = DIRECTION ( 'NONE',  ( 0.000000000000000000, 0.000000000000000000, -1.000000000000000000 ) ) ;
#8762 = EDGE_LOOP ( 'NONE', ( #3479, #3268, #2531, #5668, #8586 ) ) ;
#8763 = DIRECTION ( 'NONE',  ( 0.000000000000000000, -1.000000000000000000, 0.000000000000000000 ) ) ;
#8764 = CYLINDRICAL_SURFACE ( 'NONE', #10073, 0.2000000000005539014 ) ;
#8765 = CARTESIAN_POINT ( 'NONE',  ( 0.000000000000000000, 0.000000000000000000, 0.000000000000000000 ) ) ;
#8766 = DIRECTION ( 'NONE',  ( 1.000000000000000000, 0.000000000000000000, 0.000000000000000000 ) ) ;
#8767 = DIRECTION ( 'NONE',  ( 0.000000000000000000, 0.000000000000000000, -1.000000000000000000 ) ) ;
#8768 = ORIENTED_EDGE ( 'NONE', *, *, #5803, .T. ) ;
#8769 = CYLINDRICAL_SURFACE ( 'NONE', #3238, 2.458500000000012786 ) ;
#8770 = VERTEX_POINT ( 'NONE', #4529 ) ;
#8771 = ORIENTED_EDGE ( 'NONE', *, *, #8177, .T. ) ;
#8772 = VERTEX_POINT ( 'NONE', #441 ) ;
#8773 = FACE_OUTER_BOUND ( 'NONE', #4236, .T. ) ;
#8774 = CARTESIAN_POINT ( 'NONE',  ( -1.271201803182604007, -18.20564223991167552, -6.294357760088325371 ) ) ;
#8775 = DIRECTION ( 'NONE',  ( 0.000000000000000000, 0.000000000000000000, 1.000000000000000000 ) ) ;
#8776 = CARTESIAN_POINT ( 'NONE',  ( 0.000000000000000000, 0.000000000000000000, 3.599999999999993872 ) ) ;
#8777 = ORIENTED_EDGE ( 'NONE', *, *, #3158, .F. ) ;
#8778 = CYLINDRICAL_SURFACE ( 'NONE', #546, 2.458500000000012786 ) ;
#8779 = ORIENTED_EDGE ( 'NONE', *, *, #5745, .F. ) ;
#8780 = DIRECTION ( 'NONE',  ( 0.000000000000000000, 0.000000000000000000, 1.000000000000000000 ) ) ;
#8781 = ORIENTED_EDGE ( 'NONE', *, *, #536, .T. ) ;
#8782 = EDGE_CURVE ( 'NONE', #628, #1014, #547, .T. ) ;
#8783 = EDGE_CURVE ( 'NONE', #9009, #5247, #6981, .T. ) ;
#8784 = AXIS2_PLACEMENT_3D ( 'NONE', #6401, #7147, #1713 ) ;
#8785 = EDGE_CURVE ( 'NONE', #9672, #10116, #10314, .T. ) ;
#8786 = ORIENTED_EDGE ( 'NONE', *, *, #6446, .F. ) ;
#8787 = VECTOR ( 'NONE', #8922, 1000.000000000000000 ) ;
#8788 = EDGE_CURVE ( 'NONE', #2799, #1577, #1054, .T. ) ;
#8789 = CARTESIAN_POINT ( 'NONE',  ( -1.500000000000000000, 20.30000000000604032, -143.5000000000000284 ) ) ;
#8790 = ORIENTED_EDGE ( 'NONE', *, *, #10344, .F. ) ;
#8791 = VECTOR ( 'NONE', #9411, 1000.000000000000114 ) ;
#8792 = ORIENTED_EDGE ( 'NONE', *, *, #5036, .T. ) ;
#8793 = DIRECTION ( 'NONE',  ( 0.000000000000000000, 0.000000000000000000, 1.000000000000000000 ) ) ;
#8794 = CIRCLE ( 'NONE', #2366, 0.2000000000005539014 ) ;
#8795 = CARTESIAN_POINT ( 'NONE',  ( 1.000000000000000000, 30.39999999999938751, -17.00000000000000000 ) ) ;
#8796 = DIRECTION ( 'NONE',  ( 0.000000000000000000, 0.000000000000000000, 1.000000000000000000 ) ) ;
#8797 = DIRECTION ( 'NONE',  ( -0.000000000000000000, 0.000000000000000000, 1.000000000000000000 ) ) ;
#8798 = ORIENTED_EDGE ( 'NONE', *, *, #1829, .F. ) ;
#8799 = VERTEX_POINT ( 'NONE', #3647 ) ;
#8800 = CARTESIAN_POINT ( 'NONE',  ( 4.335090188609796336, 29.80000000000000071, 0.000000000000000000 ) ) ;
#8801 = ADVANCED_FACE ( 'NONE', ( #6880 ), #8905, .T. ) ;
#8802 = DIRECTION ( 'NONE',  ( 0.000000000000000000, 0.000000000000000000, 1.000000000000000000 ) ) ;
#8803 = EDGE_CURVE ( 'NONE', #5807, #2744, #4863, .T. ) ;
#8804 = EDGE_CURVE ( 'NONE', #7418, #4641, #4554, .T. ) ;
#8805 = EDGE_LOOP ( 'NONE', ( #8551, #5984, #5034, #5796 ) ) ;
#8806 = CIRCLE ( 'NONE', #4231, 0.6000000000001004530 ) ;
#8807 = CIRCLE ( 'NONE', #6246, 0.6000000000001004530 ) ;
#8808 = LINE ( 'NONE', #1507, #642 ) ;
#8809 = AXIS2_PLACEMENT_3D ( 'NONE', #1806, #9949, #8214 ) ;
#8810 = DIRECTION ( 'NONE',  ( 1.000000000000000000, 0.000000000000000000, 0.000000000000000000 ) ) ;
#8811 = DIRECTION ( 'NONE',  ( 0.000000000000000000, 0.000000000000000000, -1.000000000000000000 ) ) ;
#8812 = CARTESIAN_POINT ( 'NONE',  ( -6.759669431641806447, -27.01594562004281386, -0.07782880237738486195 ) ) ;
#8813 = CARTESIAN_POINT ( 'NONE',  ( 0.000000000000000000, -16.00000000000000000, -12.49999999999396749 ) ) ;
#8814 = CIRCLE ( 'NONE', #9818, 3.250000000000030642 ) ;
#8815 = DIRECTION ( 'NONE',  ( 1.000000000000000000, 0.000000000000000000, 0.000000000000000000 ) ) ;
#8816 = ORIENTED_EDGE ( 'NONE', *, *, #5419, .T. ) ;
#8817 = FACE_OUTER_BOUND ( 'NONE', #6234, .T. ) ;
#8818 = AXIS2_PLACEMENT_3D ( 'NONE', #2263, #6438, #5484 ) ;
#8819 = EDGE_CURVE ( 'NONE', #8834, #3897, #6256, .T. ) ;
#8820 = AXIS2_PLACEMENT_3D ( 'NONE', #2904, #498, #6082 ) ;
#8821 = ORIENTED_EDGE ( 'NONE', *, *, #9824, .F. ) ;
#8822 = DIRECTION ( 'NONE',  ( 0.000000000000000000, 0.000000000000000000, -1.000000000000000000 ) ) ;
#8823 = CARTESIAN_POINT ( 'NONE',  ( -8.000000000000000000, -26.00000000000000355, -152.0000000000000000 ) ) ;
#8824 = DIRECTION ( 'NONE',  ( 0.000000000000000000, 0.000000000000000000, 1.000000000000000000 ) ) ;
#8825 = VECTOR ( 'NONE', #2400, 1000.000000000000000 ) ;
#8826 = DIRECTION ( 'NONE',  ( 1.000000000000000000, 0.000000000000000000, 0.000000000000000000 ) ) ;
#8827 = PRODUCT_DEFINITION ( 'UNKNOWN', '', #5579, #1042 ) ;
#8828 = EDGE_LOOP ( 'NONE', ( #634, #6369, #5009, #5574, #4049 ) ) ;
#8829 = LINE ( 'NONE', #8188, #10395 ) ;
#8830 = DIRECTION ( 'NONE',  ( 0.000000000000000000, 0.000000000000000000, 1.000000000000000000 ) ) ;
#8831 = VERTEX_POINT ( 'NONE', #7246 ) ;
#8832 = AXIS2_PLACEMENT_3D ( 'NONE', #8102, #5020, #3431 ) ;
#8833 = FACE_OUTER_BOUND ( 'NONE', #9486, .T. ) ;
#8834 = VERTEX_POINT ( 'NONE', #9527 ) ;
#8835 = ORIENTED_EDGE ( 'NONE', *, *, #7656, .T. ) ;
#8836 = DIRECTION ( 'NONE',  ( 1.000000000000000000, 0.000000000000000000, 0.000000000000000000 ) ) ;
#8837 = CARTESIAN_POINT ( 'NONE',  ( 9.500000000000000000, 25.13397459621599950, 0.000000000000000000 ) ) ;
#8838 = VECTOR ( 'NONE', #3521, 1000.000000000000000 ) ;
#8839 = CARTESIAN_POINT ( 'NONE',  ( 0.000000000000000000, 0.000000000000000000, -145.0000000000000000 ) ) ;
#8840 = CARTESIAN_POINT ( 'NONE',  ( 9.248999599679700978, 29.80000000000000071, -17.00000000000000000 ) ) ;
#8841 = ORIENTED_EDGE ( 'NONE', *, *, #5232, .F. ) ;
#8842 = VECTOR ( 'NONE', #7473, 1000.000000000000000 ) ;
#8843 = DIRECTION ( 'NONE',  ( 1.000000000000000000, 0.000000000000000000, 0.000000000000000000 ) ) ;
#8844 = DIRECTION ( 'NONE',  ( -0.8660254037842890495, 0.5000000000002590150, 0.000000000000000000 ) ) ;
#8845 = ORIENTED_EDGE ( 'NONE', *, *, #5869, .T. ) ;
#8846 =( BOUNDED_CURVE ( )  B_SPLINE_CURVE ( 3, ( #1397, #6237, #5392, #8684 ),
 .UNSPECIFIED., .F., .F. ) 
 B_SPLINE_CURVE_WITH_KNOTS ( ( 4, 4 ),
 ( 4.712388980384689674, 6.283185307179586232 ),
 .UNSPECIFIED. ) 
 CURVE ( )  GEOMETRIC_REPRESENTATION_ITEM ( )  RATIONAL_B_SPLINE_CURVE ( ( 1.000000000000000000, 0.8047378541243649375, 0.8047378541243649375, 1.000000000000000000 ) ) 
 REPRESENTATION_ITEM ( '' )  );
#8847 = CARTESIAN_POINT ( 'NONE',  ( -1.500000000000000000, 29.80000000000000426, -8.500000000000000000 ) ) ;
#8848 = EDGE_LOOP ( 'NONE', ( #6167, #3279, #7584, #9873, #3466, #5203, #760 ) ) ;
#8849 = VERTEX_POINT ( 'NONE', #2485 ) ;
#8850 = EDGE_CURVE ( 'NONE', #1275, #9433, #2049, .T. ) ;
#8851 = CARTESIAN_POINT ( 'NONE',  ( 2.458500000000012786, -16.00000000000000000, -141.0415000000000134 ) ) ;
#8853 = ADVANCED_FACE ( 'NONE', ( #2265 ), #5488, .F. ) ;
#8852 = DIRECTION ( 'NONE',  ( -0.7071067811865441310, 8.659560562354977232E-17, -0.7071067811865510144 ) ) ;
#8854 = ORIENTED_EDGE ( 'NONE', *, *, #478, .T. ) ;
#8855 = LINE ( 'NONE', #5715, #5533 ) ;
#8856 = CARTESIAN_POINT ( 'NONE',  ( -5.688034792648446469, -1.909518315602324545, 3.599999999999993872 ) ) ;
#8857 = DIRECTION ( 'NONE',  ( 0.8660254037842981534, -0.5000000000002433609, 0.000000000000000000 ) ) ;
#8858 = CARTESIAN_POINT ( 'NONE',  ( 8.000000000000000000, 26.00000000000000355, 0.000000000000000000 ) ) ;
#8859 = FACE_OUTER_BOUND ( 'NONE', #226, .T. ) ;
#8860 = PRODUCT_CONTEXT ( 'NONE', #3324, 'mechanical' ) ;
#8861 = ORIENTED_EDGE ( 'NONE', *, *, #6523, .T. ) ;
#8862 = DIRECTION ( 'NONE',  ( -0.000000000000000000, -0.000000000000000000, 1.000000000000000000 ) ) ;
#8863 = VERTEX_POINT ( 'NONE', #7301 ) ;
#8864 = DIRECTION ( 'NONE',  ( 0.000000000000000000, 0.000000000000000000, -1.000000000000000000 ) ) ;
#8865 = EDGE_CURVE ( 'NONE', #2635, #7459, #1642, .T. ) ;
#8866 = SURFACE_STYLE_USAGE ( .BOTH. , #4883 ) ;
#8867 = DIRECTION ( 'NONE',  ( -0.08784076505916550703, -0.9961345290641321348, 0.000000000000000000 ) ) ;
#8868 = EDGE_CURVE ( 'NONE', #75, #604, #9657, .T. ) ;
#8869 = ADVANCED_FACE ( 'NONE', ( #1488, #8045 ), #70, .T. ) ;
#8870 = DIRECTION ( 'NONE',  ( 1.000000000000000000, 0.000000000000000000, 0.000000000000000000 ) ) ;
#8871 = ADVANCED_FACE ( 'NONE', ( #3261 ), #1217, .F. ) ;
#8872 = DIRECTION ( 'NONE',  ( 0.000000000000000000, 0.000000000000000000, -1.000000000000000000 ) ) ;
#8873 = DIRECTION ( 'NONE',  ( 0.7071067811865550112, 0.000000000000000000, 0.7071067811865400232 ) ) ;
#8874 = ORIENTED_EDGE ( 'NONE', *, *, #2702, .T. ) ;
#8875 = VECTOR ( 'NONE', #1953, 1000.000000000000114 ) ;
#8876 = DIRECTION ( 'NONE',  ( 0.000000000000000000, -1.000000000000000000, 0.000000000000000000 ) ) ;
#8877 = AXIS2_PLACEMENT_3D ( 'NONE', #5781, #9083, #2598 ) ;
#8878 = ORIENTED_EDGE ( 'NONE', *, *, #2591, .T. ) ;
#8879 = CARTESIAN_POINT ( 'NONE',  ( 8.000000000000000000, 26.00000000000000355, 0.000000000000000000 ) ) ;
#8880 = EDGE_CURVE ( 'NONE', #4181, #4887, #3848, .T. ) ;
#8881 = CARTESIAN_POINT ( 'NONE',  ( 8.500000000000000000, 17.49999999999939249, -31.00000000000000000 ) ) ;
#8882 = FACE_OUTER_BOUND ( 'NONE', #7744, .T. ) ;
#8883 = CARTESIAN_POINT ( 'NONE',  ( 7.458499999999979480, -16.00000000000000000, -8.500000000000000000 ) ) ;
#8884 = EDGE_CURVE ( 'NONE', #3232, #1586, #6095, .T. ) ;
#8885 = VECTOR ( 'NONE', #1951, 1000.000000000000000 ) ;
#8886 = DIRECTION ( 'NONE',  ( 1.000000000000000000, 0.000000000000000000, 0.000000000000000000 ) ) ;
#8887 = DIRECTION ( 'NONE',  ( -0.000000000000000000, 0.000000000000000000, -1.000000000000000000 ) ) ;
#8888 = B_SPLINE_CURVE_WITH_KNOTS ( 'NONE', 3,
 ( #4679, #3998, #5583, #10350, #6478, #3250 ),
 .UNSPECIFIED., .F., .F.,
 ( 4, 2, 4 ),
 ( 0.002420130561062078679, 0.002845740459586853198, 0.003271350358111628151 ),
 .UNSPECIFIED. ) ;
#8889 = FACE_OUTER_BOUND ( 'NONE', #2023, .T. ) ;
#8890 = ORIENTED_EDGE ( 'NONE', *, *, #4123, .F. ) ;
#8891 = CARTESIAN_POINT ( 'NONE',  ( 1.399999999999387068, 30.39999999999938751, -152.0010000000000048 ) ) ;
#8892 = VERTEX_POINT ( 'NONE', #1585 ) ;
#8893 = VERTEX_POINT ( 'NONE', #4691 ) ;
#8894 = ORIENTED_EDGE ( 'NONE', *, *, #6267, .F. ) ;
#8895 = DIRECTION ( 'NONE',  ( 0.000000000000000000, -1.000000000000000000, 0.000000000000000000 ) ) ;
#8896 = VECTOR ( 'NONE', #2660, 1000.000000000000114 ) ;
#8897 = DIRECTION ( 'NONE',  ( 0.9961345290641322459, -0.08784076505916546540, 0.000000000000000000 ) ) ;
#8898 = FACE_OUTER_BOUND ( 'NONE', #10342, .T. ) ;
#8899 = AXIS2_PLACEMENT_3D ( 'NONE', #2149, #5362, #1355 ) ;
#8900 = PRODUCT_DEFINITION_SHAPE ( 'NONE', 'NONE',  #5838 ) ;
#8901 = CIRCLE ( 'NONE', #4314, 8.000000000000611067 ) ;
#8902 = LINE ( 'NONE', #1526, #1390 ) ;
#8903 = ORIENTED_EDGE ( 'NONE', *, *, #8022, .T. ) ;
#8904 = CARTESIAN_POINT ( 'NONE',  ( -1.500000000000000000, 20.30000000000604032, -8.500000000000000000 ) ) ;
#8905 = CYLINDRICAL_SURFACE ( 'NONE', #3725, 4.000000000000305533 ) ;
#8906 = ORIENTED_EDGE ( 'NONE', *, *, #6024, .T. ) ;
#8907 = AXIS2_PLACEMENT_3D ( 'NONE', #8024, #6474, #1623 ) ;
#8908 = CARTESIAN_POINT ( 'NONE',  ( 12.05000000000064020, 27.50000000000000000, -135.0000000000000000 ) ) ;
#8909 = ORIENTED_EDGE ( 'NONE', *, *, #3746, .F. ) ;
#8910 = CONICAL_SURFACE ( 'NONE', #8387, 4.282999999999981711, 0.5235987755967802526 ) ;
#8911 = ORIENTED_EDGE ( 'NONE', *, *, #10346, .T. ) ;
#8912 = FACE_OUTER_BOUND ( 'NONE', #1648, .T. ) ;
#8913 = ORIENTED_EDGE ( 'NONE', *, *, #4628, .F. ) ;
#8914 =( BOUNDED_CURVE ( )  B_SPLINE_CURVE ( 3, ( #4418, #2827, #273, #2771 ),
 .UNSPECIFIED., .F., .F. ) 
 B_SPLINE_CURVE_WITH_KNOTS ( ( 4, 4 ),
 ( 5.497787143782133512, 6.283185307179586232 ),
 .UNSPECIFIED. ) 
 CURVE ( )  GEOMETRIC_REPRESENTATION_ITEM ( )  RATIONAL_B_SPLINE_CURVE ( ( 1.000000000000000000, 0.9492530216741906779, 0.9492530216741906779, 1.000000000000000000 ) ) 
 REPRESENTATION_ITEM ( '' )  );
#8915 = CONICAL_SURFACE ( 'NONE', #4330, 4.282999999999988816, 0.5235987755983984027 ) ;
#8916 = DIRECTION ( 'NONE',  ( -1.000000000000000000, 0.000000000000000000, 0.000000000000000000 ) ) ;
#8917 = CARTESIAN_POINT ( 'NONE',  ( -3.750000000000001776, 7.250000000000000000, -145.5000000000000284 ) ) ;
#8918 = LINE ( 'NONE', #1501, #3491 ) ;
#8919 = ORIENTED_EDGE ( 'NONE', *, *, #4894, .T. ) ;
#8920 = VERTEX_POINT ( 'NONE', #7933 ) ;
#8921 = AXIS2_PLACEMENT_3D ( 'NONE', #2707, #5939, #10326 ) ;
#8922 = DIRECTION ( 'NONE',  ( 0.000000000000000000, -0.000000000000000000, -1.000000000000000000 ) ) ;
#8923 = EDGE_LOOP ( 'NONE', ( #3148, #573, #5709, #7525 ) ) ;
#8924 = CIRCLE ( 'NONE', #8567, 3.499999999999999556 ) ;
#8925 = CIRCLE ( 'NONE', #1646, 3.999999999998713029 ) ;
#8926 = CARTESIAN_POINT ( 'NONE',  ( -4.068859615986617939, 4.133325710053953550, 7.999999999999992895 ) ) ;
#8927 = CARTESIAN_POINT ( 'NONE',  ( 0.000000000000000000, -30.00000000000000000, -143.5000000000000284 ) ) ;
#8928 = DIRECTION ( 'NONE',  ( -0.000000000000000000, -0.000000000000000000, -1.000000000000000000 ) ) ;
#8929 = CARTESIAN_POINT ( 'NONE',  ( -1.500000000000000000, 29.80000000000000426, -3.450000000000029488 ) ) ;
#8930 = DIRECTION ( 'NONE',  ( 1.000000000000000000, 0.000000000000000000, 0.000000000000000000 ) ) ;
#8931 = AXIS2_PLACEMENT_3D ( 'NONE', #8124, #8928, #5782 ) ;
#8932 = LINE ( 'NONE', #1668, #4398 ) ;
#8933 = ORIENTED_EDGE ( 'NONE', *, *, #9820, .T. ) ;
#8934 = LINE ( 'NONE', #777, #6005 ) ;
#8935 = EDGE_CURVE ( 'NONE', #7359, #6019, #4014, .T. ) ;
#8936 = EDGE_CURVE ( 'NONE', #1270, #625, #7136, .T. ) ;
#8937 = ADVANCED_FACE ( 'NONE', ( #6336 ), #8778, .F. ) ;
#8938 = AXIS2_PLACEMENT_3D ( 'NONE', #9360, #483, #1414 ) ;
#8939 = DIRECTION ( 'NONE',  ( 0.000000000000000000, 0.000000000000000000, 1.000000000000000000 ) ) ;
#8940 = DIRECTION ( 'NONE',  ( 0.000000000000000000, 0.000000000000000000, 1.000000000000000000 ) ) ;
#8941 = CARTESIAN_POINT ( 'NONE',  ( -9.500000000000000000, -25.13397459621599950, -150.0000000000000000 ) ) ;
#8942 = CONICAL_SURFACE ( 'NONE', #8421, 1.719999999999999307, 1.047197551202454280 ) ;
#8943 = LINE ( 'NONE', #2224, #3329 ) ;
#8944 = DIRECTION ( 'NONE',  ( -0.000000000000000000, -0.000000000000000000, -1.000000000000000000 ) ) ;
#8945 = FACE_OUTER_BOUND ( 'NONE', #5147, .T. ) ;
#8946 = DIRECTION ( 'NONE',  ( -0.8660254037842993746, -0.5000000000002412515, 0.000000000000000000 ) ) ;
#8947 = ORIENTED_EDGE ( 'NONE', *, *, #10273, .F. ) ;
#8948 = DIRECTION ( 'NONE',  ( 1.000000000000000000, 0.000000000000000000, 0.000000000000000000 ) ) ;
#8949 = ORIENTED_EDGE ( 'NONE', *, *, #1179, .T. ) ;
#8950 = ORIENTED_EDGE ( 'NONE', *, *, #9812, .T. ) ;
#8951 = ORIENTED_EDGE ( 'NONE', *, *, #551, .F. ) ;
#8952 = EDGE_CURVE ( 'NONE', #8398, #9582, #3160, .T. ) ;
#8953 = EDGE_CURVE ( 'NONE', #1391, #10037, #1022, .T. ) ;
#8954 = CARTESIAN_POINT ( 'NONE',  ( 0.000000000000000000, -13.54149999999999743, -143.5000000000000284 ) ) ;
#8955 = DIRECTION ( 'NONE',  ( 1.000000000000000000, -0.000000000000000000, -0.000000000000000000 ) ) ;
#8956 = CYLINDRICAL_SURFACE ( 'NONE', #9380, 0.3999999999993869571 ) ;
#8957 = ORIENTED_EDGE ( 'NONE', *, *, #5620, .T. ) ;
#8958 = DIRECTION ( 'NONE',  ( -0.000000000000000000, -0.000000000000000000, 1.000000000000000000 ) ) ;
#8959 = DIRECTION ( 'NONE',  ( 1.000000000000000000, 0.000000000000000000, 0.000000000000000000 ) ) ;
#8960 = EDGE_LOOP ( 'NONE', ( #8894, #1245, #1264, #9156 ) ) ;
#8961 = DIRECTION ( 'NONE',  ( 0.000000000000000000, 0.000000000000000000, -1.000000000000000000 ) ) ;
#8962 = ORIENTED_EDGE ( 'NONE', *, *, #1346, .F. ) ;
#8963 = ORIENTED_EDGE ( 'NONE', *, *, #7559, .F. ) ;
#8964 = EDGE_CURVE ( 'NONE', #10116, #9672, #7109, .T. ) ;
#8965 = ORIENTED_EDGE ( 'NONE', *, *, #413, .T. ) ;
#8966 = CARTESIAN_POINT ( 'NONE',  ( -1.250000000000613509, 35.00000000000000000, -17.00000000000000000 ) ) ;
#8967 = CARTESIAN_POINT ( 'NONE',  ( 0.000000000000000000, 16.00000000000000000, -0.7915000000000260716 ) ) ;
#8968 = ORIENTED_EDGE ( 'NONE', *, *, #3470, .F. ) ;
#8969 = FILL_AREA_STYLE_COLOUR ( '', #9775 ) ;
#8970 = CARTESIAN_POINT ( 'NONE',  ( -2.458499999999998575, 17.44015595690574472, -141.0415000000000134 ) ) ;
#8971 = CARTESIAN_POINT ( 'NONE',  ( -1.499999999999999556, 29.80000000000000426, -12.78299999999998882 ) ) ;
#8972 = CARTESIAN_POINT ( 'NONE',  ( -8.200000000000553513, -16.00000000000000000, -8.500000000000000000 ) ) ;
#8973 = CARTESIAN_POINT ( 'NONE',  ( 0.000000000000000000, 0.000000000000000000, -145.0000000000000000 ) ) ;
#8974 = CONTEXT_DEPENDENT_SHAPE_REPRESENTATION ( #10027, #8990 ) ;
#8975 = ORIENTED_EDGE ( 'NONE', *, *, #2757, .T. ) ;
#8976 = AXIS2_PLACEMENT_3D ( 'NONE', #3624, #1309, #10036 ) ;
#8977 = CARTESIAN_POINT ( 'NONE',  ( -9.478903285766065778, -26.87820559742598547, 0.000000000000000000 ) ) ;
#8978 = EDGE_LOOP ( 'NONE', ( #8348, #7551 ) ) ;
#8979 = CARTESIAN_POINT ( 'NONE',  ( -3.971223470242152054, 4.497708766627500410, 7.799999999999975842 ) ) ;
#8980 = AXIS2_PLACEMENT_3D ( 'NONE', #6585, #3358, #8242 ) ;
#8981 = CIRCLE ( 'NONE', #9807, 0.5000000000006405987 ) ;
#8982 = DIRECTION ( 'NONE',  ( 0.8660254037844329345, 0.000000000000000000, 0.5000000000000098810 ) ) ;
#8983 = LINE ( 'NONE', #3178, #9497 ) ;
#8984 = CARTESIAN_POINT ( 'NONE',  ( 6.500000000000000888, 26.86602540378400050, -2.000000000000000000 ) ) ;
#8985 = VERTEX_POINT ( 'NONE', #1121 ) ;
#8986 = AXIS2_PLACEMENT_3D ( 'NONE', #8000, #2330, #80 ) ;
#8987 = CARTESIAN_POINT ( 'NONE',  ( 1.738422021547135765, -17.73842202154713732, -6.761577978452865345 ) ) ;
#8988 = AXIS2_PLACEMENT_3D ( 'NONE', #8016, #943, #8759 ) ;
#8989 = CIRCLE ( 'NONE', #3719, 0.2000000000005541234 ) ;
#8990 = PRODUCT_DEFINITION_SHAPE ( 'NONE', 'NONE',  #10453 ) ;
#8991 = DIRECTION ( 'NONE',  ( -1.000000000000000000, 0.000000000000000000, 0.000000000000000000 ) ) ;
#8992 = AXIS2_PLACEMENT_3D ( 'NONE', #9424, #7629, #10258 ) ;
#8993 = EDGE_CURVE ( 'NONE', #8612, #1028, #1876, .T. ) ;
#8994 = EDGE_CURVE ( 'NONE', #6893, #2151, #7413, .T. ) ;
#8995 = VECTOR ( 'NONE', #5281, 1000.000000000000000 ) ;
#8996 = DIRECTION ( 'NONE',  ( -0.000000000000000000, -0.000000000000000000, -1.000000000000000000 ) ) ;
#8997 = ORIENTED_EDGE ( 'NONE', *, *, #3953, .F. ) ;
#8998 = AXIS2_PLACEMENT_3D ( 'NONE', #5091, #8268, #4882 ) ;
#8999 = DIRECTION ( 'NONE',  ( -0.000000000000000000, -0.000000000000000000, -1.000000000000000000 ) ) ;
#9000 = VERTEX_POINT ( 'NONE', #9839 ) ;
#9001 = ORIENTED_EDGE ( 'NONE', *, *, #5992, .T. ) ;
#9002 = ORIENTED_EDGE ( 'NONE', *, *, #6245, .F. ) ;
#9003 = CYLINDRICAL_SURFACE ( 'NONE', #9419, 0.2000000000005541234 ) ;
#9004 = CONICAL_SURFACE ( 'NONE', #7295, 1.719999999999999307, 1.047197551202454280 ) ;
#9005 = DIRECTION ( 'NONE',  ( 0.000000000000000000, 0.000000000000000000, 1.000000000000000000 ) ) ;
#9006 = DIRECTION ( 'NONE',  ( -1.000000000000000000, 0.000000000000000000, 0.000000000000000000 ) ) ;
#9007 = ADVANCED_FACE ( 'NONE', ( #1904 ), #9152, .F. ) ;
#9008 = AXIS2_PLACEMENT_3D ( 'NONE', #2255, #7825, #1519 ) ;
#9009 = VERTEX_POINT ( 'NONE', #2533 ) ;
#9010 = EDGE_CURVE ( 'NONE', #6729, #1343, #2706, .T. ) ;
#9011 = DIRECTION ( 'NONE',  ( -0.000000000000000000, -0.000000000000000000, 1.000000000000000000 ) ) ;
#9012 = FACE_OUTER_BOUND ( 'NONE', #3164, .T. ) ;
#9013 = ADVANCED_FACE ( 'NONE', ( #5018 ), #8640, .F. ) ;
#9014 = VERTEX_POINT ( 'NONE', #3371 ) ;
#9015 = CARTESIAN_POINT ( 'NONE',  ( 8.000000000000000000, 26.00000000000000355, -152.0000000000000000 ) ) ;
#9016 = AXIS2_PLACEMENT_3D ( 'NONE', #1724, #4097, #1508 ) ;
#9017 = CARTESIAN_POINT ( 'NONE',  ( 8.350000000000278533, -26.00000000000028422, 0.000000000000000000 ) ) ;
#9018 = ORIENTED_EDGE ( 'NONE', *, *, #729, .F. ) ;
#9019 = CIRCLE ( 'NONE', #1909, 0.5000000000006370460 ) ;
#9020 = ORIENTED_EDGE ( 'NONE', *, *, #10196, .F. ) ;
#9021 = CARTESIAN_POINT ( 'NONE',  ( -9.500000000000000000, -25.15833498349996589, -152.0000000000000000 ) ) ;
#9022 = VERTEX_POINT ( 'NONE', #6703 ) ;
#9023 = LINE ( 'NONE', #2547, #6553 ) ;
#9024 = DIRECTION ( 'NONE',  ( 0.000000000000000000, 0.000000000000000000, -1.000000000000000000 ) ) ;
#9025 = EDGE_CURVE ( 'NONE', #4099, #4641, #238, .T. ) ;
#9026 = CARTESIAN_POINT ( 'NONE',  ( -1.399999999999387068, 30.39999999999938751, -135.0000000000000000 ) ) ;
#9027 = DIRECTION ( 'NONE',  ( 0.000000000000000000, 0.000000000000000000, 1.000000000000000000 ) ) ;
#9028 = ORIENTED_EDGE ( 'NONE', *, *, #40, .T. ) ;
#9029 = VERTEX_POINT ( 'NONE', #7461 ) ;
#9030 = CARTESIAN_POINT ( 'NONE',  ( -4.003462351063423519, 4.377391625423356913, 7.868853943432926101 ) ) ;
#9031 = PLANE ( 'NONE',  #9874 ) ;
#9032 = DIRECTION ( 'NONE',  ( 0.7071067811865348052, 8.659560562354777551E-17, -0.7071067811865602293 ) ) ;
#9033 = DIRECTION ( 'NONE',  ( 0.000000000000000000, -1.000000000000000000, 0.000000000000000000 ) ) ;
#9034 = CARTESIAN_POINT ( 'NONE',  ( 7.249999999999717559, 24.70096189432366529, -150.0000000000000000 ) ) ;
#9035 = EDGE_LOOP ( 'NONE', ( #791, #3750, #7302, #8030 ) ) ;
#9036 = DIRECTION ( 'NONE',  ( -0.000000000000000000, 0.000000000000000000, 1.000000000000000000 ) ) ;
#9037 = DIRECTION ( 'NONE',  ( 0.000000000000000000, 0.000000000000000000, 1.000000000000000000 ) ) ;
#9038 = FACE_OUTER_BOUND ( 'NONE', #1370, .T. ) ;
#9039 = LINE ( 'NONE', #8441, #8699 ) ;
#9040 = CARTESIAN_POINT ( 'NONE',  ( 8.015521883131921044, 26.00000000000030553, -148.0000000000000000 ) ) ;
#9041 = AXIS2_PLACEMENT_3D ( 'NONE', #2277, #10321, #7043 ) ;
#9042 = CARTESIAN_POINT ( 'NONE',  ( 0.000000000000000000, -16.00000000000000000, 0.000000000000000000 ) ) ;
#9043 = CARTESIAN_POINT ( 'NONE',  ( 8.021096714234534630, 24.28012938607333027, -152.0000000000000000 ) ) ;
#9044 = ORIENTED_EDGE ( 'NONE', *, *, #1304, .F. ) ;
#9045 = CIRCLE ( 'NONE', #4290, 0.2000000000005539014 ) ;
#9046 = CARTESIAN_POINT ( 'NONE',  ( -4.599999999999999645, -26.00000000000000355, -148.0000000000000000 ) ) ;
#9047 = ORIENTED_EDGE ( 'NONE', *, *, #7514, .T. ) ;
#9048 = ORIENTED_EDGE ( 'NONE', *, *, #6651, .T. ) ;
#9049 = ORIENTED_EDGE ( 'NONE', *, *, #5416, .F. ) ;
#9050 = CARTESIAN_POINT ( 'NONE',  ( 6.521096714233932445, 26.87820559742598903, 0.000000000000000000 ) ) ;
#9051 = LINE ( 'NONE', #1792, #5024 ) ;
#9052 = AXIS2_PLACEMENT_3D ( 'NONE', #3257, #6437, #2574 ) ;
#9053 = CARTESIAN_POINT ( 'NONE',  ( 8.000000000000000000, 26.00000000000000355, 0.000000000000000000 ) ) ;
#9054 = VERTEX_POINT ( 'NONE', #1797 ) ;
#9055 = DIRECTION ( 'NONE',  ( -1.000000000000000000, 0.000000000000000000, 0.000000000000000000 ) ) ;
#9056 = DIRECTION ( 'NONE',  ( -0.000000000000000000, -0.000000000000000000, -1.000000000000000000 ) ) ;
#9057 = ORIENTED_EDGE ( 'NONE', *, *, #10257, .F. ) ;
#9058 = FACE_OUTER_BOUND ( 'NONE', #1955, .T. ) ;
#9059 = AXIS2_PLACEMENT_3D ( 'NONE', #264, #6798, #8340 ) ;
#9060 = DIRECTION ( 'NONE',  ( 1.000000000000000000, 0.000000000000000000, 0.000000000000000000 ) ) ;
#9061 = ADVANCED_FACE ( 'NONE', ( #8254, #4118 ), #9941, .F. ) ;
#9062 = ORIENTED_EDGE ( 'NONE', *, *, #3855, .T. ) ;
#9063 = EDGE_CURVE ( 'NONE', #2744, #4792, #3220, .T. ) ;
#9064 = EDGE_CURVE ( 'NONE', #4342, #6494, #7291, .T. ) ;
#9065 = ADVANCED_FACE ( 'NONE', ( #4918 ), #3428, .F. ) ;
#9066 = LINE ( 'NONE', #1083, #3039 ) ;
#9067 = ORIENTED_EDGE ( 'NONE', *, *, #2685, .T. ) ;
#9068 = CARTESIAN_POINT ( 'NONE',  ( 1.250000000000613509, 35.00000000000000000, -17.00000000000000000 ) ) ;
#9069 = CYLINDRICAL_SURFACE ( 'NONE', #9139, 4.282999999999981711 ) ;
#9070 = CARTESIAN_POINT ( 'NONE',  ( -1.000000000000000000, 30.00000000000000000, -135.0000000000000000 ) ) ;
#9071 = DIRECTION ( 'NONE',  ( -0.000000000000000000, -0.000000000000000000, -1.000000000000000000 ) ) ;
#9072 = ORIENTED_EDGE ( 'NONE', *, *, #4063, .F. ) ;
#9073 = ORIENTED_EDGE ( 'NONE', *, *, #2311, .F. ) ;
#9074 = AXIS2_PLACEMENT_3D ( 'NONE', #9751, #9119, #2499 ) ;
#9075 = ADVANCED_FACE ( 'NONE', ( #9012, #914 ), #7353, .F. ) ;
#9076 = AXIS2_PLACEMENT_3D ( 'NONE', #631, #6061, #5318 ) ;
#9077 = ORIENTED_EDGE ( 'NONE', *, *, #7258, .F. ) ;
#9078 = EDGE_CURVE ( 'NONE', #3695, #7451, #1749, .T. ) ;
#9079 = EDGE_CURVE ( 'NONE', #7040, #4487, #969, .T. ) ;
#9080 = CARTESIAN_POINT ( 'NONE',  ( -11.84999999999998366, 27.95825756949599850, -135.0000000000000000 ) ) ;
#9081 = AXIS2_PLACEMENT_3D ( 'NONE', #4839, #7064, #10394 ) ;
#9082 = UNCERTAINTY_MEASURE_WITH_UNIT (LENGTH_MEASURE( 1.000000000000000082E-05 ), #2448, 'distance_accuracy_value', 'NONE');
#9083 = DIRECTION ( 'NONE',  ( -3.751159154633072939E-16, -1.000000000000000000, -0.000000000000000000 ) ) ;
#9084 = DIRECTION ( 'NONE',  ( -0.000000000000000000, -0.000000000000000000, 1.000000000000000000 ) ) ;
#9085 = DIRECTION ( 'NONE',  ( -0.000000000000000000, -0.000000000000000000, -1.000000000000000000 ) ) ;
#9086 = DIRECTION ( 'NONE',  ( 0.8660254037842980424, -0.5000000000002434719, 0.000000000000000000 ) ) ;
#9087 = CARTESIAN_POINT ( 'NONE',  ( -12.00000000000000000, -16.00000000000000000, -8.500000000000000000 ) ) ;
#9088 = CARTESIAN_POINT ( 'NONE',  ( 0.000000000000000000, -16.00000000000000000, -152.0000000000000000 ) ) ;
#9089 = AXIS2_PLACEMENT_3D ( 'NONE', #2714, #6102, #5155 ) ;
#9090 = EDGE_CURVE ( 'NONE', #7144, #5744, #6081, .T. ) ;
#9091 = CARTESIAN_POINT ( 'NONE',  ( -9.500000000000000000, -26.84166501650003056, 0.000000000000000000 ) ) ;
#9092 = AXIS2_PLACEMENT_3D ( 'NONE', #7215, #4143, #9762 ) ;
#9093 = CARTESIAN_POINT ( 'NONE',  ( 5.999999999999988454, 7.347880794884105931E-16, -31.00000000000000000 ) ) ;
#9094 = LINE ( 'NONE', #953, #641 ) ;
#9095 = CARTESIAN_POINT ( 'NONE',  ( 0.000000000000000000, -13.54149999999999743, -143.5000000000000284 ) ) ;
#9096 = DIRECTION ( 'NONE',  ( 0.000000000000000000, 0.000000000000000000, -1.000000000000000000 ) ) ;
#9097 = CARTESIAN_POINT ( 'NONE',  ( 12.00000000000000000, 22.00000000000000000, -148.0000000000000000 ) ) ;
#9098 = ORIENTED_EDGE ( 'NONE', *, *, #6976, .T. ) ;
#9099 = CARTESIAN_POINT ( 'NONE',  ( -7.249999999999388933, 35.00000000000000000, -135.0000000000000000 ) ) ;
#9100 = EDGE_LOOP ( 'NONE', ( #10011, #10012, #97 ) ) ;
#9101 = ORIENTED_EDGE ( 'NONE', *, *, #2129, .T. ) ;
#9102 = EDGE_LOOP ( 'NONE', ( #9906, #9593, #6289 ) ) ;
#9103 = CARTESIAN_POINT ( 'NONE',  ( -9.500000000000000000, -26.84166501650003767, -152.0000000000000000 ) ) ;
#9104 = DIRECTION ( 'NONE',  ( -1.000000000000000000, 0.000000000000000000, 0.000000000000000000 ) ) ;
#9105 = DIRECTION ( 'NONE',  ( 0.000000000000000000, 0.000000000000000000, 1.000000000000000000 ) ) ;
#9106 = ORIENTED_EDGE ( 'NONE', *, *, #4625, .T. ) ;
#9107 = CARTESIAN_POINT ( 'NONE',  ( 1.449999999999445954, 33.20000000000000284, -135.0000000000000000 ) ) ;
#9108 = CARTESIAN_POINT ( 'NONE',  ( 8.000000000000000000, 26.00000000000000355, -152.0000000000000000 ) ) ;
#9109 = ORIENTED_EDGE ( 'NONE', *, *, #9490, .T. ) ;
#9110 = CARTESIAN_POINT ( 'NONE',  ( 8.000000000001291411, 26.00000000000094857, -17.00000000000000000 ) ) ;
#9111 = DIRECTION ( 'NONE',  ( -1.000000000000000000, 0.000000000000000000, 0.000000000000000000 ) ) ;
#9112 = ORIENTED_EDGE ( 'NONE', *, *, #2407, .F. ) ;
#9113 = CARTESIAN_POINT ( 'NONE',  ( 0.000000000000000000, 0.000000000000000000, -2.000000000000000000 ) ) ;
#9114 = ORIENTED_EDGE ( 'NONE', *, *, #6132, .F. ) ;
#9115 = EDGE_CURVE ( 'NONE', #5462, #326, #3590, .T. ) ;
#9116 = CARTESIAN_POINT ( 'NONE',  ( 8.000000000000000000, 26.00000000000000355, -152.0000000000000000 ) ) ;
#9117 = ADVANCED_FACE ( 'NONE', ( #5321 ), #5963, .T. ) ;
#9118 = CARTESIAN_POINT ( 'NONE',  ( -8.000000000000000000, -26.00000000000000355, 0.000000000000000000 ) ) ;
#9119 = DIRECTION ( 'NONE',  ( 0.000000000000000000, 0.000000000000000000, 1.000000000000000000 ) ) ;
#9120 = EDGE_LOOP ( 'NONE', ( #1643, #9930, #8583, #4692, #10361, #4293 ) ) ;
#9121 = EDGE_CURVE ( 'NONE', #3988, #1387, #2935, .T. ) ;
#9122 = ADVANCED_FACE ( 'NONE', ( #6914, #1176 ), #1371, .F. ) ;
#9123 = ORIENTED_EDGE ( 'NONE', *, *, #6839, .T. ) ;
#9124 = DIRECTION ( 'NONE',  ( 1.000000000000000000, 0.000000000000000000, 0.000000000000000000 ) ) ;
#9125 = CARTESIAN_POINT ( 'NONE',  ( 0.6607491694260452242, -18.45850000000001856, -141.0414999999999850 ) ) ;
#9126 = CARTESIAN_POINT ( 'NONE',  ( 0.000000000000000000, 18.45849999999999724, -8.500000000000000000 ) ) ;
#9127 = ORIENTED_EDGE ( 'NONE', *, *, #9090, .T. ) ;
#9128 = DIRECTION ( 'NONE',  ( -0.000000000000000000, -0.000000000000000000, -1.000000000000000000 ) ) ;
#9129 = EDGE_CURVE ( 'NONE', #3581, #3202, #7442, .T. ) ;
#9130 = CARTESIAN_POINT ( 'NONE',  ( -2.458500000000003460, 16.00000000000000000, -10.95850000000000257 ) ) ;
#9131 = EDGE_CURVE ( 'NONE', #1423, #5957, #5224, .T. ) ;
#9132 = DIRECTION ( 'NONE',  ( -0.000000000000000000, -0.000000000000000000, -1.000000000000000000 ) ) ;
#9133 = CARTESIAN_POINT ( 'NONE',  ( -1.000000000000000000, 30.39999999999938751, -17.00000000000000000 ) ) ;
#9134 = VECTOR ( 'NONE', #9511, 1000.000000000000000 ) ;
#9135 = CONICAL_SURFACE ( 'NONE', #523, 1.720000000000001084, 1.047197551202451837 ) ;
#9136 = CONICAL_SURFACE ( 'NONE', #5910, 1.499999999999999556, 1.047197551198829846 ) ;
#9137 = CARTESIAN_POINT ( 'NONE',  ( 0.000000000000000000, 0.000000000000000000, 29.23299999999995080 ) ) ;
#9138 = CARTESIAN_POINT ( 'NONE',  ( -8.000000000000000000, -26.00000000000000355, -152.0000000000000000 ) ) ;
#9139 = AXIS2_PLACEMENT_3D ( 'NONE', #7521, #8217, #1963 ) ;
#9140 = LINE ( 'NONE', #1007, #1202 ) ;
#9141 = FACE_OUTER_BOUND ( 'NONE', #8309, .T. ) ;
#9142 = EDGE_CURVE ( 'NONE', #447, #1853, #9461, .T. ) ;
#9143 = DIRECTION ( 'NONE',  ( 0.000000000000000000, 0.000000000000000000, 1.000000000000000000 ) ) ;
#9144 = AXIS2_PLACEMENT_3D ( 'NONE', #7648, #411, #7434 ) ;
#9145 = ORIENTED_EDGE ( 'NONE', *, *, #8819, .T. ) ;
#9146 = EDGE_CURVE ( 'NONE', #5616, #7263, #6867, .T. ) ;
#9147 = DIRECTION ( 'NONE',  ( 0.000000000000000000, 0.000000000000000000, -1.000000000000000000 ) ) ;
#9148 = ORIENTED_EDGE ( 'NONE', *, *, #7364, .F. ) ;
#9149 = EDGE_LOOP ( 'NONE', ( #2825, #6732 ) ) ;
#9150 = EDGE_LOOP ( 'NONE', ( #6673, #4343 ) ) ;
#9151 = CARTESIAN_POINT ( 'NONE',  ( -11.84999999999999076, 27.95825756949599850, -17.00000000000000000 ) ) ;
#9152 = CONICAL_SURFACE ( 'NONE', #7281, 1.499999999999999556, 1.047197551198829846 ) ;
#9153 = DIRECTION ( 'NONE',  ( -0.000000000000000000, -0.000000000000000000, 1.000000000000000000 ) ) ;
#9154 = LINE ( 'NONE', #6752, #2818 ) ;
#9155 = CIRCLE ( 'NONE', #8809, 4.000000000000305533 ) ;
#9156 = ORIENTED_EDGE ( 'NONE', *, *, #1944, .T. ) ;
#9157 = CIRCLE ( 'NONE', #5766, 1.720000000000002860 ) ;
#9158 = LINE ( 'NONE', #1903, #7705 ) ;
#9159 = CARTESIAN_POINT ( 'NONE',  ( 9.500000000000000000, 26.86602540378400050, -2.000000000000000000 ) ) ;
#9160 = VERTEX_POINT ( 'NONE', #2891 ) ;
#9161 = VECTOR ( 'NONE', #338, 1000.000000000000114 ) ;
#9162 = LINE ( 'NONE', #340, #1901 ) ;
#9163 = LINE ( 'NONE', #6072, #3705 ) ;
#9164 = CARTESIAN_POINT ( 'NONE',  ( 8.000000000000000000, 27.73205080756899932, -2.000000000000000000 ) ) ;
#9165 = CARTESIAN_POINT ( 'NONE',  ( -9.248999599679702754, 29.80000000000000782, 0.000000000000000000 ) ) ;
#9166 = VERTEX_POINT ( 'NONE', #8513 ) ;
#9167 = CIRCLE ( 'NONE', #8650, 1.499999999999999556 ) ;
#9168 = LINE ( 'NONE', #6667, #532 ) ;
#9169 = CARTESIAN_POINT ( 'NONE',  ( 0.000000000000000000, -29.20850000000000435, -8.500000000000000000 ) ) ;
#9170 = DIRECTION ( 'NONE',  ( -0.000000000000000000, -0.000000000000000000, 1.000000000000000000 ) ) ;
#9171 = VERTEX_POINT ( 'NONE', #2104 ) ;
#9172 = CIRCLE ( 'NONE', #10170, 5.200000000000555289 ) ;
#9173 = ORIENTED_EDGE ( 'NONE', *, *, #2632, .T. ) ;
#9174 = ADVANCED_FACE ( 'NONE', ( #2055 ), #4520, .F. ) ;
#9175 = EDGE_CURVE ( 'NONE', #7007, #1798, #2866, .T. ) ;
#9176 = DIRECTION ( 'NONE',  ( -0.000000000000000000, -0.000000000000000000, -1.000000000000000000 ) ) ;
#9177 = CARTESIAN_POINT ( 'NONE',  ( 9.500000000000000000, 26.86602540378400050, -152.0000000000000000 ) ) ;
#9178 = CARTESIAN_POINT ( 'NONE',  ( 7.050000000000554934, 33.40000000000055280, -17.00000000000001421 ) ) ;
#9179 = EDGE_LOOP ( 'NONE', ( #4163, #9804, #7895, #9801 ) ) ;
#9180 = ORIENTED_EDGE ( 'NONE', *, *, #3609, .F. ) ;
#9181 = CARTESIAN_POINT ( 'NONE',  ( 0.000000000000000000, 0.000000000000000000, 9.394203811574740826 ) ) ;
#9182 = CARTESIAN_POINT ( 'NONE',  ( -4.500000000000000000, -26.00000000000000355, -151.5999999999999943 ) ) ;
#9183 = VECTOR ( 'NONE', #4978, 1000.000000000000000 ) ;
#9184 = ORIENTED_EDGE ( 'NONE', *, *, #8865, .T. ) ;
#9185 = DIRECTION ( 'NONE',  ( 0.000000000000000000, -1.000000000000000000, 0.000000000000000000 ) ) ;
#9186 =( BOUNDED_CURVE ( )  B_SPLINE_CURVE ( 3, ( #3712, #5257, #3569, #9391 ),
 .UNSPECIFIED., .F., .F. ) 
 B_SPLINE_CURVE_WITH_KNOTS ( ( 4, 4 ),
 ( 5.497787143782137953, 6.283185307179586232 ),
 .UNSPECIFIED. ) 
 CURVE ( )  GEOMETRIC_REPRESENTATION_ITEM ( )  RATIONAL_B_SPLINE_CURVE ( ( 1.000000000000000000, 0.9492530216741911220, 0.9492530216741911220, 1.000000000000000000 ) ) 
 REPRESENTATION_ITEM ( '' )  );
#9187 = CARTESIAN_POINT ( 'NONE',  ( -8.500000000000000000, 25.50000000000000355, -121.0000000000000000 ) ) ;
#9188 = ADVANCED_FACE ( 'NONE', ( #7773 ), #487, .F. ) ;
#9189 = CARTESIAN_POINT ( 'NONE',  ( 0.000000000000000000, -29.20849999999996527, -143.5000000000000284 ) ) ;
#9190 = EDGE_CURVE ( 'NONE', #5095, #1107, #4472, .T. ) ;
#9191 = ADVANCED_FACE ( 'NONE', ( #3776 ), #434, .F. ) ;
#9192 = ADVANCED_FACE ( 'NONE', ( #534 ), #8281, .F. ) ;
#9193 = LINE ( 'NONE', #1931, #4470 ) ;
#9194 = CARTESIAN_POINT ( 'NONE',  ( -9.500000000000000000, -25.13397459621599950, -2.000000000000000000 ) ) ;
#9195 = DIRECTION ( 'NONE',  ( -0.000000000000000000, -1.000000000000000000, -0.000000000000000000 ) ) ;
#9196 = LINE ( 'NONE', #5110, #5241 ) ;
#9197 = CARTESIAN_POINT ( 'NONE',  ( -8.000000000000000000, -16.00000000000000000, -8.500000000000000000 ) ) ;
#9198 = CARTESIAN_POINT ( 'NONE',  ( 6.280000000000001137, 26.00000000000000355, -152.0000000000000000 ) ) ;
#9199 = VERTEX_POINT ( 'NONE', #6968 ) ;
#9200 = CARTESIAN_POINT ( 'NONE',  ( -2.458500000000000796, -16.00000000000000000, -10.95850000000000080 ) ) ;
#9201 = ORIENTED_EDGE ( 'NONE', *, *, #8072, .F. ) ;
#9202 = VERTEX_POINT ( 'NONE', #4377 ) ;
#9203 = ORIENTED_EDGE ( 'NONE', *, *, #5534, .F. ) ;
#9204 = EDGE_CURVE ( 'NONE', #1697, #2097, #5907, .T. ) ;
#9205 = FACE_OUTER_BOUND ( 'NONE', #7143, .T. ) ;
#9206 = ADVANCED_FACE ( 'NONE', ( #7068 ), #8083, .F. ) ;
#9207 = CARTESIAN_POINT ( 'NONE',  ( 1.738422021547136209, -17.73842202154713732, -141.7615779784528627 ) ) ;
#9208 = DIRECTION ( 'NONE',  ( 1.000000000000000000, 0.000000000000000000, 0.000000000000000000 ) ) ;
#9209 = ORIENTED_EDGE ( 'NONE', *, *, #3416, .F. ) ;
#9210 = CARTESIAN_POINT ( 'NONE',  ( -1.250000000000613509, 34.60000000000061959, -135.0000000000000000 ) ) ;
#9211 = CARTESIAN_POINT ( 'NONE',  ( 0.000000000000000000, 16.00000000000000000, -121.0000000000000000 ) ) ;
#9212 = VERTEX_POINT ( 'NONE', #1469 ) ;
#9213 = LINE ( 'NONE', #5178, #6624 ) ;
#9214 = DIRECTION ( 'NONE',  ( 0.8660254037842792796, -0.5000000000002760014, 0.000000000000000000 ) ) ;
#9215 = CARTESIAN_POINT ( 'NONE',  ( 0.000000000000000000, 0.000000000000000000, -111.0000000000000000 ) ) ;
#9216 = AXIS2_PLACEMENT_3D ( 'NONE', #9962, #9808, #2696 ) ;
#9217 = EDGE_CURVE ( 'NONE', #1293, #6691, #2688, .T. ) ;
#9218 = CARTESIAN_POINT ( 'NONE',  ( 8.000000000000000000, 27.73205080756899932, -152.0000000000000000 ) ) ;
#9219 = ORIENTED_EDGE ( 'NONE', *, *, #8208, .T. ) ;
#9220 = LINE ( 'NONE', #9798, #2694 ) ;
#9221 = AXIS2_PLACEMENT_3D ( 'NONE', #382, #5960, #7671 ) ;
#9222 = DIRECTION ( 'NONE',  ( 0.000000000000000000, 0.000000000000000000, 1.000000000000000000 ) ) ;
#9223 = DIRECTION ( 'NONE',  ( 0.000000000000000000, 0.000000000000000000, -1.000000000000000000 ) ) ;
#9224 = ORIENTED_EDGE ( 'NONE', *, *, #7946, .F. ) ;
#9225 = ORIENTED_EDGE ( 'NONE', *, *, #9025, .T. ) ;
#9226 = CARTESIAN_POINT ( 'NONE',  ( -1.500000000000000000, 20.30000000000604032, -143.5000000000000284 ) ) ;
#9227 = ORIENTED_EDGE ( 'NONE', *, *, #815, .T. ) ;
#9228 = VECTOR ( 'NONE', #6295, 1000.000000000000114 ) ;
#9229 = VECTOR ( 'NONE', #10448, 1000.000000000000000 ) ;
#9230 = LINE ( 'NONE', #8570, #825 ) ;
#9231 = CARTESIAN_POINT ( 'NONE',  ( -12.00000000000000000, -16.00000000000000000, -10.95850000000000080 ) ) ;
#9232 = LINE ( 'NONE', #1868, #6825 ) ;
#9233 = EDGE_LOOP ( 'NONE', ( #7952, #6868, #8790, #4608, #1411, #3070, #5440 ) ) ;
#9234 = ORIENTED_EDGE ( 'NONE', *, *, #9129, .T. ) ;
#9235 = VECTOR ( 'NONE', #6574, 1000.000000000000000 ) ;
#9236 = LINE ( 'NONE', #7536, #4939 ) ;
#9237 = CIRCLE ( 'NONE', #6856, 1.958499999993985830 ) ;
#9238 = CARTESIAN_POINT ( 'NONE',  ( -9.500000000000000000, -25.15833498349997299, 0.000000000000000000 ) ) ;
#9239 = VERTEX_POINT ( 'NONE', #1517 ) ;
#9240 = CIRCLE ( 'NONE', #9567, 3.400000000000000355 ) ;
#9241 = PLANE ( 'NONE',  #311 ) ;
#9242 = CARTESIAN_POINT ( 'NONE',  ( -6.500000000000000000, -25.85781462581188705, -0.1270170592216950944 ) ) ;
#9243 = AXIS2_PLACEMENT_3D ( 'NONE', #4042, #6264, #4730 ) ;
#9244 = PRODUCT ( 'cilinder_uit', 'cilinder_uit', '', ( #1599 ) ) ;
#9245 = AXIS2_PLACEMENT_3D ( 'NONE', #5652, #859, #9685 ) ;
#9246 = DIRECTION ( 'NONE',  ( 1.000000000000000000, 0.000000000000000000, 0.000000000000000000 ) ) ;
#9247 = CARTESIAN_POINT ( 'NONE',  ( -12.00000000000000000, -25.99999999999969447, -148.0000000000000000 ) ) ;
#9248 = CARTESIAN_POINT ( 'NONE',  ( 0.4999999999993915423, 17.49999999999939249, -121.0000000000000000 ) ) ;
#9249 = AXIS2_PLACEMENT_3D ( 'NONE', #4780, #2290, #1558 ) ;
#9250 = CARTESIAN_POINT ( 'NONE',  ( -6.521096714233937774, -25.12179440257401097, 0.000000000000000000 ) ) ;
#9251 = DIRECTION ( 'NONE',  ( -1.000000000000000000, 0.000000000000000000, 0.000000000000000000 ) ) ;
#9252 = EDGE_CURVE ( 'NONE', #445, #3897, #3997, .T. ) ;
#9253 = AXIS2_PLACEMENT_3D ( 'NONE', #6300, #3760, #8751 ) ;
#9255 = CIRCLE ( 'NONE', #2294, 1.500000000000000222 ) ;
#9254 = DIRECTION ( 'NONE',  ( -0.5000000000002420286, -0.8660254037842989305, 0.000000000000000000 ) ) ;
#9256 = ORIENTED_EDGE ( 'NONE', *, *, #653, .F. ) ;
#9257 = EDGE_CURVE ( 'NONE', #8429, #3444, #9559, .T. ) ;
#9258 = DIRECTION ( 'NONE',  ( -1.000000000000000000, 0.000000000000000000, 0.000000000000000000 ) ) ;
#9259 = ORIENTED_EDGE ( 'NONE', *, *, #4854, .F. ) ;
#9260 = EDGE_CURVE ( 'NONE', #6802, #912, #6320, .T. ) ;
#9261 = ORIENTED_EDGE ( 'NONE', *, *, #2527, .T. ) ;
#9262 = DIRECTION ( 'NONE',  ( -0.000000000000000000, -0.000000000000000000, -1.000000000000000000 ) ) ;
#9263 = EDGE_CURVE ( 'NONE', #6729, #1497, #365, .T. ) ;
#9264 = VECTOR ( 'NONE', #6088, 1000.000000000000000 ) ;
#9265 = DIRECTION ( 'NONE',  ( 0.000000000000000000, 0.000000000000000000, -1.000000000000000000 ) ) ;
#9266 = AXIS2_PLACEMENT_3D ( 'NONE', #10444, #3348, #1727 ) ;
#9267 = PLANE ( 'NONE',  #5981 ) ;
#9268 = ORIENTED_EDGE ( 'NONE', *, *, #5546, .F. ) ;
#9269 = FACE_OUTER_BOUND ( 'NONE', #5925, .T. ) ;
#9270 = DIRECTION ( 'NONE',  ( 0.000000000000000000, 0.000000000000000000, 1.000000000000000000 ) ) ;
#9271 = EDGE_LOOP ( 'NONE', ( #5955, #3015, #5952, #1063 ) ) ;
#9272 = EDGE_CURVE ( 'NONE', #2995, #5429, #17, .T. ) ;
#9273 = DIRECTION ( 'NONE',  ( -0.5000000000002339240, -0.8660254037843034824, 0.000000000000000000 ) ) ;
#9274 = VECTOR ( 'NONE', #1554, 1000.000000000000114 ) ;
#9275 = ADVANCED_FACE ( 'NONE', ( #8664, #4047 ), #7284, .T. ) ;
#9276 = CARTESIAN_POINT ( 'NONE',  ( 4.030983766875087859, 26.35136306023699504, -148.0000000000000000 ) ) ;
#9277 = CYLINDRICAL_SURFACE ( 'NONE', #10318, 4.000000000000305533 ) ;
#9278 = ORIENTED_EDGE ( 'NONE', *, *, #5816, .T. ) ;
#9279 = CARTESIAN_POINT ( 'NONE',  ( -8.000000000000000000, -26.00000000000000355, -3.899999999999999911 ) ) ;
#9280 = DIRECTION ( 'NONE',  ( 0.5000000000002388090, 0.8660254037843008179, 0.000000000000000000 ) ) ;
#9281 = DIRECTION ( 'NONE',  ( -1.000000000000000000, 0.000000000000000000, 0.000000000000000000 ) ) ;
#9282 = ORIENTED_EDGE ( 'NONE', *, *, #10222, .T. ) ;
#9283 = EDGE_CURVE ( 'NONE', #1919, #1841, #3144, .T. ) ;
#9284 = EDGE_CURVE ( 'NONE', #9436, #823, #1701, .T. ) ;
#9285 = VERTEX_POINT ( 'NONE', #5582 ) ;
#9286 = DIRECTION ( 'NONE',  ( 0.000000000000000000, -0.7071067811865485719, -0.7071067811865465735 ) ) ;
#9287 = ORIENTED_EDGE ( 'NONE', *, *, #9323, .T. ) ;
#9288 = ORIENTED_EDGE ( 'NONE', *, *, #8532, .T. ) ;
#9289 = DIRECTION ( 'NONE',  ( 1.000000000000000000, 0.000000000000000000, 0.000000000000000000 ) ) ;
#9290 = DIRECTION ( 'NONE',  ( 0.9983686786296940285, -0.05709624796078022202, -6.145853384841537465E-18 ) ) ;
#9291 = DIRECTION ( 'NONE',  ( 1.000000000000000000, 0.000000000000000000, 0.000000000000000000 ) ) ;
#9292 = DIRECTION ( 'NONE',  ( 0.000000000000000000, 0.000000000000000000, 1.000000000000000000 ) ) ;
#9293 = ORIENTED_EDGE ( 'NONE', *, *, #2003, .F. ) ;
#9294 = DIRECTION ( 'NONE',  ( -1.000000000000000000, 0.000000000000000000, 0.000000000000000000 ) ) ;
#9295 = DIRECTION ( 'NONE',  ( 0.000000000000000000, -0.7071067811865422437, -0.7071067811865527908 ) ) ;
#9296 = CARTESIAN_POINT ( 'NONE',  ( 3.980102097228935209E-16, -30.00000000000000000, -5.249999999999969802 ) ) ;
#9297 = LINE ( 'NONE', #6800, #8617 ) ;
#9298 = CARTESIAN_POINT ( 'NONE',  ( -8.000000000000000000, -26.00000000000000355, -150.0000000000000000 ) ) ;
#9299 = DIRECTION ( 'NONE',  ( 0.000000000000000000, 0.000000000000000000, 1.000000000000000000 ) ) ;
#9300 = ORIENTED_EDGE ( 'NONE', *, *, #2565, .F. ) ;
#9301 = DIRECTION ( 'NONE',  ( 1.000000000000000000, 0.000000000000000000, 0.000000000000000000 ) ) ;
#9302 = ORIENTED_EDGE ( 'NONE', *, *, #2790, .T. ) ;
#9303 = AXIS2_PLACEMENT_3D ( 'NONE', #10180, #1209, #9299 ) ;
#9304 = ORIENTED_EDGE ( 'NONE', *, *, #3416, .T. ) ;
#9305 = AXIS2_PLACEMENT_3D ( 'NONE', #6837, #7594, #364 ) ;
#9306 = ORIENTED_EDGE ( 'NONE', *, *, #2140, .T. ) ;
#9307 = CARTESIAN_POINT ( 'NONE',  ( -5.590398646904001900, -1.545135259028854291, 7.999999999999992895 ) ) ;
#9308 = ADVANCED_FACE ( 'NONE', ( #2991, #6374, #9611, #4848 ), #5634, .F. ) ;
#9309 = DIRECTION ( 'NONE',  ( 0.8660254037842706198, -0.5000000000002912115, 0.000000000000000000 ) ) ;
#9310 = ADVANCED_FACE ( 'NONE', ( #6214 ), #9456, .F. ) ;
#9311 = AXIS2_PLACEMENT_3D ( 'NONE', #9314, #10142, #6018 ) ;
#9312 = VECTOR ( 'NONE', #7493, 1000.000000000000000 ) ;
#9313 = DIRECTION ( 'NONE',  ( 1.000000000000000000, 0.000000000000000000, 0.000000000000000000 ) ) ;
#9314 = CARTESIAN_POINT ( 'NONE',  ( -8.350000000000278533, -26.00000000000028422, -135.0000000000000000 ) ) ;
#9315 = ORIENTED_EDGE ( 'NONE', *, *, #1066, .F. ) ;
#9316 = CARTESIAN_POINT ( 'NONE',  ( -7.249999999999390710, 35.00000000000000000, -17.00000000000000000 ) ) ;
#9317 = ORIENTED_EDGE ( 'NONE', *, *, #3532, .F. ) ;
#9318 = LINE ( 'NONE', #4380, #3549 ) ;
#9319 = AXIS2_PLACEMENT_3D ( 'NONE', #4989, #4194, #6630 ) ;
#9320 = PRODUCT_DEFINITION_FORMATION_WITH_SPECIFIED_SOURCE ( 'ANY', '', #9244, .NOT_KNOWN. ) ;
#9321 = VECTOR ( 'NONE', #7519, 1000.000000000000000 ) ;
#9322 = ADVANCED_FACE ( 'NONE', ( #6271 ), #8616, .F. ) ;
#9323 = EDGE_CURVE ( 'NONE', #5365, #8892, #3835, .T. ) ;
#9324 = EDGE_CURVE ( 'NONE', #1138, #8572, #7615, .T. ) ;
#9325 = CARTESIAN_POINT ( 'NONE',  ( -9.500000000000000000, -25.99999999999975131, -151.8729829407772343 ) ) ;
#9326 = VERTEX_POINT ( 'NONE', #7121 ) ;
#9327 = VECTOR ( 'NONE', #9056, 1000.000000000000000 ) ;
#9328 = DIRECTION ( 'NONE',  ( -0.000000000000000000, -1.000000000000000000, -0.000000000000000000 ) ) ;
#9329 = CARTESIAN_POINT ( 'NONE',  ( -1.499999999999999556, 29.80000000000000071, -148.5499999999999545 ) ) ;
#9330 = CARTESIAN_POINT ( 'NONE',  ( -4.352726514326100471, -30.00000000000000000, -152.0000000000000000 ) ) ;
#9331 = ORIENTED_EDGE ( 'NONE', *, *, #7247, .T. ) ;
#9332 = AXIS2_PLACEMENT_3D ( 'NONE', #4552, #6304, #4665 ) ;
#9333 = ORIENTED_EDGE ( 'NONE', *, *, #9973, .F. ) ;
#9334 = AXIS2_PLACEMENT_3D ( 'NONE', #4438, #7685, #10060 ) ;
#9335 = AXIS2_PLACEMENT_3D ( 'NONE', #7431, #884, #1090 ) ;
#9336 = ORIENTED_EDGE ( 'NONE', *, *, #3746, .T. ) ;
#9337 = CIRCLE ( 'NONE', #4754, 4.000000000000305533 ) ;
#9338 = EDGE_CURVE ( 'NONE', #8985, #10429, #2539, .T. ) ;
#9339 = CARTESIAN_POINT ( 'NONE',  ( 8.000000000000000000, 26.00000000000000355, -4.000000000000000000 ) ) ;
#9340 = EDGE_LOOP ( 'NONE', ( #435, #9101, #2665, #7128, #1330 ) ) ;
#9341 = ORIENTED_EDGE ( 'NONE', *, *, #1009, .F. ) ;
#9342 = CARTESIAN_POINT ( 'NONE',  ( -1.500000000000000000, 28.47151703059009265, -143.5000000000000284 ) ) ;
#9343 = CONICAL_SURFACE ( 'NONE', #4755, 2.458500000000003460, 0.7853981633974488341 ) ;
#9344 = CARTESIAN_POINT ( 'NONE',  ( -7.999999999999694467, -25.99999999999969447, -135.0000000000000000 ) ) ;
#9345 = DIRECTION ( 'NONE',  ( 0.000000000000000000, -0.000000000000000000, -1.000000000000000000 ) ) ;
#9346 = DIRECTION ( 'NONE',  ( 1.000000000000000000, 0.000000000000000000, 0.000000000000000000 ) ) ;
#9347 = EDGE_LOOP ( 'NONE', ( #7535, #9439, #6397, #4769 ) ) ;
#9348 = CIRCLE ( 'NONE', #9846, 5.000000000000000888 ) ;
#9349 = CARTESIAN_POINT ( 'NONE',  ( -11.79999999999944649, -16.00000000000000000, -8.500000000000000000 ) ) ;
#9350 = CARTESIAN_POINT ( 'NONE',  ( -6.500000000000000888, -25.13397459621599950, -152.0000000000000000 ) ) ;
#9351 = DIRECTION ( 'NONE',  ( 0.000000000000000000, -0.000000000000000000, 1.000000000000000000 ) ) ;
#9352 = DIRECTION ( 'NONE',  ( -1.000000000000000000, 0.000000000000000000, 0.000000000000000000 ) ) ;
#9353 = PLANE ( 'NONE',  #7439 ) ;
#9354 = VERTEX_POINT ( 'NONE', #8189 ) ;
#9355 = CARTESIAN_POINT ( 'NONE',  ( 8.021096714234534630, 24.28012938607333027, -152.0000000000000000 ) ) ;
#9356 = ORIENTED_EDGE ( 'NONE', *, *, #3474, .T. ) ;
#9357 = EDGE_LOOP ( 'NONE', ( #7377, #6092 ) ) ;
#9358 = ORIENTED_EDGE ( 'NONE', *, *, #7514, .F. ) ;
#9359 = DIRECTION ( 'NONE',  ( -1.000000000000000000, 0.000000000000000000, 0.000000000000000000 ) ) ;
#9360 = CARTESIAN_POINT ( 'NONE',  ( 7.249999999999388045, 34.60000000000061959, -135.0000000000000000 ) ) ;
#9361 = LINE ( 'NONE', #1320, #1277 ) ;
#9362 = ORIENTED_EDGE ( 'NONE', *, *, #2512, .F. ) ;
#9363 = DIRECTION ( 'NONE',  ( 1.000000000000000000, -3.751159154633072939E-16, 0.000000000000000000 ) ) ;
#9364 = ORIENTED_EDGE ( 'NONE', *, *, #3798, .F. ) ;
#9365 = ORIENTED_EDGE ( 'NONE', *, *, #3200, .T. ) ;
#9366 = DIRECTION ( 'NONE',  ( 1.000000000000000000, 0.000000000000000000, -0.000000000000000000 ) ) ;
#9367 = CONICAL_SURFACE ( 'NONE', #3437, 4.282999999999987928, 0.5235987755967880242 ) ;
#9368 = CARTESIAN_POINT ( 'NONE',  ( 4.036001841876316831, -4.255952592457060035, 7.935661521442805899 ) ) ;
#9369 = ORIENTED_EDGE ( 'NONE', *, *, #8164, .F. ) ;
#9370 = DIRECTION ( 'NONE',  ( 1.000000000000000000, 0.000000000000000000, 0.000000000000000000 ) ) ;
#9371 = DIRECTION ( 'NONE',  ( 0.000000000000000000, 0.000000000000000000, 1.000000000000000000 ) ) ;
#9372 = CARTESIAN_POINT ( 'NONE',  ( 0.000000000000000000, 0.000000000000000000, 9.499999999999841904 ) ) ;
#9373 = ORIENTED_EDGE ( 'NONE', *, *, #1801, .F. ) ;
#9374 = EDGE_CURVE ( 'NONE', #4022, #6138, #1106, .T. ) ;
#9375 = CIRCLE ( 'NONE', #1268, 3.399999999999996803 ) ;
#9376 = ADVANCED_FACE ( 'NONE', ( #9929 ), #169, .T. ) ;
#9377 = EDGE_CURVE ( 'NONE', #9892, #111, #1733, .T. ) ;
#9378 = EDGE_LOOP ( 'NONE', ( #7992, #7912, #2681, #7149, #8486, #2336, #5654, #187 ) ) ;
#9379 = LINE ( 'NONE', #2856, #763 ) ;
#9380 = AXIS2_PLACEMENT_3D ( 'NONE', #1637, #4169, #911 ) ;
#9381 = ORIENTED_EDGE ( 'NONE', *, *, #8165, .T. ) ;
#9382 = ORIENTED_EDGE ( 'NONE', *, *, #7108, .T. ) ;
#9383 = CARTESIAN_POINT ( 'NONE',  ( -2.458500000000006125, -14.55984404309424995, -6.041499999999994763 ) ) ;
#9384 = ORIENTED_EDGE ( 'NONE', *, *, #4409, .T. ) ;
#9385 = ADVANCED_FACE ( 'NONE', ( #221, #8141 ), #5737, .F. ) ;
#9386 = DIRECTION ( 'NONE',  ( -0.000000000000000000, -0.000000000000000000, -1.000000000000000000 ) ) ;
#9387 = ADVANCED_FACE ( 'NONE', ( #9776 ), #7445, .F. ) ;
#9388 = CARTESIAN_POINT ( 'NONE',  ( 8.000000000001291411, 26.00000000000094857, -17.00000000000000000 ) ) ;
#9389 = EDGE_CURVE ( 'NONE', #6816, #8427, #9821, .T. ) ;
#9390 = CIRCLE ( 'NONE', #290, 3.499999999999720224 ) ;
#9391 = CARTESIAN_POINT ( 'NONE',  ( 3.010794155703798726E-16, -18.45850000000002211, -6.041499999999976112 ) ) ;
#9392 = AXIS2_PLACEMENT_3D ( 'NONE', #2551, #6564, #7474 ) ;
#9393 = CARTESIAN_POINT ( 'NONE',  ( -12.05000000000064020, 27.50000000000000000, -17.00000000000000000 ) ) ;
#9394 = CARTESIAN_POINT ( 'NONE',  ( 1.738422021547141760, -17.73842202154714087, -10.23842202154713910 ) ) ;
#9395 = DIRECTION ( 'NONE',  ( -1.000000000000000000, 0.000000000000000000, 0.000000000000000000 ) ) ;
#9396 = DIRECTION ( 'NONE',  ( 0.000000000000000000, 0.000000000000000000, 1.000000000000000000 ) ) ;
#9397 = DIRECTION ( 'NONE',  ( 0.000000000000000000, 0.000000000000000000, 1.000000000000000000 ) ) ;
#9398 = ORIENTED_EDGE ( 'NONE', *, *, #4437, .T. ) ;
#9399 = PLANE ( 'NONE',  #8899 ) ;
#9400 = ORIENTED_EDGE ( 'NONE', *, *, #3547, .T. ) ;
#9401 = ORIENTED_EDGE ( 'NONE', *, *, #9078, .T. ) ;
#9402 = ADVANCED_FACE ( 'NONE', ( #1681 ), #7340, .F. ) ;
#9403 = AXIS2_PLACEMENT_3D ( 'NONE', #9627, #8626, #6390 ) ;
#9404 = VERTEX_POINT ( 'NONE', #5004 ) ;
#9405 = CARTESIAN_POINT ( 'NONE',  ( 8.000000000000000000, 26.00000000000000355, -2.000000000000000000 ) ) ;
#9406 = DIRECTION ( 'NONE',  ( -1.000000000000000000, 0.000000000000000000, 0.000000000000000000 ) ) ;
#9407 = DIRECTION ( 'NONE',  ( -0.000000000000000000, -0.000000000000000000, -1.000000000000000000 ) ) ;
#9408 = AXIS2_PLACEMENT_3D ( 'NONE', #3350, #6579, #8133 ) ;
#9409 = EDGE_LOOP ( 'NONE', ( #8196, #3327, #6215 ) ) ;
#9410 = CARTESIAN_POINT ( 'NONE',  ( 8.000000000000000000, 26.00000000000000355, -2.866025403784399739 ) ) ;
#9411 = DIRECTION ( 'NONE',  ( 0.8660254037842980424, -0.5000000000002434719, 0.000000000000000000 ) ) ;
#9412 = ORIENTED_EDGE ( 'NONE', *, *, #3605, .T. ) ;
#9413 = CIRCLE ( 'NONE', #7888, 3.250000000000030642 ) ;
#9414 = DIRECTION ( 'NONE',  ( 1.000000000000000000, -0.000000000000000000, -0.000000000000000000 ) ) ;
#9415 = ORIENTED_EDGE ( 'NONE', *, *, #8436, .T. ) ;
#9416 = VERTEX_POINT ( 'NONE', #902 ) ;
#9417 = VECTOR ( 'NONE', #9351, 1000.000000000000000 ) ;
#9418 = AXIS2_PLACEMENT_3D ( 'NONE', #6195, #3018, #9438 ) ;
#9419 = AXIS2_PLACEMENT_3D ( 'NONE', #5169, #6694, #9993 ) ;
#9420 = CARTESIAN_POINT ( 'NONE',  ( 1.738422021547133767, -17.73842202154713732, -145.2384220215471373 ) ) ;
#9421 = CARTESIAN_POINT ( 'NONE',  ( 7.999999999999694467, -25.99999999999969447, -152.0000000000000000 ) ) ;
#9422 = EDGE_LOOP ( 'NONE', ( #9767, #8821, #9935, #5545 ) ) ;
#9423 = VECTOR ( 'NONE', #1869, 1000.000000000000000 ) ;
#9424 = CARTESIAN_POINT ( 'NONE',  ( -12.00000000000000000, -16.00000000000000000, -143.5000000000000284 ) ) ;
#9425 = EDGE_LOOP ( 'NONE', ( #1298, #7321, #9965, #3826 ) ) ;
#9426 = CARTESIAN_POINT ( 'NONE',  ( 6.500000000000000888, 26.86602540378400050, -150.0000000000000000 ) ) ;
#9427 = ORIENTED_EDGE ( 'NONE', *, *, #6185, .T. ) ;
#9428 = ORIENTED_EDGE ( 'NONE', *, *, #7527, .T. ) ;
#9429 = AXIS2_PLACEMENT_3D ( 'NONE', #8168, #2589, #8108 ) ;
#9430 = ADVANCED_FACE ( 'NONE', ( #8945 ), #3187, .F. ) ;
#9431 = CARTESIAN_POINT ( 'NONE',  ( -2.458500000000000796, -16.00000000000000000, -10.95850000000000080 ) ) ;
#9432 = EDGE_CURVE ( 'NONE', #447, #4005, #5897, .T. ) ;
#9433 = VERTEX_POINT ( 'NONE', #2566 ) ;
#9434 = ORIENTED_EDGE ( 'NONE', *, *, #8143, .T. ) ;
#9435 = CARTESIAN_POINT ( 'NONE',  ( -7.100000000000612488, 30.39999999999938751, -135.0000000000000000 ) ) ;
#9436 = VERTEX_POINT ( 'NONE', #4898 ) ;
#9437 = DIRECTION ( 'NONE',  ( -0.000000000000000000, -0.000000000000000000, 1.000000000000000000 ) ) ;
#9438 = DIRECTION ( 'NONE',  ( 0.000000000000000000, 0.000000000000000000, -1.000000000000000000 ) ) ;
#9439 = ORIENTED_EDGE ( 'NONE', *, *, #1882, .T. ) ;
#9440 = EDGE_CURVE ( 'NONE', #3195, #7838, #4458, .T. ) ;
#9441 = LINE ( 'NONE', #8695, #4993 ) ;
#9442 = ADVANCED_FACE ( 'NONE', ( #1784 ), #3377, .F. ) ;
#9443 = CARTESIAN_POINT ( 'NONE',  ( -9.248999599679702754, 29.80000000000000782, -4.000000000000000000 ) ) ;
#9444 = ADVANCED_FACE ( 'NONE', ( #5054 ), #7399, .F. ) ;
#9445 = DIRECTION ( 'NONE',  ( 0.000000000000000000, 1.000000000000000000, 0.000000000000000000 ) ) ;
#9446 = PLANE ( 'NONE',  #1041 ) ;
#9447 = ORIENTED_EDGE ( 'NONE', *, *, #3214, .F. ) ;
#9448 = CARTESIAN_POINT ( 'NONE',  ( -11.79999999999944649, -16.00000000000000000, -8.500000000000000000 ) ) ;
#9449 = ORIENTED_EDGE ( 'NONE', *, *, #5161, .T. ) ;
#9450 = ORIENTED_EDGE ( 'NONE', *, *, #1285, .T. ) ;
#9451 = EDGE_LOOP ( 'NONE', ( #6832, #7712, #8105, #6865 ) ) ;
#9452 = CARTESIAN_POINT ( 'NONE',  ( 9.500000000000000000, 26.86602540378400050, -150.0000000000000000 ) ) ;
#9453 = CARTESIAN_POINT ( 'NONE',  ( -9.248999599679704531, 29.80000000000001137, -17.00000000000000000 ) ) ;
#9454 = CARTESIAN_POINT ( 'NONE',  ( -12.00000000000000000, -16.00000000000000000, -13.50000000000000178 ) ) ;
#9455 = ADVANCED_FACE ( 'NONE', ( #5847 ), #1890, .F. ) ;
#9456 = PLANE ( 'NONE',  #3879 ) ;
#9457 = CIRCLE ( 'NONE', #7937, 3.999999999998711253 ) ;
#9458 = ORIENTED_EDGE ( 'NONE', *, *, #3158, .T. ) ;
#9459 = DIRECTION ( 'NONE',  ( 0.000000000000000000, -1.000000000000000000, 0.000000000000000000 ) ) ;
#9460 = EDGE_LOOP ( 'NONE', ( #9333, #7924 ) ) ;
#9461 = CIRCLE ( 'NONE', #1523, 4.000000000000305533 ) ;
#9462 = AXIS2_PLACEMENT_3D ( 'NONE', #3460, #269, #5895 ) ;
#9463 = DIRECTION ( 'NONE',  ( 1.000000000000000000, 0.000000000000000000, 0.000000000000000000 ) ) ;
#9464 = DIRECTION ( 'NONE',  ( 1.000000000000000000, 0.000000000000000000, 0.000000000000000000 ) ) ;
#9465 = CONICAL_SURFACE ( 'NONE', #4904, 9.458499999999967045, 0.7853981633974691512 ) ;
#9466 = CYLINDRICAL_SURFACE ( 'NONE', #3223, 13.99999999999323919 ) ;
#9467 = VERTEX_POINT ( 'NONE', #3717 ) ;
#9468 = DIRECTION ( 'NONE',  ( -0.000000000000000000, -0.000000000000000000, 1.000000000000000000 ) ) ;
#9469 = ORIENTED_EDGE ( 'NONE', *, *, #4352, .F. ) ;
#9470 = VECTOR ( 'NONE', #2914, 1000.000000000000000 ) ;
#9471 = DIRECTION ( 'NONE',  ( 1.000000000000000000, 0.000000000000000000, 0.000000000000000000 ) ) ;
#9472 = EDGE_LOOP ( 'NONE', ( #7861, #4171, #4648, #112 ) ) ;
#9473 = AXIS2_PLACEMENT_3D ( 'NONE', #2131, #6835, #2860 ) ;
#9474 = AXIS2_PLACEMENT_3D ( 'NONE', #818, #9689, #6343 ) ;
#9475 = ORIENTED_EDGE ( 'NONE', *, *, #6460, .T. ) ;
#9476 = VECTOR ( 'NONE', #4274, 1000.000000000000114 ) ;
#9477 = DIRECTION ( 'NONE',  ( -0.000000000000000000, -0.000000000000000000, -1.000000000000000000 ) ) ;
#9478 = ORIENTED_EDGE ( 'NONE', *, *, #1248, .T. ) ;
#9479 = AXIS2_PLACEMENT_3D ( 'NONE', #2012, #2793, #5379 ) ;
#9480 = ORIENTED_EDGE ( 'NONE', *, *, #6592, .F. ) ;
#9481 = DIRECTION ( 'NONE',  ( -0.000000000000000000, -0.000000000000000000, -1.000000000000000000 ) ) ;
#9482 = CARTESIAN_POINT ( 'NONE',  ( 0.000000000000000000, -16.00000000000000000, -0.7915000000000169678 ) ) ;
#9483 = CIRCLE ( 'NONE', #7286, 2.458500000000003460 ) ;
#9484 = CARTESIAN_POINT ( 'NONE',  ( 6.500000000000000888, 26.00000000000000355, -150.0000000000000000 ) ) ;
#9485 = CARTESIAN_POINT ( 'NONE',  ( 0.000000000000000000, 0.000000000000000000, 0.000000000000000000 ) ) ;
#9486 = EDGE_LOOP ( 'NONE', ( #1412, #8630, #4492, #4539 ) ) ;
#9487 = ORIENTED_EDGE ( 'NONE', *, *, #1173, .F. ) ;
#9488 = DIRECTION ( 'NONE',  ( 1.000000000000000000, 0.000000000000000000, 0.000000000000000000 ) ) ;
#9489 = LINE ( 'NONE', #6242, #2300 ) ;
#9490 = EDGE_CURVE ( 'NONE', #1198, #5850, #3367, .T. ) ;
#9491 = ORIENTED_EDGE ( 'NONE', *, *, #7948, .F. ) ;
#9492 = AXIS2_PLACEMENT_3D ( 'NONE', #5593, #805, #10 ) ;
#9493 = CARTESIAN_POINT ( 'NONE',  ( 8.000000000000000000, 26.00000000000000355, -0.3999999999999810929 ) ) ;
#9494 = DIRECTION ( 'NONE',  ( 0.000000000000000000, 0.000000000000000000, 1.000000000000000000 ) ) ;
#9495 = CARTESIAN_POINT ( 'NONE',  ( 9.500000000000001776, 26.56757049742174814, -151.9296087834573541 ) ) ;
#9496 = CARTESIAN_POINT ( 'NONE',  ( -11.84999999999999964, 27.04174243050400150, -135.0000000000000000 ) ) ;
#9497 = VECTOR ( 'NONE', #4036, 1000.000000000000000 ) ;
#9498 = VERTEX_POINT ( 'NONE', #5212 ) ;
#9499 = CARTESIAN_POINT ( 'NONE',  ( 8.000000000000000000, 26.00000000000000355, -4.000000000000000000 ) ) ;
#9500 = ADVANCED_FACE ( 'NONE', ( #8746 ), #4508, .T. ) ;
#9501 = ORIENTED_EDGE ( 'NONE', *, *, #7386, .T. ) ;
#9502 = VECTOR ( 'NONE', #1575, 1000.000000000000000 ) ;
#9503 = EDGE_CURVE ( 'NONE', #1437, #6016, #3696, .T. ) ;
#9504 = EDGE_CURVE ( 'NONE', #4792, #2285, #518, .T. ) ;
#9505 = EDGE_CURVE ( 'NONE', #9416, #6916, #2349, .T. ) ;
#9506 = ORIENTED_EDGE ( 'NONE', *, *, #5502, .T. ) ;
#9507 = CARTESIAN_POINT ( 'NONE',  ( -9.500000000000000000, -25.13397459621599950, -2.000000000000000000 ) ) ;
#9508 = CARTESIAN_POINT ( 'NONE',  ( -7.050000000000555822, 33.40000000000055280, -152.0010000000000048 ) ) ;
#9509 = CARTESIAN_POINT ( 'NONE',  ( -8.500000000000000000, 25.50000000000000355, -121.0000000000000000 ) ) ;
#9510 = ORIENTED_EDGE ( 'NONE', *, *, #3676, .T. ) ;
#9511 = DIRECTION ( 'NONE',  ( 0.000000000000000000, 1.000000000000000000, 0.000000000000000000 ) ) ;
#9512 = DIRECTION ( 'NONE',  ( 0.000000000000000000, 0.000000000000000000, -1.000000000000000000 ) ) ;
#9513 = ORIENTED_EDGE ( 'NONE', *, *, #22, .T. ) ;
#9514 = CARTESIAN_POINT ( 'NONE',  ( -8.015521883131921044, -26.00000000000030553, 0.000000000000000000 ) ) ;
#9515 = EDGE_LOOP ( 'NONE', ( #244, #9701, #9315, #6337, #8438, #1576, #2852 ) ) ;
#9516 = VERTEX_POINT ( 'NONE', #6902 ) ;
#9517 = ADVANCED_FACE ( 'NONE', ( #10085 ), #422, .F. ) ;
#9518 = ORIENTED_EDGE ( 'NONE', *, *, #7034, .F. ) ;
#9519 = EDGE_CURVE ( 'NONE', #8207, #4530, #6851, .T. ) ;
#9520 = EDGE_CURVE ( 'NONE', #7308, #5429, #8273, .T. ) ;
#9521 = ADVANCED_FACE ( 'NONE', ( #7663 ), #6000, .T. ) ;
#9522 = CARTESIAN_POINT ( 'NONE',  ( 11.39999999999999680, 26.00000000000000355, -4.000000000000000000 ) ) ;
#9523 = FACE_OUTER_BOUND ( 'NONE', #8402, .T. ) ;
#9524 = DIRECTION ( 'NONE',  ( -0.000000000000000000, -0.000000000000000000, -1.000000000000000000 ) ) ;
#9525 = CYLINDRICAL_SURFACE ( 'NONE', #3395, 4.000000000000305533 ) ;
#9526 = VERTEX_POINT ( 'NONE', #2041 ) ;
#9527 = CARTESIAN_POINT ( 'NONE',  ( -1.738422021547136875, -17.73842202154713732, -141.7615779784528627 ) ) ;
#9528 = LINE ( 'NONE', #9426, #792 ) ;
#9529 = VERTEX_POINT ( 'NONE', #1938 ) ;
#9530 = EDGE_CURVE ( 'NONE', #7449, #2733, #6054, .T. ) ;
#9531 = EDGE_LOOP ( 'NONE', ( #6375, #7078, #6090, #660 ) ) ;
#9532 = DIRECTION ( 'NONE',  ( -1.000000000000000000, 0.000000000000000000, 0.000000000000000000 ) ) ;
#9533 = EDGE_LOOP ( 'NONE', ( #651, #9256, #6058, #3251 ) ) ;
#9534 = VECTOR ( 'NONE', #3518, 1000.000000000000000 ) ;
#9535 = EDGE_LOOP ( 'NONE', ( #7789, #5445, #2403 ) ) ;
#9536 = DIRECTION ( 'NONE',  ( 1.000000000000000000, 0.000000000000000000, 0.000000000000000000 ) ) ;
#9537 = DIRECTION ( 'NONE',  ( 0.000000000000000000, 0.000000000000000000, 1.000000000000000000 ) ) ;
#9538 = CARTESIAN_POINT ( 'NONE',  ( 4.599999999999999645, 26.00000000000000355, -148.0000000000000000 ) ) ;
#9539 = EDGE_LOOP ( 'NONE', ( #7251, #1975, #6298, #9878 ) ) ;
#9540 = EDGE_LOOP ( 'NONE', ( #142, #9364, #7578, #5338 ) ) ;
#9541 = DIRECTION ( 'NONE',  ( 0.000000000000000000, 0.000000000000000000, -1.000000000000000000 ) ) ;
#9542 = CARTESIAN_POINT ( 'NONE',  ( -9.458499999999967045, 0.000000000000000000, 2.000000000000000000 ) ) ;
#9543 = ORIENTED_EDGE ( 'NONE', *, *, #3339, .F. ) ;
#9544 = VECTOR ( 'NONE', #1415, 1000.000000000000000 ) ;
#9545 = DIRECTION ( 'NONE',  ( 1.000000000000000000, 0.000000000000000000, 0.000000000000000000 ) ) ;
#9546 = CYLINDRICAL_SURFACE ( 'NONE', #3448, 0.5000000000006370460 ) ;
#9547 = DIRECTION ( 'NONE',  ( -0.000000000000000000, -1.000000000000000000, -0.000000000000000000 ) ) ;
#9548 = DIRECTION ( 'NONE',  ( 0.000000000000000000, 0.000000000000000000, -1.000000000000000000 ) ) ;
#9549 = FACE_OUTER_BOUND ( 'NONE', #2524, .T. ) ;
#9550 = ORIENTED_EDGE ( 'NONE', *, *, #3219, .F. ) ;
#9551 = PLANE ( 'NONE',  #9731 ) ;
#9552 = ORIENTED_EDGE ( 'NONE', *, *, #4836, .F. ) ;
#9553 = CIRCLE ( 'NONE', #1768, 4.799999999999447375 ) ;
#9554 = DIRECTION ( 'NONE',  ( 0.8660254037842981534, -0.5000000000002433609, 0.000000000000000000 ) ) ;
#9555 = CIRCLE ( 'NONE', #5491, 0.5000000000006370460 ) ;
#9556 = FACE_OUTER_BOUND ( 'NONE', #6886, .T. ) ;
#9557 = ADVANCED_FACE ( 'NONE', ( #6151 ), #6801, .T. ) ;
#9558 = EDGE_CURVE ( 'NONE', #4562, #5462, #6577, .T. ) ;
#9559 = LINE ( 'NONE', #743, #7088 ) ;
#9560 = EDGE_CURVE ( 'NONE', #9166, #3444, #4365, .T. ) ;
#9561 = CARTESIAN_POINT ( 'NONE',  ( 9.248999599679700978, 29.80000000000000071, -4.000000000000000000 ) ) ;
#9562 = ORIENTED_EDGE ( 'NONE', *, *, #10356, .T. ) ;
#9563 = CONICAL_SURFACE ( 'NONE', #2128, 4.282999999999988816, 0.5235987755967880242 ) ;
#9564 = DIRECTION ( 'NONE',  ( 0.000000000000000000, 0.000000000000000000, 1.000000000000000000 ) ) ;
#9565 = ORIENTED_EDGE ( 'NONE', *, *, #5867, .T. ) ;
#9566 = ORIENTED_EDGE ( 'NONE', *, *, #148, .F. ) ;
#9567 = AXIS2_PLACEMENT_3D ( 'NONE', #9866, #5151, #3353 ) ;
#9568 = ORIENTED_EDGE ( 'NONE', *, *, #3925, .T. ) ;
#9569 = EDGE_CURVE ( 'NONE', #1697, #6939, #8446, .T. ) ;
#9570 = CARTESIAN_POINT ( 'NONE',  ( -1.500000000000002442, 19.80000000000001137, -8.500000000000000000 ) ) ;
#9571 = AXIS2_PLACEMENT_3D ( 'NONE', #682, #3243, #9663 ) ;
#9572 = PLANE ( 'NONE',  #6198 ) ;
#9573 = DIRECTION ( 'NONE',  ( 1.000000000000000000, 0.000000000000000000, 0.000000000000000000 ) ) ;
#9574 = ADVANCED_FACE ( 'NONE', ( #6105 ), #9353, .F. ) ;
#9575 = FACE_OUTER_BOUND ( 'NONE', #3810, .T. ) ;
#9576 = ORIENTED_EDGE ( 'NONE', *, *, #345, .F. ) ;
#9577 = ADVANCED_FACE ( 'NONE', ( #325 ), #3519, .T. ) ;
#9578 = CARTESIAN_POINT ( 'NONE',  ( -7.999999999999694467, -25.99999999999969447, -152.0000000000000000 ) ) ;
#9579 =( BOUNDED_CURVE ( )  B_SPLINE_CURVE ( 3, ( #9590, #7897, #717, #3969 ),
 .UNSPECIFIED., .F., .T. ) 
 B_SPLINE_CURVE_WITH_KNOTS ( ( 4, 4 ),
 ( 5.497787143782145058, 7.068583470577038064 ),
 .UNSPECIFIED. ) 
 CURVE ( )  GEOMETRIC_REPRESENTATION_ITEM ( )  RATIONAL_B_SPLINE_CURVE ( ( 1.000000000000000000, 0.8047378541243658256, 0.8047378541243658256, 1.000000000000000000 ) ) 
 REPRESENTATION_ITEM ( '' )  );
#9580 = LINE ( 'NONE', #5492, #1140 ) ;
#9581 = VECTOR ( 'NONE', #257, 1000.000000000000114 ) ;
#9582 = VERTEX_POINT ( 'NONE', #2389 ) ;
#9583 = VECTOR ( 'NONE', #2304, 999.9999999999998863 ) ;
#9584 = CARTESIAN_POINT ( 'NONE',  ( -6.850000000000002309, 33.40000000000055280, -152.0010000000000048 ) ) ;
#9585 = ORIENTED_EDGE ( 'NONE', *, *, #8964, .T. ) ;
#9586 = VERTEX_POINT ( 'NONE', #765 ) ;
#9587 = EDGE_CURVE ( 'NONE', #10429, #8985, #6228, .T. ) ;
#9588 = DIRECTION ( 'NONE',  ( 0.000000000000000000, 1.000000000000000000, 0.000000000000000000 ) ) ;
#9589 = ADVANCED_FACE ( 'NONE', ( #5661 ), #5609, .F. ) ;
#9590 = CARTESIAN_POINT ( 'NONE',  ( 1.738422021547133767, -17.73842202154713732, -145.2384220215471373 ) ) ;
#9591 = CARTESIAN_POINT ( 'NONE',  ( 8.000000000001291411, 26.00000000000094857, -135.0000000000000000 ) ) ;
#9592 = LINE ( 'NONE', #5448, #3124 ) ;
#9593 = ORIENTED_EDGE ( 'NONE', *, *, #10151, .F. ) ;
#9594 = CIRCLE ( 'NONE', #4643, 9.458499999999967045 ) ;
#9595 = DIRECTION ( 'NONE',  ( 1.000000000000000000, 0.000000000000000000, 0.000000000000000000 ) ) ;
#9596 = DIRECTION ( 'NONE',  ( -0.000000000000000000, 0.000000000000000000, 1.000000000000000000 ) ) ;
#9597 = ORIENTED_EDGE ( 'NONE', *, *, #7165, .T. ) ;
#9598 = CARTESIAN_POINT ( 'NONE',  ( 8.000000000000000000, 26.00000000000000355, 0.000000000000000000 ) ) ;
#9599 = CARTESIAN_POINT ( 'NONE',  ( 1.440155956905743384, 13.54150000000000453, -144.9401559569057554 ) ) ;
#9600 = DIRECTION ( 'NONE',  ( 1.000000000000000000, 3.710638451287290407E-16, 0.000000000000000000 ) ) ;
#9601 = DIRECTION ( 'NONE',  ( 1.000000000000000000, 0.000000000000000000, 0.000000000000000000 ) ) ;
#9602 = DIRECTION ( 'NONE',  ( -0.000000000000000000, -0.000000000000000000, -1.000000000000000000 ) ) ;
#9603 = DIRECTION ( 'NONE',  ( 0.000000000000000000, 0.000000000000000000, 1.000000000000000000 ) ) ;
#9604 = ORIENTED_EDGE ( 'NONE', *, *, #10210, .T. ) ;
#9605 = LINE ( 'NONE', #1563, #10224 ) ;
#9606 = ORIENTED_EDGE ( 'NONE', *, *, #4192, .F. ) ;
#9607 = CARTESIAN_POINT ( 'NONE',  ( -1.738422021547135765, -17.73842202154713732, -10.23842202154713554 ) ) ;
#9608 = DIRECTION ( 'NONE',  ( -1.000000000000000000, 0.000000000000000000, 0.000000000000000000 ) ) ;
#9609 = LINE ( 'NONE', #319, #8896 ) ;
#9610 = ORIENTED_EDGE ( 'NONE', *, *, #7247, .F. ) ;
#9611 = FACE_BOUND ( 'NONE', #2136, .T. ) ;
#9612 = VERTEX_POINT ( 'NONE', #3970 ) ;
#9613 = DIRECTION ( 'NONE',  ( 0.000000000000000000, -1.000000000000000000, 0.000000000000000000 ) ) ;
#9614 = VERTEX_POINT ( 'NONE', #4765 ) ;
#9615 = VERTEX_POINT ( 'NONE', #7317 ) ;
#9616 = ADVANCED_FACE ( 'NONE', ( #821 ), #82, .F. ) ;
#9617 = FACE_OUTER_BOUND ( 'NONE', #4528, .T. ) ;
#9618 = EDGE_CURVE ( 'NONE', #3839, #3362, #2530, .T. ) ;
#9619 = CARTESIAN_POINT ( 'NONE',  ( 0.4999999999993793853, 17.49999999999938538, -121.0000000000000000 ) ) ;
#9620 = CYLINDRICAL_SURFACE ( 'NONE', #8530, 2.458500000000012786 ) ;
#9621 = CIRCLE ( 'NONE', #512, 1.958499999993985830 ) ;
#9622 = CARTESIAN_POINT ( 'NONE',  ( -7.458499999999975927, -16.00000000000000000, -6.041500000000000092 ) ) ;
#9623 = ORIENTED_EDGE ( 'NONE', *, *, #4193, .T. ) ;
#9624 = DIRECTION ( 'NONE',  ( 0.000000000000000000, -1.000000000000000000, 0.000000000000000000 ) ) ;
#9625 = CARTESIAN_POINT ( 'NONE',  ( 9.500000000000000000, 26.86602540378400050, -152.0000000000000000 ) ) ;
#9626 = EDGE_LOOP ( 'NONE', ( #8259, #10171, #9259, #8957, #6710, #10354, #10051, #2173, #9491, #9048, #8555, #9331, #3530, #6192, #5603, #9382, #328, #814, #8322, #2913, #6819, #2196, #1689, #10185, #4565, #9428, #8712, #8816, #1795, #8480, #6006, #7426, #6990, #1561, #7341, #5720, #5825, #9173, #1700, #2980 ) ) ;
#9627 = CARTESIAN_POINT ( 'NONE',  ( -1.399999999999387068, 30.39999999999938751, -17.00000000000001421 ) ) ;
#9628 = ORIENTED_EDGE ( 'NONE', *, *, #1241, .T. ) ;
#9629 = EDGE_CURVE ( 'NONE', #5532, #4808, #9457, .T. ) ;
#9630 = AXIS2_PLACEMENT_3D ( 'NONE', #2188, #8597, #2092 ) ;
#9631 = ORIENTED_EDGE ( 'NONE', *, *, #5228, .T. ) ;
#9632 = EDGE_CURVE ( 'NONE', #8172, #1270, #1545, .T. ) ;
#9633 = CIRCLE ( 'NONE', #4719, 5.000000000000000888 ) ;
#9634 = EDGE_CURVE ( 'NONE', #1703, #6270, #9621, .T. ) ;
#9635 = DIRECTION ( 'NONE',  ( 1.000000000000000000, 0.000000000000000000, 0.000000000000000000 ) ) ;
#9636 = ORIENTED_EDGE ( 'NONE', *, *, #5961, .F. ) ;
#9637 = AXIS2_PLACEMENT_3D ( 'NONE', #1594, #1499, #8055 ) ;
#9638 = DIRECTION ( 'NONE',  ( 1.000000000000000000, 0.000000000000000000, 0.000000000000000000 ) ) ;
#9639 = DIRECTION ( 'NONE',  ( 0.000000000000000000, 0.000000000000000000, 1.000000000000000000 ) ) ;
#9640 = VECTOR ( 'NONE', #258, 1000.000000000000000 ) ;
#9641 = CARTESIAN_POINT ( 'NONE',  ( -12.00000000000000178, 16.00000000000000000, -8.500000000000000000 ) ) ;
#9642 = CARTESIAN_POINT ( 'NONE',  ( -8.015521883131921044, -26.00000000000030553, 0.000000000000000000 ) ) ;
#9643 = CARTESIAN_POINT ( 'NONE',  ( 1.649999999999999911, 33.40000000000055280, -135.0000000000000000 ) ) ;
#9644 = VERTEX_POINT ( 'NONE', #3226 ) ;
#9645 = CARTESIAN_POINT ( 'NONE',  ( -2.458500000000003460, 16.00000000000000000, 0.000000000000000000 ) ) ;
#9646 = EDGE_CURVE ( 'NONE', #4982, #1275, #6506, .T. ) ;
#9647 = ORIENTED_EDGE ( 'NONE', *, *, #10140, .T. ) ;
#9648 = AXIS2_PLACEMENT_3D ( 'NONE', #6235, #6942, #2809 ) ;
#9649 = CIRCLE ( 'NONE', #1710, 2.458499999999988361 ) ;
#9650 = ADVANCED_FACE ( 'NONE', ( #6456 ), #8115, .F. ) ;
#9651 = DIRECTION ( 'NONE',  ( 0.000000000000000000, 0.000000000000000000, -1.000000000000000000 ) ) ;
#9652 = VECTOR ( 'NONE', #8316, 1000.000000000000000 ) ;
#9653 = CARTESIAN_POINT ( 'NONE',  ( -12.05000000000064020, 27.50000000000000000, -135.0000000000000000 ) ) ;
#9654 = VECTOR ( 'NONE', #8225, 1000.000000000000000 ) ;
#9655 = DIRECTION ( 'NONE',  ( 0.000000000000000000, 0.000000000000000000, -1.000000000000000000 ) ) ;
#9656 = CARTESIAN_POINT ( 'NONE',  ( 1.738422021547135765, -17.73842202154713732, -6.761577978452865345 ) ) ;
#9657 = CIRCLE ( 'NONE', #4921, 0.2000000000005539014 ) ;
#9658 = DIRECTION ( 'NONE',  ( 0.000000000000000000, 1.000000000000000000, 1.224646799147353207E-16 ) ) ;
#9659 = VERTEX_POINT ( 'NONE', #875 ) ;
#9660 = CARTESIAN_POINT ( 'NONE',  ( 5.623256421014204420, 1.667762141431805567, 7.935661521442800570 ) ) ;
#9661 = VECTOR ( 'NONE', #5109, 1000.000000000000000 ) ;
#9662 = VERTEX_POINT ( 'NONE', #9750 ) ;
#9663 = DIRECTION ( 'NONE',  ( 1.000000000000000000, 0.000000000000000000, 0.000000000000000000 ) ) ;
#9664 = FACE_BOUND ( 'NONE', #5777, .T. ) ;
#9665 = CARTESIAN_POINT ( 'NONE',  ( -8.000000000000000000, -24.26794919243099713, 0.000000000000000000 ) ) ;
#9666 = CONICAL_SURFACE ( 'NONE', #5101, 2.458500000000024777, 0.7853981633974557175 ) ;
#9667 = DIRECTION ( 'NONE',  ( -0.8660254037842887165, -0.5000000000002595701, 0.000000000000000000 ) ) ;
#9668 = DIRECTION ( 'NONE',  ( 0.000000000000000000, 0.000000000000000000, -1.000000000000000000 ) ) ;
#9669 = ORIENTED_EDGE ( 'NONE', *, *, #6206, .F. ) ;
#9670 = AXIS2_PLACEMENT_3D ( 'NONE', #6020, #2678, #9273 ) ;
#9671 = DIRECTION ( 'NONE',  ( 0.000000000000000000, -1.000000000000000000, 0.000000000000000000 ) ) ;
#9672 = VERTEX_POINT ( 'NONE', #7949 ) ;
#9673 = ORIENTED_EDGE ( 'NONE', *, *, #9374, .T. ) ;
#9674 = EDGE_LOOP ( 'NONE', ( #2754, #1096, #8138, #9304 ) ) ;
#9675 = PLANE ( 'NONE',  #983 ) ;
#9676 = DIRECTION ( 'NONE',  ( 1.000000000000000000, 0.000000000000000000, 0.000000000000000000 ) ) ;
#9677 = VECTOR ( 'NONE', #3672, 1000.000000000000000 ) ;
#9678 = CARTESIAN_POINT ( 'NONE',  ( -7.978903285765476028, -24.28012938607333027, -152.0000000000000000 ) ) ;
#9679 = DIRECTION ( 'NONE',  ( 1.000000000000000000, 0.000000000000000000, 0.000000000000000000 ) ) ;
#9680 = EDGE_LOOP ( 'NONE', ( #555, #4211, #8673 ) ) ;
#9681 = VECTOR ( 'NONE', #5031, 1000.000000000000000 ) ;
#9682 = DIRECTION ( 'NONE',  ( 0.5000000000002420286, -0.8660254037842989305, 0.000000000000000000 ) ) ;
#9683 = DIRECTION ( 'NONE',  ( 0.000000000000000000, 0.000000000000000000, -1.000000000000000000 ) ) ;
#9684 = ORIENTED_EDGE ( 'NONE', *, *, #2702, .F. ) ;
#9685 = DIRECTION ( 'NONE',  ( -1.000000000000000000, 0.000000000000000000, 0.000000000000000000 ) ) ;
#9686 = APPLICATION_CONTEXT ( 'automotive_design' ) ;
#9687 = ORIENTED_EDGE ( 'NONE', *, *, #4695, .T. ) ;
#9688 = ORIENTED_EDGE ( 'NONE', *, *, #3139, .T. ) ;
#9689 = DIRECTION ( 'NONE',  ( 0.000000000000000000, 0.000000000000000000, 1.000000000000000000 ) ) ;
#9690 = ORIENTED_EDGE ( 'NONE', *, *, #9252, .T. ) ;
#9691 = ADVANCED_FACE ( 'NONE', ( #2498 ), #9967, .F. ) ;
#9692 = CARTESIAN_POINT ( 'NONE',  ( 7.500000000000000000, 32.99999999999944578, -135.0000000000000000 ) ) ;
#9693 = LINE ( 'NONE', #7201, #6594 ) ;
#9694 = ADVANCED_FACE ( 'NONE', ( #6349 ), #5385, .F. ) ;
#9695 = CARTESIAN_POINT ( 'NONE',  ( 1.200000000000554179, 33.20000000000000284, -135.0000000000000000 ) ) ;
#9696 = DIRECTION ( 'NONE',  ( 0.000000000000000000, 0.000000000000000000, 1.000000000000000000 ) ) ;
#9697 = LINE ( 'NONE', #1598, #5512 ) ;
#9698 = ORIENTED_EDGE ( 'NONE', *, *, #1803, .T. ) ;
#9699 = EDGE_CURVE ( 'NONE', #5008, #6939, #4816, .T. ) ;
#9700 = LINE ( 'NONE', #5721, #1036 ) ;
#9701 = ORIENTED_EDGE ( 'NONE', *, *, #6904, .F. ) ;
#9702 = CARTESIAN_POINT ( 'NONE',  ( -2.756766064641395175, -18.75676606464139340, -7.779922021547124089 ) ) ;
#9703 = CARTESIAN_POINT ( 'NONE',  ( 6.850000000000001421, 33.40000000000055280, -152.0010000000000048 ) ) ;
#9704 = DIRECTION ( 'NONE',  ( -0.9961345290641322459, 0.08784076505916552091, 0.000000000000000000 ) ) ;
#9705 = CARTESIAN_POINT ( 'NONE',  ( 7.978903285765472475, 24.28012938607332671, 0.000000000000000000 ) ) ;
#9706 = CARTESIAN_POINT ( 'NONE',  ( 9.499999999999992895, 25.13397459621601016, 0.000000000000000000 ) ) ;
#9707 = ADVANCED_FACE ( 'NONE', ( #3844 ), #7025, .F. ) ;
#9708 = FACE_OUTER_BOUND ( 'NONE', #1238, .T. ) ;
#9709 = ORIENTED_EDGE ( 'NONE', *, *, #3582, .T. ) ;
#9710 = EDGE_CURVE ( 'NONE', #3087, #3686, #7879, .T. ) ;
#9711 = DIRECTION ( 'NONE',  ( -0.000000000000000000, -0.000000000000000000, -1.000000000000000000 ) ) ;
#9712 = AXIS2_PLACEMENT_3D ( 'NONE', #3927, #3125, #7327 ) ;
#9713 = LINE ( 'NONE', #3936, #9908 ) ;
#9714 = FACE_OUTER_BOUND ( 'NONE', #1084, .T. ) ;
#9715 = CARTESIAN_POINT ( 'NONE',  ( 7.495663649558039765, 24.55912792012096446, -151.8727660207881627 ) ) ;
#9716 = CARTESIAN_POINT ( 'NONE',  ( 12.00000000000000000, 16.00000000000000000, -10.95849999999998836 ) ) ;
#9717 = VECTOR ( 'NONE', #9939, 1000.000000000000000 ) ;
#9718 = VERTEX_POINT ( 'NONE', #10359 ) ;
#9719 = DIRECTION ( 'NONE',  ( -0.000000000000000000, 0.000000000000000000, -1.000000000000000000 ) ) ;
#9720 = LINE ( 'NONE', #2252, #9583 ) ;
#9721 = VERTEX_POINT ( 'NONE', #7929 ) ;
#9722 = ADVANCED_FACE ( 'NONE', ( #5378 ), #1189, .T. ) ;
#9723 = LINE ( 'NONE', #7402, #563 ) ;
#9724 = ORIENTED_EDGE ( 'NONE', *, *, #1375, .T. ) ;
#9725 = ORIENTED_EDGE ( 'NONE', *, *, #7306, .T. ) ;
#9726 = VERTEX_POINT ( 'NONE', #9420 ) ;
#9727 = CARTESIAN_POINT ( 'NONE',  ( 0.000000000000000000, -16.00000000000000000, -121.0000000000000000 ) ) ;
#9728 = VECTOR ( 'NONE', #485, 1000.000000000000000 ) ;
#9729 = DIRECTION ( 'NONE',  ( -0.000000000000000000, 0.000000000000000000, 1.000000000000000000 ) ) ;
#9730 = DIRECTION ( 'NONE',  ( 0.000000000000000000, 0.000000000000000000, 1.000000000000000000 ) ) ;
#9731 = AXIS2_PLACEMENT_3D ( 'NONE', #6154, #3934, #7162 ) ;
#9732 = VECTOR ( 'NONE', #2441, 1000.000000000000000 ) ;
#9733 = ORIENTED_EDGE ( 'NONE', *, *, #1253, .T. ) ;
#9734 = DIRECTION ( 'NONE',  ( -0.000000000000000000, -0.000000000000000000, 1.000000000000000000 ) ) ;
#9735 = DIRECTION ( 'NONE',  ( -1.000000000000000000, 0.000000000000000000, 0.000000000000000000 ) ) ;
#9736 = ORIENTED_EDGE ( 'NONE', *, *, #2017, .T. ) ;
#9737 = VECTOR ( 'NONE', #9554, 1000.000000000000000 ) ;
#9738 = DIRECTION ( 'NONE',  ( 0.000000000000000000, 0.000000000000000000, 1.000000000000000000 ) ) ;
#9739 = VERTEX_POINT ( 'NONE', #4748 ) ;
#9740 = ORIENTED_EDGE ( 'NONE', *, *, #5089, .T. ) ;
#9741 = ORIENTED_EDGE ( 'NONE', *, *, #7, .F. ) ;
#9742 = CARTESIAN_POINT ( 'NONE',  ( -1.500000000000000000, 19.80000000000001137, -147.2829999999939616 ) ) ;
#9743 = DIRECTION ( 'NONE',  ( -0.000000000000000000, -0.000000000000000000, -1.000000000000000000 ) ) ;
#9744 = VERTEX_POINT ( 'NONE', #4397 ) ;
#9745 = AXIS2_PLACEMENT_3D ( 'NONE', #9226, #9905, #6625 ) ;
#9746 = CARTESIAN_POINT ( 'NONE',  ( -7.299999999999445599, 33.20000000000000284, -135.0000000000000000 ) ) ;
#9747 = CIRCLE ( 'NONE', #5182, 1.499999999999996225 ) ;
#9748 = CARTESIAN_POINT ( 'NONE',  ( -8.015521883131921044, -26.00000000000030553, -152.0000000000000000 ) ) ;
#9749 = FACE_OUTER_BOUND ( 'NONE', #6748, .T. ) ;
#9750 = CARTESIAN_POINT ( 'NONE',  ( 6.521096714233936886, 25.12179440257401097, -152.0000000000000000 ) ) ;
#9751 = CARTESIAN_POINT ( 'NONE',  ( 0.4999999999993793853, 17.49999999999938538, -111.0000000000000000 ) ) ;
#9752 = ORIENTED_EDGE ( 'NONE', *, *, #2761, .T. ) ;
#9753 = ORIENTED_EDGE ( 'NONE', *, *, #5867, .F. ) ;
#9754 = AXIS2_PLACEMENT_3D ( 'NONE', #1400, #4497, #4655 ) ;
#9755 = CARTESIAN_POINT ( 'NONE',  ( 0.000000000000000000, 0.000000000000000000, -2.000000000000000000 ) ) ;
#9756 = ORIENTED_EDGE ( 'NONE', *, *, #999, .T. ) ;
#9757 = AXIS2_PLACEMENT_3D ( 'NONE', #1612, #4830, #4990 ) ;
#9758 = EDGE_CURVE ( 'NONE', #8580, #1423, #2747, .T. ) ;
#9759 = VECTOR ( 'NONE', #6207, 1000.000000000000000 ) ;
#9760 = ADVANCED_FACE ( 'NONE', ( #7830 ), #7076, .T. ) ;
#9761 = LINE ( 'NONE', #6627, #8638 ) ;
#9762 = DIRECTION ( 'NONE',  ( 1.000000000000000000, 0.000000000000000000, 0.000000000000000000 ) ) ;
#9763 = FACE_OUTER_BOUND ( 'NONE', #3949, .T. ) ;
#9764 = EDGE_CURVE ( 'NONE', #4162, #2339, #403, .T. ) ;
#9765 = AXIS2_PLACEMENT_3D ( 'NONE', #7383, #4095, #7157 ) ;
#9766 = DIRECTION ( 'NONE',  ( 0.000000000000000000, 0.000000000000000000, 1.000000000000000000 ) ) ;
#9767 = ORIENTED_EDGE ( 'NONE', *, *, #5686, .F. ) ;
#9768 = PLANE ( 'NONE',  #965 ) ;
#9769 = APPLICATION_CONTEXT ( 'automotive_design' ) ;
#9770 = FACE_OUTER_BOUND ( 'NONE', #6591, .T. ) ;
#9771 = EDGE_CURVE ( 'NONE', #7467, #3882, #3021, .T. ) ;
#9772 = ADVANCED_FACE ( 'NONE', ( #5197 ), #2998, .T. ) ;
#9773 = LINE ( 'NONE', #2515, #8384 ) ;
#9774 = CARTESIAN_POINT ( 'NONE',  ( 4.900000000000022560, 26.00000000000000355, -152.0000000000000000 ) ) ;
#9775 = COLOUR_RGB ( '',0.7921568627450980005, 0.8196078431372548767, 0.9333333333333333481 ) ;
#9776 = FACE_OUTER_BOUND ( 'NONE', #549, .T. ) ;
#9777 = ORIENTED_EDGE ( 'NONE', *, *, #1171, .F. ) ;
#9778 = DIRECTION ( 'NONE',  ( 0.000000000000000000, 0.000000000000000000, -1.000000000000000000 ) ) ;
#9779 = ORIENTED_EDGE ( 'NONE', *, *, #5300, .T. ) ;
#9780 = ORIENTED_EDGE ( 'NONE', *, *, #8804, .F. ) ;
#9781 = VERTEX_POINT ( 'NONE', #1427 ) ;
#9782 = DIRECTION ( 'NONE',  ( 0.000000000000000000, 0.000000000000000000, 1.000000000000000000 ) ) ;
#9783 = EDGE_CURVE ( 'NONE', #8770, #3988, #5434, .T. ) ;
#9784 = CARTESIAN_POINT ( 'NONE',  ( -8.500000000000000000, -17.49999999999938538, -121.0000000000000000 ) ) ;
#9785 = CARTESIAN_POINT ( 'NONE',  ( 1.999999999999989564, 2.449293598294693595E-16, -152.0000000000000000 ) ) ;
#9786 = ORIENTED_EDGE ( 'NONE', *, *, #8884, .T. ) ;
#9787 = CARTESIAN_POINT ( 'NONE',  ( 9.248999599679702754, 29.80000000000000782, -148.0000000000000000 ) ) ;
#9788 = DIRECTION ( 'NONE',  ( 1.000000000000000000, 0.000000000000000000, 0.000000000000000000 ) ) ;
#9789 = ORIENTED_EDGE ( 'NONE', *, *, #7238, .F. ) ;
#9790 = DIRECTION ( 'NONE',  ( 1.000000000000000000, 0.000000000000000000, 0.000000000000000000 ) ) ;
#9791 = ORIENTED_EDGE ( 'NONE', *, *, #177, .F. ) ;
#9792 = CARTESIAN_POINT ( 'NONE',  ( 9.500000000000000000, 26.84166501650004122, 0.000000000000000000 ) ) ;
#9793 = ORIENTED_EDGE ( 'NONE', *, *, #2211, .T. ) ;
#9794 = ORIENTED_EDGE ( 'NONE', *, *, #517, .T. ) ;
#9795 = CARTESIAN_POINT ( 'NONE',  ( 0.000000000000000000, -29.20849999999996527, -145.9585000000000434 ) ) ;
#9796 = ORIENTED_EDGE ( 'NONE', *, *, #8023, .T. ) ;
#9797 = CARTESIAN_POINT ( 'NONE',  ( 0.000000000000000000, 0.000000000000000000, 2.000000000000000000 ) ) ;
#9798 = CARTESIAN_POINT ( 'NONE',  ( 4.100000000000000533, 5.021051876504148371E-16, 9.499999999999841904 ) ) ;
#9799 = DIRECTION ( 'NONE',  ( 0.000000000000000000, 0.000000000000000000, 1.000000000000000000 ) ) ;
#9800 = CARTESIAN_POINT ( 'NONE',  ( 1.738422021547133767, -17.73842202154713732, -145.2384220215471373 ) ) ;
#9801 = ORIENTED_EDGE ( 'NONE', *, *, #3020, .F. ) ;
#9802 = VECTOR ( 'NONE', #6954, 1000.000000000000000 ) ;
#9803 = AXIS2_PLACEMENT_3D ( 'NONE', #437, #2735, #6872 ) ;
#9804 = ORIENTED_EDGE ( 'NONE', *, *, #2014, .T. ) ;
#9805 = DIRECTION ( 'NONE',  ( 0.000000000000000000, 0.000000000000000000, 1.000000000000000000 ) ) ;
#9806 = AXIS2_PLACEMENT_3D ( 'NONE', #635, #7920, #789 ) ;
#9807 = AXIS2_PLACEMENT_3D ( 'NONE', #7911, #7809, #3669 ) ;
#9808 = DIRECTION ( 'NONE',  ( 0.000000000000000000, 0.000000000000000000, 1.000000000000000000 ) ) ;
#9809 = DIRECTION ( 'NONE',  ( -1.000000000000000000, 0.000000000000000000, 0.000000000000000000 ) ) ;
#9810 = LINE ( 'NONE', #5621, #53 ) ;
#9811 = CARTESIAN_POINT ( 'NONE',  ( 8.000000000000000000, 24.26794919243099713, 0.000000000000000000 ) ) ;
#9812 = EDGE_CURVE ( 'NONE', #4366, #5588, #4688, .T. ) ;
#9813 = VERTEX_POINT ( 'NONE', #8721 ) ;
#9814 = AXIS2_PLACEMENT_3D ( 'NONE', #9342, #7896, #7042 ) ;
#9815 = CARTESIAN_POINT ( 'NONE',  ( 5.688034792648439364, 1.909518315602346084, 7.799999999999975842 ) ) ;
#9816 = CARTESIAN_POINT ( 'NONE',  ( -0.4999999999993793853, -25.50000000000000355, -121.0000000000000000 ) ) ;
#9817 = LINE ( 'NONE', #4202, #8209 ) ;
#9818 = AXIS2_PLACEMENT_3D ( 'NONE', #5283, #7834, #5331 ) ;
#9819 = AXIS2_PLACEMENT_3D ( 'NONE', #1055, #5894, #5995 ) ;
#9820 = EDGE_CURVE ( 'NONE', #3009, #8429, #1483, .T. ) ;
#9821 = LINE ( 'NONE', #4107, #4388 ) ;
#9822 = VERTEX_POINT ( 'NONE', #7133 ) ;
#9823 = VECTOR ( 'NONE', #5972, 1000.000000000000000 ) ;
#9824 = EDGE_CURVE ( 'NONE', #7607, #1617, #4727, .T. ) ;
#9825 = AXIS2_PLACEMENT_3D ( 'NONE', #3901, #585, #5328 ) ;
#9826 = EDGE_CURVE ( 'NONE', #7209, #7015, #6332, .T. ) ;
#9827 = LINE ( 'NONE', #9046, #7989 ) ;
#9828 = EDGE_LOOP ( 'NONE', ( #10417, #6140, #8615, #9369 ) ) ;
#9829 = ORIENTED_EDGE ( 'NONE', *, *, #10018, .T. ) ;
#9830 = EDGE_CURVE ( 'NONE', #1065, #3638, #7990, .T. ) ;
#9831 = ORIENTED_EDGE ( 'NONE', *, *, #7489, .F. ) ;
#9832 = CARTESIAN_POINT ( 'NONE',  ( 0.000000000000000000, 0.000000000000000000, -31.00000000000000000 ) ) ;
#9833 = AXIS2_PLACEMENT_3D ( 'NONE', #8288, #1933, #2764 ) ;
#9834 = DIRECTION ( 'NONE',  ( -0.000000000000000000, -1.000000000000000000, -0.000000000000000000 ) ) ;
#9835 = FACE_OUTER_BOUND ( 'NONE', #581, .T. ) ;
#9836 = EDGE_LOOP ( 'NONE', ( #8205, #4386, #3556, #6036, #5125 ) ) ;
#9837 = FACE_OUTER_BOUND ( 'NONE', #4594, .T. ) ;
#9838 = ADVANCED_FACE ( 'NONE', ( #3553 ), #4580, .F. ) ;
#9839 = CARTESIAN_POINT ( 'NONE',  ( -12.00000000000000000, -25.99999999999968026, -17.00000000000000000 ) ) ;
#9840 = VERTEX_POINT ( 'NONE', #10083 ) ;
#9841 = EDGE_CURVE ( 'NONE', #6016, #925, #9196, .T. ) ;
#9842 = FACE_OUTER_BOUND ( 'NONE', #2385, .T. ) ;
#9843 = EDGE_CURVE ( 'NONE', #4181, #8863, #9140, .T. ) ;
#9844 = FACE_OUTER_BOUND ( 'NONE', #1215, .T. ) ;
#9845 = ORIENTED_EDGE ( 'NONE', *, *, #2063, .F. ) ;
#9846 = AXIS2_PLACEMENT_3D ( 'NONE', #9448, #4725, #6260 ) ;
#9847 = VERTEX_POINT ( 'NONE', #9250 ) ;
#9848 = CYLINDRICAL_SURFACE ( 'NONE', #212, 5.000000000000000888 ) ;
#9849 = EDGE_LOOP ( 'NONE', ( #6181, #9219, #10404 ) ) ;
#9850 = DIRECTION ( 'NONE',  ( 1.000000000000000000, 0.000000000000000000, 0.000000000000000000 ) ) ;
#9851 = CARTESIAN_POINT ( 'NONE',  ( -2.458500000000013230, -16.00000000000000000, -12.49999999999396749 ) ) ;
#9852 = FACE_OUTER_BOUND ( 'NONE', #1630, .T. ) ;
#9853 = DIRECTION ( 'NONE',  ( -0.000000000000000000, -0.000000000000000000, 1.000000000000000000 ) ) ;
#9854 = VERTEX_POINT ( 'NONE', #2608 ) ;
#9855 = ADVANCED_FACE ( 'NONE', ( #9927 ), #7091, .F. ) ;
#9856 = ORIENTED_EDGE ( 'NONE', *, *, #8936, .T. ) ;
#9857 = DIRECTION ( 'NONE',  ( 0.000000000000000000, 0.000000000000000000, -1.000000000000000000 ) ) ;
#9858 = DIRECTION ( 'NONE',  ( 0.000000000000000000, 0.000000000000000000, 1.000000000000000000 ) ) ;
#9859 = CARTESIAN_POINT ( 'NONE',  ( 6.500000000000000888, 26.14218537418809518, -151.8729829407800480 ) ) ;
#9860 = LINE ( 'NONE', #3560, #9640 ) ;
#9861 = EDGE_LOOP ( 'NONE', ( #9227, #1520, #10300, #501 ) ) ;
#9862 = CARTESIAN_POINT ( 'NONE',  ( 2.458500000000000796, -16.00000000000000000, -10.95850000000000080 ) ) ;
#9863 = FACE_OUTER_BOUND ( 'NONE', #1502, .T. ) ;
#9864 = VECTOR ( 'NONE', #9799, 1000.000000000000000 ) ;
#9865 = DIRECTION ( 'NONE',  ( 0.000000000000000000, 0.000000000000000000, -1.000000000000000000 ) ) ;
#9866 = CARTESIAN_POINT ( 'NONE',  ( -8.000000000000000000, -26.00000000000000355, -148.0000000000000000 ) ) ;
#9867 = CARTESIAN_POINT ( 'NONE',  ( 7.299999999999445599, 32.99999999999944578, -17.00000000000001421 ) ) ;
#9868 = CARTESIAN_POINT ( 'NONE',  ( -5.999999999999986677, 0.000000000000000000, -31.00000000000000000 ) ) ;
#9869 = AXIS2_PLACEMENT_3D ( 'NONE', #6741, #10035, #2767 ) ;
#9870 = DIRECTION ( 'NONE',  ( -1.224646799147353207E-16, 1.000000000000000000, 0.000000000000000000 ) ) ;
#9871 = DIRECTION ( 'NONE',  ( 0.000000000000000000, 1.000000000000000000, 0.000000000000000000 ) ) ;
#9872 = DIRECTION ( 'NONE',  ( 1.000000000000000000, 0.000000000000000000, 0.000000000000000000 ) ) ;
#9873 = ORIENTED_EDGE ( 'NONE', *, *, #3855, .F. ) ;
#9874 = AXIS2_PLACEMENT_3D ( 'NONE', #201, #1921, #8375 ) ;
#9875 = FACE_OUTER_BOUND ( 'NONE', #5983, .T. ) ;
#9876 = EDGE_LOOP ( 'NONE', ( #5116, #10204 ) ) ;
#9877 = ORIENTED_EDGE ( 'NONE', *, *, #4013, .T. ) ;
#9878 = ORIENTED_EDGE ( 'NONE', *, *, #980, .F. ) ;
#9879 = CARTESIAN_POINT ( 'NONE',  ( 2.458500000000003460, 16.00000000000000000, -6.041499999999996540 ) ) ;
#9880 = EDGE_CURVE ( 'NONE', #3851, #1065, #1990, .T. ) ;
#9881 = CARTESIAN_POINT ( 'NONE',  ( -12.00000000000000000, -16.00000000000000000, -8.500000000000000000 ) ) ;
#9882 = DIRECTION ( 'NONE',  ( 0.000000000000000000, 0.000000000000000000, 1.000000000000000000 ) ) ;
#9883 = EDGE_CURVE ( 'NONE', #6916, #9416, #4048, .T. ) ;
#9884 = EDGE_CURVE ( 'NONE', #3851, #1703, #2541, .T. ) ;
#9885 = EDGE_LOOP ( 'NONE', ( #347, #6985, #4087, #6811, #5697 ) ) ;
#9886 = CARTESIAN_POINT ( 'NONE',  ( 0.000000000000000000, -29.20849999999996527, -143.5000000000000284 ) ) ;
#9887 = CARTESIAN_POINT ( 'NONE',  ( -5.000000000000000000, 0.000000000000000000, 29.99999999999999289 ) ) ;
#9888 = VERTEX_POINT ( 'NONE', #4306 ) ;
#9889 = FACE_OUTER_BOUND ( 'NONE', #7478, .T. ) ;
#9890 = CIRCLE ( 'NONE', #6838, 0.2000000000005539014 ) ;
#9891 = FACE_OUTER_BOUND ( 'NONE', #5729, .T. ) ;
#9892 = VERTEX_POINT ( 'NONE', #5949 ) ;
#9893 = AXIS2_PLACEMENT_3D ( 'NONE', #8973, #9071, #5823 ) ;
#9894 = EDGE_CURVE ( 'NONE', #9586, #1505, #1103, .T. ) ;
#9895 = VECTOR ( 'NONE', #6476, 1000.000000000000000 ) ;
#9896 = EDGE_CURVE ( 'NONE', #640, #508, #5156, .T. ) ;
#9897 = DIRECTION ( 'NONE',  ( 0.000000000000000000, 0.000000000000000000, -1.000000000000000000 ) ) ;
#9898 = ORIENTED_EDGE ( 'NONE', *, *, #9284, .T. ) ;
#9899 = SURFACE_SIDE_STYLE ('',( #3438 ) ) ;
#9900 = CARTESIAN_POINT ( 'NONE',  ( 0.000000000000000000, 18.45849999999999724, -8.500000000000000000 ) ) ;
#9901 = DIRECTION ( 'NONE',  ( 0.000000000000000000, 0.000000000000000000, -1.000000000000000000 ) ) ;
#9902 = EDGE_LOOP ( 'NONE', ( #3485, #6854, #978, #2443 ) ) ;
#9903 = VERTEX_POINT ( 'NONE', #4414 ) ;
#9904 = CONICAL_SURFACE ( 'NONE', #9893, 1.999999999999988010, 1.047197551196318521 ) ;
#9905 = DIRECTION ( 'NONE',  ( 0.000000000000000000, -1.000000000000000000, 0.000000000000000000 ) ) ;
#9906 = ORIENTED_EDGE ( 'NONE', *, *, #5469, .F. ) ;
#9907 = CARTESIAN_POINT ( 'NONE',  ( 8.000000000000000000, 26.00000000000000355, 0.000000000000000000 ) ) ;
#9908 = VECTOR ( 'NONE', #7972, 1000.000000000000000 ) ;
#9909 = ADVANCED_FACE ( 'NONE', ( #7661 ), #8122, .F. ) ;
#9910 = EDGE_CURVE ( 'NONE', #10429, #2322, #4363, .T. ) ;
#9911 = CARTESIAN_POINT ( 'NONE',  ( 12.00000000000000178, 16.00000000000000000, -143.5000000000000284 ) ) ;
#9912 = CARTESIAN_POINT ( 'NONE',  ( 0.000000000000000000, 16.00000000000000000, 0.000000000000000000 ) ) ;
#9913 = AXIS2_PLACEMENT_3D ( 'NONE', #7651, #7487, #260 ) ;
#9914 = CARTESIAN_POINT ( 'NONE',  ( 6.500000000000000888, 26.84166501650003411, -152.0000000000000000 ) ) ;
#9915 = DIRECTION ( 'NONE',  ( 0.000000000000000000, 1.000000000000000000, 0.000000000000000000 ) ) ;
#9916 = ORIENTED_EDGE ( 'NONE', *, *, #3937, .F. ) ;
#9917 = FACE_OUTER_BOUND ( 'NONE', #9409, .T. ) ;
#9918 =( BOUNDED_CURVE ( )  B_SPLINE_CURVE ( 3, ( #9656, #4553, #1351, #10285 ),
 .UNSPECIFIED., .F., .F. ) 
 B_SPLINE_CURVE_WITH_KNOTS ( ( 4, 4 ),
 ( 5.497787143782137953, 6.283185307179586232 ),
 .UNSPECIFIED. ) 
 CURVE ( )  GEOMETRIC_REPRESENTATION_ITEM ( )  RATIONAL_B_SPLINE_CURVE ( ( 1.000000000000000000, 0.9492530216741911220, 0.9492530216741911220, 1.000000000000000000 ) ) 
 REPRESENTATION_ITEM ( '' )  );
#9919 = CARTESIAN_POINT ( 'NONE',  ( 11.10000000000003340, 26.00000000000000355, 0.000000000000000000 ) ) ;
#9920 = AXIS2_PLACEMENT_3D ( 'NONE', #9215, #4766, #8747 ) ;
#9921 = CIRCLE ( 'NONE', #2146, 2.458500000000012786 ) ;
#9922 = PRODUCT_RELATED_PRODUCT_CATEGORY ( 'part', '', ( #9244 ) ) ;
#9923 = CARTESIAN_POINT ( 'NONE',  ( 12.00000000000000000, -16.00000000000000000, -8.500000000000000000 ) ) ;
#9924 = CARTESIAN_POINT ( 'NONE',  ( 8.000000000000000000, 26.00000000000000355, 0.000000000000000000 ) ) ;
#9925 = VECTOR ( 'NONE', #887, 1000.000000000000000 ) ;
#9926 = DIRECTION ( 'NONE',  ( 1.000000000000000000, 0.000000000000000000, 0.000000000000000000 ) ) ;
#9927 = FACE_OUTER_BOUND ( 'NONE', #7290, .T. ) ;
#9928 = DIRECTION ( 'NONE',  ( -0.000000000000000000, -0.000000000000000000, -1.000000000000000000 ) ) ;
#9929 = FACE_OUTER_BOUND ( 'NONE', #144, .T. ) ;
#9930 = ORIENTED_EDGE ( 'NONE', *, *, #3339, .T. ) ;
#9931 = DIRECTION ( 'NONE',  ( 0.000000000000000000, 1.000000000000000000, 0.000000000000000000 ) ) ;
#9932 = ORIENTED_EDGE ( 'NONE', *, *, #9503, .T. ) ;
#9933 = ORIENTED_EDGE ( 'NONE', *, *, #2512, .T. ) ;
#9934 = AXIS2_PLACEMENT_3D ( 'NONE', #9881, #4168, #3471 ) ;
#9935 = ORIENTED_EDGE ( 'NONE', *, *, #10268, .T. ) ;
#9936 = DIRECTION ( 'NONE',  ( -1.000000000000000000, 0.000000000000000000, 0.000000000000000000 ) ) ;
#9937 = VECTOR ( 'NONE', #4961, 1000.000000000000000 ) ;
#9938 = DIRECTION ( 'NONE',  ( -1.000000000000000000, 0.000000000000000000, 0.000000000000000000 ) ) ;
#9939 = DIRECTION ( 'NONE',  ( -0.8660254037842981534, -0.5000000000002433609, 0.000000000000000000 ) ) ;
#9940 = DIRECTION ( 'NONE',  ( -0.8660254037844478114, 1.060575238724918131E-16, 0.4999999999999841238 ) ) ;
#9941 = PLANE ( 'NONE',  #4567 ) ;
#9942 = VERTEX_POINT ( 'NONE', #5002 ) ;
#9943 = CARTESIAN_POINT ( 'NONE',  ( -1.200000000000554179, 32.99999999999944578, -152.0010000000000048 ) ) ;
#9944 = EDGE_CURVE ( 'NONE', #4887, #6108, #7782, .T. ) ;
#9945 = DIRECTION ( 'NONE',  ( -1.000000000000000000, 0.000000000000000000, 0.000000000000000000 ) ) ;
#9946 = DIRECTION ( 'NONE',  ( 1.000000000000000000, 0.000000000000000000, 0.000000000000000000 ) ) ;
#9947 = ADVANCED_FACE ( 'NONE', ( #4206 ), #371, .F. ) ;
#9948 = ORIENTED_EDGE ( 'NONE', *, *, #3634, .F. ) ;
#9949 = DIRECTION ( 'NONE',  ( -0.000000000000000000, -0.000000000000000000, -1.000000000000000000 ) ) ;
#9950 = EDGE_LOOP ( 'NONE', ( #1848, #1527 ) ) ;
#9951 = CARTESIAN_POINT ( 'NONE',  ( 8.015521883131921044, 22.00000000000000000, 0.000000000000000000 ) ) ;
#9952 = CARTESIAN_POINT ( 'NONE',  ( -8.000000000000000000, -26.00000000000000355, -0.3999999999999810929 ) ) ;
#9953 = DIRECTION ( 'NONE',  ( 0.000000000000000000, 1.000000000000000000, 0.000000000000000000 ) ) ;
#9954 = EDGE_LOOP ( 'NONE', ( #4496, #8903, #7447, #5765, #2308, #2996, #9062 ) ) ;
#9955 = EDGE_CURVE ( 'NONE', #274, #7190, #2404, .T. ) ;
#9956 = ORIENTED_EDGE ( 'NONE', *, *, #6008, .F. ) ;
#9957 = EDGE_CURVE ( 'NONE', #8194, #7081, #199, .T. ) ;
#9958 = ADVANCED_FACE ( 'NONE', ( #6052 ), #3031, .T. ) ;
#9959 = EDGE_CURVE ( 'NONE', #8920, #6416, #9297, .T. ) ;
#9960 = ORIENTED_EDGE ( 'NONE', *, *, #3473, .T. ) ;
#9961 = LINE ( 'NONE', #8619, #6776 ) ;
#9962 = CARTESIAN_POINT ( 'NONE',  ( -8.000000000000000000, -26.00000000000000355, -3.899999999999999911 ) ) ;
#9963 = CARTESIAN_POINT ( 'NONE',  ( 8.000000000001291411, 26.00000000000094857, -148.0000000000000000 ) ) ;
#9964 = VERTEX_POINT ( 'NONE', #3410 ) ;
#9965 = ORIENTED_EDGE ( 'NONE', *, *, #9090, .F. ) ;
#9966 = LINE ( 'NONE', #6833, #2896 ) ;
#9967 = TOROIDAL_SURFACE ( 'NONE', #5902, 4.799999999999447375, 0.2000000000005540679 ) ;
#9968 = CARTESIAN_POINT ( 'NONE',  ( -8.000000000000000000, -26.00000000000000355, -2.000000000000000000 ) ) ;
#9969 = EDGE_CURVE ( 'NONE', #9029, #7868, #3716, .T. ) ;
#9970 = EDGE_LOOP ( 'NONE', ( #9077, #76, #1471, #5818 ) ) ;
#9971 = CARTESIAN_POINT ( 'NONE',  ( -0.4999999999993932631, 17.49999999999939249, -121.0000000000000000 ) ) ;
#9972 = FACE_OUTER_BOUND ( 'NONE', #6451, .T. ) ;
#9973 = EDGE_CURVE ( 'NONE', #400, #721, #697, .T. ) ;
#9974 = VECTOR ( 'NONE', #1419, 1000.000000000000000 ) ;
#9975 = AXIS2_PLACEMENT_3D ( 'NONE', #8395, #9870, #4257 ) ;
#9976 = AXIS2_PLACEMENT_3D ( 'NONE', #3454, #5149, #315 ) ;
#9977 = CARTESIAN_POINT ( 'NONE',  ( 4.500000000000000888, 26.00000000000000355, -0.3999999999999810929 ) ) ;
#9978 = DIRECTION ( 'NONE',  ( 0.000000000000000000, 0.000000000000000000, 1.000000000000000000 ) ) ;
#9979 = DIRECTION ( 'NONE',  ( -0.000000000000000000, -0.000000000000000000, -1.000000000000000000 ) ) ;
#9980 = DIRECTION ( 'NONE',  ( 0.000000000000000000, 1.000000000000000000, 0.000000000000000000 ) ) ;
#9981 = AXIS2_PLACEMENT_3D ( 'NONE', #4595, #7257, #4024 ) ;
#9982 =( BOUNDED_CURVE ( )  B_SPLINE_CURVE ( 3, ( #7422, #7255, #188, #4813 ),
 .UNSPECIFIED., .F., .F. ) 
 B_SPLINE_CURVE_WITH_KNOTS ( ( 4, 4 ),
 ( 4.712388980384689674, 6.283185307179586232 ),
 .UNSPECIFIED. ) 
 CURVE ( )  GEOMETRIC_REPRESENTATION_ITEM ( )  RATIONAL_B_SPLINE_CURVE ( ( 1.000000000000000000, 0.8047378541243649375, 0.8047378541243649375, 1.000000000000000000 ) ) 
 REPRESENTATION_ITEM ( '' )  );
#9983 = CARTESIAN_POINT ( 'NONE',  ( 8.000000000000000000, 26.00000000000000355, -152.0000000000000000 ) ) ;
#9984 = FACE_OUTER_BOUND ( 'NONE', #7644, .T. ) ;
#9985 = DIRECTION ( 'NONE',  ( -0.000000000000000000, -0.000000000000000000, -1.000000000000000000 ) ) ;
#9986 = AXIS2_PLACEMENT_3D ( 'NONE', #3013, #506, #10118 ) ;
#9987 = VERTEX_POINT ( 'NONE', #3027 ) ;
#9988 = VECTOR ( 'NONE', #5145, 1000.000000000000000 ) ;
#9989 = CARTESIAN_POINT ( 'NONE',  ( 0.000000000000000000, -18.45850000000002922, -145.9585000000000434 ) ) ;
#9990 = ORIENTED_EDGE ( 'NONE', *, *, #3487, .T. ) ;
#9991 = VERTEX_POINT ( 'NONE', #5262 ) ;
#9992 = ORIENTED_EDGE ( 'NONE', *, *, #4698, .F. ) ;
#9993 = DIRECTION ( 'NONE',  ( 1.000000000000000000, 0.000000000000000000, 0.000000000000000000 ) ) ;
#9994 = CARTESIAN_POINT ( 'NONE',  ( 2.458500000000012786, -16.00000000000000000, -141.0415000000000134 ) ) ;
#9995 = DIRECTION ( 'NONE',  ( -0.8660254037842985975, 0.5000000000002425837, 0.000000000000000000 ) ) ;
#9996 = CIRCLE ( 'NONE', #39, 0.3999999999993869571 ) ;
#9997 = ORIENTED_EDGE ( 'NONE', *, *, #462, .F. ) ;
#9998 = LINE ( 'NONE', #4376, #3269 ) ;
#9999 = CARTESIAN_POINT ( 'NONE',  ( -8.000000000000000000, -26.00000000000000355, -152.0000000000000000 ) ) ;
#10000 = ORIENTED_EDGE ( 'NONE', *, *, #5736, .T. ) ;
#10001 = CARTESIAN_POINT ( 'NONE',  ( -8.500000000000000000, -17.49999999999939249, -31.00000000000000000 ) ) ;
#10002 = LINE ( 'NONE', #2787, #693 ) ;
#10003 = CYLINDRICAL_SURFACE ( 'NONE', #5341, 8.000000000000621725 ) ;
#10004 = AXIS2_PLACEMENT_3D ( 'NONE', #8725, #2424, #5647 ) ;
#10005 = CARTESIAN_POINT ( 'NONE',  ( 0.5329999999999892601, 7.250000000000000888, -150.6715170305900529 ) ) ;
#10006 = EDGE_LOOP ( 'NONE', ( #8584, #6439, #2894 ) ) ;
#10007 = AXIS2_PLACEMENT_3D ( 'NONE', #3239, #6363, #8870 ) ;
#10008 = CARTESIAN_POINT ( 'NONE',  ( -8.021096714234532854, -24.28012938607333027, -152.0000000000000000 ) ) ;
#10009 = CARTESIAN_POINT ( 'NONE',  ( -7.500000000000000000, 30.00000000000000000, -152.0010000000000048 ) ) ;
#10010 = DIRECTION ( 'NONE',  ( 0.000000000000000000, 0.000000000000000000, -1.000000000000000000 ) ) ;
#10011 = ORIENTED_EDGE ( 'NONE', *, *, #3038, .T. ) ;
#10012 = ORIENTED_EDGE ( 'NONE', *, *, #575, .T. ) ;
#10013 = CARTESIAN_POINT ( 'NONE',  ( 2.458500000000013230, -16.00000000000000000, -12.49999999999396749 ) ) ;
#10014 = DIRECTION ( 'NONE',  ( 0.5000000000002420286, -0.8660254037842989305, 0.000000000000000000 ) ) ;
#10015 = EDGE_CURVE ( 'NONE', #7777, #4980, #6257, .T. ) ;
#10016 = DIRECTION ( 'NONE',  ( -0.000000000000000000, 0.000000000000000000, -1.000000000000000000 ) ) ;
#10018 = EDGE_CURVE ( 'NONE', #7045, #9529, #6085, .T. ) ;
#10017 = CARTESIAN_POINT ( 'NONE',  ( 8.350000000000278533, -29.50000000000000355, -17.00000000000000000 ) ) ;
#10019 = VERTEX_POINT ( 'NONE', #7110 ) ;
#10020 = ORIENTED_EDGE ( 'NONE', *, *, #8994, .F. ) ;
#10021 = CYLINDRICAL_SURFACE ( 'NONE', #1897, 2.458500000000030106 ) ;
#10022 = EDGE_CURVE ( 'NONE', #3362, #7940, #8981, .T. ) ;
#10023 = DIRECTION ( 'NONE',  ( 1.000000000000000000, 0.000000000000000000, 0.000000000000000000 ) ) ;
#10024 = EDGE_LOOP ( 'NONE', ( #4401, #6243, #1715, #119 ) ) ;
#10025 = DIRECTION ( 'NONE',  ( 0.000000000000000000, 0.000000000000000000, 1.000000000000000000 ) ) ;
#10026 = CARTESIAN_POINT ( 'NONE',  ( 6.850000000000001421, 34.60000000000061959, -135.0000000000000000 ) ) ;
#10027 =( REPRESENTATION_RELATIONSHIP ('NONE','NONE', #8192, #2034 ) REPRESENTATION_RELATIONSHIP_WITH_TRANSFORMATION ( #3972 )SHAPE_REPRESENTATION_RELATIONSHIP( ) );
#10028 = DIRECTION ( 'NONE',  ( 0.8660254037855547038, 1.060575238726273740E-16, -0.4999999999980669907 ) ) ;
#10029 = FACE_OUTER_BOUND ( 'NONE', #10191, .T. ) ;
#10030 = ADVANCED_FACE ( 'NONE', ( #6150, #5308 ), #6953, .F. ) ;
#10031 = CARTESIAN_POINT ( 'NONE',  ( 6.500000000000000888, 25.13397459621599950, -150.0000000000000000 ) ) ;
#10032 = EDGE_CURVE ( 'NONE', #7936, #6293, #7002, .T. ) ;
#10033 = DIRECTION ( 'NONE',  ( 1.000000000000000000, 0.000000000000000000, 0.000000000000000000 ) ) ;
#10034 = DIRECTION ( 'NONE',  ( 0.000000000000000000, 0.000000000000000000, -1.000000000000000000 ) ) ;
#10035 = DIRECTION ( 'NONE',  ( 0.000000000000000000, 0.000000000000000000, -1.000000000000000000 ) ) ;
#10036 = DIRECTION ( 'NONE',  ( 0.000000000000000000, 0.000000000000000000, -1.000000000000000000 ) ) ;
#10037 = VERTEX_POINT ( 'NONE', #1408 ) ;
#10038 = DIRECTION ( 'NONE',  ( 0.000000000000000000, 0.000000000000000000, -1.000000000000000000 ) ) ;
#10039 = EDGE_LOOP ( 'NONE', ( #8997, #1498 ) ) ;
#10040 = ORIENTED_EDGE ( 'NONE', *, *, #8739, .F. ) ;
#10041 = EDGE_LOOP ( 'NONE', ( #2069, #5938, #787, #8347, #3935 ) ) ;
#10042 = DIRECTION ( 'NONE',  ( -0.000000000000000000, 1.000000000000000000, -0.000000000000000000 ) ) ;
#10043 = B_SPLINE_CURVE_WITH_KNOTS ( 'NONE', 3,
 ( #4423, #7770, #1218, #530 ),
 .UNSPECIFIED., .F., .F.,
 ( 4, 4 ),
 ( 0.001569259017094675000, 0.002420130561062078679 ),
 .UNSPECIFIED. ) ;
#10044 = DIRECTION ( 'NONE',  ( -0.000000000000000000, -0.000000000000000000, -1.000000000000000000 ) ) ;
#10045 = DIRECTION ( 'NONE',  ( -0.000000000000000000, -0.000000000000000000, -1.000000000000000000 ) ) ;
#10046 = ADVANCED_FACE ( 'NONE', ( #6204, #469, #10337 ), #9446, .T. ) ;
#10047 = CIRCLE ( 'NONE', #8527, 0.2000000000005541234 ) ;
#10048 = ORIENTED_EDGE ( 'NONE', *, *, #3634, .T. ) ;
#10049 = CARTESIAN_POINT ( 'NONE',  ( -8.000000000000000000, -27.73205080756899932, -150.0000000000000000 ) ) ;
#10050 = DIRECTION ( 'NONE',  ( 0.000000000000000000, 0.000000000000000000, -1.000000000000000000 ) ) ;
#10051 = ORIENTED_EDGE ( 'NONE', *, *, #5340, .F. ) ;
#10052 = DIRECTION ( 'NONE',  ( 0.000000000000000000, 0.000000000000000000, -1.000000000000000000 ) ) ;
#10053 = FACE_OUTER_BOUND ( 'NONE', #9233, .T. ) ;
#10054 = AXIS2_PLACEMENT_3D ( 'NONE', #4803, #8044, #9055 ) ;
#10055 = CONICAL_SURFACE ( 'NONE', #8367, 3.099999999999977884, 0.7853981633974619347 ) ;
#10056 = DIRECTION ( 'NONE',  ( 0.000000000000000000, -0.000000000000000000, -1.000000000000000000 ) ) ;
#10057 = EDGE_LOOP ( 'NONE', ( #9777, #7633, #6077, #6779 ) ) ;
#10058 = DIRECTION ( 'NONE',  ( 0.7071067811865490160, 8.659560562354952580E-17, -0.7071067811865460184 ) ) ;
#10059 = TOROIDAL_SURFACE ( 'NONE', #5480, 5.200000000000555289, 0.2000000000005540679 ) ;
#10060 = DIRECTION ( 'NONE',  ( 1.000000000000000000, 0.000000000000000000, 0.000000000000000000 ) ) ;
#10061 = DIRECTION ( 'NONE',  ( 0.000000000000000000, 0.000000000000000000, 1.000000000000000000 ) ) ;
#10062 = ORIENTED_EDGE ( 'NONE', *, *, #7694, .T. ) ;
#10063 = ORIENTED_EDGE ( 'NONE', *, *, #2140, .F. ) ;
#10064 = ORIENTED_EDGE ( 'NONE', *, *, #7755, .F. ) ;
#10065 = CIRCLE ( 'NONE', #449, 1.720000000000001084 ) ;
#10066 = DIRECTION ( 'NONE',  ( 0.000000000000000000, 0.000000000000000000, 1.000000000000000000 ) ) ;
#10067 = ORIENTED_EDGE ( 'NONE', *, *, #10209, .F. ) ;
#10068 = ORIENTED_EDGE ( 'NONE', *, *, #4573, .F. ) ;
#10069 = CARTESIAN_POINT ( 'NONE',  ( 8.000000000000000000, 27.73205080756899932, -152.0000000000000000 ) ) ;
#10070 = AXIS2_PLACEMENT_3D ( 'NONE', #7425, #250, #191 ) ;
#10071 = CARTESIAN_POINT ( 'NONE',  ( 0.000000000000000000, 0.000000000000000000, 0.000000000000000000 ) ) ;
#10072 = ORIENTED_EDGE ( 'NONE', *, *, #8935, .F. ) ;
#10073 = AXIS2_PLACEMENT_3D ( 'NONE', #739, #6681, #6736 ) ;
#10074 = CARTESIAN_POINT ( 'NONE',  ( 0.000000000000000000, 0.000000000000000000, -150.0000000000000000 ) ) ;
#10075 = LINE ( 'NONE', #9187, #4544 ) ;
#10076 = EDGE_CURVE ( 'NONE', #3202, #3581, #7945, .T. ) ;
#10077 = EDGE_CURVE ( 'NONE', #9987, #6334, #7092, .T. ) ;
#10078 = CIRCLE ( 'NONE', #4486, 1.720000000000002860 ) ;
#10079 = DIRECTION ( 'NONE',  ( -1.000000000000000000, 0.000000000000000000, 0.000000000000000000 ) ) ;
#10080 = CARTESIAN_POINT ( 'NONE',  ( -8.750000000000282441, -27.29903810567634181, -150.0000000000000000 ) ) ;
#10081 = DIRECTION ( 'NONE',  ( -1.000000000000000000, 0.000000000000000000, -0.000000000000000000 ) ) ;
#10082 = AXIS2_PLACEMENT_3D ( 'NONE', #1934, #4362, #6739 ) ;
#10083 = CARTESIAN_POINT ( 'NONE',  ( 0.5329999999999883720, 7.250000000000000888, -145.5000000000000000 ) ) ;
#10084 = CARTESIAN_POINT ( 'NONE',  ( 9.500000000000000000, 26.86602540378400050, 0.000000000000000000 ) ) ;
#10085 = FACE_OUTER_BOUND ( 'NONE', #4368, .T. ) ;
#10086 = ORIENTED_EDGE ( 'NONE', *, *, #9944, .T. ) ;
#10087 = DIRECTION ( 'NONE',  ( -0.000000000000000000, -1.000000000000000000, -0.000000000000000000 ) ) ;
#10088 = EDGE_LOOP ( 'NONE', ( #4019, #2730, #3212, #8372 ) ) ;
#10089 = ORIENTED_EDGE ( 'NONE', *, *, #4193, .F. ) ;
#10090 = VECTOR ( 'NONE', #1344, 1000.000000000000000 ) ;
#10091 = ADVANCED_FACE ( 'NONE', ( #7759 ), #4668, .F. ) ;
#10092 = EDGE_CURVE ( 'NONE', #7139, #5222, #5391, .T. ) ;
#10093 = CYLINDRICAL_SURFACE ( 'NONE', #3313, 4.282999999999988816 ) ;
#10094 = VECTOR ( 'NONE', #8029, 1000.000000000000000 ) ;
#10095 = DIRECTION ( 'NONE',  ( 1.000000000000000000, 0.000000000000000000, 0.000000000000000000 ) ) ;
#10096 = CARTESIAN_POINT ( 'NONE',  ( 6.500000000000000888, 26.86602540378400050, -2.000000000000000000 ) ) ;
#10097 = ORIENTED_EDGE ( 'NONE', *, *, #5106, .F. ) ;
#10098 = DIRECTION ( 'NONE',  ( 0.000000000000000000, 0.000000000000000000, 1.000000000000000000 ) ) ;
#10099 = CARTESIAN_POINT ( 'NONE',  ( -11.84999999999999964, -29.50000000000000355, -135.0000000000000000 ) ) ;
#10100 = VERTEX_POINT ( 'NONE', #8501 ) ;
#10101 = CIRCLE ( 'NONE', #5522, 3.250000000000030642 ) ;
#10102 = CYLINDRICAL_SURFACE ( 'NONE', #1072, 0.2000000000005541234 ) ;
#10103 = ORIENTED_EDGE ( 'NONE', *, *, #7386, .F. ) ;
#10104 = CARTESIAN_POINT ( 'NONE',  ( -11.79999999999944649, -16.00000000000000000, -3.499999999999999556 ) ) ;
#10105 = EDGE_CURVE ( 'NONE', #9721, #2225, #1257, .T. ) ;
#10106 = DIRECTION ( 'NONE',  ( 0.7071067811865571207, 0.000000000000000000, 0.7071067811865379138 ) ) ;
#10107 = AXIS2_PLACEMENT_3D ( 'NONE', #9797, #3332, #926 ) ;
#10108 = ORIENTED_EDGE ( 'NONE', *, *, #8804, .T. ) ;
#10109 = DIRECTION ( 'NONE',  ( -0.000000000000000000, -1.000000000000000000, -0.000000000000000000 ) ) ;
#10110 = CARTESIAN_POINT ( 'NONE',  ( -8.999092821677523446, -27.15522429802769011, -151.8732013694798013 ) ) ;
#10111 = PLANE ( 'NONE',  #2287 ) ;
#10112 = ORIENTED_EDGE ( 'NONE', *, *, #1769, .T. ) ;
#10113 = ORIENTED_EDGE ( 'NONE', *, *, #9830, .F. ) ;
#10114 = CARTESIAN_POINT ( 'NONE',  ( -2.205642239911665747, -17.27120180318259202, -10.70564223991166486 ) ) ;
#10115 = ORIENTED_EDGE ( 'NONE', *, *, #5400, .T. ) ;
#10116 = VERTEX_POINT ( 'NONE', #4605 ) ;
#10117 = DIRECTION ( 'NONE',  ( 1.000000000000000000, 0.000000000000000000, 0.000000000000000000 ) ) ;
#10118 = DIRECTION ( 'NONE',  ( 1.000000000000000000, 0.000000000000000000, -0.000000000000000000 ) ) ;
#10119 = DIRECTION ( 'NONE',  ( -0.000000000000000000, -0.000000000000000000, -1.000000000000000000 ) ) ;
#10120 = LINE ( 'NONE', #4656, #982 ) ;
#10121 = VERTEX_POINT ( 'NONE', #4459 ) ;
#10122 = CARTESIAN_POINT ( 'NONE',  ( -1.500000000000000000, 28.47151703059009265, -143.5000000000000284 ) ) ;
#10123 = FACE_OUTER_BOUND ( 'NONE', #9950, .T. ) ;
#10124 = CARTESIAN_POINT ( 'NONE',  ( -8.000000000000000000, -26.00000000000000355, -3.899999999999999911 ) ) ;
#10125 = CARTESIAN_POINT ( 'NONE',  ( 0.000000000000000000, 13.54150000000000098, -143.5000000000000284 ) ) ;
#10126 = DIRECTION ( 'NONE',  ( 0.000000000000000000, 0.000000000000000000, -1.000000000000000000 ) ) ;
#10127 = CARTESIAN_POINT ( 'NONE',  ( -8.000000000000000000, -27.73205080756899932, -152.0000000000000000 ) ) ;
#10128 = ORIENTED_EDGE ( 'NONE', *, *, #3924, .F. ) ;
#10129 = DIRECTION ( 'NONE',  ( 1.000000000000000000, 0.000000000000000000, 0.000000000000000000 ) ) ;
#10130 = ORIENTED_EDGE ( 'NONE', *, *, #9204, .T. ) ;
#10131 = ORIENTED_EDGE ( 'NONE', *, *, #7398, .T. ) ;
#10132 = AXIS2_PLACEMENT_3D ( 'NONE', #1907, #341, #2108 ) ;
#10133 = VERTEX_POINT ( 'NONE', #10229 ) ;
#10134 = CARTESIAN_POINT ( 'NONE',  ( -5.623256421014225737, -1.667762141431832434, 7.935661521442813005 ) ) ;
#10135 = CARTESIAN_POINT ( 'NONE',  ( -0.4999999999993793853, -17.49999999999938538, -111.0000000000000000 ) ) ;
#10136 = CARTESIAN_POINT ( 'NONE',  ( 4.500000000000000888, 26.00000000000000355, -3.899999999999999911 ) ) ;
#10137 = VECTOR ( 'NONE', #10450, 1000.000000000000000 ) ;
#10138 = ADVANCED_FACE ( 'NONE', ( #6900 ), #6754, .F. ) ;
#10139 = ORIENTED_EDGE ( 'NONE', *, *, #4192, .T. ) ;
#10140 = EDGE_CURVE ( 'NONE', #6184, #6293, #7058, .T. ) ;
#10141 = ADVANCED_FACE ( 'NONE', ( #96 ), #2402, .F. ) ;
#10142 = DIRECTION ( 'NONE',  ( 0.000000000000000000, 0.000000000000000000, -1.000000000000000000 ) ) ;
#10143 = ADVANCED_FACE ( 'NONE', ( #5727 ), #3982, .F. ) ;
#10144 = VERTEX_POINT ( 'NONE', #157 ) ;
#10145 = FACE_OUTER_BOUND ( 'NONE', #7900, .T. ) ;
#10146 = CARTESIAN_POINT ( 'NONE',  ( 1.440155956905742940, 18.45849999999999724, -142.0598440430942730 ) ) ;
#10147 = AXIS2_PLACEMENT_3D ( 'NONE', #7944, #9588, #4873 ) ;
#10148 =( GEOMETRIC_REPRESENTATION_CONTEXT ( 3 ) GLOBAL_UNCERTAINTY_ASSIGNED_CONTEXT ( ( #5780 ) ) GLOBAL_UNIT_ASSIGNED_CONTEXT ( ( #1398, #10275, #3660 ) ) REPRESENTATION_CONTEXT ( 'NONE', 'WORKASPACE' ) );
#10149 = DIRECTION ( 'NONE',  ( -0.000000000000000000, -0.000000000000000000, -1.000000000000000000 ) ) ;
#10150 = AXIS2_PLACEMENT_3D ( 'NONE', #7419, #3330, #186 ) ;
#10151 = EDGE_CURVE ( 'NONE', #6308, #5549, #5624, .T. ) ;
#10152 = DIRECTION ( 'NONE',  ( -0.8660254037842980424, 0.5000000000002434719, 0.000000000000000000 ) ) ;
#10153 = EDGE_LOOP ( 'NONE', ( #3028, #1974, #8354, #2307 ) ) ;
#10154 = AXIS2_PLACEMENT_3D ( 'NONE', #6175, #2015, #5236 ) ;
#10155 = EDGE_CURVE ( 'NONE', #259, #8378, #8794, .T. ) ;
#10156 = PLANE ( 'NONE',  #7463 ) ;
#10157 = ADVANCED_FACE ( 'NONE', ( #3346 ), #9135, .F. ) ;
#10158 = CARTESIAN_POINT ( 'NONE',  ( -11.84999999999999964, -29.50000000000000355, -135.0000000000000000 ) ) ;
#10159 = DIRECTION ( 'NONE',  ( -0.000000000000000000, -0.000000000000000000, 1.000000000000000000 ) ) ;
#10160 = ORIENTED_EDGE ( 'NONE', *, *, #7163, .T. ) ;
#10161 = AXIS2_PLACEMENT_3D ( 'NONE', #10305, #3049, #6284 ) ;
#10162 = CIRCLE ( 'NONE', #8820, 8.000000000000611067 ) ;
#10163 = ORIENTED_EDGE ( 'NONE', *, *, #6216, .T. ) ;
#10164 = CONICAL_SURFACE ( 'NONE', #7810, 2.458500000000012786, 0.7853981633974504994 ) ;
#10165 = CARTESIAN_POINT ( 'NONE',  ( 0.000000000000000000, -29.20849999999996527, -145.9585000000000434 ) ) ;
#10166 = VERTEX_POINT ( 'NONE', #47 ) ;
#10167 = ORIENTED_EDGE ( 'NONE', *, *, #8208, .F. ) ;
#10168 = FACE_OUTER_BOUND ( 'NONE', #3175, .T. ) ;
#10169 = ADVANCED_FACE ( 'NONE', ( #9549 ), #3291, .T. ) ;
#10170 = AXIS2_PLACEMENT_3D ( 'NONE', #7728, #6705, #10052 ) ;
#10171 = ORIENTED_EDGE ( 'NONE', *, *, #6535, .T. ) ;
#10172 = DIRECTION ( 'NONE',  ( -1.000000000000000000, 0.000000000000000000, 0.000000000000000000 ) ) ;
#10173 = LINE ( 'NONE', #8541, #2979 ) ;
#10174 = TOROIDAL_SURFACE ( 'NONE', #1564, 3.782999999993962081, 0.5000000000060270677 ) ;
#10175 = CARTESIAN_POINT ( 'NONE',  ( 0.000000000000000000, 0.000000000000000000, -31.00000000000000000 ) ) ;
#10176 = DIRECTION ( 'NONE',  ( 0.000000000000000000, 0.000000000000000000, -1.000000000000000000 ) ) ;
#10177 = DIRECTION ( 'NONE',  ( 0.000000000000000000, 0.000000000000000000, 1.000000000000000000 ) ) ;
#10178 = DIRECTION ( 'NONE',  ( -0.000000000000000000, 1.000000000000000000, -0.000000000000000000 ) ) ;
#10179 = CARTESIAN_POINT ( 'NONE',  ( -2.458499999999998575, 17.44015595690574472, -145.9585000000000150 ) ) ;
#10180 = CARTESIAN_POINT ( 'NONE',  ( 8.000000000000000000, -16.00000000000000000, -8.500000000000000000 ) ) ;
#10181 = ORIENTED_EDGE ( 'NONE', *, *, #2826, .T. ) ;
#10182 = DIRECTION ( 'NONE',  ( -0.8660254037842997077, 0.5000000000002408074, 0.000000000000000000 ) ) ;
#10183 = EDGE_LOOP ( 'NONE', ( #1875, #9469 ) ) ;
#10184 = EDGE_LOOP ( 'NONE', ( #4654, #4851, #1993 ) ) ;
#10185 = ORIENTED_EDGE ( 'NONE', *, *, #2381, .T. ) ;
#10186 = PLANE ( 'NONE',  #801 ) ;
#10187 = CARTESIAN_POINT ( 'NONE',  ( 8.500000000000000000, 25.50000000000000355, -121.0000000000000000 ) ) ;
#10188 = DIRECTION ( 'NONE',  ( 0.000000000000000000, -1.000000000000000000, 0.000000000000000000 ) ) ;
#10189 = ORIENTED_EDGE ( 'NONE', *, *, #10092, .T. ) ;
#10190 = DIRECTION ( 'NONE',  ( 1.000000000000000000, 0.000000000000000000, 0.000000000000000000 ) ) ;
#10191 = EDGE_LOOP ( 'NONE', ( #5282, #8297, #610, #1311, #7187, #2056 ) ) ;
#10192 = CARTESIAN_POINT ( 'NONE',  ( 8.000000000000000000, 26.00000000000000355, -150.0000000000000000 ) ) ;
#10193 = ORIENTED_EDGE ( 'NONE', *, *, #9389, .T. ) ;
#10194 = EDGE_CURVE ( 'NONE', #4400, #1138, #3190, .T. ) ;
#10195 = CARTESIAN_POINT ( 'NONE',  ( 2.114726455570120400, 26.96507328603669862, -135.0000000000000000 ) ) ;
#10196 = EDGE_CURVE ( 'NONE', #1081, #9000, #18, .T. ) ;
#10197 = EDGE_CURVE ( 'NONE', #2985, #10389, #6469, .T. ) ;
#10198 = DIRECTION ( 'NONE',  ( 1.000000000000000000, 0.000000000000000000, 0.000000000000000000 ) ) ;
#10199 = CARTESIAN_POINT ( 'NONE',  ( 8.000000000001291411, 26.00000000000094857, -17.00000000000000000 ) ) ;
#10200 = FACE_OUTER_BOUND ( 'NONE', #10267, .T. ) ;
#10201 = EDGE_CURVE ( 'NONE', #5095, #5648, #7734, .T. ) ;
#10202 = ORIENTED_EDGE ( 'NONE', *, *, #8782, .F. ) ;
#10203 = CARTESIAN_POINT ( 'NONE',  ( 2.458500000000012786, -16.00000000000000000, -151.2084999999999866 ) ) ;
#10204 = ORIENTED_EDGE ( 'NONE', *, *, #2084, .T. ) ;
#10205 = CARTESIAN_POINT ( 'NONE',  ( 8.015521883131921044, 26.00000000000030553, -152.0000000000000000 ) ) ;
#10206 = ORIENTED_EDGE ( 'NONE', *, *, #5303, .F. ) ;
#10207 = CIRCLE ( 'NONE', #10373, 4.000000000000305533 ) ;
#10208 = ORIENTED_EDGE ( 'NONE', *, *, #2007, .F. ) ;
#10209 = EDGE_CURVE ( 'NONE', #1343, #10240, #8466, .T. ) ;
#10210 = EDGE_CURVE ( 'NONE', #1750, #6802, #834, .T. ) ;
#10211 = CARTESIAN_POINT ( 'NONE',  ( 1.250000000000613065, 34.60000000000061959, -17.00000000000001421 ) ) ;
#10212 = VECTOR ( 'NONE', #4215, 1000.000000000000000 ) ;
#10213 = ORIENTED_EDGE ( 'NONE', *, *, #8593, .T. ) ;
#10214 = ORIENTED_EDGE ( 'NONE', *, *, #1742, .F. ) ;
#10215 = FACE_OUTER_BOUND ( 'NONE', #3588, .T. ) ;
#10216 = DIRECTION ( 'NONE',  ( 1.000000000000000000, 0.000000000000000000, 0.000000000000000000 ) ) ;
#10217 = ORIENTED_EDGE ( 'NONE', *, *, #10077, .T. ) ;
#10218 = ORIENTED_EDGE ( 'NONE', *, *, #8143, .F. ) ;
#10219 = DIRECTION ( 'NONE',  ( 0.000000000000000000, 0.000000000000000000, 1.000000000000000000 ) ) ;
#10220 = DIRECTION ( 'NONE',  ( 1.000000000000000000, 0.000000000000000000, 0.000000000000000000 ) ) ;
#10221 = CIRCLE ( 'NONE', #5154, 5.000000000000000000 ) ;
#10222 = EDGE_CURVE ( 'NONE', #1631, #3194, #871, .T. ) ;
#10223 = ADVANCED_FACE ( 'NONE', ( #9708 ), #4038, .T. ) ;
#10224 = VECTOR ( 'NONE', #7221, 1000.000000000000000 ) ;
#10225 = DIRECTION ( 'NONE',  ( 0.8660254037842989305, -0.5000000000002420286, 0.000000000000000000 ) ) ;
#10226 = CARTESIAN_POINT ( 'NONE',  ( -12.00000000000000533, 26.00000000000094857, -17.00000000000000000 ) ) ;
#10227 = VECTOR ( 'NONE', #10028, 999.9999999999998863 ) ;
#10228 = DIRECTION ( 'NONE',  ( 0.000000000000000000, 0.000000000000000000, 1.000000000000000000 ) ) ;
#10229 = CARTESIAN_POINT ( 'NONE',  ( -7.978903285765476028, -24.28012938607333027, -152.0000000000000000 ) ) ;
#10230 = ORIENTED_EDGE ( 'NONE', *, *, #5290, .T. ) ;
#10231 = CARTESIAN_POINT ( 'NONE',  ( 1.440155956905742940, 13.54150000000000453, -142.0598440430942730 ) ) ;
#10232 = ORIENTED_EDGE ( 'NONE', *, *, #7572, .T. ) ;
#10233 = EDGE_LOOP ( 'NONE', ( #2571, #7177, #6664, #8107, #5458, #6878 ) ) ;
#10234 = CIRCLE ( 'NONE', #302, 2.458500000000003460 ) ;
#10235 = ORIENTED_EDGE ( 'NONE', *, *, #2076, .F. ) ;
#10236 = CARTESIAN_POINT ( 'NONE',  ( 8.000000000000000000, 26.00000000000000355, -150.0000000000000000 ) ) ;
#10237 = DIRECTION ( 'NONE',  ( 0.000000000000000000, 0.000000000000000000, 1.000000000000000000 ) ) ;
#10238 = CARTESIAN_POINT ( 'NONE',  ( -1.958499999993985830, -16.00000000000000000, -12.99999999999999467 ) ) ;
#10239 = AXIS2_PLACEMENT_3D ( 'NONE', #3245, #7717, #1169 ) ;
#10240 = VERTEX_POINT ( 'NONE', #2455 ) ;
#10241 = DIRECTION ( 'NONE',  ( 0.000000000000000000, 0.000000000000000000, -1.000000000000000000 ) ) ;
#10242 = ORIENTED_EDGE ( 'NONE', *, *, #1012, .T. ) ;
#10243 = AXIS2_PLACEMENT_3D ( 'NONE', #9971, #5047, #1046 ) ;
#10244 = FACE_OUTER_BOUND ( 'NONE', #486, .T. ) ;
#10245 = ORIENTED_EDGE ( 'NONE', *, *, #1817, .F. ) ;
#10246 = VERTEX_POINT ( 'NONE', #5678 ) ;
#10247 =( BOUNDED_CURVE ( )  B_SPLINE_CURVE ( 3, ( #3865, #5301, #668, #8642 ),
 .UNSPECIFIED., .F., .T. ) 
 B_SPLINE_CURVE_WITH_KNOTS ( ( 4, 4 ),
 ( 4.712388980384689674, 6.283185307179586232 ),
 .UNSPECIFIED. ) 
 CURVE ( )  GEOMETRIC_REPRESENTATION_ITEM ( )  RATIONAL_B_SPLINE_CURVE ( ( 1.000000000000000000, 0.8047378541243649375, 0.8047378541243649375, 1.000000000000000000 ) ) 
 REPRESENTATION_ITEM ( '' )  );
#10248 = AXIS2_PLACEMENT_3D ( 'NONE', #8813, #9548, #5456 ) ;
#10249 = CONICAL_SURFACE ( 'NONE', #7732, 1.999999999999988010, 1.047197551196318521 ) ;
#10250 = CIRCLE ( 'NONE', #4151, 3.399999999999997691 ) ;
#10251 = PLANE ( 'NONE',  #3993 ) ;
#10252 = DIRECTION ( 'NONE',  ( -0.000000000000000000, -0.000000000000000000, -1.000000000000000000 ) ) ;
#10253 = CARTESIAN_POINT ( 'NONE',  ( -8.000000000000000000, -26.00000000000000355, -149.1339745962199856 ) ) ;
#10254 = LINE ( 'NONE', #4801, #6269 ) ;
#10255 = ORIENTED_EDGE ( 'NONE', *, *, #8362, .T. ) ;
#10256 = VECTOR ( 'NONE', #3191, 1000.000000000000000 ) ;
#10257 = EDGE_CURVE ( 'NONE', #5739, #7980, #8932, .T. ) ;
#10258 = DIRECTION ( 'NONE',  ( 0.000000000000000000, 0.000000000000000000, 1.000000000000000000 ) ) ;
#10259 = ORIENTED_EDGE ( 'NONE', *, *, #6576, .T. ) ;
#10260 = EDGE_CURVE ( 'NONE', #6108, #6156, #4098, .T. ) ;
#10261 = CARTESIAN_POINT ( 'NONE',  ( -12.00000000000000000, 16.00000000000000000, -145.9585000000000150 ) ) ;
#10262 = VERTEX_POINT ( 'NONE', #5044 ) ;
#10263 = VECTOR ( 'NONE', #7184, 1000.000000000000000 ) ;
#10264 = EDGE_LOOP ( 'NONE', ( #2880, #775, #3372, #4068 ) ) ;
#10265 = VECTOR ( 'NONE', #5017, 1000.000000000000000 ) ;
#10266 = CARTESIAN_POINT ( 'NONE',  ( 0.000000000000000000, -30.00000000000000000, -8.500000000000000000 ) ) ;
#10267 = EDGE_LOOP ( 'NONE', ( #8950, #3092, #3254, #8305 ) ) ;
#10268 = EDGE_CURVE ( 'NONE', #7607, #7111, #4991, .T. ) ;
#10269 = ORIENTED_EDGE ( 'NONE', *, *, #1181, .F. ) ;
#10270 = DIRECTION ( 'NONE',  ( -1.000000000000000000, 0.000000000000000000, 0.000000000000000000 ) ) ;
#10271 = EDGE_CURVE ( 'NONE', #2079, #227, #9860, .T. ) ;
#10272 = DIRECTION ( 'NONE',  ( -0.000000000000000000, -0.000000000000000000, -1.000000000000000000 ) ) ;
#10273 = EDGE_CURVE ( 'NONE', #9822, #3909, #6572, .T. ) ;
#10274 = DIRECTION ( 'NONE',  ( -1.000000000000000000, 0.000000000000000000, 0.000000000000000000 ) ) ;
#10275 =( NAMED_UNIT ( * ) PLANE_ANGLE_UNIT ( ) SI_UNIT ( $, .RADIAN. ) );
#10276 = EDGE_LOOP ( 'NONE', ( #4937, #527, #9020, #1372 ) ) ;
#10277 = EDGE_CURVE ( 'NONE', #6432, #313, #5097, .T. ) ;
#10278 = FACE_OUTER_BOUND ( 'NONE', #3061, .T. ) ;
#10279 = DIRECTION ( 'NONE',  ( -0.000000000000000000, 1.000000000000000000, -0.000000000000000000 ) ) ;
#10280 = VERTEX_POINT ( 'NONE', #1001 ) ;
#10281 = CARTESIAN_POINT ( 'NONE',  ( -1.738422021547135765, -17.73842202154713732, -6.761577978452865345 ) ) ;
#10282 = LINE ( 'NONE', #4551, #962 ) ;
#10283 = EDGE_CURVE ( 'NONE', #7359, #377, #6765, .T. ) ;
#10284 = PLANE ( 'NONE',  #713 ) ;
#10285 = CARTESIAN_POINT ( 'NONE',  ( 2.458500000000000796, -16.00000000000000000, -6.041500000000000092 ) ) ;
#10286 = CARTESIAN_POINT ( 'NONE',  ( -4.500000000000000888, -26.00000000000000355, -3.899999999999999911 ) ) ;
#10287 = VERTEX_POINT ( 'NONE', #5986 ) ;
#10288 = ADVANCED_FACE ( 'NONE', ( #8276 ), #5081, .F. ) ;
#10289 = CARTESIAN_POINT ( 'NONE',  ( 0.4999999999993793853, -17.49999999999938183, -121.0000000000000000 ) ) ;
#10290 = ORIENTED_EDGE ( 'NONE', *, *, #6395, .T. ) ;
#10291 = ORIENTED_EDGE ( 'NONE', *, *, #1360, .F. ) ;
#10292 = FACE_OUTER_BOUND ( 'NONE', #1747, .T. ) ;
#10293 = CARTESIAN_POINT ( 'NONE',  ( 0.000000000000000000, -13.54149999999999388, -8.500000000000000000 ) ) ;
#10294 = LINE ( 'NONE', #4569, #1128 ) ;
#10295 = DIRECTION ( 'NONE',  ( 0.000000000000000000, -0.000000000000000000, -1.000000000000000000 ) ) ;
#10296 = VECTOR ( 'NONE', #3670, 1000.000000000000000 ) ;
#10297 = EDGE_LOOP ( 'NONE', ( #7620, #4222 ) ) ;
#10298 = EDGE_CURVE ( 'NONE', #3803, #4543, #3449, .T. ) ;
#10299 = DIRECTION ( 'NONE',  ( 0.000000000000000000, -0.000000000000000000, -1.000000000000000000 ) ) ;
#10300 = ORIENTED_EDGE ( 'NONE', *, *, #2125, .T. ) ;
#10301 = ORIENTED_EDGE ( 'NONE', *, *, #7767, .F. ) ;
#10302 = AXIS2_PLACEMENT_3D ( 'NONE', #6221, #3102, #6171 ) ;
#10303 = CARTESIAN_POINT ( 'NONE',  ( -8.032999999999988816, 7.250000000000000000, -150.6715170305900529 ) ) ;
#10304 = CARTESIAN_POINT ( 'NONE',  ( -4.352726514326100471, -30.00000000000000000, -152.0000000000000000 ) ) ;
#10305 = CARTESIAN_POINT ( 'NONE',  ( -1.500000000000000000, 20.30000000000604032, -143.5000000000000284 ) ) ;
#10306 = VERTEX_POINT ( 'NONE', #9811 ) ;
#10307 = CARTESIAN_POINT ( 'NONE',  ( 8.000000000000000000, 26.00000000000000355, 0.000000000000000000 ) ) ;
#10308 = AXIS2_PLACEMENT_3D ( 'NONE', #9116, #7423, #8318 ) ;
#10309 = DIRECTION ( 'NONE',  ( -1.000000000000000000, 0.000000000000000000, 0.000000000000000000 ) ) ;
#10310 = VERTEX_POINT ( 'NONE', #9238 ) ;
#10311 = VECTOR ( 'NONE', #1775, 1000.000000000000000 ) ;
#10312 = AXIS2_PLACEMENT_3D ( 'NONE', #8741, #3221, #7939 ) ;
#10313 = ORIENTED_EDGE ( 'NONE', *, *, #484, .F. ) ;
#10314 = CIRCLE ( 'NONE', #3210, 3.499999999999999556 ) ;
#10315 = CARTESIAN_POINT ( 'NONE',  ( -8.000000000000000000, -26.00000000000000355, -152.0000000000000000 ) ) ;
#10316 = DIRECTION ( 'NONE',  ( -0.000000000000000000, -0.000000000000000000, -1.000000000000000000 ) ) ;
#10317 = ORIENTED_EDGE ( 'NONE', *, *, #1882, .F. ) ;
#10318 = AXIS2_PLACEMENT_3D ( 'NONE', #9421, #5969, #2847 ) ;
#10319 = ORIENTED_EDGE ( 'NONE', *, *, #8850, .F. ) ;
#10320 = CARTESIAN_POINT ( 'NONE',  ( -2.458500000000003460, 16.00000000000000000, -141.0415000000000134 ) ) ;
#10321 = DIRECTION ( 'NONE',  ( 0.000000000000000000, -1.000000000000000000, 0.000000000000000000 ) ) ;
#10322 = TOROIDAL_SURFACE ( 'NONE', #888, 1.958499999993985830, 0.5000000000060270677 ) ;
#10323 = DIRECTION ( 'NONE',  ( 0.000000000000000000, -1.000000000000000000, 0.000000000000000000 ) ) ;
#10324 = ORIENTED_EDGE ( 'NONE', *, *, #7501, .T. ) ;
#10325 = ORIENTED_EDGE ( 'NONE', *, *, #2580, .F. ) ;
#10326 = DIRECTION ( 'NONE',  ( 0.000000000000000000, 0.000000000000000000, 1.000000000000000000 ) ) ;
#10327 = FACE_OUTER_BOUND ( 'NONE', #1753, .T. ) ;
#10328 = ORIENTED_EDGE ( 'NONE', *, *, #2133, .F. ) ;
#10329 = EDGE_CURVE ( 'NONE', #3197, #1839, #9649, .T. ) ;
#10330 = EDGE_CURVE ( 'NONE', #8598, #9009, #1210, .T. ) ;
#10331 = LINE ( 'NONE', #6360, #146 ) ;
#10332 = EDGE_CURVE ( 'NONE', #2474, #6622, #5953, .T. ) ;
#10333 = CARTESIAN_POINT ( 'NONE',  ( 2.458500000000003460, 16.00000000000000000, -141.0415000000000134 ) ) ;
#10334 = AXIS2_PLACEMENT_3D ( 'NONE', #9514, #7923, #5585 ) ;
#10335 = DIRECTION ( 'NONE',  ( -0.000000000000000000, -0.000000000000000000, -1.000000000000000000 ) ) ;
#10336 = LINE ( 'NONE', #6414, #5690 ) ;
#10337 = FACE_OUTER_BOUND ( 'NONE', #6495, .T. ) ;
#10338 = AXIS2_PLACEMENT_3D ( 'NONE', #2088, #514, #6252 ) ;
#10339 = ORIENTED_EDGE ( 'NONE', *, *, #7833, .F. ) ;
#10340 = DIRECTION ( 'NONE',  ( -0.000000000000000000, -0.000000000000000000, -1.000000000000000000 ) ) ;
#10341 = AXIS2_PLACEMENT_3D ( 'NONE', #5638, #957, #2522 ) ;
#10342 = EDGE_LOOP ( 'NONE', ( #1016, #5294 ) ) ;
#10343 = DIRECTION ( 'NONE',  ( 0.000000000000000000, 0.000000000000000000, -1.000000000000000000 ) ) ;
#10344 = EDGE_CURVE ( 'NONE', #7223, #3628, #4403, .T. ) ;
#10346 = EDGE_CURVE ( 'NONE', #9615, #6141, #6678, .T. ) ;
#10345 = DIRECTION ( 'NONE',  ( -0.000000000000000000, -0.000000000000000000, -1.000000000000000000 ) ) ;
#10347 = LINE ( 'NONE', #6315, #4977 ) ;
#10348 = ORIENTED_EDGE ( 'NONE', *, *, #3420, .F. ) ;
#10349 = CARTESIAN_POINT ( 'NONE',  ( 3.750000000000000000, -7.250000000000000000, -150.6715170305900529 ) ) ;
#10350 = CARTESIAN_POINT ( 'NONE',  ( 9.500000000000000000, 26.56751405593982440, -0.07040429179405936766 ) ) ;
#10351 = ORIENTED_EDGE ( 'NONE', *, *, #6735, .F. ) ;
#10352 = CARTESIAN_POINT ( 'NONE',  ( -1.500000000000002442, 19.80000000000001137, -143.5000000000000284 ) ) ;
#10353 = ORIENTED_EDGE ( 'NONE', *, *, #4190, .T. ) ;
#10354 = ORIENTED_EDGE ( 'NONE', *, *, #6575, .T. ) ;
#10355 = CARTESIAN_POINT ( 'NONE',  ( 0.000000000000000000, 13.54150000000000098, -8.500000000000000000 ) ) ;
#10356 = EDGE_CURVE ( 'NONE', #1394, #7324, #8331, .T. ) ;
#10357 = ADVANCED_FACE ( 'NONE', ( #5785 ), #1095, .F. ) ;
#10358 = CARTESIAN_POINT ( 'NONE',  ( 12.00000000000000000, 16.00000000000000000, -6.041500000000012527 ) ) ;
#10359 = CARTESIAN_POINT ( 'NONE',  ( 6.500000000000000888, 26.84166501650003411, -152.0000000000000000 ) ) ;
#10360 = DIRECTION ( 'NONE',  ( 0.000000000000000000, 0.000000000000000000, -1.000000000000000000 ) ) ;
#10361 = ORIENTED_EDGE ( 'NONE', *, *, #8819, .F. ) ;
#10362 = CARTESIAN_POINT ( 'NONE',  ( -2.205642239911663527, -17.27120180318259202, -141.2943577600883032 ) ) ;
#10363 = EDGE_LOOP ( 'NONE', ( #2743, #7041, #9709, #122 ) ) ;
#10364 = AXIS2_PLACEMENT_3D ( 'NONE', #8001, #2176, #5608 ) ;
#10365 = CARTESIAN_POINT ( 'NONE',  ( -6.500000000000000888, -26.84166501650003056, 0.000000000000000000 ) ) ;
#10366 = EDGE_LOOP ( 'NONE', ( #1089, #5225, #8052, #2347 ) ) ;
#10367 = EDGE_LOOP ( 'NONE', ( #6761, #6001, #4583, #10313 ) ) ;
#10368 = DIRECTION ( 'NONE',  ( 0.000000000000000000, 0.000000000000000000, -1.000000000000000000 ) ) ;
#10369 = CARTESIAN_POINT ( 'NONE',  ( 0.000000000000000000, 0.000000000000000000, -111.0000000000000000 ) ) ;
#10370 = ORIENTED_EDGE ( 'NONE', *, *, #3605, .F. ) ;
#10371 = ORIENTED_EDGE ( 'NONE', *, *, #1866, .F. ) ;
#10372 = DIRECTION ( 'NONE',  ( -1.000000000000000000, -0.000000000000000000, -0.000000000000000000 ) ) ;
#10373 = AXIS2_PLACEMENT_3D ( 'NONE', #996, #6628, #5142 ) ;
#10374 = DIRECTION ( 'NONE',  ( 0.000000000000000000, 0.000000000000000000, 1.000000000000000000 ) ) ;
#10375 = DIRECTION ( 'NONE',  ( 1.000000000000000000, 0.000000000000000000, 0.000000000000000000 ) ) ;
#10376 = CARTESIAN_POINT ( 'NONE',  ( -4.100000000000000533, 0.000000000000000000, 9.499999999999841904 ) ) ;
#10377 = ORIENTED_EDGE ( 'NONE', *, *, #9530, .T. ) ;
#10378 = CARTESIAN_POINT ( 'NONE',  ( 8.500000000000000000, 17.49999999999938538, -121.0000000000000000 ) ) ;
#10379 = CARTESIAN_POINT ( 'NONE',  ( 6.500000000000000888, 26.86602540378400050, 0.000000000000000000 ) ) ;
#10380 = ORIENTED_EDGE ( 'NONE', *, *, #7495, .T. ) ;
#10381 = CIRCLE ( 'NONE', #1604, 0.2000000000005541234 ) ;
#10382 = CARTESIAN_POINT ( 'NONE',  ( -9.478903285766056896, -25.12179440257400387, 0.000000000000000000 ) ) ;
#10383 = CARTESIAN_POINT ( 'NONE',  ( 0.000000000000000000, 13.54150000000000098, -143.5000000000000284 ) ) ;
#10384 = CARTESIAN_POINT ( 'NONE',  ( -2.458500000000003460, 16.00000000000000000, 0.000000000000000000 ) ) ;
#10385 = CARTESIAN_POINT ( 'NONE',  ( 6.759669431641928128, 27.01594562004288846, -151.9221711976236406 ) ) ;
#10386 = CARTESIAN_POINT ( 'NONE',  ( -12.00000000000000000, -22.00000000000000000, -152.0000000000000000 ) ) ;
#10387 = DIRECTION ( 'NONE',  ( -0.000000000000000000, -0.000000000000000000, 1.000000000000000000 ) ) ;
#10388 = EDGE_CURVE ( 'NONE', #7486, #10166, #7277, .T. ) ;
#10389 = VERTEX_POINT ( 'NONE', #9182 ) ;
#10390 = CIRCLE ( 'NONE', #1449, 0.3999999999993869571 ) ;
#10391 = EDGE_CURVE ( 'NONE', #9942, #10144, #1925, .T. ) ;
#10392 = CARTESIAN_POINT ( 'NONE',  ( 2.458499999999995911, 14.55984404309425884, -141.0415000000000134 ) ) ;
#10393 = EDGE_LOOP ( 'NONE', ( #5007, #4954, #1995, #4936, #1895, #7872 ) ) ;
#10394 = DIRECTION ( 'NONE',  ( 1.000000000000000000, 0.000000000000000000, 0.000000000000000000 ) ) ;
#10395 = VECTOR ( 'NONE', #9667, 1000.000000000000114 ) ;
#10396 = FACE_OUTER_BOUND ( 'NONE', #7243, .T. ) ;
#10397 = CARTESIAN_POINT ( 'NONE',  ( 6.500000000000001776, 26.28641851078574376, -0.1148330609511230005 ) ) ;
#10398 = EDGE_CURVE ( 'NONE', #9615, #5026, #4909, .T. ) ;
#10399 = DIRECTION ( 'NONE',  ( 0.000000000000000000, 0.000000000000000000, -1.000000000000000000 ) ) ;
#10400 = EDGE_LOOP ( 'NONE', ( #4812, #6567, #6919, #4431 ) ) ;
#10401 = VECTOR ( 'NONE', #4185, 1000.000000000000000 ) ;
#10402 = EDGE_CURVE ( 'NONE', #7847, #8920, #7101, .T. ) ;
#10403 = FACE_OUTER_BOUND ( 'NONE', #5453, .T. ) ;
#10404 = ORIENTED_EDGE ( 'NONE', *, *, #9783, .T. ) ;
#10405 = ORIENTED_EDGE ( 'NONE', *, *, #9121, .T. ) ;
#10406 = ADVANCED_FACE ( 'NONE', ( #7699 ), #7749, .F. ) ;
#10407 = VECTOR ( 'NONE', #4675, 1000.000000000000000 ) ;
#10408 = ORIENTED_EDGE ( 'NONE', *, *, #1180, .T. ) ;
#10409 = DIRECTION ( 'NONE',  ( 0.000000000000000000, 0.000000000000000000, 1.000000000000000000 ) ) ;
#10410 = CARTESIAN_POINT ( 'NONE',  ( -1.738422021547135765, -17.73842202154713732, -6.761577978452865345 ) ) ;
#10411 = CARTESIAN_POINT ( 'NONE',  ( -8.000000000000000000, -24.26794919243099713, -152.0000000000000000 ) ) ;
#10412 = VECTOR ( 'NONE', #9437, 1000.000000000000000 ) ;
#10413 = FACE_OUTER_BOUND ( 'NONE', #4920, .T. ) ;
#10414 = VERTEX_POINT ( 'NONE', #8686 ) ;
#10415 = CARTESIAN_POINT ( 'NONE',  ( 0.000000000000000000, 16.00000000000000000, -121.0000000000000000 ) ) ;
#10416 = DIRECTION ( 'NONE',  ( -1.000000000000000000, 0.000000000000000000, 0.000000000000000000 ) ) ;
#10417 = ORIENTED_EDGE ( 'NONE', *, *, #5369, .T. ) ;
#10418 = DIRECTION ( 'NONE',  ( -0.000000000000000000, 1.000000000000000000, -0.000000000000000000 ) ) ;
#10419 = VECTOR ( 'NONE', #9602, 1000.000000000000000 ) ;
#10420 = ORIENTED_EDGE ( 'NONE', *, *, #815, .F. ) ;
#10421 = VECTOR ( 'NONE', #241, 1000.000000000000000 ) ;
#10422 = CIRCLE ( 'NONE', #8733, 8.000000000000621725 ) ;
#10423 = EDGE_CURVE ( 'NONE', #7742, #7467, #8807, .T. ) ;
#10424 = AXIS2_PLACEMENT_3D ( 'NONE', #2117, #9222, #4531 ) ;
#10425 = ORIENTED_EDGE ( 'NONE', *, *, #8410, .T. ) ;
#10426 = CIRCLE ( 'NONE', #817, 5.999999999999988454 ) ;
#10427 = CYLINDRICAL_SURFACE ( 'NONE', #5248, 5.000000000000000000 ) ;
#10428 = ORIENTED_EDGE ( 'NONE', *, *, #5761, .T. ) ;
#10429 = VERTEX_POINT ( 'NONE', #3610 ) ;
#10430 = CARTESIAN_POINT ( 'NONE',  ( -7.999999999999998224, -24.26794919243099713, 0.000000000000000000 ) ) ;
#10431 = DIRECTION ( 'NONE',  ( 0.000000000000000000, 0.000000000000000000, -1.000000000000000000 ) ) ;
#10432 = DIRECTION ( 'NONE',  ( 1.000000000000000000, 0.000000000000000000, 0.000000000000000000 ) ) ;
#10433 = DIRECTION ( 'NONE',  ( -1.000000000000000000, 0.000000000000000000, 0.000000000000000000 ) ) ;
#10434 = VERTEX_POINT ( 'NONE', #6239 ) ;
#10435 = CARTESIAN_POINT ( 'NONE',  ( 1.440155956905743828, 18.45849999999999724, -9.940155956905746493 ) ) ;
#10436 = ORIENTED_EDGE ( 'NONE', *, *, #5880, .T. ) ;
#10437 = CARTESIAN_POINT ( 'NONE',  ( -1.738422021547134655, -17.73842202154713732, -145.2384220215471657 ) ) ;
#10438 = PRESENTATION_STYLE_ASSIGNMENT (( #8866 ) ) ;
#10439 = LINE ( 'NONE', #6519, #1986 ) ;
#10440 = CARTESIAN_POINT ( 'NONE',  ( 6.521096714233935110, 26.87820559742598547, -152.0000000000000000 ) ) ;
#10441 = CARTESIAN_POINT ( 'NONE',  ( -6.850000000000002309, 33.40000000000055280, -135.0000000000000000 ) ) ;
#10442 = CARTESIAN_POINT ( 'NONE',  ( -8.000000000000000000, -26.00000000000000355, -152.0000000000000000 ) ) ;
#10443 = ORIENTED_EDGE ( 'NONE', *, *, #6530, .T. ) ;
#10444 = CARTESIAN_POINT ( 'NONE',  ( -8.000000000000000000, -26.00000000000000355, -4.000000000000000000 ) ) ;
#10445 = ORIENTED_EDGE ( 'NONE', *, *, #9843, .T. ) ;
#10446 = FACE_OUTER_BOUND ( 'NONE', #2121, .T. ) ;
#10447 = CARTESIAN_POINT ( 'NONE',  ( 8.500000000000000000, 17.49999999999939249, -121.0000000000000000 ) ) ;
#10448 = DIRECTION ( 'NONE',  ( -0.7071067811865571207, 8.659560562355049955E-17, 0.7071067811865379138 ) ) ;
#10449 = CARTESIAN_POINT ( 'NONE',  ( -1.499999999999999556, 29.80000000000000426, -147.7829999999999870 ) ) ;
#10450 = DIRECTION ( 'NONE',  ( -0.000000000000000000, -0.000000000000000000, -1.000000000000000000 ) ) ;
#10451 = CARTESIAN_POINT ( 'NONE',  ( -9.500000000000003553, -26.56743355688134045, -0.07747605115364716855 ) ) ;
#10452 = NEXT_ASSEMBLY_USAGE_OCCURRENCE ( 'NAUO1', ' ', ' ', #6809, #5838, $ ) ;
#10453 = NEXT_ASSEMBLY_USAGE_OCCURRENCE ( 'NAUO2', ' ', ' ', #6809, #8827, $ ) ;
ENDSEC;
END-ISO-10303-21;
