ISO-10303-21;
HEADER;
FILE_DESCRIPTION (( 'STEP AP214' ),
    '1' );
FILE_NAME ('cilinder_in.STEP',
    '2026-10-01T08:02:52',
    ( '' ),
    ( '' ),
    'SwSTEP 2.0',
    'SolidWorks 2025',
    '' );
FILE_SCHEMA (( 'AUTOMOTIVE_DESIGN' ));
ENDSEC;

DATA;
#1 = LINE ( 'NONE', #809, #5215 ) ;
#2 = CARTESIAN_POINT ( 'NONE',  ( -8.000000000000000000, -26.00000000000000000, -2.000000000000000000 ) ) ;
#3 = ORIENTED_EDGE ( 'NONE', *, *, #1378, .T. ) ;
#4 = ORIENTED_EDGE ( 'NONE', *, *, #3866, .T. ) ;
#5 = ORIENTED_EDGE ( 'NONE', *, *, #5002, .F. ) ;
#6 = CARTESIAN_POINT ( 'NONE',  ( 8.000000000000000000, 27.73205080756900287, -150.0000000000000000 ) ) ;
#7 = DIRECTION ( 'NONE',  ( 0.8660254037842989305, 1.060575238724735831E-16, -0.5000000000002420286 ) ) ;
#8 = CYLINDRICAL_SURFACE ( 'NONE', #4551, 4.000000000000305533 ) ;
#9 = AXIS2_PLACEMENT_3D ( 'NONE', #1369, #7951, #718 ) ;
#10 = EDGE_LOOP ( 'NONE', ( #8251, #3504, #5364, #149 ) ) ;
#11 = CARTESIAN_POINT ( 'NONE',  ( 0.5329999999999890381, 7.250000000000000000, -152.0000000000000000 ) ) ;
#12 = CARTESIAN_POINT ( 'NONE',  ( 1.440155956905744050, 13.54150000000001342, -142.0598440430942446 ) ) ;
#13 = PLANE ( 'NONE',  #1269 ) ;
#14 = AXIS2_PLACEMENT_3D ( 'NONE', #867, #1669, #2689 ) ;
#15 = LINE ( 'NONE', #3288, #7586 ) ;
#16 = ORIENTED_EDGE ( 'NONE', *, *, #10251, .F. ) ;
#17 = CARTESIAN_POINT ( 'NONE',  ( -6.500000000000001776, -25.93063081806466741, -0.1270170592245052077 ) ) ;
#18 = VERTEX_POINT ( 'NONE', #1279 ) ;
#19 = EDGE_CURVE ( 'NONE', #4065, #4276, #6310, .T. ) ;
#20 = PLANE ( 'NONE',  #6184 ) ;
#21 = ORIENTED_EDGE ( 'NONE', *, *, #6196, .T. ) ;
#22 = LINE ( 'NONE', #4957, #6193 ) ;
#23 = CIRCLE ( 'NONE', #6354, 3.000000000000000000 ) ;
#24 = CARTESIAN_POINT ( 'NONE',  ( 1.000000000000000000, 33.20000000000000284, -152.0010000000000048 ) ) ;
#25 = CIRCLE ( 'NONE', #8233, 1.720000000000000195 ) ;
#26 = DIRECTION ( 'NONE',  ( 0.000000000000000000, 0.000000000000000000, -1.000000000000000000 ) ) ;
#27 = CIRCLE ( 'NONE', #890, 1.719999999999999307 ) ;
#28 = ORIENTED_EDGE ( 'NONE', *, *, #7048, .T. ) ;
#29 = AXIS2_PLACEMENT_3D ( 'NONE', #6717, #8479, #2806 ) ;
#30 = DIRECTION ( 'NONE',  ( -1.000000000000000000, 0.000000000000000000, 0.000000000000000000 ) ) ;
#31 = ORIENTED_EDGE ( 'NONE', *, *, #7109, .T. ) ;
#32 = LINE ( 'NONE', #141, #6696 ) ;
#33 = DIRECTION ( 'NONE',  ( 0.000000000000000000, 0.000000000000000000, 1.000000000000000000 ) ) ;
#34 = EDGE_CURVE ( 'NONE', #9410, #1867, #5374, .T. ) ;
#35 = DIRECTION ( 'NONE',  ( 0.000000000000000000, 0.000000000000000000, 1.000000000000000000 ) ) ;
#36 = DIRECTION ( 'NONE',  ( 0.000000000000000000, 0.000000000000000000, -1.000000000000000000 ) ) ;
#37 = CARTESIAN_POINT ( 'NONE',  ( -7.737034626004386517, -27.58027388284927284, -151.9316871987702200 ) ) ;
#38 = CIRCLE ( 'NONE', #4158, 0.2000000000005541234 ) ;
#39 = CARTESIAN_POINT ( 'NONE',  ( 6.500000000000000000, 25.13397459621599950, -152.0000000000000000 ) ) ;
#40 = EDGE_CURVE ( 'NONE', #3097, #8974, #2127, .T. ) ;
#41 = EDGE_CURVE ( 'NONE', #3628, #9494, #3911, .T. ) ;
#42 = ORIENTED_EDGE ( 'NONE', *, *, #8858, .F. ) ;
#43 = ORIENTED_EDGE ( 'NONE', *, *, #9988, .F. ) ;
#44 = ORIENTED_EDGE ( 'NONE', *, *, #2727, .F. ) ;
#45 = CARTESIAN_POINT ( 'NONE',  ( 12.00000000000000000, -26.00000000000000000, -17.00000000000000000 ) ) ;
#46 = CARTESIAN_POINT ( 'NONE',  ( 7.458499999999999908, -16.00000000000000000, -8.500000000000000000 ) ) ;
#47 = EDGE_LOOP ( 'NONE', ( #9613, #6964, #5132, #8932, #9858 ) ) ;
#48 = CARTESIAN_POINT ( 'NONE',  ( 6.499985086358420538, 25.75365940779166252, -151.8843620153409404 ) ) ;
#49 = AXIS2_PLACEMENT_3D ( 'NONE', #1349, #7928, #3649 ) ;
#50 = CARTESIAN_POINT ( 'NONE',  ( -8.000000000000000000, -24.26794919243099713, -152.0000000000000000 ) ) ;
#51 = ADVANCED_FACE ( 'NONE', ( #10259 ), #6200, .F. ) ;
#52 = EDGE_CURVE ( 'NONE', #1659, #9310, #9081, .T. ) ;
#53 = DIRECTION ( 'NONE',  ( 0.000000000000000000, 0.000000000000000000, 1.000000000000000000 ) ) ;
#54 = AXIS2_PLACEMENT_3D ( 'NONE', #3839, #4750, #7954 ) ;
#55 = VECTOR ( 'NONE', #4799, 1000.000000000000000 ) ;
#56 = EDGE_CURVE ( 'NONE', #8504, #9815, #3759, .T. ) ;
#57 = CARTESIAN_POINT ( 'NONE',  ( 8.143486546983803365, 24.35080175851376438, -151.9620123383717214 ) ) ;
#58 = VERTEX_POINT ( 'NONE', #10584 ) ;
#59 = ORIENTED_EDGE ( 'NONE', *, *, #3467, .F. ) ;
#60 = ORIENTED_EDGE ( 'NONE', *, *, #3884, .F. ) ;
#61 = FACE_OUTER_BOUND ( 'NONE', #840, .T. ) ;
#62 = LINE ( 'NONE', #5797, #4153 ) ;
#63 = CARTESIAN_POINT ( 'NONE',  ( -8.000000000000000000, -26.00000000000000000, 0.000000000000000000 ) ) ;
#64 = AXIS2_PLACEMENT_3D ( 'NONE', #8021, #4718, #685 ) ;
#65 = ORIENTED_EDGE ( 'NONE', *, *, #5668, .F. ) ;
#66 = LINE ( 'NONE', #8851, #1314 ) ;
#67 = FACE_OUTER_BOUND ( 'NONE', #2476, .T. ) ;
#68 = AXIS2_PLACEMENT_3D ( 'NONE', #6026, #1152, #7678 ) ;
#69 = EDGE_CURVE ( 'NONE', #4206, #2360, #502, .T. ) ;
#70 = DIRECTION ( 'NONE',  ( 0.000000000000000000, 1.000000000000000000, 0.000000000000000000 ) ) ;
#71 = CARTESIAN_POINT ( 'NONE',  ( -9.350000000000001421, 35.00000000000000000, -135.0000000000000000 ) ) ;
#72 = EDGE_CURVE ( 'NONE', #3526, #3870, #8124, .T. ) ;
#73 = DIRECTION ( 'NONE',  ( 0.000000000000000000, 0.000000000000000000, -1.000000000000000000 ) ) ;
#74 = AXIS2_PLACEMENT_3D ( 'NONE', #10115, #3550, #2639 ) ;
#75 = ADVANCED_FACE ( 'NONE', ( #1537 ), #1750, .T. ) ;
#76 = VECTOR ( 'NONE', #6517, 999.9999999999998863 ) ;
#77 = EDGE_LOOP ( 'NONE', ( #6222, #10023, #134, #10431 ) ) ;
#78 = PLANE ( 'NONE',  #6815 ) ;
#79 = ORIENTED_EDGE ( 'NONE', *, *, #2457, .T. ) ;
#80 = CARTESIAN_POINT ( 'NONE',  ( -12.05000000000064020, 27.50000000000000000, -135.0000000000000000 ) ) ;
#81 = ORIENTED_EDGE ( 'NONE', *, *, #300, .F. ) ;
#82 = CARTESIAN_POINT ( 'NONE',  ( 6.850000000000000533, 34.60000000000059828, -17.00000000000000000 ) ) ;
#83 = FACE_OUTER_BOUND ( 'NONE', #7009, .T. ) ;
#84 = VECTOR ( 'NONE', #2272, 1000.000000000000000 ) ;
#85 = DIRECTION ( 'NONE',  ( 0.000000000000000000, 0.000000000000000000, -1.000000000000000000 ) ) ;
#86 = EDGE_LOOP ( 'NONE', ( #1617, #10447, #8822 ) ) ;
#87 = EDGE_CURVE ( 'NONE', #5336, #7375, #7508, .T. ) ;
#88 = CIRCLE ( 'NONE', #3507, 5.000000000000000888 ) ;
#89 = CARTESIAN_POINT ( 'NONE',  ( -2.458500000000004793, -14.55984404309426772, -141.0414999999999850 ) ) ;
#90 = EDGE_LOOP ( 'NONE', ( #7376, #3547, #805 ) ) ;
#91 = DIRECTION ( 'NONE',  ( 0.000000000000000000, 0.000000000000000000, 1.000000000000000000 ) ) ;
#92 = CARTESIAN_POINT ( 'NONE',  ( -1.200000000000553957, 33.20000000000000284, -135.0000000000000000 ) ) ;
#93 = DIRECTION ( 'NONE',  ( 0.000000000000000000, 0.000000000000000000, 1.000000000000000000 ) ) ;
#94 = FACE_OUTER_BOUND ( 'NONE', #7836, .T. ) ;
#95 = DIRECTION ( 'NONE',  ( 0.000000000000000000, 0.000000000000000000, 1.000000000000000000 ) ) ;
#96 = DIRECTION ( 'NONE',  ( 0.000000000000000000, 0.000000000000000000, -1.000000000000000000 ) ) ;
#97 = AXIS2_PLACEMENT_3D ( 'NONE', #3370, #9892, #9784 ) ;
#98 = ORIENTED_EDGE ( 'NONE', *, *, #9534, .T. ) ;
#99 = ADVANCED_FACE ( 'NONE', ( #9884 ), #6633, .F. ) ;
#100 = VERTEX_POINT ( 'NONE', #4070 ) ;
#101 = EDGE_LOOP ( 'NONE', ( #9782, #4290 ) ) ;
#102 = DIRECTION ( 'NONE',  ( 0.000000000000000000, -1.000000000000000000, 0.000000000000000000 ) ) ;
#103 = CARTESIAN_POINT ( 'NONE',  ( -8.000000000000000000, -26.00000000000000000, -3.899999999999999911 ) ) ;
#104 = CONICAL_SURFACE ( 'NONE', #5409, 1.719999999999999307, 1.047197551196596965 ) ;
#105 = ORIENTED_EDGE ( 'NONE', *, *, #4494, .F. ) ;
#106 = CARTESIAN_POINT ( 'NONE',  ( -8.000000000000000000, -26.00000000000000000, -152.0000000000000000 ) ) ;
#107 = CONICAL_SURFACE ( 'NONE', #1479, 4.283000000000000362, 0.5235987755967884683 ) ;
#108 = EDGE_CURVE ( 'NONE', #644, #3685, #5661, .T. ) ;
#109 = FACE_OUTER_BOUND ( 'NONE', #3554, .T. ) ;
#110 = EDGE_CURVE ( 'NONE', #3811, #9965, #7368, .T. ) ;
#111 = FACE_OUTER_BOUND ( 'NONE', #266, .T. ) ;
#112 = ADVANCED_FACE ( 'NONE', ( #3361 ), #9217, .F. ) ;
#113 = DIRECTION ( 'NONE',  ( 0.000000000000000000, 0.000000000000000000, 1.000000000000000000 ) ) ;
#114 = ORIENTED_EDGE ( 'NONE', *, *, #9737, .F. ) ;
#115 = EDGE_LOOP ( 'NONE', ( #7864, #8038, #3368, #9584, #9191, #9903, #1023 ) ) ;
#116 = ORIENTED_EDGE ( 'NONE', *, *, #7926, .T. ) ;
#117 = DIRECTION ( 'NONE',  ( 0.000000000000000000, 0.000000000000000000, -1.000000000000000000 ) ) ;
#118 = VECTOR ( 'NONE', #3338, 999.9999999999998863 ) ;
#119 = FACE_OUTER_BOUND ( 'NONE', #1616, .T. ) ;
#120 = ORIENTED_EDGE ( 'NONE', *, *, #6587, .T. ) ;
#121 = EDGE_CURVE ( 'NONE', #2321, #171, #6995, .T. ) ;
#122 = CARTESIAN_POINT ( 'NONE',  ( -8.000000000000000000, -26.00000000000000000, -150.0000000000000000 ) ) ;
#123 = ADVANCED_FACE ( 'NONE', ( #9831 ), #8980, .F. ) ;
#124 = LINE ( 'NONE', #8204, #4341 ) ;
#125 = CARTESIAN_POINT ( 'NONE',  ( -8.000000000000000000, -26.00000000000000000, -2.866025403784399739 ) ) ;
#126 = AXIS2_PLACEMENT_3D ( 'NONE', #10197, #6089, #7528 ) ;
#127 = CARTESIAN_POINT ( 'NONE',  ( 8.000000000000000000, 26.00000000000000000, -150.0000000000000000 ) ) ;
#128 = VERTEX_POINT ( 'NONE', #3208 ) ;
#129 = FACE_OUTER_BOUND ( 'NONE', #2710, .T. ) ;
#130 = ORIENTED_EDGE ( 'NONE', *, *, #2892, .T. ) ;
#131 = EDGE_CURVE ( 'NONE', #5683, #4275, #6519, .T. ) ;
#132 = CARTESIAN_POINT ( 'NONE',  ( -4.352726514326100471, -30.00000000000000000, 0.000000000000000000 ) ) ;
#133 = SHAPE_REPRESENTATION_RELATIONSHIP ( 'NONE' , 'NONE' ,  #4483, #1473 ) ;
#134 = ORIENTED_EDGE ( 'NONE', *, *, #4523, .F. ) ;
#135 = LINE ( 'NONE', #5067, #1067 ) ;
#136 = CARTESIAN_POINT ( 'NONE',  ( 8.000000000000000000, 26.00000000000000000, -2.866025403784399739 ) ) ;
#137 = CARTESIAN_POINT ( 'NONE',  ( 7.309864892116653579, 24.66640163406178843, -151.8729281351898805 ) ) ;
#138 = AXIS2_PLACEMENT_3D ( 'NONE', #3812, #1292, #1240 ) ;
#139 = LINE ( 'NONE', #9879, #3573 ) ;
#140 = VERTEX_POINT ( 'NONE', #4011 ) ;
#141 = CARTESIAN_POINT ( 'NONE',  ( 4.500000000000000000, 26.00000000000000000, -149.1339745962199856 ) ) ;
#142 = CARTESIAN_POINT ( 'NONE',  ( -6.822157190406778149, -24.94788955764607152, -151.9185876847758152 ) ) ;
#143 = DIRECTION ( 'NONE',  ( 0.000000000000000000, 0.000000000000000000, 1.000000000000000000 ) ) ;
#144 = FACE_OUTER_BOUND ( 'NONE', #6021, .T. ) ;
#145 = CARTESIAN_POINT ( 'NONE',  ( -6.764280903548125501, -27.01875544519983663, -151.9284523058630043 ) ) ;
#146 = AXIS2_PLACEMENT_3D ( 'NONE', #8738, #5483, #5432 ) ;
#147 = ORIENTED_EDGE ( 'NONE', *, *, #2879, .F. ) ;
#148 = ORIENTED_EDGE ( 'NONE', *, *, #1757, .F. ) ;
#149 = ORIENTED_EDGE ( 'NONE', *, *, #6803, .F. ) ;
#150 = CARTESIAN_POINT ( 'NONE',  ( -6.000000000000000000, 0.000000000000000000, -31.00000000000000000 ) ) ;
#151 = CARTESIAN_POINT ( 'NONE',  ( -9.500000000000000000, -26.86602540378400050, -150.0000000000000000 ) ) ;
#152 = ORIENTED_EDGE ( 'NONE', *, *, #7310, .T. ) ;
#153 = CARTESIAN_POINT ( 'NONE',  ( 6.499814062968772177, 25.60954649814691919, -151.9017439546453829 ) ) ;
#154 = EDGE_CURVE ( 'NONE', #9284, #4543, #10239, .T. ) ;
#155 = CARTESIAN_POINT ( 'NONE',  ( -7.978903285765459152, -24.28012938607335158, 0.000000000000000000 ) ) ;
#156 = DIRECTION ( 'NONE',  ( 1.000000000000000000, 0.000000000000000000, 0.000000000000000000 ) ) ;
#157 = CARTESIAN_POINT ( 'NONE',  ( -12.05000000000064020, 27.50000000000000000, -135.0000000000000000 ) ) ;
#158 = VERTEX_POINT ( 'NONE', #2397 ) ;
#159 = ORIENTED_EDGE ( 'NONE', *, *, #858, .F. ) ;
#160 = ORIENTED_EDGE ( 'NONE', *, *, #4174, .F. ) ;
#161 = LINE ( 'NONE', #6543, #4466 ) ;
#162 = CARTESIAN_POINT ( 'NONE',  ( 4.100000000000000533, 5.021051876504150343E-16, 9.499999999999840128 ) ) ;
#163 = ORIENTED_EDGE ( 'NONE', *, *, #2815, .T. ) ;
#164 = CARTESIAN_POINT ( 'NONE',  ( -3.647273485673900417, -22.00000000000000000, -148.0000000000000000 ) ) ;
#165 = DIRECTION ( 'NONE',  ( 1.000000000000000000, 0.000000000000000000, 0.000000000000000000 ) ) ;
#166 = CARTESIAN_POINT ( 'NONE',  ( 11.84999999999999964, 27.04174243050399795, -17.00000000000000000 ) ) ;
#167 = FACE_OUTER_BOUND ( 'NONE', #4433, .T. ) ;
#168 = EDGE_CURVE ( 'NONE', #3301, #4349, #8921, .T. ) ;
#169 = VERTEX_POINT ( 'NONE', #4864 ) ;
#170 = CARTESIAN_POINT ( 'NONE',  ( 0.000000000000000000, -29.20849999999999724, -8.500000000000000000 ) ) ;
#171 = VERTEX_POINT ( 'NONE', #1648 ) ;
#172 = CARTESIAN_POINT ( 'NONE',  ( -11.40000000000000036, -26.00000000000000000, -148.0000000000000000 ) ) ;
#173 = DIRECTION ( 'NONE',  ( 0.9983686786296940285, -0.05709624796077999997, 0.000000000000000000 ) ) ;
#174 = ORIENTED_EDGE ( 'NONE', *, *, #9611, .T. ) ;
#175 = CARTESIAN_POINT ( 'NONE',  ( -0.4999999999993789968, -17.49999999999940314, -121.0000000000000000 ) ) ;
#176 = EDGE_CURVE ( 'NONE', #8985, #1118, #6513, .T. ) ;
#177 = AXIS2_PLACEMENT_3D ( 'NONE', #5845, #1024, #9852 ) ;
#178 = DIRECTION ( 'NONE',  ( 0.000000000000000000, 0.000000000000000000, 1.000000000000000000 ) ) ;
#179 = CIRCLE ( 'NONE', #525, 4.700000000000099654 ) ;
#180 = DIRECTION ( 'NONE',  ( 1.000000000000000000, 0.000000000000000000, 0.000000000000000000 ) ) ;
#181 = DIRECTION ( 'NONE',  ( 0.3122498999197029224, 0.9500000000000713429, 0.000000000000000000 ) ) ;
#182 = ADVANCED_FACE ( 'NONE', ( #6885 ), #3784, .T. ) ;
#183 = VECTOR ( 'NONE', #6033, 1000.000000000000114 ) ;
#184 = FACE_BOUND ( 'NONE', #6664, .T. ) ;
#185 = ORIENTED_EDGE ( 'NONE', *, *, #695, .F. ) ;
#186 = LINE ( 'NONE', #342, #183 ) ;
#187 = FACE_OUTER_BOUND ( 'NONE', #559, .T. ) ;
#188 = CONICAL_SURFACE ( 'NONE', #1563, 3.100000000000000533, 0.7853981633974617127 ) ;
#189 = CARTESIAN_POINT ( 'NONE',  ( 0.000000000000000000, 0.000000000000000000, 8.000000000000000000 ) ) ;
#190 = CARTESIAN_POINT ( 'NONE',  ( -2.458500000000000352, -16.00000000000000000, -6.041500000000000092 ) ) ;
#191 = FACE_OUTER_BOUND ( 'NONE', #6506, .T. ) ;
#192 = VECTOR ( 'NONE', #8224, 1000.000000000000000 ) ;
#193 = ADVANCED_FACE ( 'NONE', ( #2607 ), #8495, .F. ) ;
#194 = AXIS2_PLACEMENT_3D ( 'NONE', #8541, #9288, #9234 ) ;
#195 = ADVANCED_FACE ( 'NONE', ( #1160 ), #245, .T. ) ;
#196 = ORIENTED_EDGE ( 'NONE', *, *, #10058, .F. ) ;
#197 = ORIENTED_EDGE ( 'NONE', *, *, #6069, .F. ) ;
#198 = ORIENTED_EDGE ( 'NONE', *, *, #8489, .T. ) ;
#199 = DIRECTION ( 'NONE',  ( 1.000000000000000000, 0.000000000000000000, 0.000000000000000000 ) ) ;
#200 = FACE_OUTER_BOUND ( 'NONE', #9732, .T. ) ;
#201 = ORIENTED_EDGE ( 'NONE', *, *, #4512, .T. ) ;
#202 = CARTESIAN_POINT ( 'NONE',  ( 8.500000000000000000, -25.50000000000000000, -121.0000000000000000 ) ) ;
#203 = CARTESIAN_POINT ( 'NONE',  ( -12.00000000000000000, -16.00000000000000000, -143.5000000000000000 ) ) ;
#204 = AXIS2_PLACEMENT_3D ( 'NONE', #993, #1849, #6825 ) ;
#205 = FACE_OUTER_BOUND ( 'NONE', #2136, .T. ) ;
#206 = AXIS2_PLACEMENT_3D ( 'NONE', #7661, #8516, #7551 ) ;
#207 = DIRECTION ( 'NONE',  ( 1.000000000000000000, 0.000000000000000000, 0.000000000000000000 ) ) ;
#208 = DIRECTION ( 'NONE',  ( -0.5000000000002338130, -0.8660254037843035935, 0.000000000000000000 ) ) ;
#209 = ORIENTED_EDGE ( 'NONE', *, *, #10173, .T. ) ;
#210 = ORIENTED_EDGE ( 'NONE', *, *, #1217, .T. ) ;
#211 = ORIENTED_EDGE ( 'NONE', *, *, #2125, .T. ) ;
#212 = CARTESIAN_POINT ( 'NONE',  ( 9.350000000000001421, 35.00000000000000000, -17.00000000000000000 ) ) ;
#213 = EDGE_CURVE ( 'NONE', #3185, #4474, #1053, .T. ) ;
#214 = DIRECTION ( 'NONE',  ( 0.000000000000000000, 0.000000000000000000, -1.000000000000000000 ) ) ;
#215 = ORIENTED_EDGE ( 'NONE', *, *, #10043, .T. ) ;
#216 = CARTESIAN_POINT ( 'NONE',  ( 8.000000000000000000, 26.00000000000000000, -4.000000000000000000 ) ) ;
#217 = PLANE ( 'NONE',  #3847 ) ;
#218 = CARTESIAN_POINT ( 'NONE',  ( -2.000000000000000000, 0.000000000000000000, -145.0000000000000000 ) ) ;
#219 = AXIS2_PLACEMENT_3D ( 'NONE', #4395, #6749, #7491 ) ;
#220 = CARTESIAN_POINT ( 'NONE',  ( -3.750000000000000000, 7.250000000000000000, -152.0000000000000000 ) ) ;
#221 = ORIENTED_EDGE ( 'NONE', *, *, #3119, .T. ) ;
#222 = ORIENTED_EDGE ( 'NONE', *, *, #10200, .F. ) ;
#223 = CARTESIAN_POINT ( 'NONE',  ( -1.738422021547135099, -17.73842202154714798, -6.761577978452860016 ) ) ;
#224 = ORIENTED_EDGE ( 'NONE', *, *, #7988, .F. ) ;
#225 = VECTOR ( 'NONE', #10315, 1000.000000000000114 ) ;
#226 = EDGE_CURVE ( 'NONE', #9268, #4023, #3432, .T. ) ;
#227 = LINE ( 'NONE', #172, #8649 ) ;
#228 = ORIENTED_EDGE ( 'NONE', *, *, #7234, .T. ) ;
#229 = VECTOR ( 'NONE', #6103, 1000.000000000000000 ) ;
#230 = DIRECTION ( 'NONE',  ( 1.000000000000000000, 0.000000000000000000, 0.000000000000000000 ) ) ;
#231 = EDGE_CURVE ( 'NONE', #10180, #7202, #5183, .T. ) ;
#232 = DIRECTION ( 'NONE',  ( 1.000000000000000000, 0.000000000000000000, 0.000000000000000000 ) ) ;
#233 = EDGE_CURVE ( 'NONE', #1789, #7408, #2762, .T. ) ;
#234 = CARTESIAN_POINT ( 'NONE',  ( -8.000000000000000000, -26.00000000000000000, -152.0000000000000000 ) ) ;
#235 = EDGE_CURVE ( 'NONE', #674, #1717, #3625, .T. ) ;
#236 = VECTOR ( 'NONE', #4790, 1000.000000000000114 ) ;
#237 = VECTOR ( 'NONE', #3303, 1000.000000000000000 ) ;
#238 = VECTOR ( 'NONE', #7399, 1000.000000000000000 ) ;
#239 = CARTESIAN_POINT ( 'NONE',  ( -2.458500000000000352, 16.00000000000000000, -151.2084999999999866 ) ) ;
#240 = ORIENTED_EDGE ( 'NONE', *, *, #455, .F. ) ;
#241 = AXIS2_PLACEMENT_3D ( 'NONE', #8413, #7614, #5269 ) ;
#242 = LINE ( 'NONE', #8380, #357 ) ;
#243 = AXIS2_PLACEMENT_3D ( 'NONE', #4241, #9205, #1826 ) ;
#244 = DIRECTION ( 'NONE',  ( 1.000000000000000000, 0.000000000000000000, 0.000000000000000000 ) ) ;
#245 = CYLINDRICAL_SURFACE ( 'NONE', #8050, 3.999999999998709477 ) ;
#246 = AXIS2_PLACEMENT_3D ( 'NONE', #1799, #5976, #9333 ) ;
#247 = CARTESIAN_POINT ( 'NONE',  ( 8.978439604329059520, 27.16714843862347095, -0.1267595446034717188 ) ) ;
#248 =( GEOMETRIC_REPRESENTATION_CONTEXT ( 3 ) GLOBAL_UNCERTAINTY_ASSIGNED_CONTEXT ( ( #3093 ) ) GLOBAL_UNIT_ASSIGNED_CONTEXT ( ( #9758, #9019, #3293 ) ) REPRESENTATION_CONTEXT ( 'NONE', 'WORKASPACE' ) );
#249 = CARTESIAN_POINT ( 'NONE',  ( 11.60629780968142022, 27.73049591386089929, -135.0000000000000000 ) ) ;
#250 = EDGE_CURVE ( 'NONE', #9175, #6769, #179, .T. ) ;
#251 = AXIS2_PLACEMENT_3D ( 'NONE', #1230, #421, #2195 ) ;
#252 = ORIENTED_EDGE ( 'NONE', *, *, #3648, .F. ) ;
#253 = VERTEX_POINT ( 'NONE', #5286 ) ;
#254 = ORIENTED_EDGE ( 'NONE', *, *, #1607, .F. ) ;
#255 = DIRECTION ( 'NONE',  ( -1.000000000000000000, 0.000000000000000000, 0.000000000000000000 ) ) ;
#256 = CARTESIAN_POINT ( 'NONE',  ( 12.00000000000000000, -26.00000000000000000, -152.0000000000000000 ) ) ;
#257 = ORIENTED_EDGE ( 'NONE', *, *, #1029, .T. ) ;
#258 = DIRECTION ( 'NONE',  ( 0.000000000000000000, 0.000000000000000000, -1.000000000000000000 ) ) ;
#259 = CYLINDRICAL_SURFACE ( 'NONE', #7875, 0.5000000000006370460 ) ;
#260 = EDGE_CURVE ( 'NONE', #5621, #7189, #1899, .T. ) ;
#261 = FACE_OUTER_BOUND ( 'NONE', #6969, .T. ) ;
#262 = EDGE_CURVE ( 'NONE', #8078, #3780, #1804, .T. ) ;
#263 = CARTESIAN_POINT ( 'NONE',  ( -9.478903285766058673, -26.87820559742599968, 0.000000000000000000 ) ) ;
#264 = DIRECTION ( 'NONE',  ( 1.000000000000000000, 0.000000000000000000, 0.000000000000000000 ) ) ;
#265 = VERTEX_POINT ( 'NONE', #7526 ) ;
#266 = EDGE_LOOP ( 'NONE', ( #992, #9088, #9729, #3071 ) ) ;
#267 = VERTEX_POINT ( 'NONE', #5873 ) ;
#268 = LINE ( 'NONE', #5204, #9162 ) ;
#269 = DIRECTION ( 'NONE',  ( 1.000000000000000000, 0.000000000000000000, 0.000000000000000000 ) ) ;
#270 = VECTOR ( 'NONE', #7608, 1000.000000000000114 ) ;
#271 = ORIENTED_EDGE ( 'NONE', *, *, #1465, .F. ) ;
#272 = CARTESIAN_POINT ( 'NONE',  ( 8.000000000000000000, 26.00000000000000000, -2.866025403784399739 ) ) ;
#273 = CONICAL_SURFACE ( 'NONE', #6266, 1.719999999999999307, 1.047197551196596965 ) ;
#274 = DIRECTION ( 'NONE',  ( -1.000000000000000000, 0.000000000000000000, 0.000000000000000000 ) ) ;
#275 = CARTESIAN_POINT ( 'NONE',  ( 8.000000000000000000, 26.00000000000000000, 0.000000000000000000 ) ) ;
#276 = CARTESIAN_POINT ( 'NONE',  ( 8.500000000000000000, -25.50000000000000000, -121.0000000000000000 ) ) ;
#277 = VECTOR ( 'NONE', #10509, 1000.000000000000000 ) ;
#278 = EDGE_LOOP ( 'NONE', ( #3008, #7576, #349, #9117 ) ) ;
#279 = ORIENTED_EDGE ( 'NONE', *, *, #8088, .F. ) ;
#280 = CARTESIAN_POINT ( 'NONE',  ( -9.248999599679699202, 29.80000000000000071, -17.00000000000000000 ) ) ;
#281 = FACE_OUTER_BOUND ( 'NONE', #7742, .T. ) ;
#282 = EDGE_LOOP ( 'NONE', ( #8794, #2792, #1224, #10072 ) ) ;
#283 = CARTESIAN_POINT ( 'NONE',  ( 0.000000000000000000, 16.00000000000000000, -152.0000000000000000 ) ) ;
#284 = DIRECTION ( 'NONE',  ( 0.000000000000000000, 0.000000000000000000, 1.000000000000000000 ) ) ;
#285 = VECTOR ( 'NONE', #8009, 1000.000000000000000 ) ;
#286 = DIRECTION ( 'NONE',  ( 0.000000000000000000, 0.000000000000000000, -1.000000000000000000 ) ) ;
#287 = CARTESIAN_POINT ( 'NONE',  ( 6.521096714233939551, 25.12179440257400032, -152.0000000000000000 ) ) ;
#288 = DIRECTION ( 'NONE',  ( 0.000000000000000000, 0.000000000000000000, -1.000000000000000000 ) ) ;
#289 = EDGE_CURVE ( 'NONE', #6650, #5007, #8337, .T. ) ;
#290 = DIRECTION ( 'NONE',  ( 0.000000000000000000, 0.000000000000000000, -1.000000000000000000 ) ) ;
#291 = ORIENTED_EDGE ( 'NONE', *, *, #3131, .F. ) ;
#292 = CARTESIAN_POINT ( 'NONE',  ( 4.500000000000000000, 26.00000000000000000, -0.3999999999999810374 ) ) ;
#293 = PLANE ( 'NONE',  #1268 ) ;
#294 = ADVANCED_FACE ( 'NONE', ( #2663 ), #5932, .F. ) ;
#295 = DIRECTION ( 'NONE',  ( 8.659560562355000651E-17, -0.7071067811865420216, 0.7071067811865531239 ) ) ;
#296 = CARTESIAN_POINT ( 'NONE',  ( -6.500000000000000000, -26.84166501650005188, -152.0000000000000000 ) ) ;
#297 = FACE_BOUND ( 'NONE', #3779, .T. ) ;
#298 = EDGE_CURVE ( 'NONE', #7375, #18, #10265, .T. ) ;
#299 = ORIENTED_EDGE ( 'NONE', *, *, #9403, .T. ) ;
#300 = EDGE_CURVE ( 'NONE', #3922, #1355, #8387, .T. ) ;
#301 = ORIENTED_EDGE ( 'NONE', *, *, #4108, .F. ) ;
#302 = CARTESIAN_POINT ( 'NONE',  ( -9.499997808267426791, -25.53914359257337807, -151.9128861127838945 ) ) ;
#303 = AXIS2_PLACEMENT_3D ( 'NONE', #10022, #5323, #988 ) ;
#304 = DIRECTION ( 'NONE',  ( 6.195440985631349314E-17, 1.000000000000000000, 0.000000000000000000 ) ) ;
#305 = ORIENTED_EDGE ( 'NONE', *, *, #1920, .F. ) ;
#306 = CARTESIAN_POINT ( 'NONE',  ( -11.50000000000000000, -26.00000000000000000, -4.000000000000000000 ) ) ;
#307 = CARTESIAN_POINT ( 'NONE',  ( -9.500000000000000000, -26.84166501650005188, 0.000000000000000000 ) ) ;
#308 = EDGE_CURVE ( 'NONE', #10061, #9057, #6035, .T. ) ;
#309 = CARTESIAN_POINT ( 'NONE',  ( 11.79999999999944116, -16.00000000000000000, -3.500000000000000000 ) ) ;
#310 = AXIS2_PLACEMENT_3D ( 'NONE', #5252, #7649, #8506 ) ;
#311 = ADVANCED_FACE ( 'NONE', ( #5239 ), #1207, .F. ) ;
#312 = LINE ( 'NONE', #3424, #10308 ) ;
#313 = FACE_OUTER_BOUND ( 'NONE', #10044, .T. ) ;
#314 = EDGE_CURVE ( 'NONE', #8026, #1989, #5828, .T. ) ;
#315 = AXIS2_PLACEMENT_3D ( 'NONE', #9928, #3300, #1642 ) ;
#316 = DIRECTION ( 'NONE',  ( 0.7071067811865420216, 0.000000000000000000, -0.7071067811865531239 ) ) ;
#317 = ORIENTED_EDGE ( 'NONE', *, *, #9961, .T. ) ;
#318 = ORIENTED_EDGE ( 'NONE', *, *, #8555, .T. ) ;
#319 = ORIENTED_EDGE ( 'NONE', *, *, #1306, .T. ) ;
#320 = LINE ( 'NONE', #9413, #9074 ) ;
#321 = CARTESIAN_POINT ( 'NONE',  ( 9.500000624304311359, 26.41003088342687377, -151.9047067593604368 ) ) ;
#322 = ORIENTED_EDGE ( 'NONE', *, *, #8761, .F. ) ;
#323 = DIRECTION ( 'NONE',  ( 0.000000000000000000, -1.000000000000000000, 0.000000000000000000 ) ) ;
#324 = DIRECTION ( 'NONE',  ( 0.000000000000000000, 0.000000000000000000, -1.000000000000000000 ) ) ;
#325 = DIRECTION ( 'NONE',  ( 0.000000000000000000, 0.000000000000000000, 1.000000000000000000 ) ) ;
#326 = DIRECTION ( 'NONE',  ( 0.000000000000000000, -1.000000000000000000, 0.000000000000000000 ) ) ;
#327 = ADVANCED_FACE ( 'NONE', ( #2067 ), #7196, .F. ) ;
#328 = ORIENTED_EDGE ( 'NONE', *, *, #5752, .F. ) ;
#329 = ORIENTED_EDGE ( 'NONE', *, *, #3575, .T. ) ;
#330 = FACE_OUTER_BOUND ( 'NONE', #6001, .T. ) ;
#331 = CARTESIAN_POINT ( 'NONE',  ( -9.500145060236143024, -26.35266874200432952, -151.8964522820627963 ) ) ;
#332 = ORIENTED_EDGE ( 'NONE', *, *, #2659, .T. ) ;
#333 = DIRECTION ( 'NONE',  ( 1.000000000000000000, 0.000000000000000000, 0.000000000000000000 ) ) ;
#334 = CARTESIAN_POINT ( 'NONE',  ( -8.500000000000000000, -25.50000000000000000, -121.0000000000000000 ) ) ;
#335 = CARTESIAN_POINT ( 'NONE',  ( 8.021096714234529301, 24.28012938607335158, 0.000000000000000000 ) ) ;
#336 = CARTESIAN_POINT ( 'NONE',  ( -4.036001841876385221, 4.255952592456954342, 7.935661521442789912 ) ) ;
#337 = VECTOR ( 'NONE', #7066, 1000.000000000000000 ) ;
#338 = LINE ( 'NONE', #3612, #6566 ) ;
#339 = CONICAL_SURFACE ( 'NONE', #3094, 2.458500000000000352, 0.7853981633974490562 ) ;
#340 = CARTESIAN_POINT ( 'NONE',  ( -5.000000000000000000, 0.000000000000000000, 29.23299999999999699 ) ) ;
#341 = ORIENTED_EDGE ( 'NONE', *, *, #1662, .T. ) ;
#342 = CARTESIAN_POINT ( 'NONE',  ( -6.500000000000000000, -26.86602540378400050, 0.000000000000000000 ) ) ;
#343 = LINE ( 'NONE', #3617, #1114 ) ;
#344 = DIRECTION ( 'NONE',  ( 0.000000000000000000, 1.000000000000000000, 0.000000000000000000 ) ) ;
#345 = CARTESIAN_POINT ( 'NONE',  ( -1.440155956905749379, -13.54149999999998677, -7.059844043094253507 ) ) ;
#346 = CARTESIAN_POINT ( 'NONE',  ( -1.500000000000000000, 20.30000000000605098, -139.7170000000060099 ) ) ;
#347 = CONICAL_SURFACE ( 'NONE', #2369, 1.719999999999999307, 1.047197551196596965 ) ;
#348 = CIRCLE ( 'NONE', #6353, 0.5000000000006405987 ) ;
#349 = ORIENTED_EDGE ( 'NONE', *, *, #2598, .T. ) ;
#350 = ORIENTED_EDGE ( 'NONE', *, *, #2004, .F. ) ;
#351 = CYLINDRICAL_SURFACE ( 'NONE', #4383, 2.458500000000000352 ) ;
#352 = DIRECTION ( 'NONE',  ( -1.000000000000000000, 0.000000000000000000, 0.000000000000000000 ) ) ;
#353 = ORIENTED_EDGE ( 'NONE', *, *, #3687, .F. ) ;
#354 = CARTESIAN_POINT ( 'NONE',  ( -12.00000000000000000, 16.00000000000000000, -8.500000000000000000 ) ) ;
#355 = DIRECTION ( 'NONE',  ( -1.000000000000000000, 0.000000000000000000, 0.000000000000000000 ) ) ;
#356 = LINE ( 'NONE', #6846, #5422 ) ;
#357 = VECTOR ( 'NONE', #2874, 1000.000000000000114 ) ;
#358 = CARTESIAN_POINT ( 'NONE',  ( -12.00000000000000000, -16.00000000000000000, -13.70000000000056062 ) ) ;
#359 = AXIS2_PLACEMENT_3D ( 'NONE', #2351, #952, #5024 ) ;
#360 = PRODUCT_DEFINITION ( 'UNKNOWN', '', #9824, #4595 ) ;
#361 = ADVANCED_FACE ( 'NONE', ( #7737 ), #339, .F. ) ;
#362 = EDGE_CURVE ( 'NONE', #4035, #10203, #5581, .T. ) ;
#363 = FACE_OUTER_BOUND ( 'NONE', #1038, .T. ) ;
#364 = CARTESIAN_POINT ( 'NONE',  ( 7.249999999999390710, 34.60000000000059828, -135.0000000000000000 ) ) ;
#365 = ORIENTED_EDGE ( 'NONE', *, *, #4802, .F. ) ;
#366 = ORIENTED_EDGE ( 'NONE', *, *, #512, .T. ) ;
#367 = ORIENTED_EDGE ( 'NONE', *, *, #9013, .T. ) ;
#368 = DIRECTION ( 'NONE',  ( 0.000000000000000000, -1.000000000000000000, 0.000000000000000000 ) ) ;
#369 = CIRCLE ( 'NONE', #1579, 4.283000000000000362 ) ;
#370 = CARTESIAN_POINT ( 'NONE',  ( 9.499912529824255714, 26.28353924373688955, -151.8880395635216871 ) ) ;
#371 = B_SPLINE_CURVE_WITH_KNOTS ( 'NONE', 3,
 ( #263, #8245, #2570, #1923, #9152, #1822 ),
 .UNSPECIFIED., .F., .F.,
 ( 4, 2, 4 ),
 ( 0.000000000000000000, 0.5000000000000000000, 1.000000000000000000 ),
 .UNSPECIFIED. ) ;
#372 = EDGE_LOOP ( 'NONE', ( #2199, #8878, #5969, #1764 ) ) ;
#373 = AXIS2_PLACEMENT_3D ( 'NONE', #766, #6494, #5688 ) ;
#374 = LINE ( 'NONE', #7771, #5186 ) ;
#375 = DIRECTION ( 'NONE',  ( 0.000000000000000000, 0.000000000000000000, -1.000000000000000000 ) ) ;
#376 = CARTESIAN_POINT ( 'NONE',  ( 0.000000000000000000, 0.000000000000000000, 2.000000000000000000 ) ) ;
#377 = CARTESIAN_POINT ( 'NONE',  ( 6.500000000000000000, 25.13397459621599950, 0.000000000000000000 ) ) ;
#378 = AXIS2_PLACEMENT_3D ( 'NONE', #5251, #8505, #6896 ) ;
#379 = EDGE_CURVE ( 'NONE', #9890, #10149, #6340, .T. ) ;
#380 = ORIENTED_EDGE ( 'NONE', *, *, #4755, .T. ) ;
#381 = ORIENTED_EDGE ( 'NONE', *, *, #5575, .F. ) ;
#382 = CARTESIAN_POINT ( 'NONE',  ( -8.000000000000000000, -24.26794919243099713, -2.000000000000000000 ) ) ;
#383 = DIRECTION ( 'NONE',  ( 0.000000000000000000, 0.000000000000000000, -1.000000000000000000 ) ) ;
#384 = ORIENTED_EDGE ( 'NONE', *, *, #2176, .F. ) ;
#385 = CARTESIAN_POINT ( 'NONE',  ( 2.458500000000000352, 16.00000000000000000, -145.9584999999999866 ) ) ;
#386 = ADVANCED_FACE ( 'NONE', ( #812, #6381 ), #5792, .T. ) ;
#387 = EDGE_CURVE ( 'NONE', #606, #1410, #1614, .T. ) ;
#388 = DIRECTION ( 'NONE',  ( 1.000000000000000000, 0.000000000000000000, 0.000000000000000000 ) ) ;
#389 = VECTOR ( 'NONE', #651, 1000.000000000000114 ) ;
#390 = CARTESIAN_POINT ( 'NONE',  ( -11.84999999999999964, -26.00000000000000000, -17.00000000000000000 ) ) ;
#391 = CARTESIAN_POINT ( 'NONE',  ( -2.458499999999998575, 17.44015595690575537, -145.9584999999998445 ) ) ;
#392 = EDGE_CURVE ( 'NONE', #3719, #682, #10436, .T. ) ;
#393 = DIRECTION ( 'NONE',  ( 0.000000000000000000, -1.000000000000000000, 0.000000000000000000 ) ) ;
#394 = VECTOR ( 'NONE', #5196, 1000.000000000000227 ) ;
#395 = CARTESIAN_POINT ( 'NONE',  ( -12.00000000000000000, -16.00000000000000000, -143.5000000000000000 ) ) ;
#396 = CARTESIAN_POINT ( 'NONE',  ( -3.750000000000000000, 7.250000000000000000, -150.6715170305899960 ) ) ;
#397 = ORIENTED_EDGE ( 'NONE', *, *, #8507, .F. ) ;
#398 = CARTESIAN_POINT ( 'NONE',  ( 5.000000000000000000, 6.123233995736771213E-16, 29.23299999999999699 ) ) ;
#399 = DIRECTION ( 'NONE',  ( -1.000000000000000000, 5.108103680151670385E-16, 0.000000000000000000 ) ) ;
#400 = DIRECTION ( 'NONE',  ( 0.000000000000000000, 0.000000000000000000, 1.000000000000000000 ) ) ;
#401 = DIRECTION ( 'NONE',  ( 1.000000000000000000, 0.000000000000000000, 0.000000000000000000 ) ) ;
#402 = AXIS2_PLACEMENT_3D ( 'NONE', #3726, #7890, #5595 ) ;
#403 = DIRECTION ( 'NONE',  ( 1.000000000000000000, 0.000000000000000000, 0.000000000000000000 ) ) ;
#404 = VECTOR ( 'NONE', #4081, 1000.000000000000000 ) ;
#405 = AXIS2_PLACEMENT_3D ( 'NONE', #6131, #10129, #180 ) ;
#406 = AXIS2_PLACEMENT_3D ( 'NONE', #5122, #1903, #9337 ) ;
#407 = VECTOR ( 'NONE', #755, 1000.000000000000000 ) ;
#408 = ORIENTED_EDGE ( 'NONE', *, *, #5572, .F. ) ;
#409 = AXIS2_PLACEMENT_3D ( 'NONE', #6662, #5003, #10516 ) ;
#410 = ORIENTED_EDGE ( 'NONE', *, *, #2428, .F. ) ;
#411 = VECTOR ( 'NONE', #9133, 1000.000000000000000 ) ;
#412 = ORIENTED_EDGE ( 'NONE', *, *, #4645, .T. ) ;
#413 = DIRECTION ( 'NONE',  ( 0.000000000000000000, -1.000000000000000000, 0.000000000000000000 ) ) ;
#414 = DIRECTION ( 'NONE',  ( 0.8660254037842997077, -0.5000000000002408074, 0.000000000000000000 ) ) ;
#415 = ORIENTED_EDGE ( 'NONE', *, *, #2840, .F. ) ;
#416 = LINE ( 'NONE', #3531, #3441 ) ;
#417 = DIRECTION ( 'NONE',  ( 1.000000000000000000, 0.000000000000000000, 0.000000000000000000 ) ) ;
#418 = AXIS2_PLACEMENT_3D ( 'NONE', #9406, #7064, #585 ) ;
#419 = CARTESIAN_POINT ( 'NONE',  ( -0.4999999999993929856, 25.50000000000000000, -121.0000000000000000 ) ) ;
#420 = AXIS2_PLACEMENT_3D ( 'NONE', #2811, #2656, #5924 ) ;
#421 = DIRECTION ( 'NONE',  ( 0.000000000000000000, 0.000000000000000000, 1.000000000000000000 ) ) ;
#422 = EDGE_CURVE ( 'NONE', #3204, #6116, #2573, .T. ) ;
#423 = CARTESIAN_POINT ( 'NONE',  ( -0.4999999999993789968, 25.50000000000000000, -121.0000000000000000 ) ) ;
#424 = ORIENTED_EDGE ( 'NONE', *, *, #5905, .T. ) ;
#425 = ORIENTED_EDGE ( 'NONE', *, *, #3919, .T. ) ;
#426 = ORIENTED_EDGE ( 'NONE', *, *, #10067, .T. ) ;
#427 = DIRECTION ( 'NONE',  ( 0.000000000000000000, 0.000000000000000000, -1.000000000000000000 ) ) ;
#428 = EDGE_LOOP ( 'NONE', ( #1666, #5584, #8682, #10232 ) ) ;
#429 = PLANE ( 'NONE',  #8697 ) ;
#430 = ADVANCED_FACE ( 'NONE', ( #10500 ), #3274, .T. ) ;
#431 = EDGE_CURVE ( 'NONE', #10008, #3331, #4937, .T. ) ;
#432 = ORIENTED_EDGE ( 'NONE', *, *, #4063, .T. ) ;
#433 = CYLINDRICAL_SURFACE ( 'NONE', #2788, 4.000000000000305533 ) ;
#434 = EDGE_CURVE ( 'NONE', #4275, #1819, #1715, .T. ) ;
#435 = FACE_OUTER_BOUND ( 'NONE', #2516, .T. ) ;
#436 = DIRECTION ( 'NONE',  ( 0.000000000000000000, 0.000000000000000000, 1.000000000000000000 ) ) ;
#437 = APPLICATION_CONTEXT ( 'automotive_design' ) ;
#438 = DIRECTION ( 'NONE',  ( 1.000000000000000000, 0.000000000000000000, 0.000000000000000000 ) ) ;
#439 = CIRCLE ( 'NONE', #5574, 2.458500000000000352 ) ;
#440 = EDGE_LOOP ( 'NONE', ( #789, #5730, #5417, #1317, #2587 ) ) ;
#441 = VERTEX_POINT ( 'NONE', #9638 ) ;
#442 = CARTESIAN_POINT ( 'NONE',  ( -1.500000000000000000, 19.80000000000000071, -139.7170000000060099 ) ) ;
#443 = ADVANCED_FACE ( 'NONE', ( #8997 ), #8142, .F. ) ;
#444 = CARTESIAN_POINT ( 'NONE',  ( -7.458499999999999908, -16.00000000000000000, -6.041500000000000092 ) ) ;
#445 = CIRCLE ( 'NONE', #9165, 0.6000000000001013412 ) ;
#446 = ORIENTED_EDGE ( 'NONE', *, *, #2540, .F. ) ;
#447 = CARTESIAN_POINT ( 'NONE',  ( -8.000000000000000000, -16.00000000000000000, -8.500000000000000000 ) ) ;
#448 = EDGE_CURVE ( 'NONE', #2089, #7697, #7334, .T. ) ;
#449 = DIRECTION ( 'NONE',  ( 1.000000000000000000, 0.000000000000000000, 0.000000000000000000 ) ) ;
#450 = LINE ( 'NONE', #8803, #8275 ) ;
#451 = FACE_OUTER_BOUND ( 'NONE', #7725, .T. ) ;
#452 = AXIS2_PLACEMENT_3D ( 'NONE', #3233, #6498, #3284 ) ;
#453 = DIRECTION ( 'NONE',  ( -1.000000000000000000, 0.000000000000000000, 0.000000000000000000 ) ) ;
#454 =( BOUNDED_CURVE ( )  B_SPLINE_CURVE ( 3, ( #10548, #3218, #594, #4879 ),
 .UNSPECIFIED., .F., .F. ) 
 B_SPLINE_CURVE_WITH_KNOTS ( ( 4, 4 ),
 ( 5.497787143782139729, 7.068583470577039840 ),
 .UNSPECIFIED. ) 
 CURVE ( )  GEOMETRIC_REPRESENTATION_ITEM ( )  RATIONAL_B_SPLINE_CURVE ( ( 1.000000000000000000, 0.8047378541243639383, 0.8047378541243639383, 1.000000000000000000 ) ) 
 REPRESENTATION_ITEM ( '' )  );
#455 = EDGE_CURVE ( 'NONE', #9953, #9890, #9794, .T. ) ;
#456 = DIRECTION ( 'NONE',  ( 0.000000000000000000, 0.000000000000000000, 1.000000000000000000 ) ) ;
#457 = CARTESIAN_POINT ( 'NONE',  ( -4.030983766875084306, -26.35136306023699859, -152.0000000000000000 ) ) ;
#458 = ORIENTED_EDGE ( 'NONE', *, *, #9778, .T. ) ;
#459 = ORIENTED_EDGE ( 'NONE', *, *, #7382, .F. ) ;
#460 = FACE_BOUND ( 'NONE', #2844, .T. ) ;
#461 = DIRECTION ( 'NONE',  ( 0.000000000000000000, 1.000000000000000000, 0.000000000000000000 ) ) ;
#462 = AXIS2_PLACEMENT_3D ( 'NONE', #2193, #8874, #10319 ) ;
#463 = LINE ( 'NONE', #3735, #2256 ) ;
#464 = FACE_OUTER_BOUND ( 'NONE', #3655, .T. ) ;
#465 = AXIS2_PLACEMENT_3D ( 'NONE', #6857, #10107, #2787 ) ;
#466 = AXIS2_PLACEMENT_3D ( 'NONE', #4754, #3787, #10469 ) ;
#467 = ORIENTED_EDGE ( 'NONE', *, *, #8045, .F. ) ;
#468 = ORIENTED_EDGE ( 'NONE', *, *, #9897, .F. ) ;
#469 = EDGE_LOOP ( 'NONE', ( #3523, #4329 ) ) ;
#470 = DIRECTION ( 'NONE',  ( 0.000000000000000000, 0.000000000000000000, -1.000000000000000000 ) ) ;
#471 = DIRECTION ( 'NONE',  ( 0.000000000000000000, 0.000000000000000000, 1.000000000000000000 ) ) ;
#472 = CARTESIAN_POINT ( 'NONE',  ( 8.015521883131919267, 26.00000000000000000, 0.000000000000000000 ) ) ;
#473 = DIRECTION ( 'NONE',  ( 0.000000000000000000, 0.000000000000000000, -1.000000000000000000 ) ) ;
#474 = CARTESIAN_POINT ( 'NONE',  ( 0.000000000000000000, 0.000000000000000000, 9.499999999999840128 ) ) ;
#475 = LINE ( 'NONE', #7004, #55 ) ;
#476 = LINE ( 'NONE', #3864, #9990 ) ;
#477 = EDGE_CURVE ( 'NONE', #4975, #606, #1327, .T. ) ;
#478 = CARTESIAN_POINT ( 'NONE',  ( 8.000000000000000000, 26.00000000000000000, 0.000000000000000000 ) ) ;
#479 = ORIENTED_EDGE ( 'NONE', *, *, #4427, .T. ) ;
#480 = ORIENTED_EDGE ( 'NONE', *, *, #9873, .T. ) ;
#481 = EDGE_LOOP ( 'NONE', ( #4887, #1914, #9143, #2320 ) ) ;
#482 = DIRECTION ( 'NONE',  ( 0.000000000000000000, 0.000000000000000000, 1.000000000000000000 ) ) ;
#483 = CIRCLE ( 'NONE', #8348, 5.200000000000559730 ) ;
#484 = EDGE_LOOP ( 'NONE', ( #2006, #201, #6428, #1122 ) ) ;
#485 = DIRECTION ( 'NONE',  ( -1.000000000000000000, 0.000000000000000000, 0.000000000000000000 ) ) ;
#486 = ORIENTED_EDGE ( 'NONE', *, *, #4565, .T. ) ;
#487 = CARTESIAN_POINT ( 'NONE',  ( -8.537824230064801512, -27.42153066919228266, -151.8842233084662041 ) ) ;
#488 = DIRECTION ( 'NONE',  ( 1.000000000000000000, 0.000000000000000000, 0.000000000000000000 ) ) ;
#489 = DIRECTION ( 'NONE',  ( 0.000000000000000000, 0.000000000000000000, -1.000000000000000000 ) ) ;
#490 = DIRECTION ( 'NONE',  ( 0.000000000000000000, -1.000000000000000000, 0.000000000000000000 ) ) ;
#491 = ORIENTED_EDGE ( 'NONE', *, *, #3560, .T. ) ;
#492 = ORIENTED_EDGE ( 'NONE', *, *, #2494, .T. ) ;
#493 = VERTEX_POINT ( 'NONE', #1716 ) ;
#494 = DIRECTION ( 'NONE',  ( 0.000000000000000000, 0.000000000000000000, 1.000000000000000000 ) ) ;
#495 = CYLINDRICAL_SURFACE ( 'NONE', #1807, 2.458500000000000796 ) ;
#496 = ORIENTED_EDGE ( 'NONE', *, *, #5575, .T. ) ;
#497 = DIRECTION ( 'NONE',  ( 0.000000000000000000, -1.000000000000000000, 0.000000000000000000 ) ) ;
#498 = DIRECTION ( 'NONE',  ( 1.000000000000000000, 0.000000000000000000, 0.000000000000000000 ) ) ;
#499 = CARTESIAN_POINT ( 'NONE',  ( -7.718549722818007552, -24.43044458572562405, -0.08493429684268329061 ) ) ;
#500 = DIRECTION ( 'NONE',  ( 0.000000000000000000, 0.000000000000000000, -1.000000000000000000 ) ) ;
#501 = PRODUCT_DEFINITION ( 'UNKNOWN', '', #8806, #10250 ) ;
#502 = CIRCLE ( 'NONE', #1366, 2.000000000000000000 ) ;
#503 = EDGE_CURVE ( 'NONE', #7088, #6095, #655, .T. ) ;
#504 = CARTESIAN_POINT ( 'NONE',  ( 11.84999999999999964, 27.95825756949599850, -17.00000000000000000 ) ) ;
#505 = FACE_OUTER_BOUND ( 'NONE', #3277, .T. ) ;
#506 = ORIENTED_EDGE ( 'NONE', *, *, #721, .T. ) ;
#507 = ORIENTED_EDGE ( 'NONE', *, *, #9685, .T. ) ;
#508 = CARTESIAN_POINT ( 'NONE',  ( -2.458500000000000352, -16.00000000000000000, -12.49999999999396039 ) ) ;
#509 = DIRECTION ( 'NONE',  ( 0.000000000000000000, 0.000000000000000000, -1.000000000000000000 ) ) ;
#510 = DIRECTION ( 'NONE',  ( 0.000000000000000000, 0.000000000000000000, -1.000000000000000000 ) ) ;
#511 = CARTESIAN_POINT ( 'NONE',  ( -7.500000000000000000, 33.20000000000000284, -152.0010000000000048 ) ) ;
#512 = EDGE_CURVE ( 'NONE', #9850, #4650, #10400, .T. ) ;
#513 = ORIENTED_EDGE ( 'NONE', *, *, #3623, .F. ) ;
#514 = ORIENTED_EDGE ( 'NONE', *, *, #2768, .T. ) ;
#515 = ORIENTED_EDGE ( 'NONE', *, *, #7061, .F. ) ;
#516 = DIRECTION ( 'NONE',  ( 0.8660254037842791686, -0.5000000000002761125, 0.000000000000000000 ) ) ;
#517 = AXIS2_PLACEMENT_3D ( 'NONE', #1526, #4792, #4589 ) ;
#518 = DIRECTION ( 'NONE',  ( 0.000000000000000000, 0.000000000000000000, -1.000000000000000000 ) ) ;
#519 = ORIENTED_EDGE ( 'NONE', *, *, #3639, .F. ) ;
#520 = LINE ( 'NONE', #7968, #8567 ) ;
#521 = CARTESIAN_POINT ( 'NONE',  ( 2.458500000000000352, 16.00000000000000000, -121.0000000000000000 ) ) ;
#522 = AXIS2_PLACEMENT_3D ( 'NONE', #8146, #976, #3279 ) ;
#523 = ADVANCED_FACE ( 'NONE', ( #9308 ), #7095, .F. ) ;
#524 = FACE_OUTER_BOUND ( 'NONE', #4733, .T. ) ;
#525 = AXIS2_PLACEMENT_3D ( 'NONE', #189, #1004, #2020 ) ;
#526 = DIRECTION ( 'NONE',  ( 0.000000000000000000, 0.000000000000000000, 1.000000000000000000 ) ) ;
#527 = EDGE_CURVE ( 'NONE', #3526, #2856, #2133, .T. ) ;
#528 = DIRECTION ( 'NONE',  ( -1.000000000000000000, 0.000000000000000000, 0.000000000000000000 ) ) ;
#529 = ORIENTED_EDGE ( 'NONE', *, *, #7851, .F. ) ;
#530 = ORIENTED_EDGE ( 'NONE', *, *, #2209, .F. ) ;
#531 = VERTEX_POINT ( 'NONE', #3427 ) ;
#532 = CARTESIAN_POINT ( 'NONE',  ( -3.647273485673900417, -22.00000000000000000, -152.0000000000000000 ) ) ;
#533 = ORIENTED_EDGE ( 'NONE', *, *, #2074, .F. ) ;
#534 = FACE_OUTER_BOUND ( 'NONE', #5818, .T. ) ;
#535 = VECTOR ( 'NONE', #4318, 1000.000000000000000 ) ;
#536 = VERTEX_POINT ( 'NONE', #8248 ) ;
#537 = AXIS2_PLACEMENT_3D ( 'NONE', #4379, #8383, #5081 ) ;
#538 = CARTESIAN_POINT ( 'NONE',  ( -8.874873542336022325, -27.22694783503211369, -151.8730948150244160 ) ) ;
#539 = DIRECTION ( 'NONE',  ( 0.000000000000000000, 0.000000000000000000, -1.000000000000000000 ) ) ;
#540 = CARTESIAN_POINT ( 'NONE',  ( 1.440155956905749379, -13.54149999999998677, -7.059844043094253507 ) ) ;
#541 = CIRCLE ( 'NONE', #6532, 1.500000000000000666 ) ;
#542 = CIRCLE ( 'NONE', #6015, 0.2000000000005539014 ) ;
#543 = EDGE_CURVE ( 'NONE', #2856, #10392, #8305, .T. ) ;
#544 = VERTEX_POINT ( 'NONE', #2729 ) ;
#545 = ORIENTED_EDGE ( 'NONE', *, *, #5967, .T. ) ;
#546 = ORIENTED_EDGE ( 'NONE', *, *, #7330, .T. ) ;
#547 = CARTESIAN_POINT ( 'NONE',  ( 0.000000000000000000, -16.00000000000000000, -151.2084999999999866 ) ) ;
#548 = DIRECTION ( 'NONE',  ( -1.000000000000000000, 0.000000000000000000, 0.000000000000000000 ) ) ;
#549 = ORIENTED_EDGE ( 'NONE', *, *, #8228, .T. ) ;
#550 = DIRECTION ( 'NONE',  ( 1.000000000000000000, 0.000000000000000000, 0.000000000000000000 ) ) ;
#551 = CARTESIAN_POINT ( 'NONE',  ( 8.000000000000000000, 27.73205080756900287, -2.000000000000000000 ) ) ;
#552 = CIRCLE ( 'NONE', #6025, 1.720000000000000195 ) ;
#553 = LINE ( 'NONE', #9488, #1442 ) ;
#554 = FACE_OUTER_BOUND ( 'NONE', #8293, .T. ) ;
#555 =( NAMED_UNIT ( * ) PLANE_ANGLE_UNIT ( ) SI_UNIT ( $, .RADIAN. ) );
#556 = EDGE_CURVE ( 'NONE', #10105, #10046, #7446, .T. ) ;
#557 = PLANE ( 'NONE',  #4556 ) ;
#558 = CARTESIAN_POINT ( 'NONE',  ( -12.00000000000000000, 26.00000000000000000, -152.0000000000000000 ) ) ;
#559 = EDGE_LOOP ( 'NONE', ( #693, #8546, #9957, #1234 ) ) ;
#560 = EDGE_CURVE ( 'NONE', #1505, #7622, #6807, .T. ) ;
#561 = CARTESIAN_POINT ( 'NONE',  ( 0.000000000000000000, 16.00000000000000000, 0.000000000000000000 ) ) ;
#562 = DIRECTION ( 'NONE',  ( 0.000000000000000000, 0.000000000000000000, -1.000000000000000000 ) ) ;
#563 = ORIENTED_EDGE ( 'NONE', *, *, #8158, .T. ) ;
#564 = CARTESIAN_POINT ( 'NONE',  ( 0.000000000000000000, 0.000000000000000000, 9.599415897570182210 ) ) ;
#565 = ADVANCED_FACE ( 'NONE', ( #3377 ), #8456, .F. ) ;
#566 = DIRECTION ( 'NONE',  ( 1.000000000000000000, 0.000000000000000000, 0.000000000000000000 ) ) ;
#567 = EDGE_CURVE ( 'NONE', #100, #2908, #8402, .T. ) ;
#568 = EDGE_CURVE ( 'NONE', #8966, #8467, #8111, .T. ) ;
#569 = VECTOR ( 'NONE', #1111, 1000.000000000000000 ) ;
#570 = AXIS2_PLACEMENT_3D ( 'NONE', #1767, #2681, #2523 ) ;
#571 = VERTEX_POINT ( 'NONE', #5200 ) ;
#572 = ORIENTED_EDGE ( 'NONE', *, *, #5768, .F. ) ;
#573 = ORIENTED_EDGE ( 'NONE', *, *, #3581, .T. ) ;
#574 = DIRECTION ( 'NONE',  ( 0.000000000000000000, 0.000000000000000000, 1.000000000000000000 ) ) ;
#575 = AXIS2_PLACEMENT_3D ( 'NONE', #5512, #8983, #1496 ) ;
#576 = LINE ( 'NONE', #4069, #8798 ) ;
#577 = ORIENTED_EDGE ( 'NONE', *, *, #5121, .F. ) ;
#578 = CARTESIAN_POINT ( 'NONE',  ( 7.500000000000000000, 30.39999999999939817, -17.00000000000000000 ) ) ;
#579 =( BOUNDED_CURVE ( )  B_SPLINE_CURVE ( 3, ( #4697, #3782, #10301, #2228 ),
 .UNSPECIFIED., .F., .F. ) 
 B_SPLINE_CURVE_WITH_KNOTS ( ( 4, 4 ),
 ( 4.712388980384689674, 6.283185307179590673 ),
 .UNSPECIFIED. ) 
 CURVE ( )  GEOMETRIC_REPRESENTATION_ITEM ( )  RATIONAL_B_SPLINE_CURVE ( ( 1.000000000000000000, 0.8047378541243649375, 0.8047378541243649375, 1.000000000000000000 ) ) 
 REPRESENTATION_ITEM ( '' )  );
#580 = AXIS2_PLACEMENT_3D ( 'NONE', #9682, #9572, #6529 ) ;
#581 = DIRECTION ( 'NONE',  ( 0.000000000000000000, 0.000000000000000000, 1.000000000000000000 ) ) ;
#582 = AXIS2_PLACEMENT_3D ( 'NONE', #1043, #3666, #10030 ) ;
#583 = EDGE_CURVE ( 'NONE', #3967, #7069, #4356, .T. ) ;
#584 = TOROIDAL_SURFACE ( 'NONE', #5891, 3.782999999993959861, 0.5000000000060269567 ) ;
#585 = DIRECTION ( 'NONE',  ( 0.000000000000000000, 1.000000000000000000, 0.000000000000000000 ) ) ;
#586 = AXIS2_PLACEMENT_3D ( 'NONE', #220, #3602, #5062 ) ;
#587 = VECTOR ( 'NONE', #9508, 1000.000000000000000 ) ;
#588 = EDGE_CURVE ( 'NONE', #8012, #1559, #9821, .T. ) ;
#589 = DIRECTION ( 'NONE',  ( 0.000000000000000000, 0.000000000000000000, -1.000000000000000000 ) ) ;
#590 = ORIENTED_EDGE ( 'NONE', *, *, #2531, .F. ) ;
#591 = ORIENTED_EDGE ( 'NONE', *, *, #6335, .T. ) ;
#592 = ORIENTED_EDGE ( 'NONE', *, *, #7358, .F. ) ;
#593 = DIRECTION ( 'NONE',  ( -1.000000000000000000, 0.000000000000000000, 0.000000000000000000 ) ) ;
#594 = CARTESIAN_POINT ( 'NONE',  ( -2.756766064641396508, -18.75676606464138629, -144.2200779784528777 ) ) ;
#595 = VERTEX_POINT ( 'NONE', #5953 ) ;
#596 = DIRECTION ( 'NONE',  ( 0.000000000000000000, 0.000000000000000000, 1.000000000000000000 ) ) ;
#597 = CONICAL_SURFACE ( 'NONE', #4016, 1.719999999999999307, 1.047197551202452059 ) ;
#598 = VECTOR ( 'NONE', #316, 999.9999999999998863 ) ;
#599 = EDGE_LOOP ( 'NONE', ( #975, #10034, #10328 ) ) ;
#600 = VECTOR ( 'NONE', #8804, 1000.000000000000000 ) ;
#601 = CARTESIAN_POINT ( 'NONE',  ( -9.237074910421140927, -27.01787147521679344, -151.9316872607630557 ) ) ;
#602 = DIRECTION ( 'NONE',  ( 1.000000000000000000, 0.000000000000000000, 0.000000000000000000 ) ) ;
#603 = CARTESIAN_POINT ( 'NONE',  ( 0.000000000000000000, 13.54149999999999920, -8.500000000000000000 ) ) ;
#604 = AXIS2_PLACEMENT_3D ( 'NONE', #8181, #8925, #10429 ) ;
#605 = ORIENTED_EDGE ( 'NONE', *, *, #836, .T. ) ;
#606 = VERTEX_POINT ( 'NONE', #4342 ) ;
#607 = ORIENTED_EDGE ( 'NONE', *, *, #7688, .F. ) ;
#608 = LINE ( 'NONE', #3129, #3918 ) ;
#609 = CARTESIAN_POINT ( 'NONE',  ( -4.500000000000000000, -26.00000000000000000, -3.899999999999999911 ) ) ;
#610 = ORIENTED_EDGE ( 'NONE', *, *, #8886, .F. ) ;
#611 = DIRECTION ( 'NONE',  ( 1.000000000000000000, 0.000000000000000000, 0.000000000000000000 ) ) ;
#612 = CARTESIAN_POINT ( 'NONE',  ( 1.250000000000611955, 34.60000000000059828, -135.0000000000000000 ) ) ;
#613 = CARTESIAN_POINT ( 'NONE',  ( -6.521096714233939551, -25.12179440257400032, -152.0000000000000000 ) ) ;
#614 = CARTESIAN_POINT ( 'NONE',  ( -1.738422021547135099, -17.73842202154714798, -6.761577978452860016 ) ) ;
#615 = CARTESIAN_POINT ( 'NONE',  ( -11.84999999999999964, -26.00000000000000000, -135.0000000000000000 ) ) ;
#616 = VECTOR ( 'NONE', #8324, 1000.000000000000000 ) ;
#617 = LINE ( 'NONE', #9438, #1891 ) ;
#618 = VERTEX_POINT ( 'NONE', #5049 ) ;
#619 = FACE_BOUND ( 'NONE', #6810, .T. ) ;
#620 = DIRECTION ( 'NONE',  ( -1.000000000000000000, 0.000000000000000000, 0.000000000000000000 ) ) ;
#621 = ORIENTED_EDGE ( 'NONE', *, *, #8045, .T. ) ;
#622 = DIRECTION ( 'NONE',  ( -1.000000000000000000, 0.000000000000000000, 0.000000000000000000 ) ) ;
#623 = AXIS2_PLACEMENT_3D ( 'NONE', #6740, #7804, #470 ) ;
#624 = DIRECTION ( 'NONE',  ( 0.000000000000000000, -1.000000000000000000, 0.000000000000000000 ) ) ;
#625 = VECTOR ( 'NONE', #3506, 1000.000000000000000 ) ;
#626 = ADVANCED_FACE ( 'NONE', ( #8459 ), #9103, .F. ) ;
#627 = VECTOR ( 'NONE', #3415, 999.9999999999998863 ) ;
#628 = ADVANCED_FACE ( 'NONE', ( #4398 ), #7495, .T. ) ;
#629 = ORIENTED_EDGE ( 'NONE', *, *, #10474, .F. ) ;
#630 = ORIENTED_EDGE ( 'NONE', *, *, #10042, .T. ) ;
#631 = ORIENTED_EDGE ( 'NONE', *, *, #512, .F. ) ;
#632 = DIRECTION ( 'NONE',  ( 0.8660254037842993746, 0.5000000000002412515, 0.000000000000000000 ) ) ;
#633 = CARTESIAN_POINT ( 'NONE',  ( 8.500000000000000000, 25.50000000000000000, -121.0000000000000000 ) ) ;
#634 = EDGE_CURVE ( 'NONE', #7418, #6403, #6837, .T. ) ;
#635 = CARTESIAN_POINT ( 'NONE',  ( -11.09999999999999964, -26.00000000000000000, -152.0000000000000000 ) ) ;
#636 = PLANE ( 'NONE',  #6182 ) ;
#637 = CARTESIAN_POINT ( 'NONE',  ( -8.000000000000000000, -24.26794919243099713, -2.000000000000000000 ) ) ;
#638 = VECTOR ( 'NONE', #3682, 1000.000000000000000 ) ;
#639 = DIRECTION ( 'NONE',  ( 0.000000000000000000, 0.000000000000000000, -1.000000000000000000 ) ) ;
#640 = EDGE_CURVE ( 'NONE', #3141, #974, #9915, .T. ) ;
#641 =( BOUNDED_CURVE ( )  B_SPLINE_CURVE ( 3, ( #7867, #2363, #6372, #3968 ),
 .UNSPECIFIED., .F., .F. ) 
 B_SPLINE_CURVE_WITH_KNOTS ( ( 4, 4 ),
 ( 1.570796326794895004, 3.141592653589795336 ),
 .UNSPECIFIED. ) 
 CURVE ( )  GEOMETRIC_REPRESENTATION_ITEM ( )  RATIONAL_B_SPLINE_CURVE ( ( 1.000000000000000000, 0.8047378541243649375, 0.8047378541243649375, 1.000000000000000000 ) ) 
 REPRESENTATION_ITEM ( '' )  );
#642 = ORIENTED_EDGE ( 'NONE', *, *, #1808, .F. ) ;
#643 = ORIENTED_EDGE ( 'NONE', *, *, #3122, .F. ) ;
#644 = VERTEX_POINT ( 'NONE', #6753 ) ;
#645 = DIRECTION ( 'NONE',  ( 0.000000000000000000, -1.000000000000000000, 0.000000000000000000 ) ) ;
#646 = DIRECTION ( 'NONE',  ( 0.000000000000000000, 0.000000000000000000, -1.000000000000000000 ) ) ;
#647 = VERTEX_POINT ( 'NONE', #2685 ) ;
#648 = DIRECTION ( 'NONE',  ( -1.000000000000000000, 0.000000000000000000, 0.000000000000000000 ) ) ;
#649 = ADVANCED_FACE ( 'NONE', ( #2841 ), #7706, .F. ) ;
#650 = ORIENTED_EDGE ( 'NONE', *, *, #6342, .T. ) ;
#651 = DIRECTION ( 'NONE',  ( 0.8660254037842791686, -0.5000000000002761125, 0.000000000000000000 ) ) ;
#652 = EDGE_CURVE ( 'NONE', #2965, #6074, #7691, .T. ) ;
#653 = DIRECTION ( 'NONE',  ( 0.000000000000000000, 0.000000000000000000, -1.000000000000000000 ) ) ;
#654 = CARTESIAN_POINT ( 'NONE',  ( 12.05000000000064020, 27.50000000000000000, -17.00000000000000000 ) ) ;
#655 = LINE ( 'NONE', #920, #5723 ) ;
#656 = VERTEX_POINT ( 'NONE', #5464 ) ;
#657 = ORIENTED_EDGE ( 'NONE', *, *, #904, .T. ) ;
#658 = EDGE_LOOP ( 'NONE', ( #9812, #621, #1021, #16 ) ) ;
#659 = CARTESIAN_POINT ( 'NONE',  ( 0.000000000000000000, -16.00000000000000000, -13.00000000000000000 ) ) ;
#660 = DIRECTION ( 'NONE',  ( 0.000000000000000000, -1.000000000000000000, 0.000000000000000000 ) ) ;
#661 = AXIS2_PLACEMENT_3D ( 'NONE', #1091, #4256, #7619 ) ;
#662 = ORIENTED_EDGE ( 'NONE', *, *, #6611, .F. ) ;
#663 = DIRECTION ( 'NONE',  ( 0.000000000000000000, 1.000000000000000000, 0.000000000000000000 ) ) ;
#664 = CARTESIAN_POINT ( 'NONE',  ( -12.00000000000000000, 26.00000000000000000, -152.0000000000000000 ) ) ;
#665 = LINE ( 'NONE', #10293, #8617 ) ;
#666 = DIRECTION ( 'NONE',  ( 1.000000000000000000, 3.710638451287289914E-16, 0.000000000000000000 ) ) ;
#667 = EDGE_CURVE ( 'NONE', #10398, #4331, #1233, .T. ) ;
#668 = SURFACE_STYLE_FILL_AREA ( #4745 ) ;
#669 = CIRCLE ( 'NONE', #6659, 0.3999999999993869571 ) ;
#670 = FACE_OUTER_BOUND ( 'NONE', #6530, .T. ) ;
#671 = ORIENTED_EDGE ( 'NONE', *, *, #6673, .F. ) ;
#672 = CARTESIAN_POINT ( 'NONE',  ( -8.350000000000278533, -26.00000000000000000, -135.0000000000000000 ) ) ;
#673 = FACE_OUTER_BOUND ( 'NONE', #2563, .T. ) ;
#674 = VERTEX_POINT ( 'NONE', #8673 ) ;
#675 = FACE_OUTER_BOUND ( 'NONE', #3057, .T. ) ;
#676 = DIRECTION ( 'NONE',  ( 1.000000000000000000, 0.000000000000000000, 0.000000000000000000 ) ) ;
#677 = EDGE_CURVE ( 'NONE', #1451, #7173, #4446, .T. ) ;
#678 = EDGE_LOOP ( 'NONE', ( #468, #8577, #6213 ) ) ;
#679 = ORIENTED_EDGE ( 'NONE', *, *, #10406, .T. ) ;
#680 = DIRECTION ( 'NONE',  ( -1.000000000000000000, 0.000000000000000000, 0.000000000000000000 ) ) ;
#681 = DIRECTION ( 'NONE',  ( 0.8660254037842978203, -0.5000000000002440270, 0.000000000000000000 ) ) ;
#682 = VERTEX_POINT ( 'NONE', #2087 ) ;
#683 = CARTESIAN_POINT ( 'NONE',  ( -7.999999999999699796, -30.00000000000000000, -135.0000000000000000 ) ) ;
#684 = DIRECTION ( 'NONE',  ( 0.000000000000000000, -1.000000000000000000, 0.000000000000000000 ) ) ;
#685 = DIRECTION ( 'NONE',  ( 1.000000000000000000, 0.000000000000000000, 0.000000000000000000 ) ) ;
#686 = AXIS2_PLACEMENT_3D ( 'NONE', #3538, #2628, #9156 ) ;
#687 = EDGE_LOOP ( 'NONE', ( #2280, #10494, #6558, #3794 ) ) ;
#688 = EDGE_LOOP ( 'NONE', ( #8185, #4385 ) ) ;
#689 = EDGE_LOOP ( 'NONE', ( #10545, #9692 ) ) ;
#690 = LINE ( 'NONE', #10387, #5922 ) ;
#691 = LINE ( 'NONE', #3059, #6902 ) ;
#692 = VECTOR ( 'NONE', #295, 999.9999999999998863 ) ;
#693 = ORIENTED_EDGE ( 'NONE', *, *, #5827, .F. ) ;
#694 = CARTESIAN_POINT ( 'NONE',  ( -9.500000000000000000, -25.13397459621599950, -150.0000000000000000 ) ) ;
#695 = EDGE_CURVE ( 'NONE', #4574, #8189, #2233, .T. ) ;
#696 = ORIENTED_EDGE ( 'NONE', *, *, #1644, .F. ) ;
#697 = EDGE_CURVE ( 'NONE', #5315, #10006, #9359, .T. ) ;
#698 = DIRECTION ( 'NONE',  ( 1.000000000000000000, 0.000000000000000000, 0.000000000000000000 ) ) ;
#699 = EDGE_CURVE ( 'NONE', #169, #4233, #1205, .T. ) ;
#700 = CARTESIAN_POINT ( 'NONE',  ( 0.000000000000000000, 0.000000000000000000, 11.97272967750899930 ) ) ;
#701 = DIRECTION ( 'NONE',  ( 0.8660254037842791686, -0.5000000000002761125, 0.000000000000000000 ) ) ;
#702 = CARTESIAN_POINT ( 'NONE',  ( 8.870550911489514689, 24.77064317828199336, -151.8757310996265915 ) ) ;
#703 = VERTEX_POINT ( 'NONE', #10213 ) ;
#704 = ORIENTED_EDGE ( 'NONE', *, *, #10005, .T. ) ;
#705 = ORIENTED_EDGE ( 'NONE', *, *, #3675, .T. ) ;
#706 = AXIS2_PLACEMENT_3D ( 'NONE', #4391, #6044, #5137 ) ;
#707 = DIRECTION ( 'NONE',  ( 0.000000000000000000, 0.000000000000000000, -1.000000000000000000 ) ) ;
#708 = CARTESIAN_POINT ( 'NONE',  ( -8.322233310726877775, -24.45390317729996355, -151.9185876156765289 ) ) ;
#709 = EDGE_LOOP ( 'NONE', ( #2165, #3512, #7142, #6172 ) ) ;
#710 = CARTESIAN_POINT ( 'NONE',  ( 4.232999999999999652, 5.183929900790700751E-16, 30.00000000000000000 ) ) ;
#711 = DIRECTION ( 'NONE',  ( 1.000000000000000000, 0.000000000000000000, 0.000000000000000000 ) ) ;
#712 = AXIS2_PLACEMENT_3D ( 'NONE', #5821, #734, #4009 ) ;
#713 = EDGE_CURVE ( 'NONE', #7088, #2731, #3007, .T. ) ;
#714 = DIRECTION ( 'NONE',  ( 1.000000000000000000, 0.000000000000000000, 0.000000000000000000 ) ) ;
#715 = DIRECTION ( 'NONE',  ( 1.000000000000000000, 0.000000000000000000, 0.000000000000000000 ) ) ;
#716 = VECTOR ( 'NONE', #4478, 1000.000000000000000 ) ;
#717 = CARTESIAN_POINT ( 'NONE',  ( 8.000000000001291411, 26.00000000000094857, -135.0000000000000000 ) ) ;
#718 = DIRECTION ( 'NONE',  ( 0.000000000000000000, 0.000000000000000000, -1.000000000000000000 ) ) ;
#719 = ORIENTED_EDGE ( 'NONE', *, *, #2562, .T. ) ;
#720 = EDGE_CURVE ( 'NONE', #3780, #6491, #9062, .T. ) ;
#721 = EDGE_CURVE ( 'NONE', #2105, #5516, #4967, .T. ) ;
#722 = CARTESIAN_POINT ( 'NONE',  ( -8.000000000000000000, -26.00000000000000000, -152.0000000000000000 ) ) ;
#723 = CIRCLE ( 'NONE', #10116, 0.5000000000006370460 ) ;
#724 = ORIENTED_EDGE ( 'NONE', *, *, #6032, .T. ) ;
#725 = DIRECTION ( 'NONE',  ( 0.000000000000000000, 0.000000000000000000, -1.000000000000000000 ) ) ;
#726 = EDGE_CURVE ( 'NONE', #5945, #100, #2571, .T. ) ;
#727 = CARTESIAN_POINT ( 'NONE',  ( -7.249999999999720224, -24.70096189432365108, -150.0000000000000000 ) ) ;
#728 = AXIS2_PLACEMENT_3D ( 'NONE', #4783, #8848, #10560 ) ;
#729 = CARTESIAN_POINT ( 'NONE',  ( 3.250000000000000000, 16.00000000000000000, 1.084202172485503941E-16 ) ) ;
#730 = AXIS2_PLACEMENT_3D ( 'NONE', #8605, #473, #3157 ) ;
#731 = ORIENTED_EDGE ( 'NONE', *, *, #9003, .T. ) ;
#732 =( BOUNDED_CURVE ( )  B_SPLINE_CURVE ( 3, ( #5849, #981, #10015, #7664 ),
 .UNSPECIFIED., .F., .F. ) 
 B_SPLINE_CURVE_WITH_KNOTS ( ( 4, 4 ),
 ( 0.000000000000000000, 1.570796326794895004 ),
 .UNSPECIFIED. ) 
 CURVE ( )  GEOMETRIC_REPRESENTATION_ITEM ( )  RATIONAL_B_SPLINE_CURVE ( ( 1.000000000000000000, 0.8047378541243649375, 0.8047378541243649375, 1.000000000000000000 ) ) 
 REPRESENTATION_ITEM ( '' )  );
#733 = VERTEX_POINT ( 'NONE', #423 ) ;
#734 = DIRECTION ( 'NONE',  ( 0.000000000000000000, 0.000000000000000000, 1.000000000000000000 ) ) ;
#735 = LINE ( 'NONE', #5507, #9461 ) ;
#736 = CARTESIAN_POINT ( 'NONE',  ( 0.000000000000000000, 0.000000000000000000, -145.0000000000000000 ) ) ;
#737 = CARTESIAN_POINT ( 'NONE',  ( -7.249999999999390710, 35.00000000000000000, -135.0000000000000000 ) ) ;
#738 = FACE_BOUND ( 'NONE', #9666, .T. ) ;
#739 = AXIS2_PLACEMENT_3D ( 'NONE', #2485, #4895, #2327 ) ;
#740 = DIRECTION ( 'NONE',  ( 1.000000000000000000, 0.000000000000000000, 0.000000000000000000 ) ) ;
#741 = ORIENTED_EDGE ( 'NONE', *, *, #6465, .T. ) ;
#742 = AXIS2_PLACEMENT_3D ( 'NONE', #46, #3473, #1658 ) ;
#743 = ORIENTED_EDGE ( 'NONE', *, *, #2991, .F. ) ;
#744 = ORIENTED_EDGE ( 'NONE', *, *, #5666, .F. ) ;
#745 = EDGE_LOOP ( 'NONE', ( #7462, #7146, #9646, #7927 ) ) ;
#746 = CARTESIAN_POINT ( 'NONE',  ( -7.050000000000560263, 33.40000000000054570, -135.0000000000000000 ) ) ;
#747 = DIRECTION ( 'NONE',  ( -1.000000000000000000, 0.000000000000000000, 0.000000000000000000 ) ) ;
#748 = CONICAL_SURFACE ( 'NONE', #3309, 1.720000000000000195, 1.047197551202454502 ) ;
#749 = ORIENTED_EDGE ( 'NONE', *, *, #7503, .T. ) ;
#750 = CARTESIAN_POINT ( 'NONE',  ( -8.000000000000000000, -27.73205080756900287, -150.0000000000000000 ) ) ;
#751 = AXIS2_PLACEMENT_3D ( 'NONE', #10373, #2886, #4548 ) ;
#752 = LINE ( 'NONE', #50, #8261 ) ;
#753 = TOROIDAL_SURFACE ( 'NONE', #8796, 5.200000000000559730, 0.2000000000005540124 ) ;
#754 = CIRCLE ( 'NONE', #5717, 10.00000000000000000 ) ;
#755 = DIRECTION ( 'NONE',  ( 1.000000000000000000, 0.000000000000000000, 0.000000000000000000 ) ) ;
#756 = AXIS2_PLACEMENT_3D ( 'NONE', #4999, #3989, #70 ) ;
#757 = EDGE_CURVE ( 'NONE', #974, #3141, #8544, .T. ) ;
#758 = VECTOR ( 'NONE', #4285, 1000.000000000000000 ) ;
#759 = CARTESIAN_POINT ( 'NONE',  ( -7.458499999999999908, -16.00000000000000000, -8.500000000000000000 ) ) ;
#760 = ORIENTED_EDGE ( 'NONE', *, *, #6538, .T. ) ;
#761 = ORIENTED_EDGE ( 'NONE', *, *, #3258, .T. ) ;
#762 = ORIENTED_EDGE ( 'NONE', *, *, #6806, .F. ) ;
#763 = LINE ( 'NONE', #3035, #4389 ) ;
#764 = ADVANCED_FACE ( 'NONE', ( #5306 ), #3054, .F. ) ;
#765 = VECTOR ( 'NONE', #701, 1000.000000000000114 ) ;
#766 = CARTESIAN_POINT ( 'NONE',  ( 0.000000000000000000, 0.000000000000000000, -111.0000000000000000 ) ) ;
#767 = FACE_OUTER_BOUND ( 'NONE', #469, .T. ) ;
#768 = EDGE_CURVE ( 'NONE', #1157, #8881, #5316, .T. ) ;
#769 = ORIENTED_EDGE ( 'NONE', *, *, #7905, .F. ) ;
#770 = FACE_OUTER_BOUND ( 'NONE', #6358, .T. ) ;
#771 = FACE_OUTER_BOUND ( 'NONE', #2213, .T. ) ;
#772 = CARTESIAN_POINT ( 'NONE',  ( 2.458500000000000352, 16.00000000000000000, -145.9584999999999866 ) ) ;
#773 = DIRECTION ( 'NONE',  ( 0.000000000000000000, 0.000000000000000000, 1.000000000000000000 ) ) ;
#774 = DIRECTION ( 'NONE',  ( 1.000000000000000000, 0.000000000000000000, 0.000000000000000000 ) ) ;
#775 = ADVANCED_FACE ( 'NONE', ( #9464, #9567 ), #3751, .F. ) ;
#776 = CARTESIAN_POINT ( 'NONE',  ( -2.458499999999998575, 14.55984404309426772, -141.0414999999999850 ) ) ;
#777 = ORIENTED_EDGE ( 'NONE', *, *, #9416, .T. ) ;
#778 = EDGE_CURVE ( 'NONE', #6675, #5780, #1340, .T. ) ;
#779 = CARTESIAN_POINT ( 'NONE',  ( 4.335090188609795447, 29.80000000000000071, -148.0000000000000000 ) ) ;
#780 = PRODUCT_CONTEXT ( 'NONE', #3727, 'mechanical' ) ;
#781 = ORIENTED_EDGE ( 'NONE', *, *, #1839, .T. ) ;
#782 = CARTESIAN_POINT ( 'NONE',  ( 0.000000000000000000, -16.00000000000000000, 0.000000000000000000 ) ) ;
#783 = PLANE ( 'NONE',  #8843 ) ;
#784 = CARTESIAN_POINT ( 'NONE',  ( -8.000000000000000000, -26.00000000000000000, -150.0000000000000000 ) ) ;
#785 = EDGE_CURVE ( 'NONE', #7866, #2742, #5258, .T. ) ;
#786 = AXIS2_PLACEMENT_3D ( 'NONE', #2590, #991, #5274 ) ;
#787 = ORIENTED_EDGE ( 'NONE', *, *, #9096, .T. ) ;
#788 = LINE ( 'NONE', #9769, #10412 ) ;
#789 = ORIENTED_EDGE ( 'NONE', *, *, #6475, .T. ) ;
#790 = DIRECTION ( 'NONE',  ( 0.000000000000000000, 0.000000000000000000, -1.000000000000000000 ) ) ;
#791 = CARTESIAN_POINT ( 'NONE',  ( 12.00000000000000000, 22.00000000000000000, -152.0000000000000000 ) ) ;
#792 = AXIS2_PLACEMENT_3D ( 'NONE', #8425, #8531, #284 ) ;
#793 = CARTESIAN_POINT ( 'NONE',  ( -1.500000000000000000, 20.30000000000605098, -143.5000000000000000 ) ) ;
#794 = CARTESIAN_POINT ( 'NONE',  ( 7.978903285765468922, 24.28012938607335158, -152.0000000000000000 ) ) ;
#795 = CARTESIAN_POINT ( 'NONE',  ( -7.677766689259196475, -27.54609682268674931, -151.9185876156707025 ) ) ;
#796 = CONICAL_SURFACE ( 'NONE', #3695, 5.799999999999999822, 0.7853981633974547183 ) ;
#797 = CARTESIAN_POINT ( 'NONE',  ( -9.500000000000000000, -25.15833498349994812, -152.0000000000000000 ) ) ;
#798 = CIRCLE ( 'NONE', #9853, 0.3999999999993869571 ) ;
#799 =( BOUNDED_CURVE ( )  B_SPLINE_CURVE ( 3, ( #4149, #4787, #7250, #1725 ),
 .UNSPECIFIED., .F., .F. ) 
 B_SPLINE_CURVE_WITH_KNOTS ( ( 4, 4 ),
 ( 3.141592653589795336, 3.926990816987240063 ),
 .UNSPECIFIED. ) 
 CURVE ( )  GEOMETRIC_REPRESENTATION_ITEM ( )  RATIONAL_B_SPLINE_CURVE ( ( 1.000000000000000000, 0.9492530216741910110, 0.9492530216741910110, 1.000000000000000000 ) ) 
 REPRESENTATION_ITEM ( '' )  );
#800 = ORIENTED_EDGE ( 'NONE', *, *, #1430, .F. ) ;
#801 = ORIENTED_EDGE ( 'NONE', *, *, #110, .F. ) ;
#802 = ORIENTED_EDGE ( 'NONE', *, *, #9140, .T. ) ;
#803 = DIRECTION ( 'NONE',  ( 0.5000000000002338130, 0.8660254037843035935, 0.000000000000000000 ) ) ;
#804 = CARTESIAN_POINT ( 'NONE',  ( 7.249999999999720224, 27.29903810567634892, -2.000000000000000000 ) ) ;
#805 = ORIENTED_EDGE ( 'NONE', *, *, #8441, .T. ) ;
#806 = DIRECTION ( 'NONE',  ( 1.000000000000000000, 0.000000000000000000, 0.000000000000000000 ) ) ;
#807 = CONICAL_SURFACE ( 'NONE', #8332, 1.719999999999999307, 1.047197551202452059 ) ;
#808 = LINE ( 'NONE', #8191, #389 ) ;
#809 = CARTESIAN_POINT ( 'NONE',  ( 12.00000000000000000, 22.00000000000000000, -148.0000000000000000 ) ) ;
#810 = EDGE_CURVE ( 'NONE', #6070, #8404, #1180, .T. ) ;
#811 = AXIS2_PLACEMENT_3D ( 'NONE', #3351, #8481, #4467 ) ;
#812 = FACE_BOUND ( 'NONE', #4720, .T. ) ;
#813 = ORIENTED_EDGE ( 'NONE', *, *, #431, .T. ) ;
#814 = VERTEX_POINT ( 'NONE', #8333 ) ;
#815 = EDGE_LOOP ( 'NONE', ( #7791, #6096, #4344 ) ) ;
#816 = FACE_OUTER_BOUND ( 'NONE', #8241, .T. ) ;
#817 = DIRECTION ( 'NONE',  ( 0.000000000000000000, 0.000000000000000000, -1.000000000000000000 ) ) ;
#818 = CARTESIAN_POINT ( 'NONE',  ( -9.478903285766058673, -25.12179440257400032, -152.0000000000000000 ) ) ;
#819 = ORIENTED_EDGE ( 'NONE', *, *, #2927, .F. ) ;
#820 = CARTESIAN_POINT ( 'NONE',  ( 2.458500000000000352, 16.00000000000000000, -10.95849999999999902 ) ) ;
#821 = DIRECTION ( 'NONE',  ( 1.000000000000000000, 0.000000000000000000, 0.000000000000000000 ) ) ;
#822 = CARTESIAN_POINT ( 'NONE',  ( 8.000000000000000000, 26.00000000000000000, 0.000000000000000000 ) ) ;
#823 = DIRECTION ( 'NONE',  ( 0.000000000000000000, 0.000000000000000000, 1.000000000000000000 ) ) ;
#824 = DIRECTION ( 'NONE',  ( 0.000000000000000000, 0.000000000000000000, -1.000000000000000000 ) ) ;
#825 = EDGE_CURVE ( 'NONE', #814, #7434, #1800, .T. ) ;
#826 = CIRCLE ( 'NONE', #7665, 4.283000000000000362 ) ;
#827 = DIRECTION ( 'NONE',  ( 1.000000000000000000, 0.000000000000000000, 0.000000000000000000 ) ) ;
#828 = ORIENTED_EDGE ( 'NONE', *, *, #1029, .F. ) ;
#829 = DIRECTION ( 'NONE',  ( 0.000000000000000000, 0.000000000000000000, -1.000000000000000000 ) ) ;
#830 = APPLICATION_PROTOCOL_DEFINITION ( 'draft international standard', 'automotive_design', 1998, #2835 ) ;
#831 = ORIENTED_EDGE ( 'NONE', *, *, #726, .T. ) ;
#832 = AXIS2_PLACEMENT_3D ( 'NONE', #10053, #7489, #3423 ) ;
#833 = CARTESIAN_POINT ( 'NONE',  ( 0.4999999999993789968, -17.49999999999940314, -121.0000000000000000 ) ) ;
#834 = DIRECTION ( 'NONE',  ( 0.000000000000000000, 0.000000000000000000, 1.000000000000000000 ) ) ;
#835 = EDGE_CURVE ( 'NONE', #7163, #10472, #9382, .T. ) ;
#836 = EDGE_CURVE ( 'NONE', #1058, #10569, #669, .T. ) ;
#837 = FACE_OUTER_BOUND ( 'NONE', #6699, .T. ) ;
#838 = ORIENTED_EDGE ( 'NONE', *, *, #9803, .F. ) ;
#839 = CARTESIAN_POINT ( 'NONE',  ( -5.688034792648450022, -1.909518315602325211, 7.799999999999999822 ) ) ;
#840 = EDGE_LOOP ( 'NONE', ( #696, #81, #1667, #6950 ) ) ;
#841 = LINE ( 'NONE', #6469, #7031 ) ;
#842 = CARTESIAN_POINT ( 'NONE',  ( -12.00000000000000000, -16.00000000000000000, -8.500000000000000000 ) ) ;
#843 = CARTESIAN_POINT ( 'NONE',  ( 8.750000000000280664, 27.29903810567634892, -150.0000000000000000 ) ) ;
#844 = DIRECTION ( 'NONE',  ( 0.000000000000000000, 0.000000000000000000, -1.000000000000000000 ) ) ;
#845 = EDGE_CURVE ( 'NONE', #7290, #6384, #8019, .T. ) ;
#846 = LINE ( 'NONE', #8177, #627 ) ;
#847 = EDGE_CURVE ( 'NONE', #8307, #4727, #3405, .T. ) ;
#848 = CARTESIAN_POINT ( 'NONE',  ( 0.000000000000000000, -13.54149999999999920, -8.500000000000000000 ) ) ;
#849 = ORIENTED_EDGE ( 'NONE', *, *, #9260, .T. ) ;
#850 = EDGE_LOOP ( 'NONE', ( #7663, #2953, #6882, #3764 ) ) ;
#851 = ORIENTED_EDGE ( 'NONE', *, *, #9013, .F. ) ;
#852 = CARTESIAN_POINT ( 'NONE',  ( 9.500000000000000000, 26.86602540378400050, -2.000000000000000000 ) ) ;
#853 = CARTESIAN_POINT ( 'NONE',  ( 8.000000000000000000, 24.26794919243099713, -150.0000000000000000 ) ) ;
#854 = VERTEX_POINT ( 'NONE', #9129 ) ;
#855 = CARTESIAN_POINT ( 'NONE',  ( -8.000000000000000000, -26.00000000000000000, -0.3999999999999810374 ) ) ;
#856 = ADVANCED_FACE ( 'NONE', ( #4165, #3356, #6629, #5514 ), #8171, .F. ) ;
#857 = EDGE_CURVE ( 'NONE', #9941, #7606, #8187, .T. ) ;
#858 = EDGE_CURVE ( 'NONE', #8914, #6651, #6313, .T. ) ;
#859 = CARTESIAN_POINT ( 'NONE',  ( 0.000000000000000000, 0.000000000000000000, -2.000000000000000000 ) ) ;
#860 = AXIS2_PLACEMENT_3D ( 'NONE', #10160, #8721, #8618 ) ;
#861 =( BOUNDED_CURVE ( )  B_SPLINE_CURVE ( 3, ( #6470, #9719, #2447, #4920 ),
 .UNSPECIFIED., .F., .F. ) 
 B_SPLINE_CURVE_WITH_KNOTS ( ( 4, 4 ),
 ( 0.000000000000000000, 0.7853981633974489451 ),
 .UNSPECIFIED. ) 
 CURVE ( )  GEOMETRIC_REPRESENTATION_ITEM ( )  RATIONAL_B_SPLINE_CURVE ( ( 1.000000000000000000, 0.9492530216741910110, 0.9492530216741910110, 1.000000000000000000 ) ) 
 REPRESENTATION_ITEM ( '' )  );
#862 = CARTESIAN_POINT ( 'NONE',  ( -8.000000000000000000, -13.54149999999999920, -8.500000000000000000 ) ) ;
#863 = DIRECTION ( 'NONE',  ( 0.000000000000000000, 0.000000000000000000, 1.000000000000000000 ) ) ;
#864 = EDGE_LOOP ( 'NONE', ( #9747, #9028, #7323, #10228 ) ) ;
#865 = EDGE_LOOP ( 'NONE', ( #5978, #1013, #3530, #7712 ) ) ;
#866 = ORIENTED_EDGE ( 'NONE', *, *, #9250, .F. ) ;
#867 = CARTESIAN_POINT ( 'NONE',  ( 0.000000000000000000, -16.00000000000000000, -151.2084999999999866 ) ) ;
#868 = CARTESIAN_POINT ( 'NONE',  ( 8.000000000000000000, 26.00000000000000000, -2.866025403784399739 ) ) ;
#869 = DIRECTION ( 'NONE',  ( 0.000000000000000000, 0.000000000000000000, -1.000000000000000000 ) ) ;
#870 = AXIS2_PLACEMENT_3D ( 'NONE', #1420, #5493, #8704 ) ;
#871 = ORIENTED_EDGE ( 'NONE', *, *, #4970, .T. ) ;
#872 = LINE ( 'NONE', #7998, #3711 ) ;
#873 = DIRECTION ( 'NONE',  ( -1.000000000000000000, 0.000000000000000000, 0.000000000000000000 ) ) ;
#874 = DIRECTION ( 'NONE',  ( 0.000000000000000000, 0.000000000000000000, 1.000000000000000000 ) ) ;
#875 = DIRECTION ( 'NONE',  ( 1.000000000000000000, 0.000000000000000000, 0.000000000000000000 ) ) ;
#876 = AXIS2_PLACEMENT_3D ( 'NONE', #4402, #6057, #5262 ) ;
#877 = EDGE_CURVE ( 'NONE', #5758, #7561, #1853, .T. ) ;
#878 = CARTESIAN_POINT ( 'NONE',  ( 11.79999999999944116, -16.00000000000000000, -8.500000000000000000 ) ) ;
#879 = DIRECTION ( 'NONE',  ( 0.000000000000000000, 0.000000000000000000, 1.000000000000000000 ) ) ;
#880 = VERTEX_POINT ( 'NONE', #7417 ) ;
#881 = CARTESIAN_POINT ( 'NONE',  ( 0.000000000000000000, 16.00000000000000000, 0.000000000000000000 ) ) ;
#882 = ITEM_DEFINED_TRANSFORMATION ( 'NONE', 'NONE', #10506,  #6751 ) ;
#883 = VERTEX_POINT ( 'NONE', #5869 ) ;
#884 = CARTESIAN_POINT ( 'NONE',  ( 7.999999999999699796, -26.00000000000000000, -135.0000000000000000 ) ) ;
#885 = VECTOR ( 'NONE', #3513, 1000.000000000000000 ) ;
#886 = CARTESIAN_POINT ( 'NONE',  ( 4.500000000000000000, 26.00000000000000000, -151.6000000000000227 ) ) ;
#887 = VECTOR ( 'NONE', #7795, 1000.000000000000000 ) ;
#888 = CARTESIAN_POINT ( 'NONE',  ( 2.458499999999998575, 14.55984404309426772, -10.95849999999999547 ) ) ;
#889 = EDGE_CURVE ( 'NONE', #1559, #3780, #3067, .T. ) ;
#890 = AXIS2_PLACEMENT_3D ( 'NONE', #722, #5599, #3995 ) ;
#891 = EDGE_CURVE ( 'NONE', #682, #4022, #139, .T. ) ;
#892 = ORIENTED_EDGE ( 'NONE', *, *, #3623, .T. ) ;
#893 = AXIS2_PLACEMENT_3D ( 'NONE', #1200, #3662, #2007 ) ;
#894 = DIRECTION ( 'NONE',  ( 0.000000000000000000, 0.000000000000000000, 1.000000000000000000 ) ) ;
#895 = ORIENTED_EDGE ( 'NONE', *, *, #3122, .T. ) ;
#896 = ADVANCED_FACE ( 'NONE', ( #184, #5771 ), #5017, .T. ) ;
#897 = DIRECTION ( 'NONE',  ( -1.000000000000000000, 0.000000000000000000, 0.000000000000000000 ) ) ;
#898 = DIRECTION ( 'NONE',  ( 0.000000000000000000, -1.000000000000000000, 0.000000000000000000 ) ) ;
#899 = EDGE_CURVE ( 'NONE', #6215, #10310, #3408, .T. ) ;
#900 = DIRECTION ( 'NONE',  ( 0.000000000000000000, 1.000000000000000000, 0.000000000000000000 ) ) ;
#901 = DIRECTION ( 'NONE',  ( -1.000000000000000000, 0.000000000000000000, 0.000000000000000000 ) ) ;
#902 = CIRCLE ( 'NONE', #3814, 0.6000000000001013412 ) ;
#903 = DIRECTION ( 'NONE',  ( 0.000000000000000000, 0.000000000000000000, -1.000000000000000000 ) ) ;
#904 = EDGE_CURVE ( 'NONE', #3907, #9284, #788, .T. ) ;
#905 = CARTESIAN_POINT ( 'NONE',  ( 0.000000000000000000, 0.000000000000000000, 9.394203811574740826 ) ) ;
#906 = AXIS2_PLACEMENT_3D ( 'NONE', #3511, #6831, #9184 ) ;
#907 = ORIENTED_EDGE ( 'NONE', *, *, #9319, .F. ) ;
#908 = ORIENTED_EDGE ( 'NONE', *, *, #4314, .T. ) ;
#909 = ORIENTED_EDGE ( 'NONE', *, *, #5171, .F. ) ;
#910 = CARTESIAN_POINT ( 'NONE',  ( -4.352726514326100471, -30.00000000000000000, 0.000000000000000000 ) ) ;
#911 = CARTESIAN_POINT ( 'NONE',  ( 9.719999999999998863, 26.00000000000000000, 0.000000000000000000 ) ) ;
#912 = ORIENTED_EDGE ( 'NONE', *, *, #9914, .T. ) ;
#913 = CARTESIAN_POINT ( 'NONE',  ( -0.4999999999993929856, 17.49999999999940314, -31.00000000000000000 ) ) ;
#914 = ADVANCED_FACE ( 'NONE', ( #3249, #2444 ), #4963, .T. ) ;
#915 = CIRCLE ( 'NONE', #9788, 13.99999999999321965 ) ;
#916 = DIRECTION ( 'NONE',  ( 1.000000000000000000, 0.000000000000000000, 0.000000000000000000 ) ) ;
#917 = DIRECTION ( 'NONE',  ( 0.000000000000000000, 0.000000000000000000, -1.000000000000000000 ) ) ;
#918 = ADVANCED_FACE ( 'NONE', ( #2757 ), #1261, .F. ) ;
#919 = VECTOR ( 'NONE', #2624, 1000.000000000000227 ) ;
#920 = CARTESIAN_POINT ( 'NONE',  ( 12.00000000000000000, 22.00000000000000000, 0.000000000000000000 ) ) ;
#921 = ORIENTED_EDGE ( 'NONE', *, *, #8858, .T. ) ;
#922 = EDGE_LOOP ( 'NONE', ( #4784, #5444, #9556, #8341 ) ) ;
#923 = ORIENTED_EDGE ( 'NONE', *, *, #3383, .T. ) ;
#924 = DIRECTION ( 'NONE',  ( 1.000000000000000000, 0.000000000000000000, 0.000000000000000000 ) ) ;
#925 = LINE ( 'NONE', #4197, #1651 ) ;
#926 = AXIS2_PLACEMENT_3D ( 'NONE', #905, #6636, #9888 ) ;
#927 = ORIENTED_EDGE ( 'NONE', *, *, #3131, .T. ) ;
#928 =( BOUNDED_CURVE ( )  B_SPLINE_CURVE ( 3, ( #7563, #10074, #3501, #6869 ),
 .UNSPECIFIED., .F., .F. ) 
 B_SPLINE_CURVE_WITH_KNOTS ( ( 4, 4 ),
 ( 0.000000000000000000, 1.570796326794895004 ),
 .UNSPECIFIED. ) 
 CURVE ( )  GEOMETRIC_REPRESENTATION_ITEM ( )  RATIONAL_B_SPLINE_CURVE ( ( 1.000000000000000000, 0.8047378541243649375, 0.8047378541243649375, 1.000000000000000000 ) ) 
 REPRESENTATION_ITEM ( '' )  );
#929 = AXIS2_PLACEMENT_3D ( 'NONE', #3924, #7228, #8028 ) ;
#930 = CIRCLE ( 'NONE', #2977, 4.283000000000009244 ) ;
#931 = FACE_OUTER_BOUND ( 'NONE', #7817, .T. ) ;
#932 = LINE ( 'NONE', #5695, #9950 ) ;
#933 = DIRECTION ( 'NONE',  ( 0.000000000000000000, 0.000000000000000000, -1.000000000000000000 ) ) ;
#934 = VECTOR ( 'NONE', #8840, 1000.000000000000000 ) ;
#935 = VECTOR ( 'NONE', #10117, 1000.000000000000000 ) ;
#936 = VECTOR ( 'NONE', #6729, 1000.000000000000000 ) ;
#937 = ORIENTED_EDGE ( 'NONE', *, *, #6465, .F. ) ;
#938 = CARTESIAN_POINT ( 'NONE',  ( -2.458500000000000352, 16.00000000000000000, -145.9584999999999866 ) ) ;
#939 = VERTEX_POINT ( 'NONE', #3565 ) ;
#940 = LINE ( 'NONE', #1688, #10281 ) ;
#941 = ORIENTED_EDGE ( 'NONE', *, *, #8433, .F. ) ;
#942 = FACE_OUTER_BOUND ( 'NONE', #10270, .T. ) ;
#943 = CARTESIAN_POINT ( 'NONE',  ( 6.500009366886736473, 26.49484939948370155, -151.9188393874953817 ) ) ;
#944 = AXIS2_PLACEMENT_3D ( 'NONE', #9421, #6973, #8686 ) ;
#945 = CARTESIAN_POINT ( 'NONE',  ( 6.582933023791325944, 25.08609319260533610, -151.9798273416654411 ) ) ;
#946 = EDGE_CURVE ( 'NONE', #8881, #1157, #3161, .T. ) ;
#947 = CARTESIAN_POINT ( 'NONE',  ( 0.000000000000000000, -13.54149999999999920, -143.5000000000000000 ) ) ;
#948 = EDGE_LOOP ( 'NONE', ( #3282, #5431, #2784, #6159 ) ) ;
#949 = LINE ( 'NONE', #7477, #1557 ) ;
#950 = LINE ( 'NONE', #2558, #76 ) ;
#951 = CARTESIAN_POINT ( 'NONE',  ( -8.000000000000000000, -26.00000000000000000, -2.000000000000000000 ) ) ;
#952 = DIRECTION ( 'NONE',  ( -1.000000000000000000, 0.000000000000000000, 0.000000000000000000 ) ) ;
#953 = PLANE ( 'NONE',  #7140 ) ;
#954 = CIRCLE ( 'NONE', #5578, 4.232999999999999652 ) ;
#955 = DIRECTION ( 'NONE',  ( 0.000000000000000000, 0.000000000000000000, 1.000000000000000000 ) ) ;
#956 = VECTOR ( 'NONE', #645, 1000.000000000000000 ) ;
#957 = EDGE_CURVE ( 'NONE', #4543, #9284, #5041, .T. ) ;
#958 = ORIENTED_EDGE ( 'NONE', *, *, #9636, .T. ) ;
#959 = EDGE_LOOP ( 'NONE', ( #10417, #5647 ) ) ;
#960 = ORIENTED_EDGE ( 'NONE', *, *, #9460, .F. ) ;
#961 = FACE_OUTER_BOUND ( 'NONE', #6952, .T. ) ;
#962 = PLANE ( 'NONE',  #4857 ) ;
#963 = AXIS2_PLACEMENT_3D ( 'NONE', #8639, #3074, #6336 ) ;
#964 = ORIENTED_EDGE ( 'NONE', *, *, #4906, .F. ) ;
#965 = LINE ( 'NONE', #5947, #999 ) ;
#966 = VECTOR ( 'NONE', #7909, 1000.000000000000000 ) ;
#967 = CARTESIAN_POINT ( 'NONE',  ( 9.500000000000000000, 25.13397459621599950, 0.000000000000000000 ) ) ;
#968 = AXIS2_PLACEMENT_3D ( 'NONE', #4262, #6826, #8328 ) ;
#969 = EDGE_CURVE ( 'NONE', #8966, #493, #4525, .T. ) ;
#970 = DIRECTION ( 'NONE',  ( 0.000000000000000000, -1.000000000000000000, 0.000000000000000000 ) ) ;
#971 = EDGE_CURVE ( 'NONE', #1410, #3469, #9283, .T. ) ;
#972 = CARTESIAN_POINT ( 'NONE',  ( 0.000000000000000000, -30.00000000000000000, -8.500000000000000000 ) ) ;
#973 = ORIENTED_EDGE ( 'NONE', *, *, #2486, .F. ) ;
#974 = VERTEX_POINT ( 'NONE', #340 ) ;
#975 = ORIENTED_EDGE ( 'NONE', *, *, #4587, .T. ) ;
#976 = DIRECTION ( 'NONE',  ( 0.000000000000000000, 0.000000000000000000, 1.000000000000000000 ) ) ;
#977 = AXIS2_PLACEMENT_3D ( 'NONE', #2912, #3986, #9748 ) ;
#978 = CARTESIAN_POINT ( 'NONE',  ( 9.499997307918606637, 26.07167628307380269, -151.8729861951774183 ) ) ;
#979 = EDGE_LOOP ( 'NONE', ( #10275, #2140 ) ) ;
#980 = ADVANCED_FACE ( 'NONE', ( #1959 ), #3729, .F. ) ;
#981 = CARTESIAN_POINT ( 'NONE',  ( 2.458499999999998575, -14.55984404309426772, -145.9584999999998445 ) ) ;
#982 = CARTESIAN_POINT ( 'NONE',  ( 9.500000000000000000, 26.06936918193533614, -0.1270170592245051799 ) ) ;
#983 = CARTESIAN_POINT ( 'NONE',  ( 7.100000000000609823, 30.39999999999939817, -17.00000000000000000 ) ) ;
#984 = VECTOR ( 'NONE', #1237, 1000.000000000000000 ) ;
#985 = AXIS2_PLACEMENT_3D ( 'NONE', #9608, #7958, #4542 ) ;
#986 = DIRECTION ( 'NONE',  ( 0.000000000000000000, 0.8660254037851978781, 0.4999999999986849408 ) ) ;
#987 = ORIENTED_EDGE ( 'NONE', *, *, #1893, .T. ) ;
#988 = DIRECTION ( 'NONE',  ( 0.000000000000000000, 0.000000000000000000, 1.000000000000000000 ) ) ;
#989 = ORIENTED_EDGE ( 'NONE', *, *, #1957, .F. ) ;
#990 =( BOUNDED_CURVE ( )  B_SPLINE_CURVE ( 3, ( #8870, #1535, #4601, #8063 ),
 .UNSPECIFIED., .F., .F. ) 
 B_SPLINE_CURVE_WITH_KNOTS ( ( 4, 4 ),
 ( 5.497787143782139729, 6.283185307179590673 ),
 .UNSPECIFIED. ) 
 CURVE ( )  GEOMETRIC_REPRESENTATION_ITEM ( )  RATIONAL_B_SPLINE_CURVE ( ( 1.000000000000000000, 0.9492530216741910110, 0.9492530216741910110, 1.000000000000000000 ) ) 
 REPRESENTATION_ITEM ( '' )  );
#991 = DIRECTION ( 'NONE',  ( 0.000000000000000000, 0.000000000000000000, 1.000000000000000000 ) ) ;
#992 = ORIENTED_EDGE ( 'NONE', *, *, #5291, .F. ) ;
#993 = CARTESIAN_POINT ( 'NONE',  ( 0.000000000000000000, -16.00000000000000000, -12.49999999999396039 ) ) ;
#994 = EDGE_CURVE ( 'NONE', #1239, #880, #10121, .T. ) ;
#995 = DIRECTION ( 'NONE',  ( 1.000000000000000000, 0.000000000000000000, 0.000000000000000000 ) ) ;
#996 = CARTESIAN_POINT ( 'NONE',  ( 6.822157190407587279, 24.94788955764582994, -151.9185876847755594 ) ) ;
#997 = CARTESIAN_POINT ( 'NONE',  ( -3.971223470242150277, 4.497708766627499521, 7.799999999999999822 ) ) ;
#998 = ADVANCED_FACE ( 'NONE', ( #7575 ), #4473, .T. ) ;
#999 = VECTOR ( 'NONE', #3476, 1000.000000000000000 ) ;
#1000 = CARTESIAN_POINT ( 'NONE',  ( 8.000000000000000000, 26.00000000000000000, -2.000000000000000000 ) ) ;
#1001 = ORIENTED_EDGE ( 'NONE', *, *, #4366, .F. ) ;
#1002 = LINE ( 'NONE', #1109, #2415 ) ;
#1003 = LINE ( 'NONE', #7525, #5882 ) ;
#1004 = DIRECTION ( 'NONE',  ( 0.000000000000000000, 0.000000000000000000, -1.000000000000000000 ) ) ;
#1005 = CARTESIAN_POINT ( 'NONE',  ( 6.500000000000000000, 26.86602540378400050, 0.000000000000000000 ) ) ;
#1006 = DIRECTION ( 'NONE',  ( -1.000000000000000000, 0.000000000000000000, 0.000000000000000000 ) ) ;
#1007 = EDGE_CURVE ( 'NONE', #2935, #4558, #6887, .T. ) ;
#1008 = VERTEX_POINT ( 'NONE', #239 ) ;
#1009 = ORIENTED_EDGE ( 'NONE', *, *, #9581, .F. ) ;
#1010 = ORIENTED_EDGE ( 'NONE', *, *, #6091, .F. ) ;
#1011 = FACE_OUTER_BOUND ( 'NONE', #5005, .T. ) ;
#1012 = DIRECTION ( 'NONE',  ( 0.000000000000000000, 0.000000000000000000, -1.000000000000000000 ) ) ;
#1013 = ORIENTED_EDGE ( 'NONE', *, *, #1972, .T. ) ;
#1014 = DIRECTION ( 'NONE',  ( 0.000000000000000000, 0.000000000000000000, 1.000000000000000000 ) ) ;
#1015 = CARTESIAN_POINT ( 'NONE',  ( 6.499844549510815028, 25.43849869777030293, -151.9286250037403363 ) ) ;
#1016 = CARTESIAN_POINT ( 'NONE',  ( -4.232999999999999652, 0.000000000000000000, 30.00000000000000000 ) ) ;
#1017 = AXIS2_PLACEMENT_3D ( 'NONE', #3255, #8872, #7272 ) ;
#1018 = DIRECTION ( 'NONE',  ( -0.7071067811865350272, 0.000000000000000000, -0.7071067811865600072 ) ) ;
#1019 = ADVANCED_FACE ( 'NONE', ( #8431 ), #6081, .F. ) ;
#1020 = DIRECTION ( 'NONE',  ( 0.000000000000000000, 0.000000000000000000, 1.000000000000000000 ) ) ;
#1021 = ORIENTED_EDGE ( 'NONE', *, *, #6032, .F. ) ;
#1022 = ORIENTED_EDGE ( 'NONE', *, *, #9914, .F. ) ;
#1023 = ORIENTED_EDGE ( 'NONE', *, *, #108, .T. ) ;
#1024 = DIRECTION ( 'NONE',  ( 0.000000000000000000, 0.000000000000000000, -1.000000000000000000 ) ) ;
#1025 = CARTESIAN_POINT ( 'NONE',  ( 0.000000000000000000, 0.000000000000000000, 30.00000000000000000 ) ) ;
#1026 = EDGE_CURVE ( 'NONE', #8312, #5131, #5522, .T. ) ;
#1027 = EDGE_CURVE ( 'NONE', #9557, #9366, #5890, .T. ) ;
#1028 = VERTEX_POINT ( 'NONE', #6780 ) ;
#1029 = EDGE_CURVE ( 'NONE', #4665, #5635, #10082, .T. ) ;
#1030 = CYLINDRICAL_SURFACE ( 'NONE', #2113, 3.499999999999999556 ) ;
#1031 = CARTESIAN_POINT ( 'NONE',  ( -11.79999999999944116, -16.00000000000000000, -3.299999999999444711 ) ) ;
#1032 = FACE_OUTER_BOUND ( 'NONE', #7984, .T. ) ;
#1033 = CARTESIAN_POINT ( 'NONE',  ( 12.00000000000000000, -16.00000000000000000, -143.5000000000000000 ) ) ;
#1034 = VERTEX_POINT ( 'NONE', #7789 ) ;
#1035 = ORIENTED_EDGE ( 'NONE', *, *, #4324, .T. ) ;
#1036 = ORIENTED_EDGE ( 'NONE', *, *, #5743, .T. ) ;
#1037 = CARTESIAN_POINT ( 'NONE',  ( 11.50000000000000000, 26.00000000000000000, -0.3999999999999810374 ) ) ;
#1038 = EDGE_LOOP ( 'NONE', ( #4771, #160, #744, #743, #6387 ) ) ;
#1039 = CARTESIAN_POINT ( 'NONE',  ( -9.350000000000001421, 35.00000000000000000, -17.00000000000000000 ) ) ;
#1040 = EDGE_CURVE ( 'NONE', #1034, #8268, #1208, .T. ) ;
#1041 = AXIS2_PLACEMENT_3D ( 'NONE', #9001, #8198, #924 ) ;
#1042 = DIRECTION ( 'NONE',  ( -0.000000000000000000, 1.000000000000000000, 0.000000000000000000 ) ) ;
#1043 = CARTESIAN_POINT ( 'NONE',  ( -12.05000000000064020, 27.50000000000000000, -17.00000000000000000 ) ) ;
#1044 = CARTESIAN_POINT ( 'NONE',  ( 9.417066976179564008, 26.91390680741146113, -151.9798273416558914 ) ) ;
#1045 = EDGE_CURVE ( 'NONE', #2730, #9372, #8256, .T. ) ;
#1046 = VECTOR ( 'NONE', #10532, 1000.000000000000114 ) ;
#1047 = DIRECTION ( 'NONE',  ( 0.000000000000000000, 1.000000000000000000, 0.000000000000000000 ) ) ;
#1048 = VERTEX_POINT ( 'NONE', #457 ) ;
#1049 = ADVANCED_FACE ( 'NONE', ( #2062 ), #5492, .F. ) ;
#1050 = DIRECTION ( 'NONE',  ( 0.000000000000000000, 0.000000000000000000, -1.000000000000000000 ) ) ;
#1051 = DIRECTION ( 'NONE',  ( -1.000000000000000000, 0.000000000000000000, 0.000000000000000000 ) ) ;
#1052 = AXIS2_PLACEMENT_3D ( 'NONE', #5192, #8552, #4439 ) ;
#1053 = LINE ( 'NONE', #3569, #7021 ) ;
#1054 = DIRECTION ( 'NONE',  ( 0.000000000000000000, 0.000000000000000000, -1.000000000000000000 ) ) ;
#1055 = CYLINDRICAL_SURFACE ( 'NONE', #2182, 2.458500000000000352 ) ;
#1056 = AXIS2_PLACEMENT_3D ( 'NONE', #881, #8267, #3292 ) ;
#1057 = VECTOR ( 'NONE', #6087, 1000.000000000000000 ) ;
#1058 = VERTEX_POINT ( 'NONE', #2979 ) ;
#1059 = VERTEX_POINT ( 'NONE', #9654 ) ;
#1060 = ORIENTED_EDGE ( 'NONE', *, *, #7244, .T. ) ;
#1061 = LINE ( 'NONE', #5988, #8482 ) ;
#1062 = CARTESIAN_POINT ( 'NONE',  ( 6.280000000000000249, 26.00000000000000000, -152.0000000000000000 ) ) ;
#1063 = ORIENTED_EDGE ( 'NONE', *, *, #9515, .T. ) ;
#1064 = CARTESIAN_POINT ( 'NONE',  ( 1.271201803182606893, -18.20564223991167552, -10.70564223991165953 ) ) ;
#1065 = FACE_OUTER_BOUND ( 'NONE', #278, .T. ) ;
#1066 = CARTESIAN_POINT ( 'NONE',  ( 8.000000000000000000, 26.00000000000000000, -148.1000000000000227 ) ) ;
#1067 = VECTOR ( 'NONE', #9329, 1000.000000000000000 ) ;
#1068 = DIRECTION ( 'NONE',  ( 1.000000000000000000, 0.000000000000000000, 0.000000000000000000 ) ) ;
#1069 = VECTOR ( 'NONE', #7, 1000.000000000000114 ) ;
#1070 = CARTESIAN_POINT ( 'NONE',  ( 0.4999999999993929856, -25.50000000000000000, -31.00000000000000000 ) ) ;
#1071 = DIRECTION ( 'NONE',  ( 0.000000000000000000, 0.000000000000000000, -1.000000000000000000 ) ) ;
#1072 = VERTEX_POINT ( 'NONE', #6185 ) ;
#1073 = ORIENTED_EDGE ( 'NONE', *, *, #2754, .F. ) ;
#1074 = ORIENTED_EDGE ( 'NONE', *, *, #5921, .F. ) ;
#1075 = LINE ( 'NONE', #4561, #7796 ) ;
#1076 = VECTOR ( 'NONE', #1079, 1000.000000000000114 ) ;
#1077 = DIRECTION ( 'NONE',  ( 0.000000000000000000, 0.000000000000000000, 1.000000000000000000 ) ) ;
#1078 = ORIENTED_EDGE ( 'NONE', *, *, #6670, .T. ) ;
#1079 = DIRECTION ( 'NONE',  ( 0.08784076505916550703, 0.9961345290641321348, 0.000000000000000000 ) ) ;
#1080 = CARTESIAN_POINT ( 'NONE',  ( -1.500000000000000000, 28.47151703059499539, -8.500000000000000000 ) ) ;
#1081 = CARTESIAN_POINT ( 'NONE',  ( 2.458499999999998575, 17.44015595690575537, -6.041500000000012527 ) ) ;
#1082 = VECTOR ( 'NONE', #6848, 1000.000000000000000 ) ;
#1083 = LINE ( 'NONE', #6819, #10323 ) ;
#1084 = ADVANCED_FACE ( 'NONE', ( #6239 ), #6510, .T. ) ;
#1085 = ORIENTED_EDGE ( 'NONE', *, *, #9264, .F. ) ;
#1086 = ORIENTED_EDGE ( 'NONE', *, *, #4608, .T. ) ;
#1087 = EDGE_LOOP ( 'NONE', ( #7908, #4242, #9570, #4328 ) ) ;
#1088 = TOROIDAL_SURFACE ( 'NONE', #7413, 3.782999999993959861, 0.5000000000060269567 ) ;
#1089 = EDGE_CURVE ( 'NONE', #3443, #4519, #617, .T. ) ;
#1090 = B_SPLINE_CURVE_WITH_KNOTS ( 'NONE', 3,
 ( #7571, #1044, #4313, #6828, #10080, #2753, #6027, #1953, #5230, #6234, #7841, #8745, #2915, #6132, #8001, #7094, #2175, #4633 ),
 .UNSPECIFIED., .F., .F.,
 ( 4, 2, 2, 2, 2, 2, 2, 2, 4 ),
 ( 0.000000000000000000, 0.1249999999999983624, 0.1874999999999947820, 0.2499999999999911737, 0.4999999999999917843, 0.6249999999999906741, 0.6874999999999936717, 0.7499999999999965583, 1.000000000000000000 ),
 .UNSPECIFIED. ) ;
#1091 = CARTESIAN_POINT ( 'NONE',  ( -1.649999999999999911, 33.20000000000000284, -152.0010000000000048 ) ) ;
#1092 = CIRCLE ( 'NONE', #580, 0.2000000000005539014 ) ;
#1093 = CARTESIAN_POINT ( 'NONE',  ( -6.850000000000000533, 33.40000000000054570, -152.0010000000000048 ) ) ;
#1094 = ORIENTED_EDGE ( 'NONE', *, *, #9587, .F. ) ;
#1095 = AXIS2_PLACEMENT_3D ( 'NONE', #5816, #9072, #9226 ) ;
#1096 = CARTESIAN_POINT ( 'NONE',  ( -4.700000000000099654, 5.755839955992679956E-16, 8.000000000000000000 ) ) ;
#1097 = CARTESIAN_POINT ( 'NONE',  ( 2.458500000000000352, -16.00000000000000000, -151.2084999999999866 ) ) ;
#1098 = CARTESIAN_POINT ( 'NONE',  ( 3.750000000000000000, -7.250000000000000000, -145.5000000000000000 ) ) ;
#1099 = DIRECTION ( 'NONE',  ( 0.000000000000000000, 1.000000000000000000, 0.000000000000000000 ) ) ;
#1100 = CIRCLE ( 'NONE', #7084, 0.5000000000060234040 ) ;
#1101 = ADVANCED_FACE ( 'NONE', ( #10463 ), #8052, .F. ) ;
#1102 = VECTOR ( 'NONE', #10152, 999.9999999999998863 ) ;
#1103 = VECTOR ( 'NONE', #6763, 1000.000000000000000 ) ;
#1104 = EDGE_CURVE ( 'NONE', #8514, #3167, #8808, .T. ) ;
#1105 = DIRECTION ( 'NONE',  ( 0.000000000000000000, 0.000000000000000000, -1.000000000000000000 ) ) ;
#1106 = ORIENTED_EDGE ( 'NONE', *, *, #6918, .T. ) ;
#1107 = AXIS2_PLACEMENT_3D ( 'NONE', #9113, #5851, #1784 ) ;
#1108 = EDGE_CURVE ( 'NONE', #7416, #9351, #3082, .T. ) ;
#1109 = CARTESIAN_POINT ( 'NONE',  ( 9.500000000000000000, 25.13397459621599950, -152.0000000000000000 ) ) ;
#1110 = AXIS2_PLACEMENT_3D ( 'NONE', #2, #8844, #5736 ) ;
#1111 = DIRECTION ( 'NONE',  ( 0.000000000000000000, -1.000000000000000000, 0.000000000000000000 ) ) ;
#1112 = DIRECTION ( 'NONE',  ( 0.000000000000000000, 0.000000000000000000, 1.000000000000000000 ) ) ;
#1113 = LINE ( 'NONE', #1005, #6190 ) ;
#1114 = VECTOR ( 'NONE', #399, 1000.000000000000000 ) ;
#1115 = DIRECTION ( 'NONE',  ( 0.000000000000000000, 0.000000000000000000, -1.000000000000000000 ) ) ;
#1116 = EDGE_CURVE ( 'NONE', #6017, #5504, #8003, .T. ) ;
#1117 = TOROIDAL_SURFACE ( 'NONE', #604, 4.799999999999450040, 0.2000000000005540124 ) ;
#1118 = VERTEX_POINT ( 'NONE', #8752 ) ;
#1119 = ORIENTED_EDGE ( 'NONE', *, *, #4825, .T. ) ;
#1120 = CARTESIAN_POINT ( 'NONE',  ( 1.000000000000000000, 32.99999999999945288, -17.00000000000000000 ) ) ;
#1121 = CARTESIAN_POINT ( 'NONE',  ( 7.458499999999999908, -16.00000000000000000, -10.95849999999999902 ) ) ;
#1122 = ORIENTED_EDGE ( 'NONE', *, *, #2332, .T. ) ;
#1123 = LINE ( 'NONE', #202, #1729 ) ;
#1124 = CARTESIAN_POINT ( 'NONE',  ( 7.007197661155371016, 27.15889677409033709, -151.8877686863247902 ) ) ;
#1125 = DIRECTION ( 'NONE',  ( 0.000000000000000000, 0.000000000000000000, -1.000000000000000000 ) ) ;
#1126 = CARTESIAN_POINT ( 'NONE',  ( 0.000000000000000000, 0.000000000000000000, 3.600000000000000089 ) ) ;
#1127 = AXIS2_PLACEMENT_3D ( 'NONE', #8372, #383, #3606 ) ;
#1128 = CARTESIAN_POINT ( 'NONE',  ( -12.00000000000000000, -16.00000000000000000, -8.500000000000000000 ) ) ;
#1129 = ORIENTED_EDGE ( 'NONE', *, *, #154, .T. ) ;
#1130 = EDGE_LOOP ( 'NONE', ( #6248, #2122 ) ) ;
#1131 = ORIENTED_EDGE ( 'NONE', *, *, #5485, .T. ) ;
#1132 = DIRECTION ( 'NONE',  ( -0.7071067811865441310, 8.659560562354980929E-17, -0.7071067811865510144 ) ) ;
#1133 = FACE_OUTER_BOUND ( 'NONE', #8423, .T. ) ;
#1134 = AXIS2_PLACEMENT_3D ( 'NONE', #6360, #4711, #680 ) ;
#1135 = AXIS2_PLACEMENT_3D ( 'NONE', #3559, #2596, #1796 ) ;
#1136 = ORIENTED_EDGE ( 'NONE', *, *, #6290, .T. ) ;
#1137 = CARTESIAN_POINT ( 'NONE',  ( -8.000000000000000000, -27.73205080756900287, -150.0000000000000000 ) ) ;
#1138 = LINE ( 'NONE', #9959, #8960 ) ;
#1139 = DIRECTION ( 'NONE',  ( 0.000000000000000000, 0.000000000000000000, 1.000000000000000000 ) ) ;
#1140 = CARTESIAN_POINT ( 'NONE',  ( 11.40000000000000036, 26.00000000000000000, -148.0000000000000000 ) ) ;
#1141 = B_SPLINE_CURVE_WITH_KNOTS ( 'NONE', 3,
 ( #9975, #6077, #8583, #1952 ),
 .UNSPECIFIED., .F., .F.,
 ( 4, 4 ),
 ( 0.000000000000000000, 1.000000000000000000 ),
 .UNSPECIFIED. ) ;
#1142 = VECTOR ( 'NONE', #3748, 999.9999999999998863 ) ;
#1143 =( BOUNDED_CURVE ( )  B_SPLINE_CURVE ( 3, ( #4855, #7411, #5764, #2439 ),
 .UNSPECIFIED., .F., .F. ) 
 B_SPLINE_CURVE_WITH_KNOTS ( ( 4, 4 ),
 ( 5.497787143782139729, 6.283185307179590673 ),
 .UNSPECIFIED. ) 
 CURVE ( )  GEOMETRIC_REPRESENTATION_ITEM ( )  RATIONAL_B_SPLINE_CURVE ( ( 1.000000000000000000, 0.9492530216741910110, 0.9492530216741910110, 1.000000000000000000 ) ) 
 REPRESENTATION_ITEM ( '' )  );
#1144 = ORIENTED_EDGE ( 'NONE', *, *, #235, .F. ) ;
#1145 = ORIENTED_EDGE ( 'NONE', *, *, #946, .T. ) ;
#1146 = CARTESIAN_POINT ( 'NONE',  ( 5.590398646903969926, 1.545135259028805219, 8.000000000000000000 ) ) ;
#1147 = DIRECTION ( 'NONE',  ( 9.293161478447019041E-17, -1.000000000000000000, 0.000000000000000000 ) ) ;
#1148 = VERTEX_POINT ( 'NONE', #5596 ) ;
#1149 = DIRECTION ( 'NONE',  ( 8.659560562354913137E-17, -0.7071067811865485719, 0.7071067811865465735 ) ) ;
#1150 = LINE ( 'NONE', #334, #3199 ) ;
#1151 = CIRCLE ( 'NONE', #4064, 2.458500000000000352 ) ;
#1152 = DIRECTION ( 'NONE',  ( 0.000000000000000000, 0.000000000000000000, -1.000000000000000000 ) ) ;
#1153 = DIRECTION ( 'NONE',  ( 1.000000000000000000, 0.000000000000000000, 0.000000000000000000 ) ) ;
#1154 = ADVANCED_FACE ( 'NONE', ( #670 ), #7016, .T. ) ;
#1155 = DIRECTION ( 'NONE',  ( 0.000000000000000000, 0.000000000000000000, -1.000000000000000000 ) ) ;
#1156 = DIRECTION ( 'NONE',  ( 0.000000000000000000, 0.000000000000000000, 1.000000000000000000 ) ) ;
#1157 = VERTEX_POINT ( 'NONE', #4638 ) ;
#1158 = CARTESIAN_POINT ( 'NONE',  ( 0.000000000000000000, -29.20849999999999724, -143.5000000000000000 ) ) ;
#1159 = CARTESIAN_POINT ( 'NONE',  ( -7.125126457527410473, -24.77305216505028440, -151.8730948150227391 ) ) ;
#1160 = FACE_OUTER_BOUND ( 'NONE', #8621, .T. ) ;
#1161 = CARTESIAN_POINT ( 'NONE',  ( -6.500109568639659052, -25.75187763567891253, -151.8844561243169551 ) ) ;
#1162 = ADVANCED_FACE ( 'NONE', ( #505 ), #3946, .F. ) ;
#1163 = EDGE_CURVE ( 'NONE', #6491, #7290, #1383, .T. ) ;
#1164 = FACE_OUTER_BOUND ( 'NONE', #8120, .T. ) ;
#1165 = EDGE_CURVE ( 'NONE', #1301, #2669, #7357, .T. ) ;
#1166 = ORIENTED_EDGE ( 'NONE', *, *, #4373, .T. ) ;
#1167 = EDGE_CURVE ( 'NONE', #7223, #6761, #3897, .T. ) ;
#1168 = VERTEX_POINT ( 'NONE', #10413 ) ;
#1169 = FACE_OUTER_BOUND ( 'NONE', #4176, .T. ) ;
#1170 = VECTOR ( 'NONE', #1305, 1000.000000000000114 ) ;
#1171 = CARTESIAN_POINT ( 'NONE',  ( -7.249999999999710454, -27.29903810567634892, -150.0000000000000000 ) ) ;
#1172 = ORIENTED_EDGE ( 'NONE', *, *, #4626, .T. ) ;
#1173 = LINE ( 'NONE', #4488, #3988 ) ;
#1174 = CYLINDRICAL_SURFACE ( 'NONE', #3103, 4.000000000000305533 ) ;
#1175 = CYLINDRICAL_SURFACE ( 'NONE', #6275, 0.2000000000005539014 ) ;
#1176 = VECTOR ( 'NONE', #5421, 1000.000000000000000 ) ;
#1177 = ADVANCED_FACE ( 'NONE', ( #6296 ), #2918, .T. ) ;
#1178 = CARTESIAN_POINT ( 'NONE',  ( -4.030983766875084306, -26.35136306023699859, -152.0000000000000000 ) ) ;
#1179 = DIRECTION ( 'NONE',  ( 1.000000000000000000, 0.000000000000000000, 0.000000000000000000 ) ) ;
#1180 = CIRCLE ( 'NONE', #5292, 8.000000000000611067 ) ;
#1181 = EDGE_CURVE ( 'NONE', #4727, #9759, #7201, .T. ) ;
#1182 = CARTESIAN_POINT ( 'NONE',  ( 0.4999999999993929856, -17.49999999999940314, -121.0000000000000000 ) ) ;
#1183 = EDGE_CURVE ( 'NONE', #606, #4975, #9746, .T. ) ;
#1184 = ORIENTED_EDGE ( 'NONE', *, *, #7065, .F. ) ;
#1185 = EDGE_LOOP ( 'NONE', ( #1475, #2881 ) ) ;
#1186 = ORIENTED_EDGE ( 'NONE', *, *, #6874, .T. ) ;
#1187 = CARTESIAN_POINT ( 'NONE',  ( -11.60629780968142022, 27.73049591386089929, -17.00000000000000000 ) ) ;
#1188 = CARTESIAN_POINT ( 'NONE',  ( 8.000000000000000000, 24.26794919243099713, 0.000000000000000000 ) ) ;
#1189 = ADVANCED_FACE ( 'NONE', ( #9546 ), #8856, .F. ) ;
#1190 = ORIENTED_EDGE ( 'NONE', *, *, #1007, .F. ) ;
#1191 = DIRECTION ( 'NONE',  ( 0.000000000000000000, 0.000000000000000000, -1.000000000000000000 ) ) ;
#1192 = CARTESIAN_POINT ( 'NONE',  ( 9.500000000000000000, 26.55749504584484555, -0.07210002409137497570 ) ) ;
#1193 = CARTESIAN_POINT ( 'NONE',  ( -11.79999999999944116, -16.00000000000000000, -8.500000000000000000 ) ) ;
#1194 = CARTESIAN_POINT ( 'NONE',  ( -4.352726514326100471, -30.00000000000000000, -152.0000000000000000 ) ) ;
#1195 = VERTEX_POINT ( 'NONE', #7843 ) ;
#1196 = ORIENTED_EDGE ( 'NONE', *, *, #1885, .F. ) ;
#1197 = CARTESIAN_POINT ( 'NONE',  ( -2.756766064641392067, -18.75676606464142537, -7.779922021547131195 ) ) ;
#1198 = DIRECTION ( 'NONE',  ( 1.000000000000000000, 0.000000000000000000, 0.000000000000000000 ) ) ;
#1199 = VERTEX_POINT ( 'NONE', #7039 ) ;
#1200 = CARTESIAN_POINT ( 'NONE',  ( 8.000000000000000000, 26.00000000000000000, -152.0000000000000000 ) ) ;
#1201 = DIRECTION ( 'NONE',  ( 0.000000000000000000, 0.000000000000000000, -1.000000000000000000 ) ) ;
#1202 = ADVANCED_FACE ( 'NONE', ( #129 ), #7350, .F. ) ;
#1203 = CARTESIAN_POINT ( 'NONE',  ( 9.218549761865663328, 24.97147922546554710, -0.08493428410449010979 ) ) ;
#1204 = DIRECTION ( 'NONE',  ( -1.000000000000000000, 0.000000000000000000, 0.000000000000000000 ) ) ;
#1205 = CIRCLE ( 'NONE', #6333, 1.719999999999999307 ) ;
#1206 = LINE ( 'NONE', #3563, #1973 ) ;
#1207 = CONICAL_SURFACE ( 'NONE', #6682, 4.283000000000009244, 0.5235987755967803636 ) ;
#1208 = LINE ( 'NONE', #3672, #8623 ) ;
#1209 = ORIENTED_EDGE ( 'NONE', *, *, #1353, .F. ) ;
#1210 = CARTESIAN_POINT ( 'NONE',  ( -2.205642239911665747, -17.27120180318257781, -141.2943577600882747 ) ) ;
#1211 = CARTESIAN_POINT ( 'NONE',  ( -9.500000000000000000, -26.86602540378400050, -152.0000000000000000 ) ) ;
#1212 = CARTESIAN_POINT ( 'NONE',  ( 2.458500000000000352, -16.00000000000000000, -0.7915000000000169678 ) ) ;
#1213 = CARTESIAN_POINT ( 'NONE',  ( -12.00000000000000000, 16.00000000000000000, -145.9584999999999866 ) ) ;
#1214 = DIRECTION ( 'NONE',  ( 0.000000000000000000, 0.000000000000000000, -1.000000000000000000 ) ) ;
#1215 = ADVANCED_FACE ( 'NONE', ( #5063 ), #9705, .F. ) ;
#1216 = EDGE_CURVE ( 'NONE', #1374, #4964, #9180, .T. ) ;
#1217 = EDGE_CURVE ( 'NONE', #5780, #7976, #5757, .T. ) ;
#1218 = VERTEX_POINT ( 'NONE', #3290 ) ;
#1219 = ORIENTED_EDGE ( 'NONE', *, *, #6931, .T. ) ;
#1220 = ORIENTED_EDGE ( 'NONE', *, *, #1811, .T. ) ;
#1221 = CARTESIAN_POINT ( 'NONE',  ( -1.250000000000614175, 34.60000000000059828, -135.0000000000000000 ) ) ;
#1222 = DIRECTION ( 'NONE',  ( 0.000000000000000000, 0.000000000000000000, 1.000000000000000000 ) ) ;
#1223 = ADVANCED_FACE ( 'NONE', ( #1575 ), #78, .T. ) ;
#1224 = ORIENTED_EDGE ( 'NONE', *, *, #6007, .F. ) ;
#1225 = CYLINDRICAL_SURFACE ( 'NONE', #8911, 2.458500000000000796 ) ;
#1226 = LINE ( 'NONE', #7750, #7470 ) ;
#1227 = AXIS2_PLACEMENT_3D ( 'NONE', #5395, #9603, #6404 ) ;
#1228 = CARTESIAN_POINT ( 'NONE',  ( 3.010794155703800205E-16, -18.45850000000000080, -6.041500000000000092 ) ) ;
#1229 = VECTOR ( 'NONE', #1968, 1000.000000000000000 ) ;
#1230 = CARTESIAN_POINT ( 'NONE',  ( -8.000000000001291411, 26.00000000000094857, -152.0000000000000000 ) ) ;
#1231 = EDGE_CURVE ( 'NONE', #2669, #1301, #2706, .T. ) ;
#1232 = EDGE_CURVE ( 'NONE', #5770, #6288, #3394, .T. ) ;
#1233 = LINE ( 'NONE', #3696, #337 ) ;
#1234 = ORIENTED_EDGE ( 'NONE', *, *, #9876, .F. ) ;
#1235 = ORIENTED_EDGE ( 'NONE', *, *, #3653, .F. ) ;
#1236 = VERTEX_POINT ( 'NONE', #1686 ) ;
#1237 = DIRECTION ( 'NONE',  ( 0.000000000000000000, 0.000000000000000000, -1.000000000000000000 ) ) ;
#1238 = AXIS2_PLACEMENT_3D ( 'NONE', #884, #8008, #8109 ) ;
#1239 = VERTEX_POINT ( 'NONE', #8161 ) ;
#1240 = DIRECTION ( 'NONE',  ( 1.000000000000000000, 0.000000000000000000, 0.000000000000000000 ) ) ;
#1241 = ORIENTED_EDGE ( 'NONE', *, *, #2946, .F. ) ;
#1242 = AXIS2_PLACEMENT_3D ( 'NONE', #2167, #494, #3717 ) ;
#1243 = CARTESIAN_POINT ( 'NONE',  ( -8.629378818778359772, -27.36859758809217524, -151.8757310935286853 ) ) ;
#1244 = ADVANCED_FACE ( 'NONE', ( #5857 ), #8867, .F. ) ;
#1245 = CARTESIAN_POINT ( 'NONE',  ( -8.000000000000000000, -26.00000000000000000, -152.0000000000000000 ) ) ;
#1246 = CARTESIAN_POINT ( 'NONE',  ( -2.458500000000000352, -16.00000000000000000, -145.9584999999999866 ) ) ;
#1247 = DIRECTION ( 'NONE',  ( 1.000000000000000000, 0.000000000000000000, 0.000000000000000000 ) ) ;
#1248 = ORIENTED_EDGE ( 'NONE', *, *, #1324, .T. ) ;
#1249 = ORIENTED_EDGE ( 'NONE', *, *, #5217, .F. ) ;
#1250 = FACE_OUTER_BOUND ( 'NONE', #5738, .T. ) ;
#1251 = CARTESIAN_POINT ( 'NONE',  ( -8.015521883131919267, -26.00000000000000000, 0.000000000000000000 ) ) ;
#1252 = ORIENTED_EDGE ( 'NONE', *, *, #1662, .F. ) ;
#1253 = FACE_OUTER_BOUND ( 'NONE', #3046, .T. ) ;
#1254 = PLANE ( 'NONE',  #9845 ) ;
#1255 = AXIS2_PLACEMENT_3D ( 'NONE', #3176, #7284, #8839 ) ;
#1256 = DIRECTION ( 'NONE',  ( -0.08784076505916560418, -0.9961345290641321348, 0.000000000000000000 ) ) ;
#1257 = LINE ( 'NONE', #3080, #6067 ) ;
#1258 = AXIS2_PLACEMENT_3D ( 'NONE', #1245, #7772, #6217 ) ;
#1259 = VECTOR ( 'NONE', #1125, 1000.000000000000000 ) ;
#1260 = LINE ( 'NONE', #10242, #9673 ) ;
#1261 = CYLINDRICAL_SURFACE ( 'NONE', #7763, 0.2000000000005539014 ) ;
#1262 = EDGE_LOOP ( 'NONE', ( #4227, #6322, #3114, #8800, #4277, #1131 ) ) ;
#1263 = ORIENTED_EDGE ( 'NONE', *, *, #1419, .F. ) ;
#1264 = CARTESIAN_POINT ( 'NONE',  ( -8.000000000000000000, -26.00000000000000000, -149.1339745962199856 ) ) ;
#1265 = LINE ( 'NONE', #4476, #3856 ) ;
#1266 = DIRECTION ( 'NONE',  ( 1.000000000000000000, 0.000000000000000000, 0.000000000000000000 ) ) ;
#1267 = CYLINDRICAL_SURFACE ( 'NONE', #466, 3.499999999999999556 ) ;
#1268 = AXIS2_PLACEMENT_3D ( 'NONE', #2924, #4426, #8539 ) ;
#1269 = AXIS2_PLACEMENT_3D ( 'NONE', #6550, #5694, #5643 ) ;
#1270 = EDGE_CURVE ( 'NONE', #7110, #8711, #8010, .T. ) ;
#1271 = VECTOR ( 'NONE', #9229, 1000.000000000000000 ) ;
#1272 = VECTOR ( 'NONE', #2414, 1000.000000000000000 ) ;
#1273 = ORIENTED_EDGE ( 'NONE', *, *, #4985, .F. ) ;
#1274 = AXIS2_PLACEMENT_3D ( 'NONE', #5645, #10566, #5697 ) ;
#1275 = ORIENTED_EDGE ( 'NONE', *, *, #231, .F. ) ;
#1276 = VERTEX_POINT ( 'NONE', #938 ) ;
#1277 = CARTESIAN_POINT ( 'NONE',  ( 1.649999999999999911, 34.60000000000059828, -17.00000000000000000 ) ) ;
#1278 = CARTESIAN_POINT ( 'NONE',  ( 8.200000000000549960, -16.00000000000000000, -8.500000000000000000 ) ) ;
#1279 = CARTESIAN_POINT ( 'NONE',  ( -7.249999999999640288, -24.70096189432354805, -2.000000000000000000 ) ) ;
#1280 = CARTESIAN_POINT ( 'NONE',  ( -8.500000000000000000, -25.50000000000000000, -121.0000000000000000 ) ) ;
#1281 = CARTESIAN_POINT ( 'NONE',  ( 1.271201803182606893, -18.20564223991167552, -145.7056422399116684 ) ) ;
#1282 = AXIS2_PLACEMENT_3D ( 'NONE', #1924, #4188, #6852 ) ;
#1283 = LINE ( 'NONE', #4606, #3151 ) ;
#1284 = AXIS2_PLACEMENT_3D ( 'NONE', #5427, #2259, #8732 ) ;
#1285 = DIRECTION ( 'NONE',  ( 1.000000000000000000, 0.000000000000000000, 0.000000000000000000 ) ) ;
#1286 = DIRECTION ( 'NONE',  ( 1.000000000000000000, 0.000000000000000000, 0.000000000000000000 ) ) ;
#1287 = ORIENTED_EDGE ( 'NONE', *, *, #1842, .T. ) ;
#1288 = ORIENTED_EDGE ( 'NONE', *, *, #836, .F. ) ;
#1289 = ORIENTED_EDGE ( 'NONE', *, *, #9339, .T. ) ;
#1290 = CARTESIAN_POINT ( 'NONE',  ( 1.200000000000553957, 33.20000000000000284, -135.0000000000000000 ) ) ;
#1291 = EDGE_LOOP ( 'NONE', ( #5188, #2919, #7008, #9385, #3227 ) ) ;
#1292 = DIRECTION ( 'NONE',  ( 0.000000000000000000, 0.000000000000000000, 1.000000000000000000 ) ) ;
#1293 = EDGE_LOOP ( 'NONE', ( #10014, #7325, #10399, #1560, #9238, #10076 ) ) ;
#1294 = EDGE_CURVE ( 'NONE', #1008, #1028, #3193, .T. ) ;
#1295 = CARTESIAN_POINT ( 'NONE',  ( -1.500000000000000000, 20.30000000000605098, -139.2170000000000130 ) ) ;
#1296 = DIRECTION ( 'NONE',  ( 0.000000000000000000, 0.000000000000000000, 1.000000000000000000 ) ) ;
#1297 = CARTESIAN_POINT ( 'NONE',  ( -9.500000000000000000, -26.00000000000000000, -150.0000000000000000 ) ) ;
#1298 = DIRECTION ( 'NONE',  ( 0.000000000000000000, 0.000000000000000000, -1.000000000000000000 ) ) ;
#1299 = EDGE_CURVE ( 'NONE', #1989, #8312, #3395, .T. ) ;
#1300 = AXIS2_PLACEMENT_3D ( 'NONE', #9942, #8602, #6893 ) ;
#1301 = VERTEX_POINT ( 'NONE', #5698 ) ;
#1302 = ORIENTED_EDGE ( 'NONE', *, *, #7573, .T. ) ;
#1303 = VERTEX_POINT ( 'NONE', #4845 ) ;
#1304 = VECTOR ( 'NONE', #7785, 1000.000000000000000 ) ;
#1305 = DIRECTION ( 'NONE',  ( -0.8660254037842985975, -0.5000000000002426948, 0.000000000000000000 ) ) ;
#1306 = EDGE_CURVE ( 'NONE', #7911, #5246, #4273, .T. ) ;
#1307 = DIRECTION ( 'NONE',  ( 0.000000000000000000, 0.000000000000000000, -1.000000000000000000 ) ) ;
#1308 = VECTOR ( 'NONE', #9960, 1000.000000000000000 ) ;
#1309 = ORIENTED_EDGE ( 'NONE', *, *, #6792, .T. ) ;
#1310 = CARTESIAN_POINT ( 'NONE',  ( -0.4999999999993929856, 25.50000000000000000, -121.0000000000000000 ) ) ;
#1311 = CARTESIAN_POINT ( 'NONE',  ( -10.00000000000000000, 0.000000000000000000, 0.000000000000000000 ) ) ;
#1312 = CARTESIAN_POINT ( 'NONE',  ( -7.475010432209577615, -24.57105206071674530, -0.1272730651319249617 ) ) ;
#1313 = DIRECTION ( 'NONE',  ( -1.000000000000000000, 0.000000000000000000, 0.000000000000000000 ) ) ;
#1314 = VECTOR ( 'NONE', #6547, 1000.000000000000000 ) ;
#1315 = CARTESIAN_POINT ( 'NONE',  ( -11.50000000000000000, -26.00000000000000000, -3.899999999999999911 ) ) ;
#1316 = DIRECTION ( 'NONE',  ( -1.000000000000000000, 0.000000000000000000, 0.000000000000000000 ) ) ;
#1317 = ORIENTED_EDGE ( 'NONE', *, *, #9085, .T. ) ;
#1318 = ORIENTED_EDGE ( 'NONE', *, *, #2024, .T. ) ;
#1319 = ADVANCED_FACE ( 'NONE', ( #7256 ), #3238, .F. ) ;
#1320 = FACE_OUTER_BOUND ( 'NONE', #5737, .T. ) ;
#1321 = DIRECTION ( 'NONE',  ( 0.8660254037842791686, -0.5000000000002761125, 0.000000000000000000 ) ) ;
#1322 = AXIS2_PLACEMENT_3D ( 'NONE', #2878, #6788, #6836 ) ;
#1323 = DIRECTION ( 'NONE',  ( 0.000000000000000000, 0.000000000000000000, 1.000000000000000000 ) ) ;
#1324 = EDGE_CURVE ( 'NONE', #441, #6082, #4101, .T. ) ;
#1325 = LINE ( 'NONE', #6247, #3544 ) ;
#1326 = AXIS2_PLACEMENT_3D ( 'NONE', #4380, #2825, #5934 ) ;
#1327 = B_SPLINE_CURVE_WITH_KNOTS ( 'NONE', 3,
 ( #4034, #4779, #57, #7288, #10555, #2474, #8037, #5682, #1665, #6601, #702, #1512, #3225, #2526, #9738, #2319, #3123, #2416 ),
 .UNSPECIFIED., .F., .F.,
 ( 4, 2, 2, 2, 2, 2, 2, 2, 4 ),
 ( 0.000000000000000000, 0.1250000000000054678, 0.1875000000000015266, 0.2499999999999976130, 0.5000000000000013323, 0.6250000000000034417, 0.6875000000000045519, 0.7500000000000055511, 1.000000000000000000 ),
 .UNSPECIFIED. ) ;
#1328 = ORIENTED_EDGE ( 'NONE', *, *, #8289, .T. ) ;
#1329 = ORIENTED_EDGE ( 'NONE', *, *, #6830, .T. ) ;
#1330 = VERTEX_POINT ( 'NONE', #2699 ) ;
#1331 = CYLINDRICAL_SURFACE ( 'NONE', #7625, 2.458500000000030106 ) ;
#1332 = DIRECTION ( 'NONE',  ( -1.000000000000000000, 0.000000000000000000, 0.000000000000000000 ) ) ;
#1333 = VERTEX_POINT ( 'NONE', #2859 ) ;
#1334 = LINE ( 'NONE', #1280, #4300 ) ;
#1335 =( BOUNDED_CURVE ( )  B_SPLINE_CURVE ( 3, ( #8812, #4699, #10196, #3786 ),
 .UNSPECIFIED., .F., .F. ) 
 B_SPLINE_CURVE_WITH_KNOTS ( ( 4, 4 ),
 ( 1.570796326794895004, 3.141592653589795336 ),
 .UNSPECIFIED. ) 
 CURVE ( )  GEOMETRIC_REPRESENTATION_ITEM ( )  RATIONAL_B_SPLINE_CURVE ( ( 1.000000000000000000, 0.8047378541243649375, 0.8047378541243649375, 1.000000000000000000 ) ) 
 REPRESENTATION_ITEM ( '' )  );
#1336 = DIRECTION ( 'NONE',  ( -1.000000000000000000, 0.000000000000000000, 0.000000000000000000 ) ) ;
#1337 = CARTESIAN_POINT ( 'NONE',  ( 4.030983766875089636, 26.35136306023699859, 0.000000000000000000 ) ) ;
#1338 = EDGE_CURVE ( 'NONE', #10120, #9678, #10048, .T. ) ;
#1339 = CARTESIAN_POINT ( 'NONE',  ( 0.000000000000000000, 0.000000000000000000, 2.000000000000000000 ) ) ;
#1340 = LINE ( 'NONE', #4609, #9893 ) ;
#1341 = VERTEX_POINT ( 'NONE', #4361 ) ;
#1342 = ORIENTED_EDGE ( 'NONE', *, *, #3324, .F. ) ;
#1343 = VERTEX_POINT ( 'NONE', #2745 ) ;
#1344 = LINE ( 'NONE', #3011, #4214 ) ;
#1345 = VECTOR ( 'NONE', #9365, 1000.000000000000000 ) ;
#1346 = ORIENTED_EDGE ( 'NONE', *, *, #9463, .F. ) ;
#1347 = FACE_OUTER_BOUND ( 'NONE', #7177, .T. ) ;
#1348 = ORIENTED_EDGE ( 'NONE', *, *, #8699, .T. ) ;
#1349 = CARTESIAN_POINT ( 'NONE',  ( 0.4999999999993929856, -17.49999999999940314, -31.00000000000000000 ) ) ;
#1350 = LINE ( 'NONE', #2159, #9820 ) ;
#1351 = EDGE_CURVE ( 'NONE', #1392, #8723, #10132, .T. ) ;
#1352 = ADVANCED_FACE ( 'NONE', ( #1944 ), #1684, .T. ) ;
#1353 = EDGE_CURVE ( 'NONE', #9759, #7611, #5998, .T. ) ;
#1354 = EDGE_LOOP ( 'NONE', ( #5478, #9400, #2770, #4831 ) ) ;
#1355 = VERTEX_POINT ( 'NONE', #9220 ) ;
#1356 = ORIENTED_EDGE ( 'NONE', *, *, #4238, .T. ) ;
#1357 = EDGE_CURVE ( 'NONE', #8467, #8966, #6647, .T. ) ;
#1358 = DIRECTION ( 'NONE',  ( 0.000000000000000000, 0.000000000000000000, -1.000000000000000000 ) ) ;
#1359 = CYLINDRICAL_SURFACE ( 'NONE', #10527, 2.458500000000000352 ) ;
#1360 = ADVANCED_FACE ( 'NONE', ( #1892 ), #8421, .F. ) ;
#1361 = ORIENTED_EDGE ( 'NONE', *, *, #176, .F. ) ;
#1362 = CARTESIAN_POINT ( 'NONE',  ( 1.449999999999445954, 33.40000000000054570, -135.0000000000000000 ) ) ;
#1363 = CARTESIAN_POINT ( 'NONE',  ( -6.500000000000000000, -25.13397459621599950, 0.000000000000000000 ) ) ;
#1364 = CARTESIAN_POINT ( 'NONE',  ( 12.00000000000000000, -16.00000000000000000, -13.70000000000056062 ) ) ;
#1365 = CARTESIAN_POINT ( 'NONE',  ( -12.00000000000000000, -22.00000000000000000, -4.000000000000000000 ) ) ;
#1366 = AXIS2_PLACEMENT_3D ( 'NONE', #736, #1700, #4968 ) ;
#1367 = CARTESIAN_POINT ( 'NONE',  ( 4.335090188609795447, 29.80000000000000071, 0.000000000000000000 ) ) ;
#1368 = CARTESIAN_POINT ( 'NONE',  ( -4.068859615986620604, 4.133325710053955326, 8.000000000000000000 ) ) ;
#1369 = CARTESIAN_POINT ( 'NONE',  ( -8.000000000000000000, -27.73205080756900287, -2.000000000000000000 ) ) ;
#1370 = VERTEX_POINT ( 'NONE', #280 ) ;
#1371 = ADVANCED_FACE ( 'NONE', ( #9270 ), #3555, .F. ) ;
#1372 = DIRECTION ( 'NONE',  ( 0.000000000000000000, 0.000000000000000000, -1.000000000000000000 ) ) ;
#1373 = CARTESIAN_POINT ( 'NONE',  ( -8.500000000000000000, -17.49999999999940314, -121.0000000000000000 ) ) ;
#1374 = VERTEX_POINT ( 'NONE', #1845 ) ;
#1375 = LINE ( 'NONE', #9498, #5677 ) ;
#1376 = DIRECTION ( 'NONE',  ( 0.000000000000000000, -1.000000000000000000, 0.000000000000000000 ) ) ;
#1377 = ADVANCED_FACE ( 'NONE', ( #330 ), #5961, .F. ) ;
#1378 = EDGE_CURVE ( 'NONE', #9366, #9557, #826, .T. ) ;
#1379 = EDGE_LOOP ( 'NONE', ( #838, #5018, #741, #3921 ) ) ;
#1380 = VERTEX_POINT ( 'NONE', #2646 ) ;
#1381 = VERTEX_POINT ( 'NONE', #3605 ) ;
#1382 = LINE ( 'NONE', #7056, #966 ) ;
#1383 = CIRCLE ( 'NONE', #8730, 1.500000000000001110 ) ;
#1384 = CARTESIAN_POINT ( 'NONE',  ( 8.200000000000549960, -16.00000000000000000, -3.500000000000000000 ) ) ;
#1385 = DIRECTION ( 'NONE',  ( -0.7071067811865570096, 8.659560562355049955E-17, 0.7071067811865380248 ) ) ;
#1386 = FACE_OUTER_BOUND ( 'NONE', #7260, .T. ) ;
#1387 = CARTESIAN_POINT ( 'NONE',  ( 7.500000000000000000, 33.20000000000000284, -152.0010000000000048 ) ) ;
#1388 = AXIS2_PLACEMENT_3D ( 'NONE', #7011, #9312, #10063 ) ;
#1389 = CARTESIAN_POINT ( 'NONE',  ( 9.500000000000000000, 26.00000000000000000, -0.1270170592245030150 ) ) ;
#1390 = DIRECTION ( 'NONE',  ( 0.000000000000000000, -1.000000000000000000, 0.000000000000000000 ) ) ;
#1391 = ORIENTED_EDGE ( 'NONE', *, *, #6850, .F. ) ;
#1392 = VERTEX_POINT ( 'NONE', #223 ) ;
#1393 = ORIENTED_EDGE ( 'NONE', *, *, #9281, .T. ) ;
#1394 = DIRECTION ( 'NONE',  ( -0.8660254037842989305, 0.5000000000002420286, 0.000000000000000000 ) ) ;
#1395 = VERTEX_POINT ( 'NONE', #9172 ) ;
#1396 = CARTESIAN_POINT ( 'NONE',  ( -12.00000000000000000, -16.00000000000000000, -145.9584999999999866 ) ) ;
#1397 = VECTOR ( 'NONE', #4641, 1000.000000000000000 ) ;
#1398 = ORIENTED_EDGE ( 'NONE', *, *, #835, .F. ) ;
#1399 = AXIS2_PLACEMENT_3D ( 'NONE', #7848, #2282, #622 ) ;
#1400 = DIRECTION ( 'NONE',  ( 0.000000000000000000, 0.000000000000000000, 1.000000000000000000 ) ) ;
#1401 = CARTESIAN_POINT ( 'NONE',  ( -9.500000000000000000, -25.13397459621599950, 0.000000000000000000 ) ) ;
#1402 = PLANE ( 'NONE',  #944 ) ;
#1403 = CIRCLE ( 'NONE', #7544, 3.499999999999999556 ) ;
#1404 = AXIS2_PLACEMENT_3D ( 'NONE', #833, #3147, #2389 ) ;
#1405 = ORIENTED_EDGE ( 'NONE', *, *, #9793, .F. ) ;
#1406 = VERTEX_POINT ( 'NONE', #5112 ) ;
#1407 = ORIENTED_EDGE ( 'NONE', *, *, #5450, .F. ) ;
#1408 = DIRECTION ( 'NONE',  ( 1.000000000000000000, -8.673617379883372829E-16, 0.000000000000000000 ) ) ;
#1409 = DIRECTION ( 'NONE',  ( 0.000000000000000000, 0.000000000000000000, -1.000000000000000000 ) ) ;
#1410 = VERTEX_POINT ( 'NONE', #8369 ) ;
#1411 = DIRECTION ( 'NONE',  ( -1.000000000000000000, 0.000000000000000000, 0.000000000000000000 ) ) ;
#1412 = DIRECTION ( 'NONE',  ( 1.000000000000000000, 0.000000000000000000, 0.000000000000000000 ) ) ;
#1413 = AXIS2_PLACEMENT_3D ( 'NONE', #447, #9538, #9430 ) ;
#1414 = EDGE_CURVE ( 'NONE', #8576, #6442, #928, .T. ) ;
#1415 = DIRECTION ( 'NONE',  ( 0.000000000000000000, 0.000000000000000000, 1.000000000000000000 ) ) ;
#1416 = CARTESIAN_POINT ( 'NONE',  ( -5.688034792648450022, -1.909518315602325211, 7.799999999999999822 ) ) ;
#1417 = EDGE_CURVE ( 'NONE', #7855, #9504, #4420, .T. ) ;
#1418 = DIRECTION ( 'NONE',  ( 0.000000000000000000, -1.000000000000000000, 0.000000000000000000 ) ) ;
#1419 = EDGE_CURVE ( 'NONE', #9524, #5561, #5273, .T. ) ;
#1420 = CARTESIAN_POINT ( 'NONE',  ( -9.500000000000000000, -26.86602540378400050, -2.000000000000000000 ) ) ;
#1421 = ORIENTED_EDGE ( 'NONE', *, *, #8543, .F. ) ;
#1422 = DIRECTION ( 'NONE',  ( 0.000000000000000000, 0.000000000000000000, -1.000000000000000000 ) ) ;
#1423 = DIRECTION ( 'NONE',  ( 1.000000000000000000, 0.000000000000000000, 0.000000000000000000 ) ) ;
#1424 = ORIENTED_EDGE ( 'NONE', *, *, #8761, .T. ) ;
#1425 = AXIS2_PLACEMENT_3D ( 'NONE', #10222, #3016, #4454 ) ;
#1426 = CYLINDRICAL_SURFACE ( 'NONE', #1907, 4.283000000000000362 ) ;
#1427 = CARTESIAN_POINT ( 'NONE',  ( 0.000000000000000000, 0.000000000000000000, 8.000000000000000000 ) ) ;
#1428 = EDGE_CURVE ( 'NONE', #9679, #7375, #7723, .T. ) ;
#1429 = AXIS2_PLACEMENT_3D ( 'NONE', #7599, #1871, #4986 ) ;
#1430 = EDGE_CURVE ( 'NONE', #10501, #7831, #7160, .T. ) ;
#1431 = ORIENTED_EDGE ( 'NONE', *, *, #6423, .F. ) ;
#1432 = ORIENTED_EDGE ( 'NONE', *, *, #9140, .F. ) ;
#1433 = EDGE_LOOP ( 'NONE', ( #8604, #8893, #5573, #6306, #5455, #2063 ) ) ;
#1434 = DIRECTION ( 'NONE',  ( 0.000000000000000000, 0.000000000000000000, 1.000000000000000000 ) ) ;
#1435 = AXIS2_PLACEMENT_3D ( 'NONE', #5331, #4419, #10081 ) ;
#1436 = CARTESIAN_POINT ( 'NONE',  ( 3.010794155703800205E-16, -18.45850000000000080, -141.0414999999999850 ) ) ;
#1437 = ORIENTED_EDGE ( 'NONE', *, *, #7845, .F. ) ;
#1438 = DIRECTION ( 'NONE',  ( 1.000000000000000000, 0.000000000000000000, 0.000000000000000000 ) ) ;
#1439 = EDGE_CURVE ( 'NONE', #2731, #6908, #2196, .T. ) ;
#1440 = AXIS2_PLACEMENT_3D ( 'NONE', #2567, #9943, #3371 ) ;
#1441 = DIRECTION ( 'NONE',  ( 0.000000000000000000, 0.000000000000000000, -1.000000000000000000 ) ) ;
#1442 = VECTOR ( 'NONE', #3771, 1000.000000000000114 ) ;
#1443 = CARTESIAN_POINT ( 'NONE',  ( 1.000000000000000000, 30.39999999999939817, -135.0000000000000000 ) ) ;
#1444 = CIRCLE ( 'NONE', #9977, 2.999999999999999112 ) ;
#1445 = CIRCLE ( 'NONE', #9644, 2.458500000000000352 ) ;
#1446 = VERTEX_POINT ( 'NONE', #2323 ) ;
#1447 = ORIENTED_EDGE ( 'NONE', *, *, #6719, .F. ) ;
#1448 = ORIENTED_EDGE ( 'NONE', *, *, #8901, .F. ) ;
#1449 = DIRECTION ( 'NONE',  ( 0.000000000000000000, 0.000000000000000000, -1.000000000000000000 ) ) ;
#1450 = CARTESIAN_POINT ( 'NONE',  ( -8.000000000000000000, -16.00000000000000000, -11.50000000000000000 ) ) ;
#1451 = VERTEX_POINT ( 'NONE', #3026 ) ;
#1452 = CARTESIAN_POINT ( 'NONE',  ( -11.50000000000000000, -26.00000000000000000, -149.1339745962199856 ) ) ;
#1453 = EDGE_CURVE ( 'NONE', #6588, #1659, #608, .T. ) ;
#1454 = ORIENTED_EDGE ( 'NONE', *, *, #3073, .F. ) ;
#1455 = VECTOR ( 'NONE', #9580, 1000.000000000000114 ) ;
#1456 = AXIS2_PLACEMENT_3D ( 'NONE', #4592, #6034, #244 ) ;
#1457 = CARTESIAN_POINT ( 'NONE',  ( -11.84999999999999964, 27.95825756949599850, -135.0000000000000000 ) ) ;
#1458 = CARTESIAN_POINT ( 'NONE',  ( 4.500000000000000000, 26.00000000000000000, -3.899999999999999911 ) ) ;
#1459 = DIRECTION ( 'NONE',  ( -0.000000000000000000, 1.000000000000000000, 0.000000000000000000 ) ) ;
#1460 = ORIENTED_EDGE ( 'NONE', *, *, #6960, .T. ) ;
#1461 = ORIENTED_EDGE ( 'NONE', *, *, #9394, .F. ) ;
#1462 = ORIENTED_EDGE ( 'NONE', *, *, #8916, .T. ) ;
#1463 = DIRECTION ( 'NONE',  ( -0.8660254037842890495, 0.5000000000002590150, 0.000000000000000000 ) ) ;
#1464 = CYLINDRICAL_SURFACE ( 'NONE', #963, 3.499999999999999556 ) ;
#1465 = EDGE_CURVE ( 'NONE', #8811, #1381, #5281, .T. ) ;
#1466 = ORIENTED_EDGE ( 'NONE', *, *, #7190, .F. ) ;
#1467 = CARTESIAN_POINT ( 'NONE',  ( 2.756766064641392067, -18.75676606464142537, -9.220077978452874135 ) ) ;
#1468 = LINE ( 'NONE', #7091, #4901 ) ;
#1469 = CARTESIAN_POINT ( 'NONE',  ( 0.000000000000000000, -16.00000000000000000, -13.00000000000000000 ) ) ;
#1470 = CARTESIAN_POINT ( 'NONE',  ( -6.500000000000000000, -26.86602540378400050, -2.000000000000000000 ) ) ;
#1471 = DIRECTION ( 'NONE',  ( -0.5000000000002420286, -0.8660254037842989305, 0.000000000000000000 ) ) ;
#1472 = AXIS2_PLACEMENT_3D ( 'NONE', #4450, #368, #3644 ) ;
#1473 = ADVANCED_BREP_SHAPE_REPRESENTATION ( '', ( #5035, #6751 ), #9306 ) ;
#1474 = CARTESIAN_POINT ( 'NONE',  ( 0.000000000000000000, -29.20849999999999724, -10.95849999999999902 ) ) ;
#1475 = ORIENTED_EDGE ( 'NONE', *, *, #6206, .T. ) ;
#1476 = DIRECTION ( 'NONE',  ( 1.000000000000000000, 0.000000000000000000, 0.000000000000000000 ) ) ;
#1477 = ORIENTED_EDGE ( 'NONE', *, *, #6518, .F. ) ;
#1478 = LINE ( 'NONE', #8596, #3803 ) ;
#1479 = AXIS2_PLACEMENT_3D ( 'NONE', #10206, #7645, #4436 ) ;
#1480 = DIRECTION ( 'NONE',  ( -1.000000000000000000, 0.000000000000000000, 0.000000000000000000 ) ) ;
#1481 = CONICAL_SURFACE ( 'NONE', #10187, 1.719999999999999307, 1.047197551196596965 ) ;
#1482 = PRODUCT_DEFINITION_CONTEXT ( 'detailed design', #2835, 'design' ) ;
#1483 = VECTOR ( 'NONE', #3232, 1000.000000000000000 ) ;
#1484 = ORIENTED_EDGE ( 'NONE', *, *, #7074, .F. ) ;
#1485 =( BOUNDED_CURVE ( )  B_SPLINE_CURVE ( 3, ( #9958, #6062, #10113, #8468 ),
 .UNSPECIFIED., .F., .F. ) 
 B_SPLINE_CURVE_WITH_KNOTS ( ( 4, 4 ),
 ( 5.497787143782139729, 6.283185307179590673 ),
 .UNSPECIFIED. ) 
 CURVE ( )  GEOMETRIC_REPRESENTATION_ITEM ( )  RATIONAL_B_SPLINE_CURVE ( ( 1.000000000000000000, 0.9492530216741910110, 0.9492530216741910110, 1.000000000000000000 ) ) 
 REPRESENTATION_ITEM ( '' )  );
#1486 = ORIENTED_EDGE ( 'NONE', *, *, #4826, .T. ) ;
#1487 = ADVANCED_FACE ( 'NONE', ( #4680 ), #6135, .T. ) ;
#1488 = DIRECTION ( 'NONE',  ( -1.000000000000000000, 0.000000000000000000, 0.000000000000000000 ) ) ;
#1489 = LINE ( 'NONE', #8014, #5552 ) ;
#1490 = ORIENTED_EDGE ( 'NONE', *, *, #4755, .F. ) ;
#1491 = ADVANCED_FACE ( 'NONE', ( #6385 ), #7834, .F. ) ;
#1492 = DIRECTION ( 'NONE',  ( 1.000000000000000000, 0.000000000000000000, 0.000000000000000000 ) ) ;
#1493 = CARTESIAN_POINT ( 'NONE',  ( -11.09999999999999964, -26.00000000000000000, 0.000000000000000000 ) ) ;
#1494 = CIRCLE ( 'NONE', #5598, 2.458500000000000796 ) ;
#1495 = VECTOR ( 'NONE', #7210, 1000.000000000000114 ) ;
#1496 = DIRECTION ( 'NONE',  ( 0.000000000000000000, 0.000000000000000000, -1.000000000000000000 ) ) ;
#1497 = ORIENTED_EDGE ( 'NONE', *, *, #4984, .T. ) ;
#1498 = ORIENTED_EDGE ( 'NONE', *, *, #6258, .F. ) ;
#1499 = ORIENTED_EDGE ( 'NONE', *, *, #4973, .T. ) ;
#1500 = CARTESIAN_POINT ( 'NONE',  ( 6.500000000000000000, 26.86602540378400050, -2.000000000000000000 ) ) ;
#1501 = CARTESIAN_POINT ( 'NONE',  ( 8.500000000000000000, 25.50000000000000000, -111.0000000000000000 ) ) ;
#1502 = ORIENTED_EDGE ( 'NONE', *, *, #6220, .F. ) ;
#1503 = FACE_OUTER_BOUND ( 'NONE', #9452, .T. ) ;
#1504 = ADVANCED_FACE ( 'NONE', ( #8578 ), #2609, .F. ) ;
#1505 = VERTEX_POINT ( 'NONE', #10401 ) ;
#1506 = DIRECTION ( 'NONE',  ( -1.000000000000000000, 0.000000000000000000, 0.000000000000000000 ) ) ;
#1507 = FACE_BOUND ( 'NONE', #3182, .T. ) ;
#1508 = CARTESIAN_POINT ( 'NONE',  ( 0.000000000000000000, 18.45850000000000080, -143.5000000000000000 ) ) ;
#1509 = ADVANCED_FACE ( 'NONE', ( #10286 ), #9533, .F. ) ;
#1510 = ADVANCED_FACE ( 'NONE', ( #2966 ), #9483, .T. ) ;
#1511 = CIRCLE ( 'NONE', #7321, 3.250000000000000000 ) ;
#1512 = CARTESIAN_POINT ( 'NONE',  ( 8.962169577091108508, 24.82346521588160115, -151.8842233176106049 ) ) ;
#1513 = EDGE_CURVE ( 'NONE', #939, #7992, #3128, .T. ) ;
#1514 = VERTEX_POINT ( 'NONE', #8638 ) ;
#1515 = ORIENTED_EDGE ( 'NONE', *, *, #7656, .T. ) ;
#1516 = ORIENTED_EDGE ( 'NONE', *, *, #4442, .F. ) ;
#1517 = CARTESIAN_POINT ( 'NONE',  ( 6.500000000000000000, 26.84166501650005188, 0.000000000000000000 ) ) ;
#1518 = FACE_OUTER_BOUND ( 'NONE', #5942, .T. ) ;
#1519 = AXIS2_PLACEMENT_3D ( 'NONE', #7939, #7144, #7026 ) ;
#1520 = ORIENTED_EDGE ( 'NONE', *, *, #7926, .F. ) ;
#1521 = CARTESIAN_POINT ( 'NONE',  ( 1.299999999999972067, 7.250000000000000000, -152.0000000000000000 ) ) ;
#1522 = LINE ( 'NONE', #7248, #8426 ) ;
#1523 = CARTESIAN_POINT ( 'NONE',  ( -5.688034792648450022, -1.909518315602325211, 3.600000000000000089 ) ) ;
#1524 = PLANE ( 'NONE',  #6375 ) ;
#1525 = CARTESIAN_POINT ( 'NONE',  ( 4.335090188609795447, 29.80000000000000071, -4.000000000000000000 ) ) ;
#1526 = CARTESIAN_POINT ( 'NONE',  ( 1.000000000000000000, 30.00000000000000000, -152.0010000000000048 ) ) ;
#1527 = ORIENTED_EDGE ( 'NONE', *, *, #8396, .T. ) ;
#1528 = FACE_OUTER_BOUND ( 'NONE', #9309, .T. ) ;
#1529 = ORIENTED_EDGE ( 'NONE', *, *, #2142, .F. ) ;
#1530 = FACE_OUTER_BOUND ( 'NONE', #10572, .T. ) ;
#1531 = CARTESIAN_POINT ( 'NONE',  ( 6.500000000000000000, 26.84166501650005188, -152.0000000000000000 ) ) ;
#1532 = CARTESIAN_POINT ( 'NONE',  ( -1.958499999993984941, -16.00000000000000000, -13.00000000000000000 ) ) ;
#1533 = ORIENTED_EDGE ( 'NONE', *, *, #1417, .F. ) ;
#1534 = ORIENTED_EDGE ( 'NONE', *, *, #5935, .T. ) ;
#1535 = CARTESIAN_POINT ( 'NONE',  ( -1.271201803182602674, -18.20564223991167552, -145.7056422399116684 ) ) ;
#1536 = DIRECTION ( 'NONE',  ( 1.000000000000000000, 0.000000000000000000, 0.000000000000000000 ) ) ;
#1537 = FACE_OUTER_BOUND ( 'NONE', #4126, .T. ) ;
#1538 = FACE_BOUND ( 'NONE', #4812, .T. ) ;
#1539 = CARTESIAN_POINT ( 'NONE',  ( 9.500000000000000000, 26.00000000000000000, -2.000000000000000000 ) ) ;
#1540 = ADVANCED_FACE ( 'NONE', ( #8797 ), #7085, .T. ) ;
#1541 = CARTESIAN_POINT ( 'NONE',  ( -8.000000000001291411, 26.00000000000094857, -17.00000000000000000 ) ) ;
#1542 = ADVANCED_FACE ( 'NONE', ( #1250 ), #9588, .T. ) ;
#1543 = EDGE_CURVE ( 'NONE', #6856, #4435, #6976, .T. ) ;
#1544 = EDGE_LOOP ( 'NONE', ( #1461, #2830, #1689, #4127, #1882, #8238 ) ) ;
#1545 = EDGE_LOOP ( 'NONE', ( #6540, #384, #305, #1515, #1220, #317, #2408 ) ) ;
#1546 = ORIENTED_EDGE ( 'NONE', *, *, #4373, .F. ) ;
#1547 = VERTEX_POINT ( 'NONE', #442 ) ;
#1548 = DIRECTION ( 'NONE',  ( 0.9961345290641322459, -0.08784076505916552091, 0.000000000000000000 ) ) ;
#1549 = LINE ( 'NONE', #6373, #404 ) ;
#1550 = ORIENTED_EDGE ( 'NONE', *, *, #1743, .T. ) ;
#1551 = CARTESIAN_POINT ( 'NONE',  ( -6.850000000000000533, 34.60000000000059828, -17.00000000000000000 ) ) ;
#1552 = CIRCLE ( 'NONE', #1727, 1.500000000000000666 ) ;
#1553 = CARTESIAN_POINT ( 'NONE',  ( 8.000000000000000000, 26.00000000000000000, 0.000000000000000000 ) ) ;
#1554 = EDGE_CURVE ( 'NONE', #9797, #3604, #4482, .T. ) ;
#1555 = CARTESIAN_POINT ( 'NONE',  ( 8.000000000000000000, 26.00000000000000000, -152.0000000000000000 ) ) ;
#1556 = ADVANCED_FACE ( 'NONE', ( #3937 ), #10230, .F. ) ;
#1557 = VECTOR ( 'NONE', #8978, 1000.000000000000000 ) ;
#1558 = DIRECTION ( 'NONE',  ( 0.000000000000000000, -1.000000000000000000, 0.000000000000000000 ) ) ;
#1559 = VERTEX_POINT ( 'NONE', #6444 ) ;
#1560 = ORIENTED_EDGE ( 'NONE', *, *, #5612, .T. ) ;
#1561 = EDGE_LOOP ( 'NONE', ( #3592, #5911, #7135 ) ) ;
#1562 = CARTESIAN_POINT ( 'NONE',  ( -8.500000000000000000, -17.49999999999940314, -31.00000000000000000 ) ) ;
#1563 = AXIS2_PLACEMENT_3D ( 'NONE', #8451, #1918, #9352 ) ;
#1564 =( NAMED_UNIT ( * ) SI_UNIT ( $, .STERADIAN. ) SOLID_ANGLE_UNIT ( ) );
#1565 = CARTESIAN_POINT ( 'NONE',  ( -8.992802338938533424, -24.84110322595518383, -151.8877686863403653 ) ) ;
#1566 = ORIENTED_EDGE ( 'NONE', *, *, #8396, .F. ) ;
#1567 = CARTESIAN_POINT ( 'NONE',  ( 6.500000000000000000, 26.00000000000000000, -150.0000000000000000 ) ) ;
#1568 = EDGE_CURVE ( 'NONE', #8393, #7290, #4891, .T. ) ;
#1569 = DIRECTION ( 'NONE',  ( 0.000000000000000000, 0.000000000000000000, -1.000000000000000000 ) ) ;
#1570 = CIRCLE ( 'NONE', #5676, 8.000000000000619949 ) ;
#1571 = LINE ( 'NONE', #3189, #238 ) ;
#1572 = DIRECTION ( 'NONE',  ( -1.000000000000000000, 0.000000000000000000, 0.000000000000000000 ) ) ;
#1573 = VECTOR ( 'NONE', #1860, 1000.000000000000000 ) ;
#1574 = DIRECTION ( 'NONE',  ( 1.000000000000000000, 0.000000000000000000, 0.000000000000000000 ) ) ;
#1575 = FACE_OUTER_BOUND ( 'NONE', #599, .T. ) ;
#1576 = VERTEX_POINT ( 'NONE', #8148 ) ;
#1577 = CARTESIAN_POINT ( 'NONE',  ( -8.000000000000000000, -27.73205080756900287, -150.0000000000000000 ) ) ;
#1578 = PLANE ( 'NONE',  #54 ) ;
#1579 = AXIS2_PLACEMENT_3D ( 'NONE', #8424, #6872, #4212 ) ;
#1580 = EDGE_LOOP ( 'NONE', ( #895, #7657, #10215, #120 ) ) ;
#1581 = DIRECTION ( 'NONE',  ( 0.000000000000000000, -1.000000000000000000, 0.000000000000000000 ) ) ;
#1582 = LINE ( 'NONE', #3243, #4074 ) ;
#1583 = CIRCLE ( 'NONE', #373, 6.000000000000000000 ) ;
#1584 = DIRECTION ( 'NONE',  ( 1.000000000000000000, 0.000000000000000000, 0.000000000000000000 ) ) ;
#1585 = ORIENTED_EDGE ( 'NONE', *, *, #8320, .F. ) ;
#1586 = AXIS2_PLACEMENT_3D ( 'NONE', #859, #9631, #5627 ) ;
#1587 = DIRECTION ( 'NONE',  ( 0.000000000000000000, 0.000000000000000000, 1.000000000000000000 ) ) ;
#1588 = ORIENTED_EDGE ( 'NONE', *, *, #3537, .F. ) ;
#1589 = LINE ( 'NONE', #8122, #2081 ) ;
#1590 = CARTESIAN_POINT ( 'NONE',  ( 3.647273485673900417, 22.00000000000000000, -148.0000000000000000 ) ) ;
#1591 = DIRECTION ( 'NONE',  ( -0.8660254037855547038, 0.000000000000000000, -0.4999999999980669352 ) ) ;
#1592 = CARTESIAN_POINT ( 'NONE',  ( -1.500000000000000000, 19.80000000000000071, -8.500000000000000000 ) ) ;
#1593 = CARTESIAN_POINT ( 'NONE',  ( -12.05000000000064020, 27.50000000000000000, -135.0000000000000000 ) ) ;
#1594 = EDGE_CURVE ( 'NONE', #8340, #1301, #62, .T. ) ;
#1595 = FACE_OUTER_BOUND ( 'NONE', #1185, .T. ) ;
#1596 = AXIS2_PLACEMENT_3D ( 'NONE', #9834, #1155, #7731 ) ;
#1597 = ORIENTED_EDGE ( 'NONE', *, *, #8353, .F. ) ;
#1598 = AXIS2_PLACEMENT_3D ( 'NONE', #10068, #2738, #9265 ) ;
#1599 = ORIENTED_EDGE ( 'NONE', *, *, #3119, .F. ) ;
#1600 = ORIENTED_EDGE ( 'NONE', *, *, #2345, .F. ) ;
#1601 = DIRECTION ( 'NONE',  ( -1.000000000000000000, 0.000000000000000000, 0.000000000000000000 ) ) ;
#1602 = CARTESIAN_POINT ( 'NONE',  ( 5.688034792648439364, 1.909518315602344973, 7.799999999999999822 ) ) ;
#1603 = AXIS2_PLACEMENT_3D ( 'NONE', #3136, #5489, #6233 ) ;
#1604 = EDGE_LOOP ( 'NONE', ( #458, #9929 ) ) ;
#1605 = DIRECTION ( 'NONE',  ( 0.000000000000000000, 0.000000000000000000, -1.000000000000000000 ) ) ;
#1606 = LINE ( 'NONE', #4883, #1766 ) ;
#1607 = EDGE_CURVE ( 'NONE', #7202, #2163, #7730, .T. ) ;
#1608 = AXIS2_PLACEMENT_3D ( 'NONE', #8157, #824, #4100 ) ;
#1609 = AXIS2_PLACEMENT_3D ( 'NONE', #2029, #4547, #10207 ) ;
#1610 = FACE_OUTER_BOUND ( 'NONE', #481, .T. ) ;
#1611 = MANIFOLD_SOLID_BREP ( 'NONE', #9974 ) ;
#1612 = VECTOR ( 'NONE', #1415, 1000.000000000000000 ) ;
#1613 = CIRCLE ( 'NONE', #9982, 2.458500000000000352 ) ;
#1614 = LINE ( 'NONE', #9848, #9922 ) ;
#1615 = EDGE_LOOP ( 'NONE', ( #3372, #3386, #8949, #5111 ) ) ;
#1616 = EDGE_LOOP ( 'NONE', ( #5835, #7502, #1144, #8473 ) ) ;
#1617 = ORIENTED_EDGE ( 'NONE', *, *, #845, .T. ) ;
#1618 = DIRECTION ( 'NONE',  ( 0.000000000000000000, 0.000000000000000000, -1.000000000000000000 ) ) ;
#1619 = AXIS2_PLACEMENT_3D ( 'NONE', #10185, #5329, #1313 ) ;
#1620 = DIRECTION ( 'NONE',  ( 0.000000000000000000, -1.000000000000000000, 0.000000000000000000 ) ) ;
#1621 = EDGE_CURVE ( 'NONE', #618, #9504, #9854, .T. ) ;
#1622 = VECTOR ( 'NONE', #562, 1000.000000000000000 ) ;
#1623 = DIRECTION ( 'NONE',  ( 0.000000000000000000, 0.000000000000000000, -1.000000000000000000 ) ) ;
#1624 = ORIENTED_EDGE ( 'NONE', *, *, #2869, .T. ) ;
#1625 = CARTESIAN_POINT ( 'NONE',  ( -2.458499999999998575, 17.44015595690575537, -141.0414999999999850 ) ) ;
#1626 = CYLINDRICAL_SURFACE ( 'NONE', #739, 8.000000000000619949 ) ;
#1627 = DIRECTION ( 'NONE',  ( 0.000000000000000000, 0.000000000000000000, 1.000000000000000000 ) ) ;
#1628 = VECTOR ( 'NONE', #9279, 1000.000000000000000 ) ;
#1629 = FACE_OUTER_BOUND ( 'NONE', #1774, .T. ) ;
#1630 = ADVANCED_FACE ( 'NONE', ( #7451 ), #9004, .F. ) ;
#1631 = DIRECTION ( 'NONE',  ( 0.000000000000000000, 0.000000000000000000, 1.000000000000000000 ) ) ;
#1632 = EDGE_LOOP ( 'NONE', ( #515, #5690, #1249 ) ) ;
#1633 = DIRECTION ( 'NONE',  ( 0.000000000000000000, 0.000000000000000000, 1.000000000000000000 ) ) ;
#1634 = DIRECTION ( 'NONE',  ( 1.000000000000000000, 0.000000000000000000, 0.000000000000000000 ) ) ;
#1635 = VERTEX_POINT ( 'NONE', #6544 ) ;
#1636 = DIRECTION ( 'NONE',  ( 1.000000000000000000, 0.000000000000000000, 0.000000000000000000 ) ) ;
#1637 = CARTESIAN_POINT ( 'NONE',  ( 7.006110833273137217, 24.84164515983856347, -151.8845186966361211 ) ) ;
#1638 = VECTOR ( 'NONE', #1147, 1000.000000000000000 ) ;
#1639 = EDGE_CURVE ( 'NONE', #4023, #9268, #1583, .T. ) ;
#1640 = EDGE_CURVE ( 'NONE', #647, #2360, #7393, .T. ) ;
#1641 = ORIENTED_EDGE ( 'NONE', *, *, #1324, .F. ) ;
#1642 = DIRECTION ( 'NONE',  ( 0.000000000000000000, -1.000000000000000000, 0.000000000000000000 ) ) ;
#1643 = ORIENTED_EDGE ( 'NONE', *, *, #8417, .T. ) ;
#1644 = EDGE_CURVE ( 'NONE', #1355, #4474, #4039, .T. ) ;
#1645 = CARTESIAN_POINT ( 'NONE',  ( -2.458500000000006569, -16.66074916942605100, -6.041499999999994763 ) ) ;
#1646 = CARTESIAN_POINT ( 'NONE',  ( 4.500000000000000000, 26.00000000000000000, -148.1000000000000227 ) ) ;
#1647 = CIRCLE ( 'NONE', #7461, 1.719999999999999307 ) ;
#1648 = CARTESIAN_POINT ( 'NONE',  ( -12.00000000000000000, -16.00000000000000000, -145.9584999999999866 ) ) ;
#1649 = CARTESIAN_POINT ( 'NONE',  ( -10.00000000000000000, 0.000000000000000000, 2.000000000000000000 ) ) ;
#1650 = CARTESIAN_POINT ( 'NONE',  ( -7.493779543827275624, -27.43991050791260378, -151.8845186654991437 ) ) ;
#1651 = VECTOR ( 'NONE', #6655, 1000.000000000000000 ) ;
#1652 = CARTESIAN_POINT ( 'NONE',  ( 2.458500000000004793, -14.55984404309426772, -10.95850000000000968 ) ) ;
#1653 = VECTOR ( 'NONE', #4785, 1000.000000000000000 ) ;
#1654 = ORIENTED_EDGE ( 'NONE', *, *, #289, .F. ) ;
#1655 = ORIENTED_EDGE ( 'NONE', *, *, #3275, .T. ) ;
#1656 = VERTEX_POINT ( 'NONE', #5585 ) ;
#1657 = CARTESIAN_POINT ( 'NONE',  ( -1.500000000000000000, 29.80000000000000071, -13.54999999999999893 ) ) ;
#1658 = DIRECTION ( 'NONE',  ( 0.000000000000000000, 0.000000000000000000, 1.000000000000000000 ) ) ;
#1659 = VERTEX_POINT ( 'NONE', #7294 ) ;
#1660 = DIRECTION ( 'NONE',  ( -1.000000000000000000, 0.000000000000000000, 0.000000000000000000 ) ) ;
#1661 = CIRCLE ( 'NONE', #7640, 4.700000000000099654 ) ;
#1662 = EDGE_CURVE ( 'NONE', #1867, #9410, #2957, .T. ) ;
#1663 = DIRECTION ( 'NONE',  ( 0.8660254037842978203, 0.5000000000002440270, 0.000000000000000000 ) ) ;
#1664 = LINE ( 'NONE', #8082, #407 ) ;
#1665 = CARTESIAN_POINT ( 'NONE',  ( 8.625131411493558886, 24.62886347851710411, -151.8730948080261669 ) ) ;
#1666 = ORIENTED_EDGE ( 'NONE', *, *, #3983, .F. ) ;
#1667 = ORIENTED_EDGE ( 'NONE', *, *, #9541, .T. ) ;
#1668 = VERTEX_POINT ( 'NONE', #1721 ) ;
#1669 = DIRECTION ( 'NONE',  ( 0.000000000000000000, 0.000000000000000000, -1.000000000000000000 ) ) ;
#1670 = CARTESIAN_POINT ( 'NONE',  ( 2.000000000000000000, 2.449293598294690144E-16, -145.0000000000000000 ) ) ;
#1671 = CARTESIAN_POINT ( 'NONE',  ( 8.015521883131919267, 26.00000000000000000, -152.0000000000000000 ) ) ;
#1672 = ORIENTED_EDGE ( 'NONE', *, *, #9917, .F. ) ;
#1673 = CARTESIAN_POINT ( 'NONE',  ( -2.458500000000000352, 16.00000000000000000, -141.0414999999999850 ) ) ;
#1674 =( BOUNDED_CURVE ( )  B_SPLINE_CURVE ( 3, ( #1678, #10460, #3137, #8854 ),
 .UNSPECIFIED., .F., .F. ) 
 B_SPLINE_CURVE_WITH_KNOTS ( ( 4, 4 ),
 ( 2.356194490192344837, 3.141592653589795336 ),
 .UNSPECIFIED. ) 
 CURVE ( )  GEOMETRIC_REPRESENTATION_ITEM ( )  RATIONAL_B_SPLINE_CURVE ( ( 1.000000000000000000, 0.9492530216741910110, 0.9492530216741910110, 1.000000000000000000 ) ) 
 REPRESENTATION_ITEM ( '' )  );
#1675 = EDGE_CURVE ( 'NONE', #8150, #2517, #9696, .T. ) ;
#1676 = CARTESIAN_POINT ( 'NONE',  ( 0.000000000000000000, 0.000000000000000000, -2.000000000000000000 ) ) ;
#1677 = CARTESIAN_POINT ( 'NONE',  ( 11.50000000000000000, 26.00000000000000000, -151.6000000000000227 ) ) ;
#1678 = CARTESIAN_POINT ( 'NONE',  ( -1.738422021547135099, -17.73842202154714798, -10.23842202154713910 ) ) ;
#1679 = EDGE_CURVE ( 'NONE', #4447, #10006, #7397, .T. ) ;
#1680 = CARTESIAN_POINT ( 'NONE',  ( -8.000000000000000000, -16.00000000000000000, -8.500000000000000000 ) ) ;
#1681 = EDGE_CURVE ( 'NONE', #3981, #4005, #7340, .T. ) ;
#1682 = EDGE_CURVE ( 'NONE', #7189, #6769, #902, .T. ) ;
#1683 = ORIENTED_EDGE ( 'NONE', *, *, #6903, .F. ) ;
#1684 = CONICAL_SURFACE ( 'NONE', #5452, 3.400000000000000355, 0.7853981633973783349 ) ;
#1685 = ADVANCED_FACE ( 'NONE', ( #9314 ), #4404, .F. ) ;
#1686 = CARTESIAN_POINT ( 'NONE',  ( -3.971223470242150277, 4.497708766627499521, 7.799999999999999822 ) ) ;
#1687 = ORIENTED_EDGE ( 'NONE', *, *, #213, .F. ) ;
#1688 = CARTESIAN_POINT ( 'NONE',  ( 6.500000000000000000, 26.00000000000000000, -2.000000000000000000 ) ) ;
#1689 = ORIENTED_EDGE ( 'NONE', *, *, #4776, .T. ) ;
#1690 = CARTESIAN_POINT ( 'NONE',  ( -1.250000000000614175, 35.00000000000000000, -17.00000000000000000 ) ) ;
#1691 = CARTESIAN_POINT ( 'NONE',  ( 4.899999999999999467, 26.00000000000000000, -152.0000000000000000 ) ) ;
#1692 = CARTESIAN_POINT ( 'NONE',  ( 0.000000000000000000, 13.54149999999999920, -8.500000000000000000 ) ) ;
#1693 = VECTOR ( 'NONE', #2247, 1000.000000000000000 ) ;
#1694 = ADVANCED_FACE ( 'NONE', ( #2579 ), #5264, .F. ) ;
#1695 = ORIENTED_EDGE ( 'NONE', *, *, #3773, .F. ) ;
#1696 = CARTESIAN_POINT ( 'NONE',  ( 6.500000000000000000, 25.13397459621599950, -152.0000000000000000 ) ) ;
#1697 = ORIENTED_EDGE ( 'NONE', *, *, #4371, .F. ) ;
#1698 = CARTESIAN_POINT ( 'NONE',  ( -2.205642239911665747, -17.27120180318257781, -6.294357760088340470 ) ) ;
#1699 = CARTESIAN_POINT ( 'NONE',  ( -9.500000000000000000, -26.86602540378400050, -150.0000000000000000 ) ) ;
#1700 = DIRECTION ( 'NONE',  ( 0.000000000000000000, 0.000000000000000000, -1.000000000000000000 ) ) ;
#1701 = LINE ( 'NONE', #3209, #3280 ) ;
#1702 = CARTESIAN_POINT ( 'NONE',  ( -1.250000000000614175, 34.60000000000059828, -135.0000000000000000 ) ) ;
#1703 = EDGE_CURVE ( 'NONE', #531, #7163, #9259, .T. ) ;
#1704 = DIRECTION ( 'NONE',  ( 1.000000000000000000, 0.000000000000000000, 0.000000000000000000 ) ) ;
#1705 = ORIENTED_EDGE ( 'NONE', *, *, #7371, .F. ) ;
#1706 = ORIENTED_EDGE ( 'NONE', *, *, #8681, .F. ) ;
#1707 = ORIENTED_EDGE ( 'NONE', *, *, #5217, .T. ) ;
#1708 = DIRECTION ( 'NONE',  ( 1.000000000000000000, 0.000000000000000000, 0.000000000000000000 ) ) ;
#1709 = CARTESIAN_POINT ( 'NONE',  ( -4.500000000000000000, -26.00000000000000000, -4.000000000000000000 ) ) ;
#1710 = ORIENTED_EDGE ( 'NONE', *, *, #2125, .F. ) ;
#1711 = DIRECTION ( 'NONE',  ( 0.000000000000000000, 0.000000000000000000, 1.000000000000000000 ) ) ;
#1712 = CARTESIAN_POINT ( 'NONE',  ( 1.250000000000614175, 35.00000000000000000, -17.00000000000000000 ) ) ;
#1713 = AXIS2_PLACEMENT_3D ( 'NONE', #3482, #5098, #8354 ) ;
#1714 = FACE_OUTER_BOUND ( 'NONE', #7241, .T. ) ;
#1715 = CIRCLE ( 'NONE', #1110, 1.499999999999999556 ) ;
#1716 = CARTESIAN_POINT ( 'NONE',  ( -11.79999999999944116, -16.00000000000000000, -13.50000000000000000 ) ) ;
#1717 = VERTEX_POINT ( 'NONE', #7500 ) ;
#1718 = VERTEX_POINT ( 'NONE', #8466 ) ;
#1719 = ORIENTED_EDGE ( 'NONE', *, *, #1167, .F. ) ;
#1720 = CARTESIAN_POINT ( 'NONE',  ( -8.000000000000000000, -27.73205080756900287, -152.0000000000000000 ) ) ;
#1721 = CARTESIAN_POINT ( 'NONE',  ( 9.458499999999999019, 1.191489487060435910E-15, 2.000000000000000000 ) ) ;
#1722 = DIRECTION ( 'NONE',  ( -1.000000000000000000, 0.000000000000000000, 0.000000000000000000 ) ) ;
#1723 = VERTEX_POINT ( 'NONE', #1992 ) ;
#1724 = CARTESIAN_POINT ( 'NONE',  ( -8.000000000000000000, -26.00000000000000000, -152.0000000000000000 ) ) ;
#1725 = CARTESIAN_POINT ( 'NONE',  ( 1.738422021547135099, -17.73842202154714798, -141.7615779784529764 ) ) ;
#1726 = EDGE_CURVE ( 'NONE', #6651, #5621, #8359, .T. ) ;
#1727 = AXIS2_PLACEMENT_3D ( 'NONE', #1765, #5039, #8347 ) ;
#1728 = FACE_OUTER_BOUND ( 'NONE', #4861, .T. ) ;
#1729 = VECTOR ( 'NONE', #3475, 1000.000000000000000 ) ;
#1730 = VERTEX_POINT ( 'NONE', #1188 ) ;
#1731 = CARTESIAN_POINT ( 'NONE',  ( -12.00000000000000000, -22.00000000000000000, -4.000000000000000000 ) ) ;
#1732 = ORIENTED_EDGE ( 'NONE', *, *, #7433, .F. ) ;
#1733 =( BOUNDED_CURVE ( )  B_SPLINE_CURVE ( 3, ( #1246, #8570, #4509, #7773 ),
 .UNSPECIFIED., .F., .F. ) 
 B_SPLINE_CURVE_WITH_KNOTS ( ( 4, 4 ),
 ( 0.000000000000000000, 0.7853981633974449483 ),
 .UNSPECIFIED. ) 
 CURVE ( )  GEOMETRIC_REPRESENTATION_ITEM ( )  RATIONAL_B_SPLINE_CURVE ( ( 1.000000000000000000, 0.9492530216741920102, 0.9492530216741920102, 1.000000000000000000 ) ) 
 REPRESENTATION_ITEM ( '' )  );
#1734 = DIRECTION ( 'NONE',  ( 0.000000000000000000, 1.000000000000000000, 0.000000000000000000 ) ) ;
#1735 = CONTEXT_DEPENDENT_SHAPE_REPRESENTATION ( #4621, #5056 ) ;
#1736 = ORIENTED_EDGE ( 'NONE', *, *, #1417, .T. ) ;
#1737 = ADVANCED_FACE ( 'NONE', ( #3646 ), #3487, .T. ) ;
#1738 = DIRECTION ( 'NONE',  ( 0.000000000000000000, 0.000000000000000000, 1.000000000000000000 ) ) ;
#1739 = CARTESIAN_POINT ( 'NONE',  ( 8.000000000000310862, 26.00000000000000000, -148.0000000000000000 ) ) ;
#1740 = CONICAL_SURFACE ( 'NONE', #537, 3.100000000000000533, 0.7853981633974617127 ) ;
#1741 = CARTESIAN_POINT ( 'NONE',  ( -7.249999999999390710, 34.60000000000059828, -152.0010000000000048 ) ) ;
#1742 = ADVANCED_FACE ( 'NONE', ( #1133 ), #1881, .T. ) ;
#1743 = EDGE_CURVE ( 'NONE', #1668, #7194, #3626, .T. ) ;
#1744 = ORIENTED_EDGE ( 'NONE', *, *, #7445, .F. ) ;
#1745 = VECTOR ( 'NONE', #1581, 1000.000000000000000 ) ;
#1746 = CARTESIAN_POINT ( 'NONE',  ( -5.655795911827179445, -1.789201174398204808, 7.868853943432950082 ) ) ;
#1747 = ORIENTED_EDGE ( 'NONE', *, *, #9548, .T. ) ;
#1748 = CYLINDRICAL_SURFACE ( 'NONE', #3113, 8.000000000000619949 ) ;
#1749 = CARTESIAN_POINT ( 'NONE',  ( 6.521096714233930669, 26.87820559742599968, 0.000000000000000000 ) ) ;
#1750 = PLANE ( 'NONE',  #8876 ) ;
#1751 = DIRECTION ( 'NONE',  ( 1.000000000000000000, 0.000000000000000000, 0.000000000000000000 ) ) ;
#1752 = AXIS2_PLACEMENT_3D ( 'NONE', #8690, #3072, #2108 ) ;
#1753 = ADVANCED_FACE ( 'NONE', ( #9210 ), #4348, .F. ) ;
#1754 = CARTESIAN_POINT ( 'NONE',  ( -6.521096714233930669, -26.87820559742599968, -152.0000000000000000 ) ) ;
#1755 = AXIS2_PLACEMENT_3D ( 'NONE', #9651, #823, #6392 ) ;
#1756 = DIRECTION ( 'NONE',  ( 0.000000000000000000, 0.000000000000000000, -1.000000000000000000 ) ) ;
#1757 = EDGE_CURVE ( 'NONE', #3469, #10045, #5867, .T. ) ;
#1758 = ORIENTED_EDGE ( 'NONE', *, *, #7690, .T. ) ;
#1759 = EDGE_CURVE ( 'NONE', #5085, #9110, #2633, .T. ) ;
#1760 = ORIENTED_EDGE ( 'NONE', *, *, #4030, .T. ) ;
#1761 = ORIENTED_EDGE ( 'NONE', *, *, #5476, .T. ) ;
#1762 = FACE_OUTER_BOUND ( 'NONE', #5099, .T. ) ;
#1763 = CARTESIAN_POINT ( 'NONE',  ( -9.350000000000001421, 35.00000000000000000, -135.0000000000000000 ) ) ;
#1764 = ORIENTED_EDGE ( 'NONE', *, *, #8699, .F. ) ;
#1765 = CARTESIAN_POINT ( 'NONE',  ( -8.000000000000000000, -26.00000000000000000, -150.0000000000000000 ) ) ;
#1766 = VECTOR ( 'NONE', #4133, 1000.000000000000000 ) ;
#1767 = CARTESIAN_POINT ( 'NONE',  ( 0.000000000000000000, -16.00000000000000000, 0.000000000000000000 ) ) ;
#1768 = FACE_OUTER_BOUND ( 'NONE', #3732, .T. ) ;
#1769 = AXIS2_PLACEMENT_3D ( 'NONE', #3171, #10388, #8835 ) ;
#1770 = AXIS2_PLACEMENT_3D ( 'NONE', #8330, #6509, #85 ) ;
#1771 = CARTESIAN_POINT ( 'NONE',  ( 9.500000000000000000, 26.00000000000000000, -0.1270170592245030150 ) ) ;
#1772 = EDGE_CURVE ( 'NONE', #2236, #10569, #10165, .T. ) ;
#1773 = ORIENTED_EDGE ( 'NONE', *, *, #1961, .F. ) ;
#1774 = EDGE_LOOP ( 'NONE', ( #3012, #10508, #8524, #3429 ) ) ;
#1775 = ORIENTED_EDGE ( 'NONE', *, *, #8179, .F. ) ;
#1776 = DIRECTION ( 'NONE',  ( -1.000000000000000000, 0.000000000000000000, 0.000000000000000000 ) ) ;
#1777 = CARTESIAN_POINT ( 'NONE',  ( 9.500099808495347631, 25.43830548827149940, -151.9315746644735725 ) ) ;
#1778 = ADVANCED_FACE ( 'NONE', ( #534 ), #9523, .T. ) ;
#1779 = LINE ( 'NONE', #3385, #6257 ) ;
#1780 = EDGE_LOOP ( 'NONE', ( #2735, #545, #8278, #7226, #9051, #3049 ) ) ;
#1781 = CARTESIAN_POINT ( 'NONE',  ( 2.114726455570119956, 26.96507328603669862, -135.0000000000000000 ) ) ;
#1782 = AXIS2_PLACEMENT_3D ( 'NONE', #3944, #2174, #2221 ) ;
#1783 = LINE ( 'NONE', #8364, #7089 ) ;
#1784 = DIRECTION ( 'NONE',  ( 1.000000000000000000, 0.000000000000000000, 0.000000000000000000 ) ) ;
#1785 = AXIS2_PLACEMENT_3D ( 'NONE', #3614, #5977, #6881 ) ;
#1786 = CARTESIAN_POINT ( 'NONE',  ( 0.000000000000000000, -16.00000000000000000, -151.2084999999999866 ) ) ;
#1787 = VECTOR ( 'NONE', #2539, 1000.000000000000114 ) ;
#1788 = CIRCLE ( 'NONE', #7254, 4.799999999999450040 ) ;
#1789 = VERTEX_POINT ( 'NONE', #3702 ) ;
#1790 = CARTESIAN_POINT ( 'NONE',  ( -6.500000000000000000, -25.69994580083329438, -0.1101796606014206065 ) ) ;
#1791 = ORIENTED_EDGE ( 'NONE', *, *, #6080, .F. ) ;
#1792 = DIRECTION ( 'NONE',  ( 1.000000000000000000, 0.000000000000000000, 0.000000000000000000 ) ) ;
#1793 = ORIENTED_EDGE ( 'NONE', *, *, #4823, .F. ) ;
#1794 = CARTESIAN_POINT ( 'NONE',  ( -12.00000000000000000, -16.00000000000000000, -8.500000000000000000 ) ) ;
#1795 = CIRCLE ( 'NONE', #6066, 3.250000000000058620 ) ;
#1796 = DIRECTION ( 'NONE',  ( -1.000000000000000000, 0.000000000000000000, 0.000000000000000000 ) ) ;
#1797 = AXIS2_PLACEMENT_3D ( 'NONE', #654, #6329, #8571 ) ;
#1798 = DIRECTION ( 'NONE',  ( -1.000000000000000000, 0.000000000000000000, 0.000000000000000000 ) ) ;
#1799 = CARTESIAN_POINT ( 'NONE',  ( 0.000000000000000000, -16.00000000000000000, -121.0000000000000000 ) ) ;
#1800 = LINE ( 'NONE', #6571, #1693 ) ;
#1801 = ORIENTED_EDGE ( 'NONE', *, *, #7159, .T. ) ;
#1802 = CARTESIAN_POINT ( 'NONE',  ( -12.00000000000000000, -26.00000000000000000, -17.00000000000000000 ) ) ;
#1803 = DIRECTION ( 'NONE',  ( 0.000000000000000000, 0.000000000000000000, -1.000000000000000000 ) ) ;
#1804 = LINE ( 'NONE', #5080, #7876 ) ;
#1805 = CARTESIAN_POINT ( 'NONE',  ( -6.500000000000013323, -25.30095326717815141, -151.9597073893093579 ) ) ;
#1806 = DIRECTION ( 'NONE',  ( 0.000000000000000000, 0.000000000000000000, 1.000000000000000000 ) ) ;
#1807 = AXIS2_PLACEMENT_3D ( 'NONE', #9645, #8200, #869 ) ;
#1808 = EDGE_CURVE ( 'NONE', #3981, #7606, #7839, .T. ) ;
#1809 = AXIS2_PLACEMENT_3D ( 'NONE', #746, #4025, #7279 ) ;
#1810 = ADVANCED_FACE ( 'NONE', ( #7981 ), #7073, .T. ) ;
#1811 = EDGE_CURVE ( 'NONE', #10120, #9090, #4615, .T. ) ;
#1812 = ADVANCED_FACE ( 'NONE', ( #1347 ), #6164, .T. ) ;
#1813 = ORIENTED_EDGE ( 'NONE', *, *, #10202, .F. ) ;
#1814 = ORIENTED_EDGE ( 'NONE', *, *, #4823, .T. ) ;
#1815 = ORIENTED_EDGE ( 'NONE', *, *, #6463, .T. ) ;
#1816 = DIRECTION ( 'NONE',  ( 0.000000000000000000, 0.000000000000000000, -1.000000000000000000 ) ) ;
#1817 = CARTESIAN_POINT ( 'NONE',  ( 8.000000000000000000, -16.00000000000000000, -5.500000000000000000 ) ) ;
#1818 = TOROIDAL_SURFACE ( 'NONE', #6438, 4.799999999999450040, 0.2000000000005540124 ) ;
#1819 = VERTEX_POINT ( 'NONE', #7132 ) ;
#1820 = CARTESIAN_POINT ( 'NONE',  ( 3.010794155703795274E-16, -29.20849999999999724, -141.0414999999999850 ) ) ;
#1821 = CARTESIAN_POINT ( 'NONE',  ( 6.945484662201843129, 27.12336122258924220, -151.8962886825583212 ) ) ;
#1822 = CARTESIAN_POINT ( 'NONE',  ( -8.021096714234658975, -27.71987061392665197, 0.000000000000000000 ) ) ;
#1823 = AXIS2_PLACEMENT_3D ( 'NONE', #10127, #1042, #232 ) ;
#1824 = DIRECTION ( 'NONE',  ( 0.000000000000000000, 0.000000000000000000, 1.000000000000000000 ) ) ;
#1825 = EDGE_CURVE ( 'NONE', #5131, #4276, #3013, .T. ) ;
#1826 = DIRECTION ( 'NONE',  ( 1.000000000000000000, 0.000000000000000000, 0.000000000000000000 ) ) ;
#1827 = ORIENTED_EDGE ( 'NONE', *, *, #2601, .F. ) ;
#1828 = EDGE_LOOP ( 'NONE', ( #10119, #10255, #2568 ) ) ;
#1829 = ORIENTED_EDGE ( 'NONE', *, *, #4175, .F. ) ;
#1830 = LINE ( 'NONE', #9160, #4132 ) ;
#1831 = CIRCLE ( 'NONE', #4061, 3.499999999999999556 ) ;
#1832 = DIRECTION ( 'NONE',  ( 1.000000000000000000, 0.000000000000000000, 0.000000000000000000 ) ) ;
#1833 = VERTEX_POINT ( 'NONE', #10391 ) ;
#1834 = CARTESIAN_POINT ( 'NONE',  ( 8.000000000000000000, 26.00000000000000000, 0.000000000000000000 ) ) ;
#1835 = EDGE_CURVE ( 'NONE', #4464, #4566, #6214, .T. ) ;
#1836 = CARTESIAN_POINT ( 'NONE',  ( 3.647273485673900417, 22.00000000000000000, 0.000000000000000000 ) ) ;
#1837 = DIRECTION ( 'NONE',  ( 0.000000000000000000, 0.000000000000000000, 1.000000000000000000 ) ) ;
#1838 = CIRCLE ( 'NONE', #6106, 10.00000000000000000 ) ;
#1839 = EDGE_CURVE ( 'NONE', #6095, #7052, #2205, .T. ) ;
#1840 = VECTOR ( 'NONE', #2715, 1000.000000000000000 ) ;
#1841 = LINE ( 'NONE', #10070, #8628 ) ;
#1842 = EDGE_CURVE ( 'NONE', #4992, #171, #4726, .T. ) ;
#1843 = EDGE_LOOP ( 'NONE', ( #8667, #3813 ) ) ;
#1844 = ORIENTED_EDGE ( 'NONE', *, *, #3932, .F. ) ;
#1845 = CARTESIAN_POINT ( 'NONE',  ( -6.500000000000000000, -26.00000000000000000, -0.1270170592245030150 ) ) ;
#1846 = EDGE_LOOP ( 'NONE', ( #10593, #3647, #6305 ) ) ;
#1847 = DIRECTION ( 'NONE',  ( 0.000000000000000000, 0.000000000000000000, -1.000000000000000000 ) ) ;
#1848 = VERTEX_POINT ( 'NONE', #2094 ) ;
#1849 = DIRECTION ( 'NONE',  ( 0.000000000000000000, 0.000000000000000000, -1.000000000000000000 ) ) ;
#1850 = PLANE ( 'NONE',  #968 ) ;
#1851 = CARTESIAN_POINT ( 'NONE',  ( -1.500000000000000000, 19.80000000000000071, -143.5000000000000000 ) ) ;
#1852 = CARTESIAN_POINT ( 'NONE',  ( -11.84999999999999964, -29.50000000000000000, -17.00000000000000000 ) ) ;
#1853 = B_SPLINE_CURVE_WITH_KNOTS ( 'NONE', 3,
 ( #839, #1746, #10580, #7475 ),
 .UNSPECIFIED., .F., .F.,
 ( 4, 4 ),
 ( 0.000000000000000000, 0.0004269752087342369913 ),
 .UNSPECIFIED. ) ;
#1854 = AXIS2_PLACEMENT_3D ( 'NONE', #4670, #10273, #8565 ) ;
#1855 = DIRECTION ( 'NONE',  ( 0.000000000000000000, 0.000000000000000000, 1.000000000000000000 ) ) ;
#1856 = ORIENTED_EDGE ( 'NONE', *, *, #6803, .T. ) ;
#1857 = DIRECTION ( 'NONE',  ( 1.000000000000000000, 0.000000000000000000, 0.000000000000000000 ) ) ;
#1858 = CARTESIAN_POINT ( 'NONE',  ( -1.500000000000000000, 29.80000000000000071, -12.78299999999999947 ) ) ;
#1859 = DIRECTION ( 'NONE',  ( 1.000000000000000000, 0.000000000000000000, 0.000000000000000000 ) ) ;
#1860 = DIRECTION ( 'NONE',  ( -1.000000000000000000, 0.000000000000000000, 0.000000000000000000 ) ) ;
#1861 = CARTESIAN_POINT ( 'NONE',  ( -8.500000000000000000, 17.49999999999940314, -31.00000000000000000 ) ) ;
#1862 = ORIENTED_EDGE ( 'NONE', *, *, #9071, .F. ) ;
#1863 = ORIENTED_EDGE ( 'NONE', *, *, #7638, .F. ) ;
#1864 = EDGE_LOOP ( 'NONE', ( #10153, #5207, #1497 ) ) ;
#1865 = DIRECTION ( 'NONE',  ( 0.000000000000000000, 0.000000000000000000, -1.000000000000000000 ) ) ;
#1866 = DIRECTION ( 'NONE',  ( 0.000000000000000000, 0.000000000000000000, 1.000000000000000000 ) ) ;
#1867 = VERTEX_POINT ( 'NONE', #3926 ) ;
#1868 = CARTESIAN_POINT ( 'NONE',  ( 7.500000000000000000, 30.00000000000000000, -17.00000000000000000 ) ) ;
#1869 = CARTESIAN_POINT ( 'NONE',  ( 0.4999999999993789968, 25.50000000000000000, -111.0000000000000000 ) ) ;
#1870 = DIRECTION ( 'NONE',  ( 0.000000000000000000, 0.000000000000000000, -1.000000000000000000 ) ) ;
#1871 = DIRECTION ( 'NONE',  ( 1.000000000000000000, 0.000000000000000000, 0.000000000000000000 ) ) ;
#1872 = EDGE_CURVE ( 'NONE', #7067, #1904, #7821, .T. ) ;
#1873 = AXIS2_PLACEMENT_3D ( 'NONE', #6471, #8226, #6419 ) ;
#1874 = CARTESIAN_POINT ( 'NONE',  ( -8.200000000000549960, -16.00000000000000000, -13.50000000000000000 ) ) ;
#1875 = ADVANCED_FACE ( 'NONE', ( #2043, #4504, #7765 ), #429, .T. ) ;
#1876 = DIRECTION ( 'NONE',  ( 0.000000000000000000, 0.000000000000000000, 1.000000000000000000 ) ) ;
#1877 = ORIENTED_EDGE ( 'NONE', *, *, #3439, .T. ) ;
#1878 = ORIENTED_EDGE ( 'NONE', *, *, #2684, .T. ) ;
#1879 = ORIENTED_EDGE ( 'NONE', *, *, #8762, .F. ) ;
#1880 = DIRECTION ( 'NONE',  ( 0.8660254037842944896, 0.5000000000002498002, 0.000000000000000000 ) ) ;
#1881 = CYLINDRICAL_SURFACE ( 'NONE', #2265, 0.2000000000005541234 ) ;
#1882 = ORIENTED_EDGE ( 'NONE', *, *, #8487, .F. ) ;
#1883 = ADVANCED_FACE ( 'NONE', ( #8680 ), #7013, .T. ) ;
#1884 = DIRECTION ( 'NONE',  ( 0.000000000000000000, 0.000000000000000000, 1.000000000000000000 ) ) ;
#1885 = EDGE_CURVE ( 'NONE', #9338, #6002, #483, .T. ) ;
#1886 = FACE_OUTER_BOUND ( 'NONE', #922, .T. ) ;
#1887 = LINE ( 'NONE', #5966, #3668 ) ;
#1888 =( BOUNDED_CURVE ( )  B_SPLINE_CURVE ( 3, ( #3340, #3187, #12, #4044 ),
 .UNSPECIFIED., .F., .F. ) 
 B_SPLINE_CURVE_WITH_KNOTS ( ( 4, 4 ),
 ( 0.000000000000000000, 1.570796326794895004 ),
 .UNSPECIFIED. ) 
 CURVE ( )  GEOMETRIC_REPRESENTATION_ITEM ( )  RATIONAL_B_SPLINE_CURVE ( ( 1.000000000000000000, 0.8047378541243649375, 0.8047378541243649375, 1.000000000000000000 ) ) 
 REPRESENTATION_ITEM ( '' )  );
#1889 = ORIENTED_EDGE ( 'NONE', *, *, #8535, .T. ) ;
#1890 = ORIENTED_EDGE ( 'NONE', *, *, #1414, .T. ) ;
#1891 = VECTOR ( 'NONE', #9600, 1000.000000000000000 ) ;
#1892 = FACE_OUTER_BOUND ( 'NONE', #7328, .T. ) ;
#1893 = EDGE_CURVE ( 'NONE', #5393, #10105, #9470, .T. ) ;
#1894 = FACE_OUTER_BOUND ( 'NONE', #9093, .T. ) ;
#1895 = ORIENTED_EDGE ( 'NONE', *, *, #8771, .F. ) ;
#1896 = CARTESIAN_POINT ( 'NONE',  ( 2.756766064641388958, -18.75676606464140050, -144.2200779784530198 ) ) ;
#1897 = CONICAL_SURFACE ( 'NONE', #2244, 4.283000000000000362, 0.5235987755983981806 ) ;
#1898 = DIRECTION ( 'NONE',  ( 0.000000000000000000, 0.000000000000000000, -1.000000000000000000 ) ) ;
#1899 = CIRCLE ( 'NONE', #6170, 4.100000000000000533 ) ;
#1900 = FACE_OUTER_BOUND ( 'NONE', #5529, .T. ) ;
#1901 = PLANE ( 'NONE',  #10515 ) ;
#1902 = AXIS2_PLACEMENT_3D ( 'NONE', #6631, #7315, #5659 ) ;
#1903 = DIRECTION ( 'NONE',  ( 0.000000000000000000, 0.000000000000000000, 1.000000000000000000 ) ) ;
#1904 = VERTEX_POINT ( 'NONE', #1551 ) ;
#1905 = DIRECTION ( 'NONE',  ( 0.000000000000000000, 0.000000000000000000, 1.000000000000000000 ) ) ;
#1906 = LINE ( 'NONE', #6943, #2644 ) ;
#1907 = AXIS2_PLACEMENT_3D ( 'NONE', #3841, #10363, #10248 ) ;
#1908 = DIRECTION ( 'NONE',  ( 0.000000000000000000, 0.000000000000000000, 1.000000000000000000 ) ) ;
#1909 = LINE ( 'NONE', #5184, #7550 ) ;
#1910 = DIRECTION ( 'NONE',  ( 1.000000000000000000, 0.000000000000000000, 0.000000000000000000 ) ) ;
#1911 = CIRCLE ( 'NONE', #8401, 2.458500000000000352 ) ;
#1912 = CIRCLE ( 'NONE', #9258, 3.250000000000000000 ) ;
#1913 = ORIENTED_EDGE ( 'NONE', *, *, #7851, .T. ) ;
#1914 = ORIENTED_EDGE ( 'NONE', *, *, #5433, .T. ) ;
#1915 = DIRECTION ( 'NONE',  ( 0.000000000000000000, 0.000000000000000000, -1.000000000000000000 ) ) ;
#1916 = CARTESIAN_POINT ( 'NONE',  ( 12.00000000000000000, 26.00000000000094857, -17.00000000000000000 ) ) ;
#1917 = ORIENTED_EDGE ( 'NONE', *, *, #4250, .F. ) ;
#1918 = DIRECTION ( 'NONE',  ( 0.000000000000000000, 0.000000000000000000, 1.000000000000000000 ) ) ;
#1919 = DIRECTION ( 'NONE',  ( 1.000000000000000000, 0.000000000000000000, 0.000000000000000000 ) ) ;
#1920 = EDGE_CURVE ( 'NONE', #8461, #9742, #8991, .T. ) ;
#1921 = LINE ( 'NONE', #6312, #5765 ) ;
#1922 = AXIS2_PLACEMENT_3D ( 'NONE', #1794, #333, #6773 ) ;
#1923 = CARTESIAN_POINT ( 'NONE',  ( -8.524989567790413503, -27.42894793928326180, -0.1272730651319249617 ) ) ;
#1924 = CARTESIAN_POINT ( 'NONE',  ( 8.350000000000278533, -26.00000000000000000, -17.00000000000000000 ) ) ;
#1925 = CARTESIAN_POINT ( 'NONE',  ( 8.000000000000000000, 26.00000000000000000, -2.000000000000000000 ) ) ;
#1926 = ORIENTED_EDGE ( 'NONE', *, *, #8292, .T. ) ;
#1927 = EDGE_LOOP ( 'NONE', ( #9796, #3096, #2747, #760, #6031 ) ) ;
#1928 = ORIENTED_EDGE ( 'NONE', *, *, #6422, .T. ) ;
#1929 = LINE ( 'NONE', #5311, #4983 ) ;
#1930 = CIRCLE ( 'NONE', #7915, 0.5000000000060268457 ) ;
#1931 = DIRECTION ( 'NONE',  ( 0.000000000000000000, 0.000000000000000000, -1.000000000000000000 ) ) ;
#1932 = ORIENTED_EDGE ( 'NONE', *, *, #6670, .F. ) ;
#1933 = EDGE_CURVE ( 'NONE', #9057, #5504, #7161, .T. ) ;
#1934 = FACE_OUTER_BOUND ( 'NONE', #9836, .T. ) ;
#1935 = DIRECTION ( 'NONE',  ( -1.000000000000000000, 0.000000000000000000, 0.000000000000000000 ) ) ;
#1936 = CARTESIAN_POINT ( 'NONE',  ( -1.738422021547135099, -17.73842202154714798, -145.2384220215472226 ) ) ;
#1937 = CARTESIAN_POINT ( 'NONE',  ( -4.015521883131614622, -26.00000000000000000, 0.000000000000000000 ) ) ;
#1938 = DIRECTION ( 'NONE',  ( -1.000000000000000000, 0.000000000000000000, 0.000000000000000000 ) ) ;
#1939 = ADVANCED_FACE ( 'NONE', ( #5786, #4028 ), #4981, .F. ) ;
#1940 = ADVANCED_FACE ( 'NONE', ( #1503 ), #4772, .F. ) ;
#1941 = ORIENTED_EDGE ( 'NONE', *, *, #7850, .F. ) ;
#1942 = EDGE_LOOP ( 'NONE', ( #8356, #8884 ) ) ;
#1943 = CIRCLE ( 'NONE', #64, 4.000000000000305533 ) ;
#1944 = FACE_OUTER_BOUND ( 'NONE', #2981, .T. ) ;
#1945 = AXIS2_PLACEMENT_3D ( 'NONE', #5729, #646, #8077 ) ;
#1946 = CARTESIAN_POINT ( 'NONE',  ( -9.719999999999998863, -26.00000000000000000, -152.0000000000000000 ) ) ;
#1947 = VERTEX_POINT ( 'NONE', #3267 ) ;
#1948 = AXIS2_PLACEMENT_3D ( 'NONE', #234, #9379, #2810 ) ;
#1949 = DIRECTION ( 'NONE',  ( 0.000000000000000000, 0.000000000000000000, 1.000000000000000000 ) ) ;
#1950 = CARTESIAN_POINT ( 'NONE',  ( -2.458500000000000352, -16.00000000000000000, -8.500000003456429809 ) ) ;
#1951 = VECTOR ( 'NONE', #7825, 1000.000000000000227 ) ;
#1952 = CARTESIAN_POINT ( 'NONE',  ( -6.500000000000000000, -26.00000000000000000, -0.1270170592245030150 ) ) ;
#1953 = CARTESIAN_POINT ( 'NONE',  ( 8.993889166672357049, 27.15835484021387813, -151.8845186966346716 ) ) ;
#1954 = EDGE_CURVE ( 'NONE', #703, #6040, #9035, .T. ) ;
#1955 = LINE ( 'NONE', #39, #7581 ) ;
#1956 = SHAPE_REPRESENTATION ( '161267 DZF-32-80-A-P-A---(ZR)_features.STEP', ( #6751 ), #4532 ) ;
#1957 = EDGE_CURVE ( 'NONE', #5010, #10502, #10550, .T. ) ;
#1958 = AXIS2_PLACEMENT_3D ( 'NONE', #10372, #3048, #2240 ) ;
#1959 = FACE_OUTER_BOUND ( 'NONE', #4612, .T. ) ;
#1960 = VERTEX_POINT ( 'NONE', #3320 ) ;
#1961 = EDGE_CURVE ( 'NONE', #2105, #5516, #3821, .T. ) ;
#1962 = AXIS2_PLACEMENT_3D ( 'NONE', #2683, #1824, #5839 ) ;
#1963 = CARTESIAN_POINT ( 'NONE',  ( 4.335090188609795447, 29.80000000000000071, -152.0000000000000000 ) ) ;
#1964 = VECTOR ( 'NONE', #1876, 1000.000000000000000 ) ;
#1965 = FACE_OUTER_BOUND ( 'NONE', #3502, .T. ) ;
#1966 = CARTESIAN_POINT ( 'NONE',  ( -1.399999999999385958, 30.39999999999939817, -152.0010000000000048 ) ) ;
#1967 = CIRCLE ( 'NONE', #6236, 0.2000000000005541234 ) ;
#1968 = DIRECTION ( 'NONE',  ( 0.000000000000000000, 0.000000000000000000, 1.000000000000000000 ) ) ;
#1969 = VECTOR ( 'NONE', #6884, 1000.000000000000000 ) ;
#1970 = CARTESIAN_POINT ( 'NONE',  ( 2.458500000000000352, -16.00000000000000000, -8.500000003456429809 ) ) ;
#1971 = EDGE_CURVE ( 'NONE', #1343, #267, #1511, .T. ) ;
#1972 = EDGE_CURVE ( 'NONE', #10329, #9606, #6304, .T. ) ;
#1973 = VECTOR ( 'NONE', #288, 1000.000000000000000 ) ;
#1974 = EDGE_CURVE ( 'NONE', #1395, #7866, #5571, .T. ) ;
#1975 = ORIENTED_EDGE ( 'NONE', *, *, #9502, .F. ) ;
#1976 = ORIENTED_EDGE ( 'NONE', *, *, #7850, .T. ) ;
#1977 = LINE ( 'NONE', #5248, #4732 ) ;
#1978 = LINE ( 'NONE', #2077, #1102 ) ;
#1979 = ORIENTED_EDGE ( 'NONE', *, *, #7468, .T. ) ;
#1980 = DIRECTION ( 'NONE',  ( 0.000000000000000000, 1.000000000000000000, 0.000000000000000000 ) ) ;
#1981 = CARTESIAN_POINT ( 'NONE',  ( 7.737034626024047235, 27.58027388286622639, -151.9316871987779791 ) ) ;
#1982 = LINE ( 'NONE', #9200, #9342 ) ;
#1983 = CARTESIAN_POINT ( 'NONE',  ( 11.09999999999999964, 26.00000000000000000, 0.000000000000000000 ) ) ;
#1984 = FACE_OUTER_BOUND ( 'NONE', #7058, .T. ) ;
#1985 = AXIS2_PLACEMENT_3D ( 'NONE', #63, #8849, #6545 ) ;
#1986 = CARTESIAN_POINT ( 'NONE',  ( 7.458499999999999908, -16.00000000000000000, -10.95849999999999902 ) ) ;
#1987 = VERTEX_POINT ( 'NONE', #694 ) ;
#1988 = EDGE_LOOP ( 'NONE', ( #3024, #3367 ) ) ;
#1989 = VERTEX_POINT ( 'NONE', #3971 ) ;
#1990 = LINE ( 'NONE', #9468, #270 ) ;
#1991 = ADVANCED_FACE ( 'NONE', ( #2366, #5625 ), #2521, .F. ) ;
#1992 = CARTESIAN_POINT ( 'NONE',  ( -8.021096714234539959, -24.28012938607335158, 0.000000000000000000 ) ) ;
#1993 = AXIS2_PLACEMENT_3D ( 'NONE', #8447, #413, #2673 ) ;
#1994 = CIRCLE ( 'NONE', #8139, 1.500000000000000222 ) ;
#1995 = VERTEX_POINT ( 'NONE', #4819 ) ;
#1996 = DIRECTION ( 'NONE',  ( 0.000000000000000000, 0.000000000000000000, -1.000000000000000000 ) ) ;
#1997 = CARTESIAN_POINT ( 'NONE',  ( 4.335090188609795447, 29.80000000000000071, 0.000000000000000000 ) ) ;
#1998 = DIRECTION ( 'NONE',  ( 0.8660254037844485886, 0.000000000000000000, 0.4999999999999827915 ) ) ;
#1999 = DIRECTION ( 'NONE',  ( -0.000000000000000000, 1.000000000000000000, 0.000000000000000000 ) ) ;
#2000 = VECTOR ( 'NONE', #8202, 1000.000000000000000 ) ;
#2001 = EDGE_LOOP ( 'NONE', ( #6283, #4058, #5115, #2898 ) ) ;
#2002 = ORIENTED_EDGE ( 'NONE', *, *, #8068, .T. ) ;
#2003 = DIRECTION ( 'NONE',  ( 1.000000000000000000, 0.000000000000000000, 0.000000000000000000 ) ) ;
#2004 = EDGE_CURVE ( 'NONE', #3278, #8880, #4087, .T. ) ;
#2005 = CARTESIAN_POINT ( 'NONE',  ( -9.500000000000000000, -26.00000000000000000, -151.8729829407770069 ) ) ;
#2006 = ORIENTED_EDGE ( 'NONE', *, *, #4645, .F. ) ;
#2007 = DIRECTION ( 'NONE',  ( 1.000000000000000000, 0.000000000000000000, 0.000000000000000000 ) ) ;
#2008 = LINE ( 'NONE', #9121, #7285 ) ;
#2009 = VECTOR ( 'NONE', #6946, 1000.000000000000114 ) ;
#2010 = EDGE_CURVE ( 'NONE', #5382, #9995, #8862, .T. ) ;
#2011 = DIRECTION ( 'NONE',  ( 0.000000000000000000, 1.000000000000000000, 0.000000000000000000 ) ) ;
#2012 = CARTESIAN_POINT ( 'NONE',  ( 4.100000000000000533, 5.021051876504150343E-16, 8.599999999999999645 ) ) ;
#2013 = EDGE_CURVE ( 'NONE', #3907, #493, #10218, .T. ) ;
#2014 = CARTESIAN_POINT ( 'NONE',  ( 0.000000000000000000, -29.20849999999999724, -8.500000000000000000 ) ) ;
#2015 = EDGE_CURVE ( 'NONE', #9397, #6147, #8572, .T. ) ;
#2016 = CARTESIAN_POINT ( 'NONE',  ( -3.750000000000000000, 7.250000000000000000, -152.0000000000000000 ) ) ;
#2017 = VERTEX_POINT ( 'NONE', #10094 ) ;
#2018 = CARTESIAN_POINT ( 'NONE',  ( -12.00000000000000000, -26.00000000000000000, -135.0000000000000000 ) ) ;
#2019 = CARTESIAN_POINT ( 'NONE',  ( 2.458500000000000352, -16.00000000000000000, -141.0414999999999850 ) ) ;
#2020 = DIRECTION ( 'NONE',  ( 1.000000000000000000, 0.000000000000000000, 0.000000000000000000 ) ) ;
#2021 = CARTESIAN_POINT ( 'NONE',  ( -4.899999999999999467, -26.00000000000000000, 0.000000000000000000 ) ) ;
#2022 = LINE ( 'NONE', #10039, #9863 ) ;
#2023 =( BOUNDED_CURVE ( )  B_SPLINE_CURVE ( 3, ( #848, #10380, #1652, #5722 ),
 .UNSPECIFIED., .F., .F. ) 
 B_SPLINE_CURVE_WITH_KNOTS ( ( 4, 4 ),
 ( 4.712388980384689674, 6.283185307179590673 ),
 .UNSPECIFIED. ) 
 CURVE ( )  GEOMETRIC_REPRESENTATION_ITEM ( )  RATIONAL_B_SPLINE_CURVE ( ( 1.000000000000000000, 0.8047378541243649375, 0.8047378541243649375, 1.000000000000000000 ) ) 
 REPRESENTATION_ITEM ( '' )  );
#2024 = EDGE_CURVE ( 'NONE', #9090, #140, #3373, .T. ) ;
#2025 = ORIENTED_EDGE ( 'NONE', *, *, #889, .T. ) ;
#2026 = ORIENTED_EDGE ( 'NONE', *, *, #8748, .T. ) ;
#2027 = DIRECTION ( 'NONE',  ( 0.000000000000000000, 0.000000000000000000, 1.000000000000000000 ) ) ;
#2028 = AXIS2_PLACEMENT_3D ( 'NONE', #6225, #6286, #9643 ) ;
#2029 = CARTESIAN_POINT ( 'NONE',  ( -1.500000000000000000, 28.47151703059499539, -8.500000000000000000 ) ) ;
#2030 = ORIENTED_EDGE ( 'NONE', *, *, #7828, .F. ) ;
#2031 = DIRECTION ( 'NONE',  ( -1.000000000000000000, 0.000000000000000000, 0.000000000000000000 ) ) ;
#2032 = DIRECTION ( 'NONE',  ( 0.000000000000000000, -1.000000000000000000, 0.000000000000000000 ) ) ;
#2033 = EDGE_CURVE ( 'NONE', #10062, #4846, #4422, .T. ) ;
#2034 = FACE_OUTER_BOUND ( 'NONE', #4623, .T. ) ;
#2035 = CARTESIAN_POINT ( 'NONE',  ( -8.000000000000000000, -26.00000000000000000, -150.0000000000000000 ) ) ;
#2036 = AXIS2_PLACEMENT_3D ( 'NONE', #4112, #4917, #6514 ) ;
#2037 = DIRECTION ( 'NONE',  ( 0.000000000000000000, 0.000000000000000000, -1.000000000000000000 ) ) ;
#2038 = ORIENTED_EDGE ( 'NONE', *, *, #3327, .T. ) ;
#2039 = ORIENTED_EDGE ( 'NONE', *, *, #810, .F. ) ;
#2040 = VERTEX_POINT ( 'NONE', #5138 ) ;
#2041 = LINE ( 'NONE', #9257, #6511 ) ;
#2042 = EDGE_LOOP ( 'NONE', ( #1516, #5179, #4725, #496, #10359 ) ) ;
#2043 = FACE_BOUND ( 'NONE', #10227, .T. ) ;
#2044 = ORIENTED_EDGE ( 'NONE', *, *, #8464, .F. ) ;
#2045 = CARTESIAN_POINT ( 'NONE',  ( -8.145341268630154730, -27.64813798700096470, -151.9594681027425906 ) ) ;
#2046 = FACE_OUTER_BOUND ( 'NONE', #3754, .T. ) ;
#2047 = DIRECTION ( 'NONE',  ( 0.000000000000000000, 0.000000000000000000, 1.000000000000000000 ) ) ;
#2048 = LINE ( 'NONE', #4622, #1455 ) ;
#2049 = VERTEX_POINT ( 'NONE', #6045 ) ;
#2050 = ORIENTED_EDGE ( 'NONE', *, *, #4951, .F. ) ;
#2051 = CARTESIAN_POINT ( 'NONE',  ( 5.655795911827169675, 1.789201174398199923, 7.868853943432920772 ) ) ;
#2052 = CYLINDRICAL_SURFACE ( 'NONE', #3879, 2.458500000000002572 ) ;
#2053 = ORIENTED_EDGE ( 'NONE', *, *, #5666, .T. ) ;
#2054 = LINE ( 'NONE', #7147, #5853 ) ;
#2055 = ADVANCED_FACE ( 'NONE', ( #6643 ), #5615, .T. ) ;
#2056 = CARTESIAN_POINT ( 'NONE',  ( 4.700000000000099654, 0.000000000000000000, 9.394203811574740826 ) ) ;
#2057 = FACE_OUTER_BOUND ( 'NONE', #6271, .T. ) ;
#2058 = LINE ( 'NONE', #2223, #4708 ) ;
#2059 = CARTESIAN_POINT ( 'NONE',  ( 7.999999999999699796, -30.00000000000000000, 0.000000000000000000 ) ) ;
#2060 = AXIS2_PLACEMENT_3D ( 'NONE', #8595, #10195, #4477 ) ;
#2061 = DIRECTION ( 'NONE',  ( 0.000000000000000000, 0.000000000000000000, -1.000000000000000000 ) ) ;
#2062 = FACE_OUTER_BOUND ( 'NONE', #2896, .T. ) ;
#2063 = ORIENTED_EDGE ( 'NONE', *, *, #7133, .T. ) ;
#2064 = ORIENTED_EDGE ( 'NONE', *, *, #2998, .T. ) ;
#2065 = DIRECTION ( 'NONE',  ( 0.000000000000000000, 0.000000000000000000, 1.000000000000000000 ) ) ;
#2066 = CARTESIAN_POINT ( 'NONE',  ( 4.015521883131614622, 26.00000000000000000, -148.0000000000000000 ) ) ;
#2067 = FACE_OUTER_BOUND ( 'NONE', #3056, .T. ) ;
#2068 = CYLINDRICAL_SURFACE ( 'NONE', #9768, 3.999999999998710365 ) ;
#2069 = CARTESIAN_POINT ( 'NONE',  ( -1.649999999999999911, 34.60000000000059828, -135.0000000000000000 ) ) ;
#2070 = EDGE_CURVE ( 'NONE', #9995, #10361, #965, .T. ) ;
#2071 = ORIENTED_EDGE ( 'NONE', *, *, #6396, .T. ) ;
#2072 = AXIS2_PLACEMENT_3D ( 'NONE', #4332, #5991, #1014 ) ;
#2073 = EDGE_LOOP ( 'NONE', ( #44, #5782, #5880, #4257 ) ) ;
#2074 = EDGE_CURVE ( 'NONE', #2645, #5155, #7668, .T. ) ;
#2075 = ORIENTED_EDGE ( 'NONE', *, *, #2070, .F. ) ;
#2076 = CARTESIAN_POINT ( 'NONE',  ( 6.500000000000000000, 26.86602540378400050, -150.0000000000000000 ) ) ;
#2077 = CARTESIAN_POINT ( 'NONE',  ( -8.000000000000000000, -16.00000000000000000, -5.500000000000000000 ) ) ;
#2078 = ORIENTED_EDGE ( 'NONE', *, *, #7287, .T. ) ;
#2079 = LINE ( 'NONE', #7807, #9080 ) ;
#2080 = DIRECTION ( 'NONE',  ( 0.000000000000000000, 0.000000000000000000, -1.000000000000000000 ) ) ;
#2081 = VECTOR ( 'NONE', #4114, 1000.000000000000000 ) ;
#2082 = ADVANCED_FACE ( 'NONE', ( #1065 ), #259, .F. ) ;
#2083 = CARTESIAN_POINT ( 'NONE',  ( -4.100000000000000533, 0.000000000000000000, 9.394203811574740826 ) ) ;
#2084 = AXIS2_PLACEMENT_3D ( 'NONE', #1592, #7424, #8176 ) ;
#2085 = CARTESIAN_POINT ( 'NONE',  ( 0.000000000000000000, -30.00000000000000000, -145.9584999999999866 ) ) ;
#2086 = EDGE_CURVE ( 'NONE', #2236, #1072, #4640, .T. ) ;
#2087 = CARTESIAN_POINT ( 'NONE',  ( -7.458499999999999908, -16.00000000000000000, -10.95849999999999902 ) ) ;
#2088 = ORIENTED_EDGE ( 'NONE', *, *, #9846, .T. ) ;
#2089 = VERTEX_POINT ( 'NONE', #1869 ) ;
#2090 = EDGE_LOOP ( 'NONE', ( #6197, #2288, #9485, #98 ) ) ;
#2091 = DIRECTION ( 'NONE',  ( 0.000000000000000000, 0.000000000000000000, 1.000000000000000000 ) ) ;
#2092 = CIRCLE ( 'NONE', #7899, 0.3999999999993869571 ) ;
#2093 = VERTEX_POINT ( 'NONE', #307 ) ;
#2094 = CARTESIAN_POINT ( 'NONE',  ( -0.5329999999999879279, -7.250000000000000000, -145.5000000000000000 ) ) ;
#2095 = ORIENTED_EDGE ( 'NONE', *, *, #2889, .F. ) ;
#2096 = AXIS2_PLACEMENT_3D ( 'NONE', #8041, #9054, #707 ) ;
#2097 = CARTESIAN_POINT ( 'NONE',  ( -8.507232877327915332, -27.43924041518739898, -151.8877686763500208 ) ) ;
#2098 = B_SPLINE_CURVE_WITH_KNOTS ( 'NONE', 3,
 ( #8508, #10054, #9245, #10156, #5253, #9354 ),
 .UNSPECIFIED., .F., .F.,
 ( 4, 2, 4 ),
 ( 0.000000000000000000, 0.5000000000000000000, 1.000000000000000000 ),
 .UNSPECIFIED. ) ;
#2099 = DIRECTION ( 'NONE',  ( 0.000000000000000000, 0.000000000000000000, 1.000000000000000000 ) ) ;
#2100 = DIRECTION ( 'NONE',  ( 0.000000000000000000, -1.000000000000000000, 0.000000000000000000 ) ) ;
#2101 = LINE ( 'NONE', #4571, #8457 ) ;
#2102 = AXIS2_PLACEMENT_3D ( 'NONE', #2242, #7059, #7001 ) ;
#2103 = EDGE_CURVE ( 'NONE', #1848, #6173, #9582, .T. ) ;
#2104 = EDGE_CURVE ( 'NONE', #3428, #3095, #8193, .T. ) ;
#2105 = VERTEX_POINT ( 'NONE', #10000 ) ;
#2106 = ORIENTED_EDGE ( 'NONE', *, *, #3254, .T. ) ;
#2107 = ORIENTED_EDGE ( 'NONE', *, *, #3202, .T. ) ;
#2108 = DIRECTION ( 'NONE',  ( 1.000000000000000000, 0.000000000000000000, 0.000000000000000000 ) ) ;
#2109 = CARTESIAN_POINT ( 'NONE',  ( -9.500000000000000000, -26.26108037064567569, -0.1270871532055966591 ) ) ;
#2110 = VERTEX_POINT ( 'NONE', #4392 ) ;
#2111 = CARTESIAN_POINT ( 'NONE',  ( -12.05000000000064020, 27.50000000000000000, -17.00000000000000000 ) ) ;
#2112 = DIRECTION ( 'NONE',  ( 0.000000000000000000, 1.000000000000000000, 0.000000000000000000 ) ) ;
#2113 = AXIS2_PLACEMENT_3D ( 'NONE', #216, #3491, #2692 ) ;
#2114 = CARTESIAN_POINT ( 'NONE',  ( -1.500000000000000000, 29.80000000000000071, -3.449999999999999734 ) ) ;
#2115 = LINE ( 'NONE', #9596, #84 ) ;
#2116 = LINE ( 'NONE', #4586, #7768 ) ;
#2117 = VECTOR ( 'NONE', #6641, 1000.000000000000000 ) ;
#2118 = CIRCLE ( 'NONE', #8095, 0.3999999999993869571 ) ;
#2119 = CARTESIAN_POINT ( 'NONE',  ( 8.000000000000000000, 26.00000000000000000, -148.0000000000000000 ) ) ;
#2120 = DIRECTION ( 'NONE',  ( 1.000000000000000000, 0.000000000000000000, 0.000000000000000000 ) ) ;
#2121 = ORIENTED_EDGE ( 'NONE', *, *, #8762, .T. ) ;
#2122 = ORIENTED_EDGE ( 'NONE', *, *, #1183, .T. ) ;
#2123 = CARTESIAN_POINT ( 'NONE',  ( 7.249999999999390710, 35.00000000000000000, -17.00000000000000000 ) ) ;
#2124 = LINE ( 'NONE', #5182, #569 ) ;
#2125 = EDGE_CURVE ( 'NONE', #4677, #9256, #7360, .T. ) ;
#2126 = CARTESIAN_POINT ( 'NONE',  ( -0.4999999999993789968, 25.50000000000000000, -121.0000000000000000 ) ) ;
#2127 = CIRCLE ( 'NONE', #5637, 4.000000000000305533 ) ;
#2128 = CARTESIAN_POINT ( 'NONE',  ( 2.458500000000000352, 16.00000000000000000, -10.95849999999999902 ) ) ;
#2129 = CIRCLE ( 'NONE', #4865, 3.999999999998716582 ) ;
#2130 = VECTOR ( 'NONE', #10533, 1000.000000000000000 ) ;
#2131 = CIRCLE ( 'NONE', #4182, 0.2000000000005539014 ) ;
#2132 = CIRCLE ( 'NONE', #1107, 8.000000000000619949 ) ;
#2133 = CIRCLE ( 'NONE', #2478, 0.2000000000005539014 ) ;
#2134 = ORIENTED_EDGE ( 'NONE', *, *, #308, .T. ) ;
#2135 = VECTOR ( 'NONE', #5579, 1000.000000000000227 ) ;
#2136 = EDGE_LOOP ( 'NONE', ( #2237, #6755, #4832, #1976, #3380 ) ) ;
#2137 = ORIENTED_EDGE ( 'NONE', *, *, #1954, .F. ) ;
#2138 = CARTESIAN_POINT ( 'NONE',  ( 8.500000000000000000, -25.50000000000000000, -111.0000000000000000 ) ) ;
#2139 = DIRECTION ( 'NONE',  ( 1.000000000000000000, 0.000000000000000000, 0.000000000000000000 ) ) ;
#2140 = ORIENTED_EDGE ( 'NONE', *, *, #3737, .F. ) ;
#2141 = CARTESIAN_POINT ( 'NONE',  ( 6.500000000000000000, 25.15833498349999786, -152.0000000000000000 ) ) ;
#2142 = EDGE_CURVE ( 'NONE', #9678, #4349, #1552, .T. ) ;
#2143 = DIRECTION ( 'NONE',  ( -0.8660254037842978203, 0.5000000000002440270, 0.000000000000000000 ) ) ;
#2144 = EDGE_CURVE ( 'NONE', #171, #2321, #5999, .T. ) ;
#2145 = DIRECTION ( 'NONE',  ( 0.000000000000000000, 0.000000000000000000, -1.000000000000000000 ) ) ;
#2146 = CIRCLE ( 'NONE', #1435, 8.000000000000611067 ) ;
#2147 = ADVANCED_FACE ( 'NONE', ( #6101 ), #3633, .T. ) ;
#2148 = CARTESIAN_POINT ( 'NONE',  ( 7.999999999999699796, -26.00000000000000000, 0.000000000000000000 ) ) ;
#2149 = ADVANCED_FACE ( 'NONE', ( #5299 ), #1174, .T. ) ;
#2150 = DIRECTION ( 'NONE',  ( 1.000000000000000000, 0.000000000000000000, 0.000000000000000000 ) ) ;
#2151 = VERTEX_POINT ( 'NONE', #3486 ) ;
#2152 = EDGE_LOOP ( 'NONE', ( #10389, #4401, #8308, #350 ) ) ;
#2153 = VERTEX_POINT ( 'NONE', #9107 ) ;
#2154 = DIRECTION ( 'NONE',  ( 0.000000000000000000, 0.000000000000000000, -1.000000000000000000 ) ) ;
#2155 = VERTEX_POINT ( 'NONE', #10009 ) ;
#2156 = CARTESIAN_POINT ( 'NONE',  ( -12.00000000000000000, -16.00000000000000000, -10.95849999999999902 ) ) ;
#2157 = ORIENTED_EDGE ( 'NONE', *, *, #3853, .F. ) ;
#2158 = LINE ( 'NONE', #3760, #4675 ) ;
#2159 = CARTESIAN_POINT ( 'NONE',  ( -2.458500000000000352, -16.00000000000000000, -151.2084999999999866 ) ) ;
#2160 = DIRECTION ( 'NONE',  ( -0.7071067811865570096, 8.659560562355049955E-17, 0.7071067811865380248 ) ) ;
#2161 = EDGE_CURVE ( 'NONE', #8763, #8444, #2479, .T. ) ;
#2162 = CIRCLE ( 'NONE', #8311, 3.499999999999999556 ) ;
#2163 = VERTEX_POINT ( 'NONE', #8309 ) ;
#2164 = ORIENTED_EDGE ( 'NONE', *, *, #6220, .T. ) ;
#2165 = ORIENTED_EDGE ( 'NONE', *, *, #1040, .F. ) ;
#2166 = VECTOR ( 'NONE', #7944, 1000.000000000000000 ) ;
#2167 = CARTESIAN_POINT ( 'NONE',  ( 8.000000000000000000, 26.00000000000000000, 0.000000000000000000 ) ) ;
#2168 = DIRECTION ( 'NONE',  ( 0.000000000000000000, 0.000000000000000000, 1.000000000000000000 ) ) ;
#2169 = AXIS2_PLACEMENT_3D ( 'NONE', #2178, #3728, #7099 ) ;
#2170 = ORIENTED_EDGE ( 'NONE', *, *, #8684, .T. ) ;
#2171 = CYLINDRICAL_SURFACE ( 'NONE', #4668, 3.499999999999999556 ) ;
#2172 = ADVANCED_FACE ( 'NONE', ( #9209 ), #3426, .F. ) ;
#2173 = CARTESIAN_POINT ( 'NONE',  ( 8.500000000000000000, -17.49999999999940314, -111.0000000000000000 ) ) ;
#2174 = DIRECTION ( 'NONE',  ( 0.000000000000000000, 0.000000000000000000, 1.000000000000000000 ) ) ;
#2175 = CARTESIAN_POINT ( 'NONE',  ( 8.145341268478366814, 27.64813798708861370, -151.9594681027921865 ) ) ;
#2176 = EDGE_CURVE ( 'NONE', #9742, #7761, #6757, .T. ) ;
#2177 = DIRECTION ( 'NONE',  ( 0.000000000000000000, 0.000000000000000000, 1.000000000000000000 ) ) ;
#2178 = CARTESIAN_POINT ( 'NONE',  ( 0.000000000000000000, 0.000000000000000000, -31.00000000000000000 ) ) ;
#2179 = CARTESIAN_POINT ( 'NONE',  ( -6.500000000000000000, -25.13397459621599950, -150.0000000000000000 ) ) ;
#2180 = ORIENTED_EDGE ( 'NONE', *, *, #9534, .F. ) ;
#2181 = FACE_OUTER_BOUND ( 'NONE', #2564, .T. ) ;
#2182 = AXIS2_PLACEMENT_3D ( 'NONE', #5241, #3466, #403 ) ;
#2183 = ORIENTED_EDGE ( 'NONE', *, *, #4175, .T. ) ;
#2184 = DIRECTION ( 'NONE',  ( -1.000000000000000000, 0.000000000000000000, 0.000000000000000000 ) ) ;
#2185 = CARTESIAN_POINT ( 'NONE',  ( -9.500000000000000000, -25.13397459621599950, -150.0000000000000000 ) ) ;
#2186 = VECTOR ( 'NONE', #834, 1000.000000000000000 ) ;
#2187 = ORIENTED_EDGE ( 'NONE', *, *, #3139, .F. ) ;
#2188 = ORIENTED_EDGE ( 'NONE', *, *, #4137, .T. ) ;
#2189 = ORIENTED_EDGE ( 'NONE', *, *, #3364, .F. ) ;
#2190 = CARTESIAN_POINT ( 'NONE',  ( 0.000000000000000000, -30.00000000000000000, -146.7500000000000000 ) ) ;
#2191 = ORIENTED_EDGE ( 'NONE', *, *, #9581, .T. ) ;
#2192 = CARTESIAN_POINT ( 'NONE',  ( -8.000000000001291411, 26.00000000000094857, -152.0000000000000000 ) ) ;
#2193 = CARTESIAN_POINT ( 'NONE',  ( 8.350000000000278533, -26.00000000000000000, -135.0000000000000000 ) ) ;
#2194 = DIRECTION ( 'NONE',  ( 0.000000000000000000, 0.000000000000000000, -1.000000000000000000 ) ) ;
#2195 = DIRECTION ( 'NONE',  ( 1.000000000000000000, 0.000000000000000000, 0.000000000000000000 ) ) ;
#2196 = CIRCLE ( 'NONE', #8519, 4.000000000000305533 ) ;
#2197 = DIRECTION ( 'NONE',  ( -0.5000000000002338130, -0.8660254037843035935, 0.000000000000000000 ) ) ;
#2198 = ORIENTED_EDGE ( 'NONE', *, *, #10342, .F. ) ;
#2199 = ORIENTED_EDGE ( 'NONE', *, *, #7265, .F. ) ;
#2200 = ORIENTED_EDGE ( 'NONE', *, *, #5481, .T. ) ;
#2201 = LINE ( 'NONE', #852, #2668 ) ;
#2202 = ADVANCED_FACE ( 'NONE', ( #5053 ), #5957, .T. ) ;
#2203 = AXIS2_PLACEMENT_3D ( 'NONE', #5365, #10220, #8727 ) ;
#2204 = ORIENTED_EDGE ( 'NONE', *, *, #8160, .T. ) ;
#2205 = LINE ( 'NONE', #6323, #6129 ) ;
#2206 = ADVANCED_FACE ( 'NONE', ( #816 ), #9904, .F. ) ;
#2207 = ORIENTED_EDGE ( 'NONE', *, *, #6091, .T. ) ;
#2208 = DIRECTION ( 'NONE',  ( 0.000000000000000000, 1.000000000000000000, 0.000000000000000000 ) ) ;
#2209 = EDGE_CURVE ( 'NONE', #8892, #3100, #1830, .T. ) ;
#2210 = FACE_OUTER_BOUND ( 'NONE', #6122, .T. ) ;
#2211 = EDGE_LOOP ( 'NONE', ( #4156, #1844, #3214, #5515 ) ) ;
#2212 = ORIENTED_EDGE ( 'NONE', *, *, #2468, .F. ) ;
#2213 = EDGE_LOOP ( 'NONE', ( #1328, #5203, #1761 ) ) ;
#2214 = CARTESIAN_POINT ( 'NONE',  ( -6.500000000000000000, -26.86602540378400050, -150.0000000000000000 ) ) ;
#2215 = ADVANCED_FACE ( 'NONE', ( #4092 ), #5102, .T. ) ;
#2216 = DIRECTION ( 'NONE',  ( 0.000000000000000000, 1.000000000000000000, 0.000000000000000000 ) ) ;
#2217 = VERTEX_POINT ( 'NONE', #7338 ) ;
#2218 = LINE ( 'NONE', #5326, #9946 ) ;
#2219 = EDGE_CURVE ( 'NONE', #3132, #4927, #8733, .T. ) ;
#2220 = DIRECTION ( 'NONE',  ( 0.000000000000000000, 0.000000000000000000, 1.000000000000000000 ) ) ;
#2221 = DIRECTION ( 'NONE',  ( 1.000000000000000000, 0.000000000000000000, 0.000000000000000000 ) ) ;
#2222 = ADVANCED_FACE ( 'NONE', ( #7450 ), #7499, .T. ) ;
#2223 = CARTESIAN_POINT ( 'NONE',  ( -9.500000000000000000, -26.86602540378400050, 0.000000000000000000 ) ) ;
#2224 = FACE_OUTER_BOUND ( 'NONE', #9552, .T. ) ;
#2225 = EDGE_CURVE ( 'NONE', #10569, #8811, #161, .T. ) ;
#2226 = CARTESIAN_POINT ( 'NONE',  ( 5.688034792648439364, 1.909518315602344973, 3.600000000000000089 ) ) ;
#2227 = ORIENTED_EDGE ( 'NONE', *, *, #3142, .T. ) ;
#2228 = CARTESIAN_POINT ( 'NONE',  ( -2.458500000000000352, -16.00000000000000000, -145.9584999999999866 ) ) ;
#2229 =( NAMED_UNIT ( * ) PLANE_ANGLE_UNIT ( ) SI_UNIT ( $, .RADIAN. ) );
#2230 = EDGE_LOOP ( 'NONE', ( #8795, #1287, #6974, #2604, #4178, #4067 ) ) ;
#2231 = CARTESIAN_POINT ( 'NONE',  ( -1.649999999999999911, 33.40000000000054570, -17.00000000000000000 ) ) ;
#2232 = DIRECTION ( 'NONE',  ( 0.000000000000000000, 1.000000000000000000, 0.000000000000000000 ) ) ;
#2233 = CIRCLE ( 'NONE', #5823, 0.3999999999993869571 ) ;
#2234 = AXIS2_PLACEMENT_3D ( 'NONE', #3678, #9390, #5339 ) ;
#2235 = ADVANCED_FACE ( 'NONE', ( #5901 ), #3269, .F. ) ;
#2236 = VERTEX_POINT ( 'NONE', #5740 ) ;
#2237 = ORIENTED_EDGE ( 'NONE', *, *, #9260, .F. ) ;
#2238 = ORIENTED_EDGE ( 'NONE', *, *, #6918, .F. ) ;
#2239 = LINE ( 'NONE', #8820, #9331 ) ;
#2240 = DIRECTION ( 'NONE',  ( 0.000000000000000000, 0.000000000000000000, -1.000000000000000000 ) ) ;
#2241 = ORIENTED_EDGE ( 'NONE', *, *, #5827, .T. ) ;
#2242 = CARTESIAN_POINT ( 'NONE',  ( 0.4999999999993789968, 17.49999999999940314, -121.0000000000000000 ) ) ;
#2243 = CARTESIAN_POINT ( 'NONE',  ( 9.458499999999999019, 1.158332174973519944E-15, 2.000000000000000000 ) ) ;
#2244 = AXIS2_PLACEMENT_3D ( 'NONE', #10271, #2951, #2091 ) ;
#2245 = CARTESIAN_POINT ( 'NONE',  ( -12.00000000000000000, -16.00000000000000000, -8.500000000000000000 ) ) ;
#2246 = ADVANCED_FACE ( 'NONE', ( #61 ), #10263, .T. ) ;
#2247 = DIRECTION ( 'NONE',  ( 1.000000000000000000, 0.000000000000000000, 0.000000000000000000 ) ) ;
#2248 = ORIENTED_EDGE ( 'NONE', *, *, #5742, .T. ) ;
#2249 = EDGE_LOOP ( 'NONE', ( #9239, #6148, #1863, #7075 ) ) ;
#2250 = EDGE_LOOP ( 'NONE', ( #7312, #2995, #7907, #7162, #9716, #9706, #8676 ) ) ;
#2251 = DIRECTION ( 'NONE',  ( -1.000000000000000000, 0.000000000000000000, 0.000000000000000000 ) ) ;
#2252 = FACE_OUTER_BOUND ( 'NONE', #372, .T. ) ;
#2253 = ORIENTED_EDGE ( 'NONE', *, *, #3788, .T. ) ;
#2254 = DIRECTION ( 'NONE',  ( 0.000000000000000000, 0.000000000000000000, 1.000000000000000000 ) ) ;
#2255 = EDGE_LOOP ( 'NONE', ( #6459, #6055, #9837, #3765 ) ) ;
#2256 = VECTOR ( 'NONE', #6991, 1000.000000000000000 ) ;
#2257 = CARTESIAN_POINT ( 'NONE',  ( -1.500000000000000000, 19.80000000000000071, -8.500000000000000000 ) ) ;
#2258 = CARTESIAN_POINT ( 'NONE',  ( -11.50000000000000000, -26.00000000000000000, -151.6000000000000227 ) ) ;
#2259 = DIRECTION ( 'NONE',  ( 0.000000000000000000, 0.000000000000000000, -1.000000000000000000 ) ) ;
#2260 = CIRCLE ( 'NONE', #2941, 6.000000000000000000 ) ;
#2261 = CIRCLE ( 'NONE', #1404, 8.000000000000619949 ) ;
#2262 = ORIENTED_EDGE ( 'NONE', *, *, #2991, .T. ) ;
#2263 = ORIENTED_EDGE ( 'NONE', *, *, #7367, .T. ) ;
#2264 = ORIENTED_EDGE ( 'NONE', *, *, #7651, .F. ) ;
#2265 = AXIS2_PLACEMENT_3D ( 'NONE', #8310, #7711, #269 ) ;
#2266 = DIRECTION ( 'NONE',  ( 0.000000000000000000, 0.000000000000000000, 1.000000000000000000 ) ) ;
#2267 = CARTESIAN_POINT ( 'NONE',  ( 4.335090188609795447, 29.80000000000000071, -152.0000000000000000 ) ) ;
#2268 = EDGE_LOOP ( 'NONE', ( #2520, #6370, #3603, #8757, #381 ) ) ;
#2269 = CYLINDRICAL_SURFACE ( 'NONE', #4744, 2.000000000000000000 ) ;
#2270 = FACE_OUTER_BOUND ( 'NONE', #7707, .T. ) ;
#2271 = CARTESIAN_POINT ( 'NONE',  ( 7.100000000000609823, 30.00000000000000000, -17.00000000000000000 ) ) ;
#2272 = DIRECTION ( 'NONE',  ( 0.000000000000000000, 0.000000000000000000, -1.000000000000000000 ) ) ;
#2273 = DIRECTION ( 'NONE',  ( 0.000000000000000000, 0.000000000000000000, 1.000000000000000000 ) ) ;
#2274 = ADVANCED_FACE ( 'NONE', ( #4291, #4141 ), #3332, .F. ) ;
#2275 = ADVANCED_FACE ( 'NONE', ( #6700 ), #7549, .F. ) ;
#2276 = AXIS2_PLACEMENT_3D ( 'NONE', #2871, #9384, #9980 ) ;
#2277 = CARTESIAN_POINT ( 'NONE',  ( 0.000000000000000000, 0.000000000000000000, -2.000000000000000000 ) ) ;
#2278 = ORIENTED_EDGE ( 'NONE', *, *, #4053, .T. ) ;
#2279 = CYLINDRICAL_SURFACE ( 'NONE', #8751, 2.458500000000000352 ) ;
#2280 = ORIENTED_EDGE ( 'NONE', *, *, #10542, .F. ) ;
#2281 = VECTOR ( 'NONE', #1663, 999.9999999999998863 ) ;
#2282 = DIRECTION ( 'NONE',  ( 0.000000000000000000, 0.000000000000000000, -1.000000000000000000 ) ) ;
#2283 = CARTESIAN_POINT ( 'NONE',  ( 0.4999999999993789968, 25.50000000000000000, -121.0000000000000000 ) ) ;
#2284 = APPLICATION_CONTEXT ( 'automotive_design' ) ;
#2285 = VECTOR ( 'NONE', #5994, 1000.000000000000000 ) ;
#2286 = EDGE_CURVE ( 'NONE', #6697, #441, #3781, .T. ) ;
#2287 = ORIENTED_EDGE ( 'NONE', *, *, #10151, .T. ) ;
#2288 = ORIENTED_EDGE ( 'NONE', *, *, #10252, .T. ) ;
#2289 = ORIENTED_EDGE ( 'NONE', *, *, #3064, .F. ) ;
#2290 = DIRECTION ( 'NONE',  ( 0.000000000000000000, 1.000000000000000000, 0.000000000000000000 ) ) ;
#2291 = MECHANICAL_DESIGN_GEOMETRIC_PRESENTATION_REPRESENTATION (  '', ( #7754 ), #4515 ) ;
#2292 = DIRECTION ( 'NONE',  ( 1.000000000000000000, 0.000000000000000000, 0.000000000000000000 ) ) ;
#2293 = EDGE_LOOP ( 'NONE', ( #937, #2207, #2968, #3168, #10166, #8040, #9020, #2906 ) ) ;
#2294 = CARTESIAN_POINT ( 'NONE',  ( 1.649999999999999911, 33.20000000000000284, -135.0000000000000000 ) ) ;
#2295 = VECTOR ( 'NONE', #5989, 1000.000000000000000 ) ;
#2296 = CARTESIAN_POINT ( 'NONE',  ( 3.010794155703800205E-16, -30.00000000000000000, -6.041500000000000092 ) ) ;
#2297 = EDGE_CURVE ( 'NONE', #6173, #1848, #5145, .T. ) ;
#2298 = EDGE_CURVE ( 'NONE', #8764, #974, #320, .T. ) ;
#2299 = AXIS2_PLACEMENT_3D ( 'NONE', #700, #3975, #7233 ) ;
#2300 = DIRECTION ( 'NONE',  ( 0.000000000000000000, 0.000000000000000000, -1.000000000000000000 ) ) ;
#2301 = ADVANCED_FACE ( 'NONE', ( #2845 ), #1897, .F. ) ;
#2302 = CONICAL_SURFACE ( 'NONE', #8283, 2.458500000000000352, 0.7853981633974503884 ) ;
#2303 =( BOUNDED_CURVE ( )  B_SPLINE_CURVE ( 3, ( #4841, #5748, #8955, #772 ),
 .UNSPECIFIED., .F., .F. ) 
 B_SPLINE_CURVE_WITH_KNOTS ( ( 4, 4 ),
 ( 1.570796326794895004, 3.141592653589795336 ),
 .UNSPECIFIED. ) 
 CURVE ( )  GEOMETRIC_REPRESENTATION_ITEM ( )  RATIONAL_B_SPLINE_CURVE ( ( 1.000000000000000000, 0.8047378541243649375, 0.8047378541243649375, 1.000000000000000000 ) ) 
 REPRESENTATION_ITEM ( '' )  );
#2304 = VECTOR ( 'NONE', #5822, 1000.000000000000000 ) ;
#2305 = PRODUCT_DEFINITION_SHAPE ( 'NONE', 'NONE',  #501 ) ;
#2306 = ORIENTED_EDGE ( 'NONE', *, *, #9579, .F. ) ;
#2307 = VERTEX_POINT ( 'NONE', #7818 ) ;
#2308 = ORIENTED_EDGE ( 'NONE', *, *, #10176, .T. ) ;
#2309 = PLANE ( 'NONE',  #6775 ) ;
#2310 = LINE ( 'NONE', #3265, #6051 ) ;
#2311 = EDGE_LOOP ( 'NONE', ( #1241, #6657, #8025, #3399 ) ) ;
#2312 = DIRECTION ( 'NONE',  ( 0.000000000000000000, 0.000000000000000000, -1.000000000000000000 ) ) ;
#2313 = CONICAL_SURFACE ( 'NONE', #9304, 2.458500000000000796, 0.7853981633974560506 ) ;
#2314 = ORIENTED_EDGE ( 'NONE', *, *, #9131, .T. ) ;
#2315 = AXIS2_PLACEMENT_3D ( 'NONE', #7827, #10280, #1247 ) ;
#2316 = LINE ( 'NONE', #5523, #2281 ) ;
#2317 = CARTESIAN_POINT ( 'NONE',  ( 0.000000000000000000, -16.00000000000000000, -0.7915000000000169678 ) ) ;
#2318 = DIRECTION ( 'NONE',  ( 1.000000000000000000, 0.000000000000000000, 0.000000000000000000 ) ) ;
#2319 = CARTESIAN_POINT ( 'NONE',  ( 9.235719096594701583, 24.98124455483578288, -151.9284523059077685 ) ) ;
#2320 = ORIENTED_EDGE ( 'NONE', *, *, #1621, .F. ) ;
#2321 = VERTEX_POINT ( 'NONE', #2733 ) ;
#2322 = ORIENTED_EDGE ( 'NONE', *, *, #6903, .T. ) ;
#2323 = CARTESIAN_POINT ( 'NONE',  ( -9.248999599679699202, 29.80000000000000071, -135.0000000000000000 ) ) ;
#2324 = DIRECTION ( 'NONE',  ( 0.000000000000000000, 0.000000000000000000, -1.000000000000000000 ) ) ;
#2325 = ORIENTED_EDGE ( 'NONE', *, *, #7358, .T. ) ;
#2326 = LINE ( 'NONE', #4146, #4912 ) ;
#2327 = DIRECTION ( 'NONE',  ( 1.000000000000000000, 0.000000000000000000, 0.000000000000000000 ) ) ;
#2328 = CARTESIAN_POINT ( 'NONE',  ( 7.249999999999390710, 34.60000000000059828, -17.00000000000000000 ) ) ;
#2329 = FACE_OUTER_BOUND ( 'NONE', #1604, .T. ) ;
#2330 = DIRECTION ( 'NONE',  ( -1.000000000000000000, 0.000000000000000000, 0.000000000000000000 ) ) ;
#2331 = AXIS2_PLACEMENT_3D ( 'NONE', #6590, #9838, #4180 ) ;
#2332 = EDGE_CURVE ( 'NONE', #5959, #6109, #2041, .T. ) ;
#2333 = AXIS2_PLACEMENT_3D ( 'NONE', #2374, #7292, #10559 ) ;
#2334 = DIRECTION ( 'NONE',  ( -1.000000000000000000, 0.000000000000000000, 0.000000000000000000 ) ) ;
#2335 = ORIENTED_EDGE ( 'NONE', *, *, #6663, .F. ) ;
#2336 = CARTESIAN_POINT ( 'NONE',  ( -1.500000000000000000, 28.47151703059499539, -12.78299999999999947 ) ) ;
#2337 = CARTESIAN_POINT ( 'NONE',  ( -8.015521883131919267, -26.00000000000000000, -4.000000000000000000 ) ) ;
#2338 = ORIENTED_EDGE ( 'NONE', *, *, #8498, .T. ) ;
#2339 = CARTESIAN_POINT ( 'NONE',  ( 7.100000000000609823, 30.00000000000000000, -135.0000000000000000 ) ) ;
#2340 = VECTOR ( 'NONE', #1865, 1000.000000000000000 ) ;
#2341 = ADVANCED_FACE ( 'NONE', ( #3543 ), #347, .F. ) ;
#2342 = DIRECTION ( 'NONE',  ( 0.000000000000000000, 0.000000000000000000, 1.000000000000000000 ) ) ;
#2343 = CIRCLE ( 'NONE', #2849, 3.250000000000000000 ) ;
#2344 = EDGE_CURVE ( 'NONE', #682, #9781, #1929, .T. ) ;
#2345 = EDGE_CURVE ( 'NONE', #6377, #3642, #8657, .T. ) ;
#2346 = VERTEX_POINT ( 'NONE', #1187 ) ;
#2347 = ORIENTED_EDGE ( 'NONE', *, *, #1270, .F. ) ;
#2348 = DIRECTION ( 'NONE',  ( 1.000000000000000000, 0.000000000000000000, 0.000000000000000000 ) ) ;
#2349 = DIRECTION ( 'NONE',  ( 0.000000000000000000, 0.000000000000000000, -1.000000000000000000 ) ) ;
#2350 = CARTESIAN_POINT ( 'NONE',  ( 9.500000000000000000, 25.13397459621599950, -2.000000000000000000 ) ) ;
#2351 = CARTESIAN_POINT ( 'NONE',  ( -12.00000000000000000, 16.00000000000000000, -143.5000000000000000 ) ) ;
#2352 = EDGE_CURVE ( 'NONE', #10310, #4975, #1990, .T. ) ;
#2353 = CARTESIAN_POINT ( 'NONE',  ( -6.521096714233939551, -25.12179440257400032, 0.000000000000000000 ) ) ;
#2354 = EDGE_CURVE ( 'NONE', #10088, #1168, #2897, .T. ) ;
#2355 = VECTOR ( 'NONE', #5833, 1000.000000000000114 ) ;
#2356 = VECTOR ( 'NONE', #5025, 1000.000000000000000 ) ;
#2357 = DIRECTION ( 'NONE',  ( 0.000000000000000000, 0.000000000000000000, 1.000000000000000000 ) ) ;
#2358 = VERTEX_POINT ( 'NONE', #7762 ) ;
#2359 = EDGE_CURVE ( 'NONE', #5294, #3278, #439, .T. ) ;
#2360 = VERTEX_POINT ( 'NONE', #5150 ) ;
#2361 = ORIENTED_EDGE ( 'NONE', *, *, #1743, .F. ) ;
#2362 = ORIENTED_EDGE ( 'NONE', *, *, #3268, .T. ) ;
#2363 = CARTESIAN_POINT ( 'NONE',  ( -1.440155956905744050, 18.45850000000001145, -9.940155956905741164 ) ) ;
#2364 = DIRECTION ( 'NONE',  ( 1.000000000000000000, 0.000000000000000000, 0.000000000000000000 ) ) ;
#2365 = ORIENTED_EDGE ( 'NONE', *, *, #6206, .F. ) ;
#2366 = FACE_BOUND ( 'NONE', #8172, .T. ) ;
#2367 = CARTESIAN_POINT ( 'NONE',  ( 7.100000000000609823, 30.39999999999939817, -152.0010000000000048 ) ) ;
#2368 = CYLINDRICAL_SURFACE ( 'NONE', #6573, 2.458500000000002572 ) ;
#2369 = AXIS2_PLACEMENT_3D ( 'NONE', #6111, #482, #8515 ) ;
#2370 = DIRECTION ( 'NONE',  ( 0.000000000000000000, 0.000000000000000000, -1.000000000000000000 ) ) ;
#2371 = ORIENTED_EDGE ( 'NONE', *, *, #9228, .F. ) ;
#2372 = ORIENTED_EDGE ( 'NONE', *, *, #6479, .F. ) ;
#2373 = ORIENTED_EDGE ( 'NONE', *, *, #5144, .T. ) ;
#2374 = CARTESIAN_POINT ( 'NONE',  ( -4.352726514326100471, -30.00000000000000000, 0.000000000000000000 ) ) ;
#2375 = DIRECTION ( 'NONE',  ( 0.4999999999986918797, 6.123233995720738601E-17, -0.8660254037851938813 ) ) ;
#2376 = CARTESIAN_POINT ( 'NONE',  ( -11.79999999999944116, -16.00000000000000000, -3.500000000000000000 ) ) ;
#2377 = VERTEX_POINT ( 'NONE', #3700 ) ;
#2378 = LINE ( 'NONE', #710, #6958 ) ;
#2379 = DIRECTION ( 'NONE',  ( 1.084202172485481878E-16, 1.000000000000000000, 0.000000000000000000 ) ) ;
#2380 = DIRECTION ( 'NONE',  ( 0.000000000000000000, 0.000000000000000000, 1.000000000000000000 ) ) ;
#2381 = LINE ( 'NONE', #3342, #7034 ) ;
#2382 = FACE_OUTER_BOUND ( 'NONE', #7778, .T. ) ;
#2383 = CARTESIAN_POINT ( 'NONE',  ( -6.500000000000000000, -25.60950286822150446, -0.09817853605092401181 ) ) ;
#2384 = ORIENTED_EDGE ( 'NONE', *, *, #1957, .T. ) ;
#2385 = ADVANCED_FACE ( 'NONE', ( #8406 ), #6965, .T. ) ;
#2386 = DIRECTION ( 'NONE',  ( 0.000000000000000000, 0.000000000000000000, -1.000000000000000000 ) ) ;
#2387 = CARTESIAN_POINT ( 'NONE',  ( 1.449999999999445954, 33.40000000000054570, -17.00000000000000000 ) ) ;
#2388 = ORIENTED_EDGE ( 'NONE', *, *, #2623, .T. ) ;
#2389 = DIRECTION ( 'NONE',  ( 1.000000000000000000, 0.000000000000000000, 0.000000000000000000 ) ) ;
#2390 = DIRECTION ( 'NONE',  ( 1.000000000000000000, 0.000000000000000000, 0.000000000000000000 ) ) ;
#2391 = VECTOR ( 'NONE', #7000, 1000.000000000000000 ) ;
#2392 = DIRECTION ( 'NONE',  ( 0.000000000000000000, 0.000000000000000000, 1.000000000000000000 ) ) ;
#2393 = ORIENTED_EDGE ( 'NONE', *, *, #4848, .T. ) ;
#2394 = ORIENTED_EDGE ( 'NONE', *, *, #8320, .T. ) ;
#2395 = CARTESIAN_POINT ( 'NONE',  ( -8.350000000000278533, -29.50000000000000000, -135.0000000000000000 ) ) ;
#2396 = PLANE ( 'NONE',  #2814 ) ;
#2397 = CARTESIAN_POINT ( 'NONE',  ( 1.738422021547135099, -17.73842202154714798, -141.7615779784529764 ) ) ;
#2398 = CARTESIAN_POINT ( 'NONE',  ( -0.4999999999993789968, -25.50000000000000000, -121.0000000000000000 ) ) ;
#2399 = CARTESIAN_POINT ( 'NONE',  ( -7.037830422994166391, -27.17653478418973378, -151.8842233176113439 ) ) ;
#2400 = CARTESIAN_POINT ( 'NONE',  ( 3.971223470242095654, -4.497708766627555477, 3.600000000000000089 ) ) ;
#2401 = EDGE_CURVE ( 'NONE', #8213, #3902, #8622, .T. ) ;
#2402 = VECTOR ( 'NONE', #10243, 1000.000000000000000 ) ;
#2403 = ORIENTED_EDGE ( 'NONE', *, *, #6746, .T. ) ;
#2404 = ORIENTED_EDGE ( 'NONE', *, *, #8121, .T. ) ;
#2405 = ORIENTED_EDGE ( 'NONE', *, *, #8587, .F. ) ;
#2406 = CARTESIAN_POINT ( 'NONE',  ( 12.00000000000000000, -26.00000000000000000, -152.0000000000000000 ) ) ;
#2407 = DIRECTION ( 'NONE',  ( 0.000000000000000000, -1.000000000000000000, 0.000000000000000000 ) ) ;
#2408 = ORIENTED_EDGE ( 'NONE', *, *, #3090, .F. ) ;
#2409 = CARTESIAN_POINT ( 'NONE',  ( 1.649999999999999911, 35.00000000000000000, -135.0000000000000000 ) ) ;
#2410 = AXIS2_PLACEMENT_3D ( 'NONE', #3431, #117, #9798 ) ;
#2411 = VECTOR ( 'NONE', #9985, 1000.000000000000000 ) ;
#2412 = CARTESIAN_POINT ( 'NONE',  ( 0.4999999999993789968, 17.49999999999940314, -121.0000000000000000 ) ) ;
#2413 = EDGE_CURVE ( 'NONE', #3540, #1833, #1075, .T. ) ;
#2414 = DIRECTION ( 'NONE',  ( 0.000000000000000000, 0.000000000000000000, -1.000000000000000000 ) ) ;
#2415 = VECTOR ( 'NONE', #7524, 1000.000000000000000 ) ;
#2416 = CARTESIAN_POINT ( 'NONE',  ( 9.478903285766058673, 25.12179440257400032, -152.0000000000000000 ) ) ;
#2417 = ORIENTED_EDGE ( 'NONE', *, *, #1607, .T. ) ;
#2418 = VERTEX_POINT ( 'NONE', #4346 ) ;
#2419 = EDGE_LOOP ( 'NONE', ( #3194, #5772, #2338, #6270 ) ) ;
#2420 = FACE_OUTER_BOUND ( 'NONE', #5793, .T. ) ;
#2421 = AXIS2_PLACEMENT_3D ( 'NONE', #8769, #7859, #3798 ) ;
#2422 = CARTESIAN_POINT ( 'NONE',  ( 6.500000000000000000, 26.54219004387181613, -0.08460786494315672424 ) ) ;
#2423 = CARTESIAN_POINT ( 'NONE',  ( -8.962169577056682712, -24.82346521583385268, -151.8842233176193588 ) ) ;
#2424 = ORIENTED_EDGE ( 'NONE', *, *, #8443, .F. ) ;
#2425 = DIRECTION ( 'NONE',  ( -1.000000000000000000, 0.000000000000000000, 0.000000000000000000 ) ) ;
#2426 = DIRECTION ( 'NONE',  ( 0.000000000000000000, 0.000000000000000000, -1.000000000000000000 ) ) ;
#2427 = CARTESIAN_POINT ( 'NONE',  ( -0.4999999999993789968, 17.49999999999940314, -121.0000000000000000 ) ) ;
#2428 = EDGE_CURVE ( 'NONE', #9618, #6491, #268, .T. ) ;
#2429 = CIRCLE ( 'NONE', #3618, 0.3999999999993869571 ) ;
#2430 = LINE ( 'NONE', #1525, #236 ) ;
#2431 = ADVANCED_FACE ( 'NONE', ( #3593 ), #4553, .T. ) ;
#2432 = DIRECTION ( 'NONE',  ( -0.7071067811865531239, 0.000000000000000000, -0.7071067811865420216 ) ) ;
#2433 = ORIENTED_EDGE ( 'NONE', *, *, #4700, .F. ) ;
#2434 = FACE_OUTER_BOUND ( 'NONE', #7693, .T. ) ;
#2435 = APPLICATION_PROTOCOL_DEFINITION ( 'draft international standard', 'automotive_design', 1998, #3727 ) ;
#2436 = CIRCLE ( 'NONE', #204, 2.458500000000000352 ) ;
#2437 = ORIENTED_EDGE ( 'NONE', *, *, #10043, .F. ) ;
#2438 = CARTESIAN_POINT ( 'NONE',  ( 10.00000000000000000, 1.224646799147351876E-15, 0.000000000000000000 ) ) ;
#2439 = CARTESIAN_POINT ( 'NONE',  ( 2.458500000000000352, -16.00000000000000000, -6.041500000000000092 ) ) ;
#2440 = CARTESIAN_POINT ( 'NONE',  ( 6.733207084615976612, 24.99930604239997223, -151.9388264722888096 ) ) ;
#2441 = EDGE_LOOP ( 'NONE', ( #9000, #2241, #3768, #10288 ) ) ;
#2442 = AXIS2_PLACEMENT_3D ( 'NONE', #6704, #8362, #4406 ) ;
#2443 = EDGE_CURVE ( 'NONE', #2758, #5235, #4050, .T. ) ;
#2444 = FACE_OUTER_BOUND ( 'NONE', #4345, .T. ) ;
#2445 = VERTEX_POINT ( 'NONE', #6909 ) ;
#2446 = CARTESIAN_POINT ( 'NONE',  ( -1.738422021547135099, -17.73842202154714798, -6.761577978452860016 ) ) ;
#2447 = CARTESIAN_POINT ( 'NONE',  ( -1.271201803182602674, -18.20564223991167552, -10.70564223991165953 ) ) ;
#2448 = CARTESIAN_POINT ( 'NONE',  ( -9.500000000000000000, -26.00000000000000000, -150.0000000000000000 ) ) ;
#2449 = CYLINDRICAL_SURFACE ( 'NONE', #359, 2.458500000000002572 ) ;
#2450 = CARTESIAN_POINT ( 'NONE',  ( -7.978903285765479581, -27.71987061392670171, -152.0000000000000000 ) ) ;
#2451 = VERTEX_POINT ( 'NONE', #6299 ) ;
#2452 = AXIS2_PLACEMENT_3D ( 'NONE', #10264, #9457, #8556 ) ;
#2453 = FACE_OUTER_BOUND ( 'NONE', #7390, .T. ) ;
#2454 = AXIS2_PLACEMENT_3D ( 'NONE', #6366, #9621, #2300 ) ;
#2455 = ORIENTED_EDGE ( 'NONE', *, *, #4848, .F. ) ;
#2456 = VECTOR ( 'NONE', #747, 1000.000000000000000 ) ;
#2457 = EDGE_CURVE ( 'NONE', #5010, #18, #4613, .T. ) ;
#2458 = ORIENTED_EDGE ( 'NONE', *, *, #8371, .T. ) ;
#2459 = ORIENTED_EDGE ( 'NONE', *, *, #5477, .T. ) ;
#2460 = LINE ( 'NONE', #910, #7452 ) ;
#2461 = CARTESIAN_POINT ( 'NONE',  ( -9.500000000000000000, -26.84166501650005188, -152.0000000000000000 ) ) ;
#2462 = CIRCLE ( 'NONE', #7415, 6.000000000000000000 ) ;
#2463 = EDGE_LOOP ( 'NONE', ( #3824, #10556 ) ) ;
#2464 = CARTESIAN_POINT ( 'NONE',  ( 0.000000000000000000, -16.00000000000000000, -152.0000000000000000 ) ) ;
#2465 = ADVANCED_FACE ( 'NONE', ( #8076, #7070 ), #5468, .F. ) ;
#2466 = ADVANCED_FACE ( 'NONE', ( #4723 ), #2309, .F. ) ;
#2467 = DIRECTION ( 'NONE',  ( 1.000000000000000000, 0.000000000000000000, 0.000000000000000000 ) ) ;
#2468 = EDGE_CURVE ( 'NONE', #4558, #6070, #3923, .T. ) ;
#2469 = CIRCLE ( 'NONE', #9811, 2.458500000000000352 ) ;
#2470 = DIRECTION ( 'NONE',  ( 0.000000000000000000, 1.000000000000000000, 0.000000000000000000 ) ) ;
#2471 = EDGE_CURVE ( 'NONE', #3141, #8776, #8677, .T. ) ;
#2472 = CIRCLE ( 'NONE', #4352, 1.500000000000001554 ) ;
#2473 = VECTOR ( 'NONE', #489, 1000.000000000000000 ) ;
#2474 = CARTESIAN_POINT ( 'NONE',  ( 8.322233310738518242, 24.45390317731104091, -151.9185876156716688 ) ) ;
#2475 = ORIENTED_EDGE ( 'NONE', *, *, #1453, .T. ) ;
#2476 = EDGE_LOOP ( 'NONE', ( #6542, #1502, #3069, #9039 ) ) ;
#2477 = ORIENTED_EDGE ( 'NONE', *, *, #527, .T. ) ;
#2478 = AXIS2_PLACEMENT_3D ( 'NONE', #10103, #3589, #2574 ) ;
#2479 = LINE ( 'NONE', #212, #7529 ) ;
#2480 = CIRCLE ( 'NONE', #3852, 4.000000000000305533 ) ;
#2481 = AXIS2_PLACEMENT_3D ( 'NONE', #5497, #509, #620 ) ;
#2482 = DIRECTION ( 'NONE',  ( 0.000000000000000000, 0.000000000000000000, -1.000000000000000000 ) ) ;
#2483 = ORIENTED_EDGE ( 'NONE', *, *, #3200, .T. ) ;
#2484 = CARTESIAN_POINT ( 'NONE',  ( 1.440155956905744050, 18.45850000000001145, -9.940155956905741164 ) ) ;
#2485 = CARTESIAN_POINT ( 'NONE',  ( -0.4999999999993789968, -17.49999999999940314, -121.0000000000000000 ) ) ;
#2486 = EDGE_CURVE ( 'NONE', #58, #3870, #2863, .T. ) ;
#2487 = CARTESIAN_POINT ( 'NONE',  ( -6.500000000000000000, -26.86602540378400050, 0.000000000000000000 ) ) ;
#2488 = FACE_OUTER_BOUND ( 'NONE', #5640, .T. ) ;
#2489 = AXIS2_PLACEMENT_3D ( 'NONE', #5565, #3052, #6314 ) ;
#2490 = DIRECTION ( 'NONE',  ( 0.000000000000000000, 0.000000000000000000, -1.000000000000000000 ) ) ;
#2491 = ORIENTED_EDGE ( 'NONE', *, *, #9611, .F. ) ;
#2492 = CARTESIAN_POINT ( 'NONE',  ( 0.000000000000000000, 0.000000000000000000, -145.0000000000000000 ) ) ;
#2493 = EDGE_LOOP ( 'NONE', ( #650, #2314 ) ) ;
#2494 = EDGE_CURVE ( 'NONE', #1995, #1833, #6429, .T. ) ;
#2495 = CARTESIAN_POINT ( 'NONE',  ( 6.850000000000000533, 33.40000000000054570, -17.00000000000000000 ) ) ;
#2496 = CONTEXT_DEPENDENT_SHAPE_REPRESENTATION ( #2626, #5904 ) ;
#2497 = ORIENTED_EDGE ( 'NONE', *, *, #7961, .T. ) ;
#2498 = DIRECTION ( 'NONE',  ( 0.000000000000000000, 0.000000000000000000, -1.000000000000000000 ) ) ;
#2499 = PLANE ( 'NONE',  #7474 ) ;
#2500 = DIRECTION ( 'NONE',  ( -1.000000000000000000, 0.000000000000000000, 0.000000000000000000 ) ) ;
#2501 = AXIS2_PLACEMENT_3D ( 'NONE', #3823, #3890, #7087 ) ;
#2502 = ADVANCED_BREP_SHAPE_REPRESENTATION ( '', ( #1611, #6751 ), #4532 ) ;
#2503 = ORIENTED_EDGE ( 'NONE', *, *, #4494, .T. ) ;
#2504 = VECTOR ( 'NONE', #632, 1000.000000000000114 ) ;
#2505 = DIRECTION ( 'NONE',  ( 0.000000000000000000, 0.000000000000000000, -1.000000000000000000 ) ) ;
#2506 = VERTEX_POINT ( 'NONE', #6482 ) ;
#2507 = CARTESIAN_POINT ( 'NONE',  ( -9.218549761865489245, -24.97147922546544763, -0.08493428410454000044 ) ) ;
#2508 = CARTESIAN_POINT ( 'NONE',  ( -4.500000000000000000, -26.00000000000000000, -0.3999999999999810374 ) ) ;
#2509 = VECTOR ( 'NONE', #178, 1000.000000000000000 ) ;
#2510 = DIRECTION ( 'NONE',  ( 0.000000000000000000, 0.000000000000000000, 1.000000000000000000 ) ) ;
#2511 = DIRECTION ( 'NONE',  ( 1.000000000000000000, 0.000000000000000000, 0.000000000000000000 ) ) ;
#2512 = FACE_OUTER_BOUND ( 'NONE', #5149, .T. ) ;
#2513 = CARTESIAN_POINT ( 'NONE',  ( 8.000000000000000000, 26.00000000000000000, 0.000000000000000000 ) ) ;
#2514 = CIRCLE ( 'NONE', #10019, 0.2000000000005539014 ) ;
#2515 = ORIENTED_EDGE ( 'NONE', *, *, #3494, .T. ) ;
#2516 = EDGE_LOOP ( 'NONE', ( #9623, #4654, #2771, #10254 ) ) ;
#2517 = VERTEX_POINT ( 'NONE', #9571 ) ;
#2518 = DIRECTION ( 'NONE',  ( 0.000000000000000000, 0.000000000000000000, -1.000000000000000000 ) ) ;
#2519 = DIRECTION ( 'NONE',  ( 1.000000000000000000, 0.000000000000000000, 0.000000000000000000 ) ) ;
#2520 = ORIENTED_EDGE ( 'NONE', *, *, #7989, .F. ) ;
#2521 = PLANE ( 'NONE',  #2708 ) ;
#2522 = CIRCLE ( 'NONE', #1322, 0.2000000000005539014 ) ;
#2523 = DIRECTION ( 'NONE',  ( 1.000000000000000000, 0.000000000000000000, 0.000000000000000000 ) ) ;
#2524 = LINE ( 'NONE', #7286, #934 ) ;
#2525 = EDGE_CURVE ( 'NONE', #8974, #3791, #10434, .T. ) ;
#2526 = CARTESIAN_POINT ( 'NONE',  ( 9.054515337875271186, 24.87663877747261054, -151.8962886825630960 ) ) ;
#2527 = ORIENTED_EDGE ( 'NONE', *, *, #40, .T. ) ;
#2528 = VERTEX_POINT ( 'NONE', #3217 ) ;
#2529 = ORIENTED_EDGE ( 'NONE', *, *, #7197, .F. ) ;
#2530 = DIRECTION ( 'NONE',  ( 0.5000000000002420286, -0.8660254037842989305, 0.000000000000000000 ) ) ;
#2531 = EDGE_CURVE ( 'NONE', #3660, #3185, #2162, .T. ) ;
#2532 = DIRECTION ( 'NONE',  ( -1.000000000000000000, 0.000000000000000000, 0.000000000000000000 ) ) ;
#2533 = CARTESIAN_POINT ( 'NONE',  ( -2.000000000000000000, 0.000000000000000000, -152.0000000000000000 ) ) ;
#2534 = EDGE_CURVE ( 'NONE', #6442, #1330, #641, .T. ) ;
#2535 = ORIENTED_EDGE ( 'NONE', *, *, #9006, .T. ) ;
#2536 = LINE ( 'NONE', #5591, #7569 ) ;
#2537 = CARTESIAN_POINT ( 'NONE',  ( 6.500000000000000000, 25.13397459621599950, -2.000000000000000000 ) ) ;
#2538 = CARTESIAN_POINT ( 'NONE',  ( 3.647273485673900417, 22.00000000000000000, -152.0000000000000000 ) ) ;
#2539 = DIRECTION ( 'NONE',  ( 0.8660254037842989305, 0.5000000000002420286, 0.000000000000000000 ) ) ;
#2540 = EDGE_CURVE ( 'NONE', #1058, #2856, #6272, .T. ) ;
#2541 = ORIENTED_EDGE ( 'NONE', *, *, #4893, .T. ) ;
#2542 = VECTOR ( 'NONE', #10177, 1000.000000000000000 ) ;
#2543 = DIRECTION ( 'NONE',  ( 1.000000000000000000, 0.000000000000000000, 0.000000000000000000 ) ) ;
#2544 = VERTEX_POINT ( 'NONE', #4769 ) ;
#2545 = FACE_OUTER_BOUND ( 'NONE', #1545, .T. ) ;
#2546 = VERTEX_POINT ( 'NONE', #8027 ) ;
#2547 = FACE_OUTER_BOUND ( 'NONE', #4243, .T. ) ;
#2548 = EDGE_CURVE ( 'NONE', #8491, #7761, #6260, .T. ) ;
#2549 = B_SPLINE_CURVE_WITH_KNOTS ( 'NONE', 3,
 ( #7840, #6391, #7149, #1312, #499, #4742 ),
 .UNSPECIFIED., .F., .F.,
 ( 4, 2, 4 ),
 ( 0.000000000000000000, 0.5000000000000000000, 1.000000000000000000 ),
 .UNSPECIFIED. ) ;
#2550 = CARTESIAN_POINT ( 'NONE',  ( -11.54999999999999893, 27.50000000000000000, -17.00000000000000000 ) ) ;
#2551 = CARTESIAN_POINT ( 'NONE',  ( 6.849948849414531082, 24.93182249945376938, -151.9129408000560773 ) ) ;
#2552 = ADVANCED_FACE ( 'NONE', ( #9625 ), #7921, .F. ) ;
#2553 = VECTOR ( 'NONE', #8511, 1000.000000000000000 ) ;
#2554 = ORIENTED_EDGE ( 'NONE', *, *, #7258, .T. ) ;
#2555 = CARTESIAN_POINT ( 'NONE',  ( -1.440155956905749379, -13.54150000000001342, -142.0598440430942446 ) ) ;
#2556 = ORIENTED_EDGE ( 'NONE', *, *, #946, .F. ) ;
#2557 = CARTESIAN_POINT ( 'NONE',  ( -1.500000000000000000, 29.80000000000000071, -143.5000000000000000 ) ) ;
#2558 = CARTESIAN_POINT ( 'NONE',  ( -8.750000000000280664, -27.29903810567634892, -150.0000000000000000 ) ) ;
#2559 = DIRECTION ( 'NONE',  ( 0.000000000000000000, 0.000000000000000000, 1.000000000000000000 ) ) ;
#2560 = CARTESIAN_POINT ( 'NONE',  ( -7.766769830050893830, -27.59742169063727601, -151.9388264150915688 ) ) ;
#2561 = DIRECTION ( 'NONE',  ( 1.000000000000000000, 0.000000000000000000, 0.000000000000000000 ) ) ;
#2562 = EDGE_CURVE ( 'NONE', #4452, #4886, #690, .T. ) ;
#2563 = EDGE_LOOP ( 'NONE', ( #10503, #8943 ) ) ;
#2564 = EDGE_LOOP ( 'NONE', ( #6867, #1890, #2188, #4545, #4752 ) ) ;
#2565 = ORIENTED_EDGE ( 'NONE', *, *, #3575, .F. ) ;
#2566 = PLANE ( 'NONE',  #2331 ) ;
#2567 = CARTESIAN_POINT ( 'NONE',  ( -8.000000000000000000, -26.00000000000000000, 0.000000000000000000 ) ) ;
#2568 = ORIENTED_EDGE ( 'NONE', *, *, #2684, .F. ) ;
#2569 = CARTESIAN_POINT ( 'NONE',  ( 6.645341225322042966, 26.94993819934808954, -151.9594681168706245 ) ) ;
#2570 = CARTESIAN_POINT ( 'NONE',  ( -8.978439604329320645, -27.16714843862331463, -0.1267595446035250650 ) ) ;
#2571 = CIRCLE ( 'NONE', #3596, 2.458500000000030106 ) ;
#2572 = DIRECTION ( 'NONE',  ( 0.000000000000000000, 0.000000000000000000, 1.000000000000000000 ) ) ;
#2573 = CIRCLE ( 'NONE', #7701, 4.000000000000305533 ) ;
#2574 = DIRECTION ( 'NONE',  ( 1.000000000000000000, 0.000000000000000000, 0.000000000000000000 ) ) ;
#2575 = ORIENTED_EDGE ( 'NONE', *, *, #9037, .T. ) ;
#2576 = ORIENTED_EDGE ( 'NONE', *, *, #9416, .F. ) ;
#2577 = ORIENTED_EDGE ( 'NONE', *, *, #2144, .F. ) ;
#2578 = CARTESIAN_POINT ( 'NONE',  ( 0.000000000000000000, -30.00000000000000000, -8.500000000000000000 ) ) ;
#2579 = FACE_OUTER_BOUND ( 'NONE', #7532, .T. ) ;
#2580 = DIRECTION ( 'NONE',  ( 0.000000000000000000, 0.000000000000000000, -1.000000000000000000 ) ) ;
#2581 = EDGE_LOOP ( 'NONE', ( #8472, #6716, #3979 ) ) ;
#2582 = CARTESIAN_POINT ( 'NONE',  ( -12.00000000000000000, -16.00000000000000000, -3.299999999999444711 ) ) ;
#2583 = CARTESIAN_POINT ( 'NONE',  ( 0.000000000000000000, -16.00000000000000000, -0.7915000000000169678 ) ) ;
#2584 = DIRECTION ( 'NONE',  ( 0.000000000000000000, 0.000000000000000000, -1.000000000000000000 ) ) ;
#2585 = CARTESIAN_POINT ( 'NONE',  ( -3.750000000000000000, 7.250000000000000000, -150.6715170305899960 ) ) ;
#2586 = CIRCLE ( 'NONE', #378, 3.499999999999720224 ) ;
#2587 = ORIENTED_EDGE ( 'NONE', *, *, #8954, .F. ) ;
#2588 = DIRECTION ( 'NONE',  ( 1.000000000000000000, 0.000000000000000000, 0.000000000000000000 ) ) ;
#2589 = ORIENTED_EDGE ( 'NONE', *, *, #6830, .F. ) ;
#2590 = CARTESIAN_POINT ( 'NONE',  ( 0.000000000000000000, -16.00000000000000000, 0.000000000000000000 ) ) ;
#2591 = ORIENTED_EDGE ( 'NONE', *, *, #6873, .F. ) ;
#2592 = B_SPLINE_CURVE_WITH_KNOTS ( 'NONE', 3,
 ( #5639, #8895, #7193, #10453, #3984, #708, #4943, #3184, #4836, #4040, #6445, #2423, #1565, #8089, #10561, #3230, #9745, #818 ),
 .UNSPECIFIED., .F., .F.,
 ( 4, 2, 2, 2, 2, 2, 2, 2, 4 ),
 ( 0.000000000000000000, 0.1249999999999854283, 0.1874999999999849842, 0.2499999999999845679, 0.4999999999999799050, 0.6249999999999791278, 0.6874999999999786837, 0.7499999999999782396, 1.000000000000000000 ),
 .UNSPECIFIED. ) ;
#2593 = DIRECTION ( 'NONE',  ( 1.000000000000000000, 0.000000000000000000, 0.000000000000000000 ) ) ;
#2594 = AXIS2_PLACEMENT_3D ( 'NONE', #6242, #9656, #9496 ) ;
#2595 = ADVANCED_FACE ( 'NONE', ( #3058 ), #3521, .T. ) ;
#2596 = DIRECTION ( 'NONE',  ( 0.000000000000000000, 0.000000000000000000, -1.000000000000000000 ) ) ;
#2597 = AXIS2_PLACEMENT_3D ( 'NONE', #5662, #10536, #5825 ) ;
#2598 = EDGE_CURVE ( 'NONE', #8263, #10501, #1344, .T. ) ;
#2599 = CARTESIAN_POINT ( 'NONE',  ( 7.458499999999999908, -16.00000000000000000, -8.500000000000000000 ) ) ;
#2600 = CARTESIAN_POINT ( 'NONE',  ( 0.000000000000000000, 18.45850000000000080, -143.5000000000000000 ) ) ;
#2601 = EDGE_CURVE ( 'NONE', #9618, #2629, #2201, .T. ) ;
#2602 = CIRCLE ( 'NONE', #893, 3.100000000000000533 ) ;
#2603 = CARTESIAN_POINT ( 'NONE',  ( 8.000000000000000000, 26.00000000000000000, -2.000000000000000000 ) ) ;
#2604 = ORIENTED_EDGE ( 'NONE', *, *, #10377, .F. ) ;
#2605 = FACE_OUTER_BOUND ( 'NONE', #7449, .T. ) ;
#2606 = CARTESIAN_POINT ( 'NONE',  ( 9.248999599679699202, 29.80000000000000071, -135.0000000000000000 ) ) ;
#2607 = FACE_OUTER_BOUND ( 'NONE', #282, .T. ) ;
#2608 = CARTESIAN_POINT ( 'NONE',  ( -6.499927544205687191, -26.59613382894671929, -151.9387251770769467 ) ) ;
#2609 = CONICAL_SURFACE ( 'NONE', #1242, 1.719999999999999307, 1.047197551196596965 ) ;
#2610 = FACE_BOUND ( 'NONE', #3316, .T. ) ;
#2611 = CONICAL_SURFACE ( 'NONE', #5330, 1.720000000000000195, 1.047197551196586307 ) ;
#2612 = EDGE_CURVE ( 'NONE', #3354, #5711, #1838, .T. ) ;
#2613 = ORIENTED_EDGE ( 'NONE', *, *, #1027, .T. ) ;
#2614 = ORIENTED_EDGE ( 'NONE', *, *, #2946, .T. ) ;
#2615 = EDGE_LOOP ( 'NONE', ( #1275, #7289, #3525, #2541 ) ) ;
#2616 = LINE ( 'NONE', #8343, #2355 ) ;
#2617 = FACE_OUTER_BOUND ( 'NONE', #4800, .T. ) ;
#2618 = EDGE_LOOP ( 'NONE', ( #4105, #8708, #5674, #1533 ) ) ;
#2619 = CARTESIAN_POINT ( 'NONE',  ( 7.493779543931389675, 27.43991050796030251, -151.8845186655111377 ) ) ;
#2620 = EDGE_CURVE ( 'NONE', #682, #3719, #1494, .T. ) ;
#2621 = ADVANCED_FACE ( 'NONE', ( #961 ), #5783, .F. ) ;
#2622 = AXIS2_PLACEMENT_3D ( 'NONE', #8993, #9844, #8887 ) ;
#2623 = EDGE_CURVE ( 'NONE', #5064, #1451, #2616, .T. ) ;
#2624 = DIRECTION ( 'NONE',  ( -0.8660254037842890495, -0.5000000000002590150, 0.000000000000000000 ) ) ;
#2625 = CARTESIAN_POINT ( 'NONE',  ( 7.458499999999999908, -16.00000000000000000, -8.500000000000000000 ) ) ;
#2626 =( REPRESENTATION_RELATIONSHIP ('NONE','NONE', #5586, #1956 ) REPRESENTATION_RELATIONSHIP_WITH_TRANSFORMATION ( #3398 )SHAPE_REPRESENTATION_RELATIONSHIP( ) );
#2627 = VECTOR ( 'NONE', #8115, 1000.000000000000000 ) ;
#2628 = DIRECTION ( 'NONE',  ( 0.000000000000000000, 0.000000000000000000, 1.000000000000000000 ) ) ;
#2629 = VERTEX_POINT ( 'NONE', #8186 ) ;
#2630 = ORIENTED_EDGE ( 'NONE', *, *, #8442, .T. ) ;
#2631 = ORIENTED_EDGE ( 'NONE', *, *, #4676, .F. ) ;
#2632 = DIRECTION ( 'NONE',  ( 0.000000000000000000, 0.000000000000000000, 1.000000000000000000 ) ) ;
#2633 = LINE ( 'NONE', #3757, #10295 ) ;
#2634 = ORIENTED_EDGE ( 'NONE', *, *, #9073, .T. ) ;
#2635 = CIRCLE ( 'NONE', #7588, 1.719999999999999307 ) ;
#2636 = LINE ( 'NONE', #9909, #7236 ) ;
#2637 = AXIS2_PLACEMENT_3D ( 'NONE', #1469, #3724, #3079 ) ;
#2638 = CARTESIAN_POINT ( 'NONE',  ( 9.500000000000000000, 26.41058486332667243, -0.09519149603544113658 ) ) ;
#2639 = DIRECTION ( 'NONE',  ( 0.000000000000000000, 0.000000000000000000, 1.000000000000000000 ) ) ;
#2640 = AXIS2_PLACEMENT_3D ( 'NONE', #396, #2709, #8536 ) ;
#2641 = DIRECTION ( 'NONE',  ( 0.000000000000000000, 0.000000000000000000, -1.000000000000000000 ) ) ;
#2642 = CONICAL_SURFACE ( 'NONE', #1608, 4.232999999999999652, 0.7853981633974476129 ) ;
#2643 =( BOUNDED_CURVE ( )  B_SPLINE_CURVE ( 3, ( #6917, #7136, #7076, #9577 ),
 .UNSPECIFIED., .F., .F. ) 
 B_SPLINE_CURVE_WITH_KNOTS ( ( 4, 4 ),
 ( 5.497787143782129959, 6.283185307179590673 ),
 .UNSPECIFIED. ) 
 CURVE ( )  GEOMETRIC_REPRESENTATION_ITEM ( )  RATIONAL_B_SPLINE_CURVE ( ( 1.000000000000000000, 0.9492530216741910110, 0.9492530216741910110, 1.000000000000000000 ) ) 
 REPRESENTATION_ITEM ( '' )  );
#2644 = VECTOR ( 'NONE', #3734, 1000.000000000000000 ) ;
#2645 = VERTEX_POINT ( 'NONE', #8930 ) ;
#2646 = CARTESIAN_POINT ( 'NONE',  ( 1.449999999999445954, 33.20000000000000284, -135.0000000000000000 ) ) ;
#2647 = VERTEX_POINT ( 'NONE', #7534 ) ;
#2648 = PLANE ( 'NONE',  #2839 ) ;
#2649 = CARTESIAN_POINT ( 'NONE',  ( 0.000000000000000000, 0.000000000000000000, 0.000000000000000000 ) ) ;
#2650 = ORIENTED_EDGE ( 'NONE', *, *, #2873, .F. ) ;
#2651 = DIRECTION ( 'NONE',  ( 0.000000000000000000, 0.000000000000000000, -1.000000000000000000 ) ) ;
#2652 = CIRCLE ( 'NONE', #6922, 3.250000000000000000 ) ;
#2653 = CARTESIAN_POINT ( 'NONE',  ( 1.440155956905744050, 18.45850000000001145, -144.9401559569055848 ) ) ;
#2654 = CONICAL_SURFACE ( 'NONE', #3333, 2.458500000000000796, 0.7853981633974560506 ) ;
#2655 = LINE ( 'NONE', #8532, #9634 ) ;
#2656 = DIRECTION ( 'NONE',  ( 0.000000000000000000, 0.000000000000000000, 1.000000000000000000 ) ) ;
#2657 = CARTESIAN_POINT ( 'NONE',  ( 0.000000000000000000, 16.00000000000000000, -152.0000000000000000 ) ) ;
#2658 = ORIENTED_EDGE ( 'NONE', *, *, #9734, .F. ) ;
#2659 = EDGE_CURVE ( 'NONE', #10440, #3216, #7437, .T. ) ;
#2660 = LINE ( 'NONE', #9983, #4472 ) ;
#2661 = CARTESIAN_POINT ( 'NONE',  ( -9.500000000000000000, -26.86602540378400050, -2.000000000000000000 ) ) ;
#2662 = ADVANCED_FACE ( 'NONE', ( #1762 ), #3721, .T. ) ;
#2663 = FACE_OUTER_BOUND ( 'NONE', #5570, .T. ) ;
#2664 = CARTESIAN_POINT ( 'NONE',  ( 8.281450277182141662, 27.56955541427429068, -0.08493429684273663682 ) ) ;
#2665 = LINE ( 'NONE', #1970, #10028 ) ;
#2666 = ADVANCED_FACE ( 'NONE', ( #1011 ), #7813, .F. ) ;
#2667 = AXIS2_PLACEMENT_3D ( 'NONE', #4144, #1623, #7394 ) ;
#2668 = VECTOR ( 'NONE', #5885, 1000.000000000000000 ) ;
#2669 = VERTEX_POINT ( 'NONE', #4128 ) ;
#2670 = ADVANCED_FACE ( 'NONE', ( #4978, #5728, #9730 ), #8239, .T. ) ;
#2671 = EDGE_LOOP ( 'NONE', ( #9952, #10454, #198, #5359 ) ) ;
#2672 = ORIENTED_EDGE ( 'NONE', *, *, #899, .F. ) ;
#2673 = DIRECTION ( 'NONE',  ( 0.000000000000000000, 0.000000000000000000, -1.000000000000000000 ) ) ;
#2674 = CARTESIAN_POINT ( 'NONE',  ( 12.00000000000000000, 22.00000000000000000, -152.0000000000000000 ) ) ;
#2675 = VECTOR ( 'NONE', #9436, 1000.000000000000000 ) ;
#2676 = ORIENTED_EDGE ( 'NONE', *, *, #2921, .F. ) ;
#2677 = CARTESIAN_POINT ( 'NONE',  ( -9.248999599679699202, 29.80000000000000071, -152.0000000000000000 ) ) ;
#2678 = DIRECTION ( 'NONE',  ( -1.000000000000000000, 0.000000000000000000, 0.000000000000000000 ) ) ;
#2679 = EDGE_CURVE ( 'NONE', #7052, #7997, #5672, .T. ) ;
#2680 = CARTESIAN_POINT ( 'NONE',  ( -8.021096714234658975, -27.71987061392665197, 0.000000000000000000 ) ) ;
#2681 = DIRECTION ( 'NONE',  ( 0.000000000000000000, 0.000000000000000000, 1.000000000000000000 ) ) ;
#2682 = AXIS2_PLACEMENT_3D ( 'NONE', #8669, #7118, #1336 ) ;
#2683 = CARTESIAN_POINT ( 'NONE',  ( -8.000000000000000000, -26.00000000000000000, 0.000000000000000000 ) ) ;
#2684 = EDGE_CURVE ( 'NONE', #1659, #3216, #9182, .T. ) ;
#2685 = CARTESIAN_POINT ( 'NONE',  ( -1.997325582466615073E-15, 0.000000000000000000, -143.8452994616199874 ) ) ;
#2686 = ORIENTED_EDGE ( 'NONE', *, *, #10471, .T. ) ;
#2687 = ORIENTED_EDGE ( 'NONE', *, *, #6368, .F. ) ;
#2688 = ORIENTED_EDGE ( 'NONE', *, *, #9961, .F. ) ;
#2689 = DIRECTION ( 'NONE',  ( -1.000000000000000000, 0.000000000000000000, 0.000000000000000000 ) ) ;
#2690 = CARTESIAN_POINT ( 'NONE',  ( 9.500000000000001776, 25.22985873925911804, -151.9797930617897919 ) ) ;
#2691 = ORIENTED_EDGE ( 'NONE', *, *, #9144, .F. ) ;
#2692 = DIRECTION ( 'NONE',  ( -1.000000000000000000, 0.000000000000000000, 0.000000000000000000 ) ) ;
#2693 = CARTESIAN_POINT ( 'NONE',  ( 9.499999999999998224, 26.30005419916670206, -0.1101796606014208979 ) ) ;
#2694 = CARTESIAN_POINT ( 'NONE',  ( 8.500000000000000000, -25.50000000000000000, -31.00000000000000000 ) ) ;
#2695 = AXIS2_PLACEMENT_3D ( 'NONE', #6462, #9712, #2390 ) ;
#2696 = LINE ( 'NONE', #1194, #2987 ) ;
#2697 = ORIENTED_EDGE ( 'NONE', *, *, #3712, .T. ) ;
#2698 = EDGE_LOOP ( 'NONE', ( #2850, #6687, #1252, #4036 ) ) ;
#2699 = CARTESIAN_POINT ( 'NONE',  ( -2.458500000000000352, 16.00000000000000000, -10.95849999999999902 ) ) ;
#2700 = CYLINDRICAL_SURFACE ( 'NONE', #5170, 2.458500000000000352 ) ;
#2701 = VERTEX_POINT ( 'NONE', #7378 ) ;
#2702 = CARTESIAN_POINT ( 'NONE',  ( 8.000000000000000000, 26.00000000000000000, -152.0000000000000000 ) ) ;
#2703 = CARTESIAN_POINT ( 'NONE',  ( -8.000000000000000000, -16.00000000000000000, -8.500000000000000000 ) ) ;
#2704 = DIRECTION ( 'NONE',  ( 0.000000000000000000, 0.000000000000000000, -1.000000000000000000 ) ) ;
#2705 = CARTESIAN_POINT ( 'NONE',  ( 3.750000000000000000, -7.250000000000000000, -150.6715170305899960 ) ) ;
#2706 = CIRCLE ( 'NONE', #10567, 5.049999999999998934 ) ;
#2707 = EDGE_CURVE ( 'NONE', #7276, #5104, #4582, .T. ) ;
#2708 = AXIS2_PLACEMENT_3D ( 'NONE', #8885, #8135, #7329 ) ;
#2709 = DIRECTION ( 'NONE',  ( 0.000000000000000000, 0.000000000000000000, -1.000000000000000000 ) ) ;
#2710 = EDGE_LOOP ( 'NONE', ( #1288, #9586, #271, #3954 ) ) ;
#2711 = CARTESIAN_POINT ( 'NONE',  ( -6.500000000000000000, -26.86602540378400050, 0.000000000000000000 ) ) ;
#2712 = CARTESIAN_POINT ( 'NONE',  ( 8.000000000000000000, 26.00000000000000000, -149.1339745962199856 ) ) ;
#2713 = DIRECTION ( 'NONE',  ( 0.000000000000000000, 0.000000000000000000, -1.000000000000000000 ) ) ;
#2714 = CARTESIAN_POINT ( 'NONE',  ( -6.499824123901261963, -26.46077509358296709, -151.9127956657504512 ) ) ;
#2715 = DIRECTION ( 'NONE',  ( 0.000000000000000000, -1.000000000000000000, 0.000000000000000000 ) ) ;
#2716 = EDGE_CURVE ( 'NONE', #2418, #2155, #7486, .T. ) ;
#2717 = ORIENTED_EDGE ( 'NONE', *, *, #6368, .T. ) ;
#2718 = ORIENTED_EDGE ( 'NONE', *, *, #7637, .F. ) ;
#2719 = ORIENTED_EDGE ( 'NONE', *, *, #9392, .T. ) ;
#2720 = FACE_OUTER_BOUND ( 'NONE', #5633, .T. ) ;
#2721 = LINE ( 'NONE', #5784, #8092 ) ;
#2722 = ORIENTED_EDGE ( 'NONE', *, *, #7042, .F. ) ;
#2723 = CARTESIAN_POINT ( 'NONE',  ( -11.84999999999999964, 27.95825756949599850, -17.00000000000000000 ) ) ;
#2724 = CARTESIAN_POINT ( 'NONE',  ( 7.917066908715830742, 27.68416936499131609, -151.9798273196476259 ) ) ;
#2725 = CARTESIAN_POINT ( 'NONE',  ( 2.458500000000000352, 16.00000000000000000, -141.0414999999999850 ) ) ;
#2726 = CARTESIAN_POINT ( 'NONE',  ( 2.458500000000000352, 16.00000000000000000, -0.7915000000000259606 ) ) ;
#2727 = EDGE_CURVE ( 'NONE', #9614, #6650, #2460, .T. ) ;
#2728 = DIRECTION ( 'NONE',  ( 0.000000000000000000, 0.000000000000000000, -1.000000000000000000 ) ) ;
#2729 = CARTESIAN_POINT ( 'NONE',  ( -2.458500000000000352, -16.00000000000000000, -0.7915000000000169678 ) ) ;
#2730 = VERTEX_POINT ( 'NONE', #1657 ) ;
#2731 = VERTEX_POINT ( 'NONE', #45 ) ;
#2732 = ORIENTED_EDGE ( 'NONE', *, *, #262, .F. ) ;
#2733 = CARTESIAN_POINT ( 'NONE',  ( -12.00000000000000000, -16.00000000000000000, -141.0414999999999850 ) ) ;
#2734 = CARTESIAN_POINT ( 'NONE',  ( 9.499992319900600890, 26.39082054523362331, -151.9018344238334635 ) ) ;
#2735 = ORIENTED_EDGE ( 'NONE', *, *, #3312, .F. ) ;
#2736 = ADVANCED_FACE ( 'NONE', ( #3317 ), #2566, .F. ) ;
#2737 = DIRECTION ( 'NONE',  ( 0.5000000000002338130, 0.8660254037843035935, 0.000000000000000000 ) ) ;
#2738 = DIRECTION ( 'NONE',  ( 0.000000000000000000, 0.000000000000000000, -1.000000000000000000 ) ) ;
#2739 = PLANE ( 'NONE',  #241 ) ;
#2740 = DIRECTION ( 'NONE',  ( 0.000000000000000000, 0.000000000000000000, 1.000000000000000000 ) ) ;
#2741 = ADVANCED_FACE ( 'NONE', ( #8296 ), #6688, .T. ) ;
#2742 = VERTEX_POINT ( 'NONE', #1277 ) ;
#2743 = VERTEX_POINT ( 'NONE', #6150 ) ;
#2744 = VECTOR ( 'NONE', #6985, 999.9999999999998863 ) ;
#2745 = CARTESIAN_POINT ( 'NONE',  ( 3.250000000000000000, -16.00000000000000000, -152.0000000000000000 ) ) ;
#2746 = CARTESIAN_POINT ( 'NONE',  ( -9.499940738391220663, -26.14083395015349964, -151.8758277094197240 ) ) ;
#2747 = ORIENTED_EDGE ( 'NONE', *, *, #8417, .F. ) ;
#2748 = LINE ( 'NONE', #6022, #3810 ) ;
#2749 = ADVANCED_FACE ( 'NONE', ( #5348 ), #9398, .T. ) ;
#2750 = EDGE_CURVE ( 'NONE', #4927, #3132, #9665, .T. ) ;
#2751 = LINE ( 'NONE', #7727, #2509 ) ;
#2752 = FACE_OUTER_BOUND ( 'NONE', #8734, .T. ) ;
#2753 = CARTESIAN_POINT ( 'NONE',  ( 9.177842809565971649, 27.05211044236195761, -151.9185876847672034 ) ) ;
#2754 = EDGE_CURVE ( 'NONE', #5271, #7564, #2828, .T. ) ;
#2755 = CARTESIAN_POINT ( 'NONE',  ( -5.688034792648450022, -1.909518315602325211, 3.600000000000000089 ) ) ;
#2756 = VECTOR ( 'NONE', #5929, 1000.000000000000000 ) ;
#2757 = FACE_OUTER_BOUND ( 'NONE', #9728, .T. ) ;
#2758 = VERTEX_POINT ( 'NONE', #6041 ) ;
#2759 = CARTESIAN_POINT ( 'NONE',  ( -1.440155956905744050, 13.54150000000001342, -7.059844043094253507 ) ) ;
#2760 = DIRECTION ( 'NONE',  ( -1.000000000000000000, 0.000000000000000000, 0.000000000000000000 ) ) ;
#2761 = AXIS2_PLACEMENT_3D ( 'NONE', #4593, #510, #7308 ) ;
#2762 = LINE ( 'NONE', #1212, #8902 ) ;
#2763 = CARTESIAN_POINT ( 'NONE',  ( -2.458500000000004793, -14.55984404309426772, -6.041499999999999204 ) ) ;
#2764 = CARTESIAN_POINT ( 'NONE',  ( 0.000000000000000000, -18.45850000000000080, -10.95849999999999902 ) ) ;
#2765 =( BOUNDED_CURVE ( )  B_SPLINE_CURVE ( 3, ( #7580, #345, #2763, #190 ),
 .UNSPECIFIED., .F., .F. ) 
 B_SPLINE_CURVE_WITH_KNOTS ( ( 4, 4 ),
 ( 1.570796326794895004, 3.141592653589795336 ),
 .UNSPECIFIED. ) 
 CURVE ( )  GEOMETRIC_REPRESENTATION_ITEM ( )  RATIONAL_B_SPLINE_CURVE ( ( 1.000000000000000000, 0.8047378541243649375, 0.8047378541243649375, 1.000000000000000000 ) ) 
 REPRESENTATION_ITEM ( '' )  );
#2766 = VECTOR ( 'NONE', #6667, 1000.000000000000000 ) ;
#2767 = VECTOR ( 'NONE', #497, 1000.000000000000000 ) ;
#2768 = EDGE_CURVE ( 'NONE', #2517, #8235, #9298, .T. ) ;
#2769 = VECTOR ( 'NONE', #1077, 1000.000000000000000 ) ;
#2770 = ORIENTED_EDGE ( 'NONE', *, *, #1825, .T. ) ;
#2771 = ORIENTED_EDGE ( 'NONE', *, *, #10586, .F. ) ;
#2772 = CARTESIAN_POINT ( 'NONE',  ( 0.000000000000000000, 0.000000000000000000, -152.0000000000000000 ) ) ;
#2773 = CARTESIAN_POINT ( 'NONE',  ( 9.500000000000000000, 26.84166501650005188, -152.0000000000000000 ) ) ;
#2774 = ORIENTED_EDGE ( 'NONE', *, *, #4240, .F. ) ;
#2775 = FACE_BOUND ( 'NONE', #5928, .T. ) ;
#2776 = DIRECTION ( 'NONE',  ( 0.000000000000000000, 1.000000000000000000, 0.000000000000000000 ) ) ;
#2777 = FACE_OUTER_BOUND ( 'NONE', #4091, .T. ) ;
#2778 = AXIS2_PLACEMENT_3D ( 'NONE', #5436, #4630, #7883 ) ;
#2779 = LINE ( 'NONE', #10321, #7249 ) ;
#2780 = CARTESIAN_POINT ( 'NONE',  ( -2.114726455570119956, 26.96507328603669862, -135.0000000000000000 ) ) ;
#2781 = EDGE_CURVE ( 'NONE', #8576, #9157, #1977, .T. ) ;
#2782 = EDGE_CURVE ( 'NONE', #253, #1960, #1061, .T. ) ;
#2783 = CARTESIAN_POINT ( 'NONE',  ( -8.500000000000000000, 17.49999999999940314, -31.00000000000000000 ) ) ;
#2784 = ORIENTED_EDGE ( 'NONE', *, *, #4760, .F. ) ;
#2785 = ORIENTED_EDGE ( 'NONE', *, *, #2540, .T. ) ;
#2786 = VERTEX_POINT ( 'NONE', #8502 ) ;
#2787 = DIRECTION ( 'NONE',  ( 1.000000000000000000, 0.000000000000000000, 0.000000000000000000 ) ) ;
#2788 = AXIS2_PLACEMENT_3D ( 'NONE', #4618, #7871, #6970 ) ;
#2789 = CARTESIAN_POINT ( 'NONE',  ( 9.499886317855473550, 26.14208342354087122, -151.8758548956633661 ) ) ;
#2790 = EDGE_CURVE ( 'NONE', #3642, #6377, #7971, .T. ) ;
#2791 = ADVANCED_FACE ( 'NONE', ( #5134 ), #5244, .F. ) ;
#2792 = ORIENTED_EDGE ( 'NONE', *, *, #4825, .F. ) ;
#2793 = DIRECTION ( 'NONE',  ( 0.000000000000000000, 0.000000000000000000, 1.000000000000000000 ) ) ;
#2794 = ADVANCED_FACE ( 'NONE', ( #1169 ), #351, .F. ) ;
#2795 = CARTESIAN_POINT ( 'NONE',  ( 11.84999999999999964, 27.04174243050399795, -17.00000000000000000 ) ) ;
#2796 = DIRECTION ( 'NONE',  ( 0.000000000000000000, -1.000000000000000000, 0.000000000000000000 ) ) ;
#2797 = FACE_OUTER_BOUND ( 'NONE', #4343, .T. ) ;
#2798 = ORIENTED_EDGE ( 'NONE', *, *, #3882, .F. ) ;
#2799 = ORIENTED_EDGE ( 'NONE', *, *, #1543, .F. ) ;
#2800 = CONICAL_SURFACE ( 'NONE', #7929, 1.719999999999999307, 1.047197551196596965 ) ;
#2801 = DIRECTION ( 'NONE',  ( 0.5000000000002338130, -0.8660254037843035935, 0.000000000000000000 ) ) ;
#2802 = VECTOR ( 'NONE', #5944, 1000.000000000000000 ) ;
#2803 = DIRECTION ( 'NONE',  ( 0.000000000000000000, 0.000000000000000000, 1.000000000000000000 ) ) ;
#2804 = ORIENTED_EDGE ( 'NONE', *, *, #6683, .F. ) ;
#2805 = CONICAL_SURFACE ( 'NONE', #5037, 3.499999999999999556, 0.7853981633974306265 ) ;
#2806 = DIRECTION ( 'NONE',  ( -1.000000000000000000, 0.000000000000000000, 0.000000000000000000 ) ) ;
#2807 = ADVANCED_FACE ( 'NONE', ( #2720 ), #107, .F. ) ;
#2808 = CARTESIAN_POINT ( 'NONE',  ( 0.000000000000000000, 18.45850000000000080, -143.5000000000000000 ) ) ;
#2809 = AXIS2_PLACEMENT_3D ( 'NONE', #7667, #8365, #6011 ) ;
#2810 = DIRECTION ( 'NONE',  ( -1.000000000000000000, 0.000000000000000000, 0.000000000000000000 ) ) ;
#2811 = CARTESIAN_POINT ( 'NONE',  ( -8.000000000001291411, 26.00000000000094857, -135.0000000000000000 ) ) ;
#2812 = VECTOR ( 'NONE', #986, 1000.000000000000114 ) ;
#2813 = CARTESIAN_POINT ( 'NONE',  ( 7.500000000000000000, 33.20000000000000284, -135.0000000000000000 ) ) ;
#2814 = AXIS2_PLACEMENT_3D ( 'NONE', #10424, #4863, #7910 ) ;
#2815 = EDGE_CURVE ( 'NONE', #4796, #10348, #6935, .T. ) ;
#2816 = CARTESIAN_POINT ( 'NONE',  ( 0.000000000000000000, 0.000000000000000000, -2.000000000000000000 ) ) ;
#2817 = VERTEX_POINT ( 'NONE', #2884 ) ;
#2818 = CONICAL_SURFACE ( 'NONE', #10157, 1732.050807568949949, 1.047197551196616283 ) ;
#2819 = LINE ( 'NONE', #6084, #885 ) ;
#2820 = CARTESIAN_POINT ( 'NONE',  ( -12.00000000000000000, 16.00000000000000000, -8.500000000000000000 ) ) ;
#2821 = CARTESIAN_POINT ( 'NONE',  ( 4.003462351063359570, -4.377391625423435073, 7.868853943432950082 ) ) ;
#2822 = CIRCLE ( 'NONE', #7096, 5.000000000000000000 ) ;
#2823 = CARTESIAN_POINT ( 'NONE',  ( -6.500000000000000000, -25.15833498349994812, -152.0000000000000000 ) ) ;
#2824 = AXIS2_PLACEMENT_3D ( 'NONE', #2820, #2760, #2875 ) ;
#2825 = DIRECTION ( 'NONE',  ( 0.5000000000002420286, 0.8660254037842989305, 0.000000000000000000 ) ) ;
#2826 = ORIENTED_EDGE ( 'NONE', *, *, #8020, .F. ) ;
#2827 = ORIENTED_EDGE ( 'NONE', *, *, #4228, .T. ) ;
#2828 = LINE ( 'NONE', #2076, #2340 ) ;
#2829 = CARTESIAN_POINT ( 'NONE',  ( -6.280000000000000249, -26.00000000000000000, 0.000000000000000000 ) ) ;
#2830 = ORIENTED_EDGE ( 'NONE', *, *, #8936, .T. ) ;
#2831 = DIRECTION ( 'NONE',  ( 0.000000000000000000, 0.000000000000000000, -1.000000000000000000 ) ) ;
#2832 = DIRECTION ( 'NONE',  ( 0.000000000000000000, 0.000000000000000000, 1.000000000000000000 ) ) ;
#2833 =( BOUNDED_CURVE ( )  B_SPLINE_CURVE ( 3, ( #10445, #4511, #540, #6169 ),
 .UNSPECIFIED., .F., .F. ) 
 B_SPLINE_CURVE_WITH_KNOTS ( ( 4, 4 ),
 ( 0.000000000000000000, 1.570796326794895004 ),
 .UNSPECIFIED. ) 
 CURVE ( )  GEOMETRIC_REPRESENTATION_ITEM ( )  RATIONAL_B_SPLINE_CURVE ( ( 1.000000000000000000, 0.8047378541243649375, 0.8047378541243649375, 1.000000000000000000 ) ) 
 REPRESENTATION_ITEM ( '' )  );
#2834 = CYLINDRICAL_SURFACE ( 'NONE', #8147, 0.2000000000005539014 ) ;
#2835 = APPLICATION_CONTEXT ( 'automotive_design' ) ;
#2836 = CARTESIAN_POINT ( 'NONE',  ( 0.000000000000000000, 0.000000000000000000, -31.00000000000000000 ) ) ;
#2837 = AXIS2_PLACEMENT_3D ( 'NONE', #3264, #3472, #199 ) ;
#2838 = DIRECTION ( 'NONE',  ( 0.000000000000000000, 0.000000000000000000, -1.000000000000000000 ) ) ;
#2839 = AXIS2_PLACEMENT_3D ( 'NONE', #9174, #7724, #5167 ) ;
#2840 = EDGE_CURVE ( 'NONE', #9740, #7408, #8827, .T. ) ;
#2841 = FACE_OUTER_BOUND ( 'NONE', #1580, .T. ) ;
#2842 = ORIENTED_EDGE ( 'NONE', *, *, #2782, .F. ) ;
#2843 = ORIENTED_EDGE ( 'NONE', *, *, #9790, .F. ) ;
#2844 = EDGE_LOOP ( 'NONE', ( #7513, #2895 ) ) ;
#2845 = FACE_OUTER_BOUND ( 'NONE', #9664, .T. ) ;
#2846 = ORIENTED_EDGE ( 'NONE', *, *, #5019, .T. ) ;
#2847 = CARTESIAN_POINT ( 'NONE',  ( -7.249999999999720224, -27.29903810567634892, -150.0000000000000000 ) ) ;
#2848 = CIRCLE ( 'NONE', #5751, 1.720000000000000195 ) ;
#2849 = AXIS2_PLACEMENT_3D ( 'NONE', #3893, #2220, #8582 ) ;
#2850 = ORIENTED_EDGE ( 'NONE', *, *, #3457, .T. ) ;
#2851 = CARTESIAN_POINT ( 'NONE',  ( -12.00000000000000000, 16.00000000000000000, -6.041500000000000092 ) ) ;
#2852 = PLANE ( 'NONE',  #6400 ) ;
#2853 = DIRECTION ( 'NONE',  ( 1.000000000000000000, 0.000000000000000000, 0.000000000000000000 ) ) ;
#2854 = CARTESIAN_POINT ( 'NONE',  ( -9.500000000000000000, -26.00000000000000000, -2.000000000000000000 ) ) ;
#2855 = VECTOR ( 'NONE', #3533, 1000.000000000000000 ) ;
#2856 = VERTEX_POINT ( 'NONE', #6097 ) ;
#2857 = VERTEX_POINT ( 'NONE', #9349 ) ;
#2858 = EDGE_CURVE ( 'NONE', #1406, #9741, #5295, .T. ) ;
#2859 = CARTESIAN_POINT ( 'NONE',  ( 8.015521883131919267, 22.00000000000000000, -148.0000000000000000 ) ) ;
#2860 = CARTESIAN_POINT ( 'NONE',  ( -9.500000000000000000, -25.13397459621599950, 0.000000000000000000 ) ) ;
#2861 = ORIENTED_EDGE ( 'NONE', *, *, #3383, .F. ) ;
#2862 = CYLINDRICAL_SURFACE ( 'NONE', #977, 4.283000000000000362 ) ;
#2863 = CIRCLE ( 'NONE', #1809, 0.2000000000005539014 ) ;
#2864 = CYLINDRICAL_SURFACE ( 'NONE', #9501, 8.000000000000611067 ) ;
#2865 = AXIS2_PLACEMENT_3D ( 'NONE', #1593, #4119, #6635 ) ;
#2866 = LINE ( 'NONE', #6292, #8440 ) ;
#2867 = DIRECTION ( 'NONE',  ( 0.000000000000000000, 0.8660254037843889696, 0.5000000000000861533 ) ) ;
#2868 = LINE ( 'NONE', #2813, #8948 ) ;
#2869 = EDGE_CURVE ( 'NONE', #6002, #9338, #7460, .T. ) ;
#2870 = DIRECTION ( 'NONE',  ( -1.000000000000000000, 0.000000000000000000, 0.000000000000000000 ) ) ;
#2871 = CARTESIAN_POINT ( 'NONE',  ( -1.500000000000000000, 29.80000000000000071, -8.500000000000000000 ) ) ;
#2872 = ORIENTED_EDGE ( 'NONE', *, *, #8643, .F. ) ;
#2873 = EDGE_CURVE ( 'NONE', #10300, #4669, #5457, .T. ) ;
#2874 = DIRECTION ( 'NONE',  ( -0.8660254037873658106, 0.000000000000000000, -0.4999999999949299445 ) ) ;
#2875 = DIRECTION ( 'NONE',  ( 0.000000000000000000, 0.000000000000000000, 1.000000000000000000 ) ) ;
#2876 = DIRECTION ( 'NONE',  ( 0.000000000000000000, 0.000000000000000000, 1.000000000000000000 ) ) ;
#2877 = DIRECTION ( 'NONE',  ( 0.8660254037842978203, -0.5000000000002440270, 0.000000000000000000 ) ) ;
#2878 = CARTESIAN_POINT ( 'NONE',  ( 7.050000000000549605, 33.40000000000054570, -17.00000000000000000 ) ) ;
#2879 = EDGE_CURVE ( 'NONE', #2217, #7217, #2848, .T. ) ;
#2880 = AXIS2_PLACEMENT_3D ( 'NONE', #855, #2312, #10439 ) ;
#2881 = ORIENTED_EDGE ( 'NONE', *, *, #8483, .T. ) ;
#2882 = ORIENTED_EDGE ( 'NONE', *, *, #4063, .F. ) ;
#2883 = ORIENTED_EDGE ( 'NONE', *, *, #8088, .T. ) ;
#2884 = CARTESIAN_POINT ( 'NONE',  ( -8.500000000000000000, 17.49999999999940314, -111.0000000000000000 ) ) ;
#2885 = LINE ( 'NONE', #2997, #8951 ) ;
#2886 = DIRECTION ( 'NONE',  ( 0.000000000000000000, 0.000000000000000000, -1.000000000000000000 ) ) ;
#2887 = FACE_OUTER_BOUND ( 'NONE', #6194, .T. ) ;
#2888 = CARTESIAN_POINT ( 'NONE',  ( -12.00000000000000000, -16.00000000000000000, -8.500000000000000000 ) ) ;
#2889 = EDGE_CURVE ( 'NONE', #5051, #3443, #5074, .T. ) ;
#2890 = CARTESIAN_POINT ( 'NONE',  ( -1.449999999999445954, 33.20000000000000284, -152.0010000000000048 ) ) ;
#2891 = CYLINDRICAL_SURFACE ( 'NONE', #3863, 4.000000000000305533 ) ;
#2892 = EDGE_CURVE ( 'NONE', #2963, #3484, #3909, .T. ) ;
#2893 = CARTESIAN_POINT ( 'NONE',  ( 0.000000000000000000, 0.000000000000000000, 29.23299999999999699 ) ) ;
#2894 = ORIENTED_EDGE ( 'NONE', *, *, #4935, .T. ) ;
#2895 = ORIENTED_EDGE ( 'NONE', *, *, #10151, .F. ) ;
#2896 = EDGE_LOOP ( 'NONE', ( #8031, #5794, #6603, #9295 ) ) ;
#2897 = LINE ( 'NONE', #1290, #984 ) ;
#2898 = ORIENTED_EDGE ( 'NONE', *, *, #5105, .F. ) ;
#2899 = DIRECTION ( 'NONE',  ( 0.000000000000000000, 1.000000000000000000, 0.000000000000000000 ) ) ;
#2900 = ORIENTED_EDGE ( 'NONE', *, *, #5588, .T. ) ;
#2901 = FACE_OUTER_BOUND ( 'NONE', #7709, .T. ) ;
#2902 = LINE ( 'NONE', #3707, #7414 ) ;
#2903 = CARTESIAN_POINT ( 'NONE',  ( -12.00000000000000000, -26.00000000000000000, -4.000000000000000000 ) ) ;
#2904 = DIRECTION ( 'NONE',  ( 0.000000000000000000, 0.000000000000000000, 1.000000000000000000 ) ) ;
#2905 = ADVANCED_FACE ( 'NONE', ( #4804 ), #1331, .F. ) ;
#2906 = ORIENTED_EDGE ( 'NONE', *, *, #4203, .T. ) ;
#2907 = ORIENTED_EDGE ( 'NONE', *, *, #10588, .T. ) ;
#2908 = VERTEX_POINT ( 'NONE', #2190 ) ;
#2909 = CARTESIAN_POINT ( 'NONE',  ( -8.000000000000000000, -26.00000000000000000, -152.0000000000000000 ) ) ;
#2910 = DIRECTION ( 'NONE',  ( 0.000000000000000000, 0.000000000000000000, 1.000000000000000000 ) ) ;
#2911 = ORIENTED_EDGE ( 'NONE', *, *, #10324, .T. ) ;
#2912 = CARTESIAN_POINT ( 'NONE',  ( 3.750000000000000000, -7.250000000000000000, -152.0000000000000000 ) ) ;
#2913 = DIRECTION ( 'NONE',  ( 1.000000000000000000, 0.000000000000000000, 0.000000000000000000 ) ) ;
#2914 = CARTESIAN_POINT ( 'NONE',  ( 0.000000000000000000, 0.000000000000000000, 8.000000000000000000 ) ) ;
#2915 = CARTESIAN_POINT ( 'NONE',  ( 8.507232877204510046, 27.43924041523469626, -151.8877686763524366 ) ) ;
#2916 = FACE_OUTER_BOUND ( 'NONE', #5361, .T. ) ;
#2917 = CARTESIAN_POINT ( 'NONE',  ( -8.800000000000000711, 7.250000000000000000, -152.0000000000000000 ) ) ;
#2918 = PLANE ( 'NONE',  #8385 ) ;
#2919 = ORIENTED_EDGE ( 'NONE', *, *, #4137, .F. ) ;
#2920 = ORIENTED_EDGE ( 'NONE', *, *, #6422, .F. ) ;
#2921 = EDGE_CURVE ( 'NONE', #9640, #9568, #990, .T. ) ;
#2922 = AXIS2_PLACEMENT_3D ( 'NONE', #106, #9094, #2678 ) ;
#2923 = DIRECTION ( 'NONE',  ( 0.000000000000000000, 0.000000000000000000, -1.000000000000000000 ) ) ;
#2924 = CARTESIAN_POINT ( 'NONE',  ( 0.000000000000000000, 0.000000000000000000, -2.000000000000000000 ) ) ;
#2925 = AXIS2_PLACEMENT_3D ( 'NONE', #5459, #5126, #8540 ) ;
#2926 = CARTESIAN_POINT ( 'NONE',  ( 9.500000000000000000, 26.86602540378400050, -150.0000000000000000 ) ) ;
#2927 = EDGE_CURVE ( 'NONE', #2506, #7224, #2239, .T. ) ;
#2928 = LINE ( 'NONE', #2185, #285 ) ;
#2929 = EDGE_CURVE ( 'NONE', #169, #9742, #10313, .T. ) ;
#2930 = EDGE_CURVE ( 'NONE', #8130, #3902, #10256, .T. ) ;
#2931 = CIRCLE ( 'NONE', #7719, 4.000000000000305533 ) ;
#2932 = ORIENTED_EDGE ( 'NONE', *, *, #8748, .F. ) ;
#2933 = AXIS2_PLACEMENT_3D ( 'NONE', #4842, #5804, #1572 ) ;
#2934 = ORIENTED_EDGE ( 'NONE', *, *, #6879, .T. ) ;
#2935 = VERTEX_POINT ( 'NONE', #8766 ) ;
#2936 = DIRECTION ( 'NONE',  ( 0.000000000000000000, 1.000000000000000000, 0.000000000000000000 ) ) ;
#2937 = DIRECTION ( 'NONE',  ( -1.000000000000000000, 0.000000000000000000, 0.000000000000000000 ) ) ;
#2938 = EDGE_LOOP ( 'NONE', ( #8075, #4976, #5312 ) ) ;
#2939 = CYLINDRICAL_SURFACE ( 'NONE', #8079, 6.000000000000000000 ) ;
#2940 = LINE ( 'NONE', #2243, #1142 ) ;
#2941 = AXIS2_PLACEMENT_3D ( 'NONE', #6188, #6989, #10360 ) ;
#2942 = EDGE_CURVE ( 'NONE', #5131, #8312, #4218, .T. ) ;
#2943 = DIRECTION ( 'NONE',  ( 0.000000000000000000, 0.000000000000000000, -1.000000000000000000 ) ) ;
#2944 = VECTOR ( 'NONE', #2559, 1000.000000000000000 ) ;
#2945 = DIRECTION ( 'NONE',  ( 0.000000000000000000, 0.000000000000000000, -1.000000000000000000 ) ) ;
#2946 = EDGE_CURVE ( 'NONE', #9448, #6843, #5404, .T. ) ;
#2947 = DIRECTION ( 'NONE',  ( -0.000000000000000000, 1.000000000000000000, 0.000000000000000000 ) ) ;
#2948 = ORIENTED_EDGE ( 'NONE', *, *, #9936, .T. ) ;
#2949 = ORIENTED_EDGE ( 'NONE', *, *, #2086, .F. ) ;
#2950 = ORIENTED_EDGE ( 'NONE', *, *, #3456, .F. ) ;
#2951 = DIRECTION ( 'NONE',  ( 0.000000000000000000, 1.000000000000000000, 0.000000000000000000 ) ) ;
#2952 = CIRCLE ( 'NONE', #4315, 6.000000000000000000 ) ;
#2953 = ORIENTED_EDGE ( 'NONE', *, *, #6080, .T. ) ;
#2954 = DIRECTION ( 'NONE',  ( 0.000000000000000000, 0.000000000000000000, -1.000000000000000000 ) ) ;
#2955 = EDGE_CURVE ( 'NONE', #6384, #3811, #10423, .T. ) ;
#2956 = EDGE_LOOP ( 'NONE', ( #4782, #8984, #8817, #6527, #2798, #4266, #4611 ) ) ;
#2957 = CIRCLE ( 'NONE', #728, 3.499999999999999556 ) ;
#2958 = CARTESIAN_POINT ( 'NONE',  ( -8.690135107921596713, -27.33359836591396075, -151.8729281351888005 ) ) ;
#2959 = DIRECTION ( 'NONE',  ( -0.000000000000000000, 1.000000000000000000, 0.000000000000000000 ) ) ;
#2960 = CARTESIAN_POINT ( 'NONE',  ( 4.030983766875089636, 26.35136306023699859, -152.0000000000000000 ) ) ;
#2961 = CARTESIAN_POINT ( 'NONE',  ( 2.458499999999998575, 14.55984404309426772, -6.041500000000012527 ) ) ;
#2962 = AXIS2_PLACEMENT_3D ( 'NONE', #8032, #698, #5678 ) ;
#2963 = VERTEX_POINT ( 'NONE', #3098 ) ;
#2964 = EDGE_LOOP ( 'NONE', ( #6276, #2002, #2365, #6240 ) ) ;
#2965 = VERTEX_POINT ( 'NONE', #3858 ) ;
#2966 = FACE_OUTER_BOUND ( 'NONE', #2938, .T. ) ;
#2967 = DIRECTION ( 'NONE',  ( 0.000000000000000000, 0.000000000000000000, -1.000000000000000000 ) ) ;
#2968 = ORIENTED_EDGE ( 'NONE', *, *, #6068, .F. ) ;
#2969 = FACE_OUTER_BOUND ( 'NONE', #10336, .T. ) ;
#2970 = DIRECTION ( 'NONE',  ( 0.000000000000000000, 1.000000000000000000, 0.000000000000000000 ) ) ;
#2971 = CIRCLE ( 'NONE', #1770, 4.283000000000009244 ) ;
#2972 = CARTESIAN_POINT ( 'NONE',  ( 3.647273485673900417, 22.00000000000000000, -152.0000000000000000 ) ) ;
#2973 = DIRECTION ( 'NONE',  ( -1.000000000000000000, 0.000000000000000000, 0.000000000000000000 ) ) ;
#2974 = FACE_OUTER_BOUND ( 'NONE', #5985, .T. ) ;
#2975 = AXIS2_PLACEMENT_3D ( 'NONE', #1541, #8070, #740 ) ;
#2976 = CONICAL_SURFACE ( 'NONE', #8787, 4.283000000000000362, 0.5235987755983981806 ) ;
#2977 = AXIS2_PLACEMENT_3D ( 'NONE', #7346, #8259, #2426 ) ;
#2978 = CARTESIAN_POINT ( 'NONE',  ( 8.015521883131919267, 22.00000000000000000, -152.0000000000000000 ) ) ;
#2979 = CARTESIAN_POINT ( 'NONE',  ( -7.500000000000000000, 30.39999999999939817, -135.0000000000000000 ) ) ;
#2980 = ORIENTED_EDGE ( 'NONE', *, *, #503, .F. ) ;
#2981 = EDGE_LOOP ( 'NONE', ( #6868, #5699, #4756, #2075 ) ) ;
#2982 = CARTESIAN_POINT ( 'NONE',  ( 0.000000000000000000, 0.000000000000000000, -150.0000000000000000 ) ) ;
#2983 =( NAMED_UNIT ( * ) SI_UNIT ( $, .STERADIAN. ) SOLID_ANGLE_UNIT ( ) );
#2984 = ORIENTED_EDGE ( 'NONE', *, *, #260, .T. ) ;
#2985 = CARTESIAN_POINT ( 'NONE',  ( 8.000000000000000000, -16.00000000000000000, -8.500000000000000000 ) ) ;
#2986 = DIRECTION ( 'NONE',  ( 1.000000000000000000, 0.000000000000000000, 0.000000000000000000 ) ) ;
#2987 = VECTOR ( 'NONE', #7718, 1000.000000000000000 ) ;
#2988 = AXIS2_PLACEMENT_3D ( 'NONE', #6098, #8448, #2937 ) ;
#2989 = CIRCLE ( 'NONE', #8449, 3.499999999999999556 ) ;
#2990 = AXIS2_PLACEMENT_3D ( 'NONE', #157, #6853, #264 ) ;
#2991 = EDGE_CURVE ( 'NONE', #6006, #1446, #1382, .T. ) ;
#2992 = ORIENTED_EDGE ( 'NONE', *, *, #10176, .F. ) ;
#2993 = VECTOR ( 'NONE', #4674, 1000.000000000000000 ) ;
#2994 = ORIENTED_EDGE ( 'NONE', *, *, #1644, .T. ) ;
#2995 = ORIENTED_EDGE ( 'NONE', *, *, #5881, .F. ) ;
#2996 = CARTESIAN_POINT ( 'NONE',  ( 8.750000000000291323, 24.70096189432365108, -2.000000000000000000 ) ) ;
#2997 = CARTESIAN_POINT ( 'NONE',  ( -2.458500000000000352, -16.00000000000000000, -0.7915000000000169678 ) ) ;
#2998 = EDGE_CURVE ( 'NONE', #10045, #3469, #3883, .T. ) ;
#2999 = ORIENTED_EDGE ( 'NONE', *, *, #10474, .T. ) ;
#3000 = DIRECTION ( 'NONE',  ( 1.000000000000000000, 0.000000000000000000, 0.000000000000000000 ) ) ;
#3001 = CARTESIAN_POINT ( 'NONE',  ( 1.000000000000000000, 30.00000000000000000, -135.0000000000000000 ) ) ;
#3002 = DIRECTION ( 'NONE',  ( 0.000000000000000000, 0.000000000000000000, -1.000000000000000000 ) ) ;
#3003 = CIRCLE ( 'NONE', #8975, 1.720000000000000195 ) ;
#3004 = DIRECTION ( 'NONE',  ( 1.000000000000000000, 0.000000000000000000, 0.000000000000000000 ) ) ;
#3005 = ADVANCED_FACE ( 'NONE', ( #4652 ), #7372, .F. ) ;
#3006 = EDGE_CURVE ( 'NONE', #7976, #4665, #6522, .T. ) ;
#3007 = LINE ( 'NONE', #6905, #8207 ) ;
#3008 = ORIENTED_EDGE ( 'NONE', *, *, #3581, .F. ) ;
#3009 = ORIENTED_EDGE ( 'NONE', *, *, #1954, .T. ) ;
#3010 = ORIENTED_EDGE ( 'NONE', *, *, #10345, .T. ) ;
#3011 = CARTESIAN_POINT ( 'NONE',  ( -11.84999999999999964, 27.04174243050399795, -135.0000000000000000 ) ) ;
#3012 = ORIENTED_EDGE ( 'NONE', *, *, #7048, .F. ) ;
#3013 = LINE ( 'NONE', #1452, #6476 ) ;
#3014 = ADVANCED_FACE ( 'NONE', ( #9559 ), #3613, .F. ) ;
#3015 = VERTEX_POINT ( 'NONE', #5506 ) ;
#3016 = DIRECTION ( 'NONE',  ( 0.000000000000000000, 0.000000000000000000, -1.000000000000000000 ) ) ;
#3017 = EDGE_CURVE ( 'NONE', #6843, #5726, #6013, .T. ) ;
#3018 = CARTESIAN_POINT ( 'NONE',  ( -1.500000000000000000, 20.30000000000605098, -8.500000000000000000 ) ) ;
#3019 = AXIS2_PLACEMENT_3D ( 'NONE', #8579, #2168, #4578 ) ;
#3020 = CARTESIAN_POINT ( 'NONE',  ( -7.999999999999699796, -26.00000000000000000, -17.00000000000000000 ) ) ;
#3021 = AXIS2_PLACEMENT_3D ( 'NONE', #2772, #1915, #7745 ) ;
#3022 = ORIENTED_EDGE ( 'NONE', *, *, #379, .T. ) ;
#3023 = EDGE_LOOP ( 'NONE', ( #6003, #5100, #4090, #3970 ) ) ;
#3024 = ORIENTED_EDGE ( 'NONE', *, *, #4258, .F. ) ;
#3025 = VECTOR ( 'NONE', #10291, 999.9999999999998863 ) ;
#3026 = CARTESIAN_POINT ( 'NONE',  ( 8.750000000000300204, 24.70096189432365108, -150.0000000000000000 ) ) ;
#3027 = CARTESIAN_POINT ( 'NONE',  ( 6.500000000000000000, 25.13397459621599950, -150.0000000000000000 ) ) ;
#3028 = TOROIDAL_SURFACE ( 'NONE', #5072, 1.958499999993984941, 0.5000000000060269567 ) ;
#3029 = VERTEX_POINT ( 'NONE', #5020 ) ;
#3030 = LINE ( 'NONE', #6338, #2767 ) ;
#3031 = CARTESIAN_POINT ( 'NONE',  ( 6.500000000000000000, 25.13397459621599950, 0.000000000000000000 ) ) ;
#3032 = CARTESIAN_POINT ( 'NONE',  ( -7.249999999999710454, -24.70096189432365108, -150.0000000000000000 ) ) ;
#3033 = CARTESIAN_POINT ( 'NONE',  ( 8.500000000000000000, -25.50000000000000000, -121.0000000000000000 ) ) ;
#3034 = DIRECTION ( 'NONE',  ( -0.8660254037842886055, -0.5000000000002597922, 0.000000000000000000 ) ) ;
#3035 = CARTESIAN_POINT ( 'NONE',  ( -11.50000000000000000, -26.00000000000000000, -0.3999999999999810374 ) ) ;
#3036 = DIRECTION ( 'NONE',  ( 0.000000000000000000, 0.000000000000000000, -1.000000000000000000 ) ) ;
#3037 = ORIENTED_EDGE ( 'NONE', *, *, #10396, .T. ) ;
#3038 = LINE ( 'NONE', #7205, #3790 ) ;
#3039 = CARTESIAN_POINT ( 'NONE',  ( 6.500000000000000000, 26.00000000000000000, -150.0000000000000000 ) ) ;
#3040 = AXIS2_PLACEMENT_3D ( 'NONE', #511, #5341, #8597 ) ;
#3041 = ORIENTED_EDGE ( 'NONE', *, *, #5572, .T. ) ;
#3042 = CARTESIAN_POINT ( 'NONE',  ( 8.750000000000362377, 27.29903810567644840, -2.000000000000000000 ) ) ;
#3043 = FACE_OUTER_BOUND ( 'NONE', #9254, .T. ) ;
#3044 = ORIENTED_EDGE ( 'NONE', *, *, #9387, .F. ) ;
#3045 = EDGE_LOOP ( 'NONE', ( #5858, #4678 ) ) ;
#3046 = EDGE_LOOP ( 'NONE', ( #9970, #21, #7068, #4562 ) ) ;
#3047 = DIRECTION ( 'NONE',  ( 0.000000000000000000, 0.000000000000000000, 1.000000000000000000 ) ) ;
#3048 = DIRECTION ( 'NONE',  ( 0.000000000000000000, -1.000000000000000000, 0.000000000000000000 ) ) ;
#3049 = ORIENTED_EDGE ( 'NONE', *, *, #6461, .T. ) ;
#3050 = FACE_OUTER_BOUND ( 'NONE', #1130, .T. ) ;
#3051 = DIRECTION ( 'NONE',  ( 0.000000000000000000, 0.000000000000000000, 1.000000000000000000 ) ) ;
#3052 = DIRECTION ( 'NONE',  ( 1.000000000000000000, 0.000000000000000000, 0.000000000000000000 ) ) ;
#3053 = ADVANCED_FACE ( 'NONE', ( #4220 ), #9078, .F. ) ;
#3054 = PLANE ( 'NONE',  #9566 ) ;
#3055 = VERTEX_POINT ( 'NONE', #5077 ) ;
#3056 = EDGE_LOOP ( 'NONE', ( #1546, #7012, #4940, #5914 ) ) ;
#3057 = EDGE_LOOP ( 'NONE', ( #941, #10106, #8373, #1856, #5133, #2373, #6480, #2053, #8039, #9465, #704, #7587, #8768, #5987, #5168, #2477, #446, #605, #7025, #9185, #3820, #299, #3615, #1036, #2198, #5310, #8266, #3263, #4078, #1460, #8500, #1801, #7307, #10487, #9998, #8360, #4766, #9040, #7239, #8165 ) ) ;
#3058 = FACE_OUTER_BOUND ( 'NONE', #10104, .T. ) ;
#3059 = CARTESIAN_POINT ( 'NONE',  ( -9.458499999999999019, 0.000000000000000000, 2.000000000000000000 ) ) ;
#3060 = AXIS2_PLACEMENT_3D ( 'NONE', #7925, #596, #5313 ) ;
#3061 = ORIENTED_EDGE ( 'NONE', *, *, #899, .T. ) ;
#3062 = DIRECTION ( 'NONE',  ( 0.000000000000000000, 0.000000000000000000, 1.000000000000000000 ) ) ;
#3063 = ORIENTED_EDGE ( 'NONE', *, *, #2344, .T. ) ;
#3064 = EDGE_CURVE ( 'NONE', #5113, #1392, #5707, .T. ) ;
#3065 = ADVANCED_FACE ( 'NONE', ( #2605 ), #1748, .T. ) ;
#3066 = LINE ( 'NONE', #2903, #9293 ) ;
#3067 = CIRCLE ( 'NONE', #4432, 1.499999999999999556 ) ;
#3068 = DIRECTION ( 'NONE',  ( 0.000000000000000000, 0.000000000000000000, -1.000000000000000000 ) ) ;
#3069 = ORIENTED_EDGE ( 'NONE', *, *, #4122, .F. ) ;
#3070 = ORIENTED_EDGE ( 'NONE', *, *, #8691, .T. ) ;
#3071 = ORIENTED_EDGE ( 'NONE', *, *, #3236, .F. ) ;
#3072 = DIRECTION ( 'NONE',  ( 0.000000000000000000, 0.000000000000000000, 1.000000000000000000 ) ) ;
#3073 = EDGE_CURVE ( 'NONE', #493, #3907, #8230, .T. ) ;
#3074 = DIRECTION ( 'NONE',  ( 0.000000000000000000, 0.000000000000000000, -1.000000000000000000 ) ) ;
#3075 = ORIENTED_EDGE ( 'NONE', *, *, #8232, .F. ) ;
#3076 = DIRECTION ( 'NONE',  ( -0.8660254037842985975, 0.5000000000002426948, 0.000000000000000000 ) ) ;
#3077 = CARTESIAN_POINT ( 'NONE',  ( -1.649999999999999911, 33.20000000000000284, -17.00000000000000000 ) ) ;
#3078 = EDGE_CURVE ( 'NONE', #5085, #8263, #949, .T. ) ;
#3079 = DIRECTION ( 'NONE',  ( -1.000000000000000000, 0.000000000000000000, 0.000000000000000000 ) ) ;
#3080 = CARTESIAN_POINT ( 'NONE',  ( -8.500000000000000000, 25.50000000000000000, -121.0000000000000000 ) ) ;
#3081 = CARTESIAN_POINT ( 'NONE',  ( -12.00000000000000000, 16.00000000000000000, -143.5000000000000000 ) ) ;
#3082 = LINE ( 'NONE', #2179, #2744 ) ;
#3083 = ORIENTED_EDGE ( 'NONE', *, *, #2104, .T. ) ;
#3084 = ADVANCED_FACE ( 'NONE', ( #3206 ), #5502, .F. ) ;
#3085 = EDGE_CURVE ( 'NONE', #10361, #7855, #32, .T. ) ;
#3086 = CARTESIAN_POINT ( 'NONE',  ( 1.399999999999385958, 30.00000000000000000, -17.00000000000000000 ) ) ;
#3087 = DIRECTION ( 'NONE',  ( 0.000000000000000000, 1.000000000000000000, 0.000000000000000000 ) ) ;
#3088 = ORIENTED_EDGE ( 'NONE', *, *, #2525, .T. ) ;
#3089 = CARTESIAN_POINT ( 'NONE',  ( 8.200000000000549960, -16.00000000000000000, -3.700000000000555289 ) ) ;
#3090 = EDGE_CURVE ( 'NONE', #8491, #1406, #4919, .T. ) ;
#3091 = DIRECTION ( 'NONE',  ( 0.000000000000000000, 0.000000000000000000, 1.000000000000000000 ) ) ;
#3092 = AXIS2_PLACEMENT_3D ( 'NONE', #9516, #9408, #2197 ) ;
#3093 = UNCERTAINTY_MEASURE_WITH_UNIT (LENGTH_MEASURE( 1.000000000000000082E-05 ), #9758, 'distance_accuracy_value', 'NONE');
#3094 = AXIS2_PLACEMENT_3D ( 'NONE', #6142, #400, #6944 ) ;
#3095 = VERTEX_POINT ( 'NONE', #8173 ) ;
#3096 = ORIENTED_EDGE ( 'NONE', *, *, #6463, .F. ) ;
#3097 = VERTEX_POINT ( 'NONE', #9132 ) ;
#3098 = CARTESIAN_POINT ( 'NONE',  ( 2.458500000000000352, 16.00000000000000000, -6.041500000000000092 ) ) ;
#3099 = CARTESIAN_POINT ( 'NONE',  ( -0.6607491694260458903, -18.45850000000005053, -141.0414999999999850 ) ) ;
#3100 = VERTEX_POINT ( 'NONE', #1802 ) ;
#3101 = DIRECTION ( 'NONE',  ( 0.000000000000000000, 0.000000000000000000, -1.000000000000000000 ) ) ;
#3102 = LINE ( 'NONE', #4763, #3535 ) ;
#3103 = AXIS2_PLACEMENT_3D ( 'NONE', #4440, #10155, #9353 ) ;
#3104 = EDGE_CURVE ( 'NONE', #3902, #2089, #9937, .T. ) ;
#3105 = PLANE ( 'NONE',  #2454 ) ;
#3106 = ORIENTED_EDGE ( 'NONE', *, *, #7797, .T. ) ;
#3107 = ORIENTED_EDGE ( 'NONE', *, *, #3178, .T. ) ;
#3108 = EDGE_LOOP ( 'NONE', ( #1600, #4780 ) ) ;
#3109 = DIRECTION ( 'NONE',  ( 0.000000000000000000, 0.000000000000000000, -1.000000000000000000 ) ) ;
#3110 = PLANE ( 'NONE',  #5370 ) ;
#3111 = ORIENTED_EDGE ( 'NONE', *, *, #1972, .F. ) ;
#3112 = DIRECTION ( 'NONE',  ( 0.000000000000000000, 1.000000000000000000, 0.000000000000000000 ) ) ;
#3113 = AXIS2_PLACEMENT_3D ( 'NONE', #7420, #91, #8280 ) ;
#3114 = ORIENTED_EDGE ( 'NONE', *, *, #6725, .F. ) ;
#3115 = CIRCLE ( 'NONE', #10461, 3.400000000000000355 ) ;
#3116 = DIRECTION ( 'NONE',  ( 0.000000000000000000, 0.000000000000000000, 1.000000000000000000 ) ) ;
#3117 =( BOUNDED_CURVE ( )  B_SPLINE_CURVE ( 3, ( #4441, #3634, #10095, #2725 ),
 .UNSPECIFIED., .F., .F. ) 
 B_SPLINE_CURVE_WITH_KNOTS ( ( 4, 4 ),
 ( 4.712388980384689674, 6.283185307179590673 ),
 .UNSPECIFIED. ) 
 CURVE ( )  GEOMETRIC_REPRESENTATION_ITEM ( )  RATIONAL_B_SPLINE_CURVE ( ( 1.000000000000000000, 0.8047378541243649375, 0.8047378541243649375, 1.000000000000000000 ) ) 
 REPRESENTATION_ITEM ( '' )  );
#3118 = DIRECTION ( 'NONE',  ( 1.000000000000000000, 0.000000000000000000, 0.000000000000000000 ) ) ;
#3119 = EDGE_CURVE ( 'NONE', #3331, #9364, #7270, .T. ) ;
#3120 = DIRECTION ( 'NONE',  ( 0.000000000000000000, 1.000000000000000000, 0.000000000000000000 ) ) ;
#3121 = VECTOR ( 'NONE', #3400, 1000.000000000000000 ) ;
#3122 = EDGE_CURVE ( 'NONE', #5051, #7566, #841, .T. ) ;
#3123 = CARTESIAN_POINT ( 'NONE',  ( 9.354658774817183442, 25.05006180073227640, -151.9594681169160992 ) ) ;
#3124 = VERTEX_POINT ( 'NONE', #2395 ) ;
#3125 = ORIENTED_EDGE ( 'NONE', *, *, #9048, .T. ) ;
#3126 = VERTEX_POINT ( 'NONE', #8919 ) ;
#3127 = EDGE_CURVE ( 'NONE', #6588, #6856, #1589, .T. ) ;
#3128 = CIRCLE ( 'NONE', #8416, 2.458500000000000352 ) ;
#3129 = CARTESIAN_POINT ( 'NONE',  ( 9.500000000000000000, 26.86602540378400050, -150.0000000000000000 ) ) ;
#3130 = FACE_OUTER_BOUND ( 'NONE', #9211, .T. ) ;
#3131 = EDGE_CURVE ( 'NONE', #5811, #8340, #4809, .T. ) ;
#3132 = VERTEX_POINT ( 'NONE', #3252 ) ;
#3133 = CARTESIAN_POINT ( 'NONE',  ( 1.738422021547135099, -17.73842202154714798, -6.761577978452860016 ) ) ;
#3134 = DIRECTION ( 'NONE',  ( -0.5000000000002420286, 0.8660254037842989305, 0.000000000000000000 ) ) ;
#3135 = CIRCLE ( 'NONE', #9763, 3.999999999998705036 ) ;
#3136 = CARTESIAN_POINT ( 'NONE',  ( 6.850000000000000533, 33.20000000000000284, -152.0010000000000048 ) ) ;
#3137 = CARTESIAN_POINT ( 'NONE',  ( -2.458500000000006569, -16.66074916942605100, -10.95849999999999724 ) ) ;
#3138 = CARTESIAN_POINT ( 'NONE',  ( -6.500000000000000000, -25.13397459621599950, -150.0000000000000000 ) ) ;
#3139 = EDGE_CURVE ( 'NONE', #1723, #2701, #10410, .T. ) ;
#3140 = DIRECTION ( 'NONE',  ( 0.000000000000000000, 0.000000000000000000, 1.000000000000000000 ) ) ;
#3141 = VERTEX_POINT ( 'NONE', #398 ) ;
#3142 = EDGE_CURVE ( 'NONE', #9494, #5516, #186, .T. ) ;
#3143 = CARTESIAN_POINT ( 'NONE',  ( 10.00000000000000000, 1.224646799147351876E-15, 1.458499999999999908 ) ) ;
#3144 = FACE_OUTER_BOUND ( 'NONE', #3818, .T. ) ;
#3145 = ORIENTED_EDGE ( 'NONE', *, *, #5445, .F. ) ;
#3146 = CIRCLE ( 'NONE', #1255, 2.458500000000000352 ) ;
#3147 = DIRECTION ( 'NONE',  ( 0.000000000000000000, 0.000000000000000000, -1.000000000000000000 ) ) ;
#3148 = DIRECTION ( 'NONE',  ( 0.000000000000000000, 0.000000000000000000, -1.000000000000000000 ) ) ;
#3149 = EDGE_CURVE ( 'NONE', #2153, #3448, #8335, .T. ) ;
#3150 = CIRCLE ( 'NONE', #1945, 6.000000000000000000 ) ;
#3151 = VECTOR ( 'NONE', #4443, 1000.000000000000000 ) ;
#3152 = ORIENTED_EDGE ( 'NONE', *, *, #7651, .T. ) ;
#3153 = VERTEX_POINT ( 'NONE', #4425 ) ;
#3154 = CARTESIAN_POINT ( 'NONE',  ( -1.500000000000000000, 28.47151703059009975, -143.5000000000000000 ) ) ;
#3155 = PLANE ( 'NONE',  #5208 ) ;
#3156 = DIRECTION ( 'NONE',  ( -1.000000000000000000, 0.000000000000000000, 0.000000000000000000 ) ) ;
#3157 = DIRECTION ( 'NONE',  ( 1.000000000000000000, 0.000000000000000000, 0.000000000000000000 ) ) ;
#3158 = AXIS2_PLACEMENT_3D ( 'NONE', #842, #4268, #9883 ) ;
#3159 = LINE ( 'NONE', #6421, #8661 ) ;
#3160 = AXIS2_PLACEMENT_3D ( 'NONE', #2583, #9059, #714 ) ;
#3161 = CIRCLE ( 'NONE', #9128, 3.100000000000035172 ) ;
#3162 = AXIS2_PLACEMENT_3D ( 'NONE', #4570, #6279, #9477 ) ;
#3163 = DIRECTION ( 'NONE',  ( 0.000000000000000000, 0.000000000000000000, -1.000000000000000000 ) ) ;
#3164 = AXIS2_PLACEMENT_3D ( 'NONE', #4204, #6614, #8903 ) ;
#3165 = CIRCLE ( 'NONE', #4704, 6.000000000000000000 ) ;
#3166 = ORIENTED_EDGE ( 'NONE', *, *, #1116, .T. ) ;
#3167 = VERTEX_POINT ( 'NONE', #8434 ) ;
#3168 = ORIENTED_EDGE ( 'NONE', *, *, #6611, .T. ) ;
#3169 = ORIENTED_EDGE ( 'NONE', *, *, #2033, .F. ) ;
#3170 = CARTESIAN_POINT ( 'NONE',  ( 5.000000000000000000, 6.123233995736771213E-16, 30.00000000000000000 ) ) ;
#3171 = CARTESIAN_POINT ( 'NONE',  ( -8.015521883131919267, -26.00000000000000000, 0.000000000000000000 ) ) ;
#3172 = ORIENTED_EDGE ( 'NONE', *, *, #10345, .F. ) ;
#3173 = CARTESIAN_POINT ( 'NONE',  ( 0.000000000000000000, 0.000000000000000000, 9.599415897570182210 ) ) ;
#3174 = ORIENTED_EDGE ( 'NONE', *, *, #5242, .F. ) ;
#3175 = CIRCLE ( 'NONE', #4031, 4.283000000000000362 ) ;
#3176 = CARTESIAN_POINT ( 'NONE',  ( 0.000000000000000000, 16.00000000000000000, -0.7915000000000259606 ) ) ;
#3177 = CYLINDRICAL_SURFACE ( 'NONE', #9471, 5.000000000000000000 ) ;
#3178 = EDGE_CURVE ( 'NONE', #5635, #6908, #2819, .T. ) ;
#3179 = CARTESIAN_POINT ( 'NONE',  ( -8.000000000000000000, -24.26794919243099713, -150.0000000000000000 ) ) ;
#3180 = ORIENTED_EDGE ( 'NONE', *, *, #4854, .F. ) ;
#3181 = ORIENTED_EDGE ( 'NONE', *, *, #41, .T. ) ;
#3182 = EDGE_LOOP ( 'NONE', ( #8896, #4747 ) ) ;
#3183 = DIRECTION ( 'NONE',  ( 0.7071067811865570096, 0.000000000000000000, 0.7071067811865380248 ) ) ;
#3184 = CARTESIAN_POINT ( 'NONE',  ( -8.506220456186795786, -24.56008949211011938, -151.8845186654883719 ) ) ;
#3185 = VERTEX_POINT ( 'NONE', #292 ) ;
#3186 = CARTESIAN_POINT ( 'NONE',  ( 0.000000000000000000, 18.45850000000000080, -143.5000000000000000 ) ) ;
#3187 = CARTESIAN_POINT ( 'NONE',  ( 2.458499999999998575, 14.55984404309426772, -141.0414999999999850 ) ) ;
#3188 = CIRCLE ( 'NONE', #4216, 8.000000000000611067 ) ;
#3189 = CARTESIAN_POINT ( 'NONE',  ( -7.500000000000000000, 30.39999999999939817, -135.0000000000000000 ) ) ;
#3190 = CARTESIAN_POINT ( 'NONE',  ( 0.000000000000000000, 0.000000000000000000, 9.394203811574740826 ) ) ;
#3191 = DIRECTION ( 'NONE',  ( -1.000000000000000000, 0.000000000000000000, 0.000000000000000000 ) ) ;
#3192 = AXIS2_PLACEMENT_3D ( 'NONE', #983, #5108, #3390 ) ;
#3193 = LINE ( 'NONE', #4207, #9536 ) ;
#3194 = ORIENTED_EDGE ( 'NONE', *, *, #2471, .F. ) ;
#3195 = DIRECTION ( 'NONE',  ( 0.000000000000000000, 0.000000000000000000, 1.000000000000000000 ) ) ;
#3196 = ORIENTED_EDGE ( 'NONE', *, *, #7042, .T. ) ;
#3197 = CARTESIAN_POINT ( 'NONE',  ( 7.249999999999720224, 24.70096189432365108, -2.000000000000000000 ) ) ;
#3198 = CARTESIAN_POINT ( 'NONE',  ( 0.000000000000000000, 13.54149999999999920, -143.5000000000000000 ) ) ;
#3199 = VECTOR ( 'NONE', #9330, 1000.000000000000000 ) ;
#3200 = EDGE_CURVE ( 'NONE', #10245, #7163, #5304, .T. ) ;
#3201 = CARTESIAN_POINT ( 'NONE',  ( 7.587174287169925258, 24.50611308156239687, -151.9015776216734253 ) ) ;
#3202 = EDGE_CURVE ( 'NONE', #6556, #7566, #7885, .T. ) ;
#3203 = AXIS2_PLACEMENT_3D ( 'NONE', #7860, #1441, #3914 ) ;
#3204 = VERTEX_POINT ( 'NONE', #2018 ) ;
#3205 = ORIENTED_EDGE ( 'NONE', *, *, #314, .T. ) ;
#3206 = FACE_OUTER_BOUND ( 'NONE', #47, .T. ) ;
#3207 = CARTESIAN_POINT ( 'NONE',  ( -8.000000000000000000, -24.26794919243099713, -152.0000000000000000 ) ) ;
#3208 = CARTESIAN_POINT ( 'NONE',  ( -6.500000000000000000, -25.13397459621599950, -152.0000000000000000 ) ) ;
#3209 = CARTESIAN_POINT ( 'NONE',  ( -7.500000000000000000, 30.00000000000000000, -17.00000000000000000 ) ) ;
#3210 = EDGE_CURVE ( 'NONE', #7992, #939, #4989, .T. ) ;
#3211 = CARTESIAN_POINT ( 'NONE',  ( -7.917066908698582317, -27.68416936498135783, -151.9798273196420269 ) ) ;
#3212 = AXIS2_PLACEMENT_3D ( 'NONE', #2406, #3420, #4878 ) ;
#3213 = LINE ( 'NONE', #2400, #4717 ) ;
#3214 = ORIENTED_EDGE ( 'NONE', *, *, #6648, .F. ) ;
#3215 = ORIENTED_EDGE ( 'NONE', *, *, #131, .T. ) ;
#3216 = VERTEX_POINT ( 'NONE', #4267 ) ;
#3217 = CARTESIAN_POINT ( 'NONE',  ( 4.030983766875089636, 26.35136306023699859, -4.000000000000000000 ) ) ;
#3218 = CARTESIAN_POINT ( 'NONE',  ( -2.756766064641396508, -18.75676606464138629, -142.7799220215470370 ) ) ;
#3219 = VERTEX_POINT ( 'NONE', #9340 ) ;
#3220 = CARTESIAN_POINT ( 'NONE',  ( -6.500000000000000000, -25.13397459621599950, -2.000000000000000000 ) ) ;
#3221 = EDGE_CURVE ( 'NONE', #6269, #8576, #9726, .T. ) ;
#3222 = EDGE_CURVE ( 'NONE', #10348, #3604, #242, .T. ) ;
#3223 = CARTESIAN_POINT ( 'NONE',  ( 12.00000000000000000, 26.00000000000094857, -4.000000000000000000 ) ) ;
#3224 = DIRECTION ( 'NONE',  ( 0.000000000000000000, 0.000000000000000000, 1.000000000000000000 ) ) ;
#3225 = CARTESIAN_POINT ( 'NONE',  ( 8.992802338969092091, 24.84110322599995158, -151.8877686863323220 ) ) ;
#3226 = EDGE_LOOP ( 'NONE', ( #7722, #2872, #7801, #424, #9495, #8418, #9786 ) ) ;
#3227 = ORIENTED_EDGE ( 'NONE', *, *, #8888, .T. ) ;
#3228 = ORIENTED_EDGE ( 'NONE', *, *, #5307, .F. ) ;
#3229 = CARTESIAN_POINT ( 'NONE',  ( 0.000000000000000000, -16.00000000000000000, -12.49999999999396039 ) ) ;
#3230 = CARTESIAN_POINT ( 'NONE',  ( -9.235719096459712674, -24.98124455480211736, -151.9284523058655054 ) ) ;
#3231 = VERTEX_POINT ( 'NONE', #6883 ) ;
#3232 = DIRECTION ( 'NONE',  ( 1.000000000000000000, 0.000000000000000000, 0.000000000000000000 ) ) ;
#3233 = CARTESIAN_POINT ( 'NONE',  ( 8.000000000000000000, 26.00000000000000000, -2.000000000000000000 ) ) ;
#3234 = LINE ( 'NONE', #3286, #4520 ) ;
#3235 = DIRECTION ( 'NONE',  ( 0.000000000000000000, 0.000000000000000000, 1.000000000000000000 ) ) ;
#3236 = EDGE_CURVE ( 'NONE', #9902, #10046, #23, .T. ) ;
#3237 = CARTESIAN_POINT ( 'NONE',  ( -11.50000000000000000, -26.00000000000000000, -148.1000000000000227 ) ) ;
#3238 = PLANE ( 'NONE',  #5617 ) ;
#3239 = EDGE_LOOP ( 'NONE', ( #8653, #8753, #4139, #9630, #7868, #2071 ) ) ;
#3240 = LINE ( 'NONE', #7465, #3801 ) ;
#3241 = ORIENTED_EDGE ( 'NONE', *, *, #2161, .T. ) ;
#3242 = DIRECTION ( 'NONE',  ( -1.000000000000000000, 0.000000000000000000, 0.000000000000000000 ) ) ;
#3243 = CARTESIAN_POINT ( 'NONE',  ( 12.00000000000000000, 22.00000000000000000, -148.0000000000000000 ) ) ;
#3244 = VECTOR ( 'NONE', #2510, 1000.000000000000000 ) ;
#3245 = DIRECTION ( 'NONE',  ( 0.000000000000000000, 1.000000000000000000, 0.000000000000000000 ) ) ;
#3246 = EDGE_CURVE ( 'NONE', #10045, #6856, #1002, .T. ) ;
#3247 = EDGE_CURVE ( 'NONE', #1048, #10300, #2931, .T. ) ;
#3248 = ORIENTED_EDGE ( 'NONE', *, *, #2889, .T. ) ;
#3249 = FACE_BOUND ( 'NONE', #959, .T. ) ;
#3250 = ORIENTED_EDGE ( 'NONE', *, *, #858, .T. ) ;
#3251 = EDGE_CURVE ( 'NONE', #4669, #7101, #9084, .T. ) ;
#3252 = CARTESIAN_POINT ( 'NONE',  ( -2.000000000000000000, 0.000000000000000000, -152.0000000000000000 ) ) ;
#3253 = CARTESIAN_POINT ( 'NONE',  ( -12.00000000000000000, -16.00000000000000000, -141.0414999999999850 ) ) ;
#3254 = EDGE_CURVE ( 'NONE', #5505, #2049, #2660, .T. ) ;
#3255 = CARTESIAN_POINT ( 'NONE',  ( -8.200000000000549960, -16.00000000000000000, -8.500000000000000000 ) ) ;
#3256 = DIRECTION ( 'NONE',  ( 0.000000000000000000, 0.000000000000000000, -1.000000000000000000 ) ) ;
#3257 = DIRECTION ( 'NONE',  ( 1.000000000000000000, 0.000000000000000000, 0.000000000000000000 ) ) ;
#3258 = EDGE_CURVE ( 'NONE', #5246, #5104, #8492, .T. ) ;
#3259 = DIRECTION ( 'NONE',  ( 0.000000000000000000, 0.000000000000000000, -1.000000000000000000 ) ) ;
#3260 = VECTOR ( 'NONE', #10298, 1000.000000000000000 ) ;
#3261 = ORIENTED_EDGE ( 'NONE', *, *, #8487, .T. ) ;
#3262 = EDGE_LOOP ( 'NONE', ( #8846, #10285, #365, #7865, #9026, #3266 ) ) ;
#3263 = ORIENTED_EDGE ( 'NONE', *, *, #8101, .T. ) ;
#3264 = CARTESIAN_POINT ( 'NONE',  ( -8.000000000000000000, -26.00000000000000000, 0.000000000000000000 ) ) ;
#3265 = CARTESIAN_POINT ( 'NONE',  ( -1.000000000000000000, 30.00000000000000000, -135.0000000000000000 ) ) ;
#3266 = ORIENTED_EDGE ( 'NONE', *, *, #1353, .T. ) ;
#3267 = CARTESIAN_POINT ( 'NONE',  ( -4.352726514326100471, -30.00000000000000000, -4.000000000000000000 ) ) ;
#3268 = EDGE_CURVE ( 'NONE', #2105, #1960, #4475, .T. ) ;
#3269 = CONICAL_SURFACE ( 'NONE', #2410, 1.719999999999999307, 1.047197551202452059 ) ;
#3270 = CARTESIAN_POINT ( 'NONE',  ( 12.00000000000000000, 16.00000000000000000, -141.0414999999999850 ) ) ;
#3271 = CARTESIAN_POINT ( 'NONE',  ( -12.00000000000000000, 16.00000000000000000, -143.5000000000000000 ) ) ;
#3272 = ADVANCED_FACE ( 'NONE', ( #5979 ), #4299, .F. ) ;
#3273 = AXIS2_PLACEMENT_3D ( 'NONE', #2557, #4862, #5774 ) ;
#3274 = PLANE ( 'NONE',  #5319 ) ;
#3275 = EDGE_CURVE ( 'NONE', #4669, #10303, #10137, .T. ) ;
#3276 = ORIENTED_EDGE ( 'NONE', *, *, #768, .T. ) ;
#3277 = EDGE_LOOP ( 'NONE', ( #7314, #10229, #9149, #2842, #6586, #9067, #679 ) ) ;
#3278 = VERTEX_POINT ( 'NONE', #508 ) ;
#3279 = DIRECTION ( 'NONE',  ( 1.000000000000000000, 0.000000000000000000, 0.000000000000000000 ) ) ;
#3280 = VECTOR ( 'NONE', #2511, 1000.000000000000000 ) ;
#3281 = DIRECTION ( 'NONE',  ( 0.000000000000000000, 0.000000000000000000, 1.000000000000000000 ) ) ;
#3282 = ORIENTED_EDGE ( 'NONE', *, *, #1439, .F. ) ;
#3283 = LINE ( 'NONE', #5641, #4396 ) ;
#3284 = DIRECTION ( 'NONE',  ( 0.5000000000002383649, -0.8660254037843011510, 0.000000000000000000 ) ) ;
#3285 = CIRCLE ( 'NONE', #4657, 3.250000000000058620 ) ;
#3286 = CARTESIAN_POINT ( 'NONE',  ( 9.719999999999998863, 26.00000000000000000, 0.000000000000000000 ) ) ;
#3287 = CARTESIAN_POINT ( 'NONE',  ( 2.458500000000000352, -16.00000000000000000, -10.95849999999999902 ) ) ;
#3288 = CARTESIAN_POINT ( 'NONE',  ( 1.649999999999999911, 33.40000000000054570, -152.0010000000000048 ) ) ;
#3289 = ORIENTED_EDGE ( 'NONE', *, *, #2620, .T. ) ;
#3290 = CARTESIAN_POINT ( 'NONE',  ( -8.032999999999999474, 7.250000000000000000, -145.5000000000000000 ) ) ;
#3291 = ORIENTED_EDGE ( 'NONE', *, *, #757, .T. ) ;
#3292 = DIRECTION ( 'NONE',  ( 1.000000000000000000, 0.000000000000000000, 0.000000000000000000 ) ) ;
#3293 =( NAMED_UNIT ( * ) SI_UNIT ( $, .STERADIAN. ) SOLID_ANGLE_UNIT ( ) );
#3294 = ORIENTED_EDGE ( 'NONE', *, *, #7050, .F. ) ;
#3295 = DIRECTION ( 'NONE',  ( 0.000000000000000000, 0.000000000000000000, 1.000000000000000000 ) ) ;
#3296 = FACE_BOUND ( 'NONE', #689, .T. ) ;
#3297 = B_SPLINE_CURVE_WITH_KNOTS ( 'NONE', 3,
 ( #335, #3610, #6877, #9332, #1203, #7728 ),
 .UNSPECIFIED., .F., .F.,
 ( 4, 2, 4 ),
 ( 0.000000000000000000, 0.5000000000000000000, 1.000000000000000000 ),
 .UNSPECIFIED. ) ;
#3298 = ORIENTED_EDGE ( 'NONE', *, *, #3246, .F. ) ;
#3299 = AXIS2_PLACEMENT_3D ( 'NONE', #3435, #4249, #2793 ) ;
#3300 = DIRECTION ( 'NONE',  ( 0.000000000000000000, 0.000000000000000000, -1.000000000000000000 ) ) ;
#3301 = VERTEX_POINT ( 'NONE', #1264 ) ;
#3302 = CARTESIAN_POINT ( 'NONE',  ( -8.279878675054028747, -24.42953722081397672, -0.08442159818726684140 ) ) ;
#3303 = DIRECTION ( 'NONE',  ( -1.000000000000000000, -3.751159154633074911E-16, 0.000000000000000000 ) ) ;
#3304 = DIRECTION ( 'NONE',  ( -0.8660254037842997077, 0.5000000000002408074, 0.000000000000000000 ) ) ;
#3305 = FACE_OUTER_BOUND ( 'NONE', #7882, .T. ) ;
#3306 = DIRECTION ( 'NONE',  ( -1.000000000000000000, 0.000000000000000000, 0.000000000000000000 ) ) ;
#3307 = CIRCLE ( 'NONE', #1456, 3.499999999999999556 ) ;
#3308 = ADVANCED_FACE ( 'NONE', ( #619, #460, #7847 ), #10246, .T. ) ;
#3309 = AXIS2_PLACEMENT_3D ( 'NONE', #9356, #2943, #8610 ) ;
#3310 = FACE_OUTER_BOUND ( 'NONE', #1354, .T. ) ;
#3311 = EDGE_CURVE ( 'NONE', #10472, #4992, #579, .T. ) ;
#3312 = EDGE_CURVE ( 'NONE', #6116, #2544, #6348, .T. ) ;
#3313 = EDGE_LOOP ( 'NONE', ( #4424, #7822, #10369 ) ) ;
#3314 = VECTOR ( 'NONE', #6483, 999.9999999999998863 ) ;
#3315 = ORIENTED_EDGE ( 'NONE', *, *, #8691, .F. ) ;
#3316 = EDGE_LOOP ( 'NONE', ( #116, #3330 ) ) ;
#3317 = FACE_OUTER_BOUND ( 'NONE', #6710, .T. ) ;
#3318 = CARTESIAN_POINT ( 'NONE',  ( 12.00000000000000000, 26.00000000000094857, -135.0000000000000000 ) ) ;
#3319 = ORIENTED_EDGE ( 'NONE', *, *, #5997, .T. ) ;
#3320 = CARTESIAN_POINT ( 'NONE',  ( -8.000000000000000000, -27.73205080756900287, 0.000000000000000000 ) ) ;
#3321 = AXIS2_PLACEMENT_3D ( 'NONE', #10169, #2853, #6328 ) ;
#3322 = CYLINDRICAL_SURFACE ( 'NONE', #10304, 0.3999999999993869571 ) ;
#3323 = CIRCLE ( 'NONE', #6915, 13.99999999999321965 ) ;
#3324 = EDGE_CURVE ( 'NONE', #4275, #5010, #3899, .T. ) ;
#3325 = DIRECTION ( 'NONE',  ( -1.000000000000000000, 0.000000000000000000, 0.000000000000000000 ) ) ;
#3326 = EDGE_CURVE ( 'NONE', #6526, #1559, #7155, .T. ) ;
#3327 = EDGE_CURVE ( 'NONE', #647, #4206, #3038, .T. ) ;
#3328 = CARTESIAN_POINT ( 'NONE',  ( 0.000000000000000000, 0.000000000000000000, -121.0000000000000000 ) ) ;
#3329 = ORIENTED_EDGE ( 'NONE', *, *, #7159, .F. ) ;
#3330 = ORIENTED_EDGE ( 'NONE', *, *, #1971, .T. ) ;
#3331 = VERTEX_POINT ( 'NONE', #3086 ) ;
#3332 = PLANE ( 'NONE',  #9752 ) ;
#3333 = AXIS2_PLACEMENT_3D ( 'NONE', #4688, #7887, #9434 ) ;
#3334 = SURFACE_STYLE_FILL_AREA ( #3982 ) ;
#3335 = AXIS2_PLACEMENT_3D ( 'NONE', #5649, #10416, #3900 ) ;
#3336 = DIRECTION ( 'NONE',  ( 0.000000000000000000, 0.000000000000000000, 1.000000000000000000 ) ) ;
#3337 = ORIENTED_EDGE ( 'NONE', *, *, #6745, .F. ) ;
#3338 = DIRECTION ( 'NONE',  ( -0.8660254037855547038, 0.000000000000000000, -0.4999999999980669352 ) ) ;
#3339 = ADVANCED_FACE ( 'NONE', ( #7043 ), #8810, .F. ) ;
#3340 = CARTESIAN_POINT ( 'NONE',  ( 2.458500000000000352, 16.00000000000000000, -141.0414999999999850 ) ) ;
#3341 = PLANE ( 'NONE',  #9462 ) ;
#3342 = CARTESIAN_POINT ( 'NONE',  ( -8.000000000000000000, -24.26794919243099713, -150.0000000000000000 ) ) ;
#3343 = AXIS2_PLACEMENT_3D ( 'NONE', #4607, #9357, #3637 ) ;
#3344 = DIRECTION ( 'NONE',  ( 0.000000000000000000, 0.000000000000000000, -1.000000000000000000 ) ) ;
#3345 = CARTESIAN_POINT ( 'NONE',  ( -6.500000000000002665, -25.44250495415517221, -0.07210002409137838963 ) ) ;
#3346 = VERTEX_POINT ( 'NONE', #2123 ) ;
#3347 = CARTESIAN_POINT ( 'NONE',  ( 0.000000000000000000, -30.00000000000000000, -143.5000000000000000 ) ) ;
#3348 = ORIENTED_EDGE ( 'NONE', *, *, #4347, .T. ) ;
#3349 = LINE ( 'NONE', #8967, #6707 ) ;
#3350 = EDGE_CURVE ( 'NONE', #3124, #5085, #4646, .T. ) ;
#3351 = CARTESIAN_POINT ( 'NONE',  ( 8.000000000000310862, 26.00000000000000000, -148.0000000000000000 ) ) ;
#3352 = CARTESIAN_POINT ( 'NONE',  ( 7.735591420298366216, 24.42045818851354611, -151.9284522877269978 ) ) ;
#3353 = VECTOR ( 'NONE', #3503, 1000.000000000000000 ) ;
#3354 = VERTEX_POINT ( 'NONE', #3143 ) ;
#3355 = VECTOR ( 'NONE', #3744, 1000.000000000000000 ) ;
#3356 = FACE_BOUND ( 'NONE', #5558, .T. ) ;
#3357 = ORIENTED_EDGE ( 'NONE', *, *, #4347, .F. ) ;
#3358 = CARTESIAN_POINT ( 'NONE',  ( -11.79999999999944116, -16.00000000000000000, -8.500000000000000000 ) ) ;
#3359 = DIRECTION ( 'NONE',  ( 0.8660254037842978203, -0.5000000000002440270, 0.000000000000000000 ) ) ;
#3360 = VECTOR ( 'NONE', #6548, 1000.000000000000000 ) ;
#3361 = FACE_OUTER_BOUND ( 'NONE', #7918, .T. ) ;
#3362 = CARTESIAN_POINT ( 'NONE',  ( 8.000000000000000000, 26.00000000000000000, -4.000000000000000000 ) ) ;
#3363 = DIRECTION ( 'NONE',  ( 0.8660254037843069241, 0.5000000000002280398, 0.000000000000000000 ) ) ;
#3364 = EDGE_CURVE ( 'NONE', #9372, #2730, #10097, .T. ) ;
#3365 = LINE ( 'NONE', #5829, #9827 ) ;
#3366 = AXIS2_PLACEMENT_3D ( 'NONE', #9139, #5082, #6681 ) ;
#3367 = ORIENTED_EDGE ( 'NONE', *, *, #4776, .F. ) ;
#3368 = ORIENTED_EDGE ( 'NONE', *, *, #8934, .F. ) ;
#3369 = ORIENTED_EDGE ( 'NONE', *, *, #1961, .T. ) ;
#3370 = CARTESIAN_POINT ( 'NONE',  ( 0.000000000000000000, 16.00000000000000000, -121.0000000000000000 ) ) ;
#3371 = DIRECTION ( 'NONE',  ( 1.000000000000000000, 0.000000000000000000, 0.000000000000000000 ) ) ;
#3372 = ORIENTED_EDGE ( 'NONE', *, *, #6255, .T. ) ;
#3373 = LINE ( 'NONE', #9199, #4936 ) ;
#3374 = AXIS2_PLACEMENT_3D ( 'NONE', #6992, #7158, #1480 ) ;
#3375 = CARTESIAN_POINT ( 'NONE',  ( 0.000000000000000000, 16.00000000000000000, -0.7915000000000259606 ) ) ;
#3376 = CARTESIAN_POINT ( 'NONE',  ( 6.850000000000000533, 34.60000000000059828, -135.0000000000000000 ) ) ;
#3377 = FACE_OUTER_BOUND ( 'NONE', #9130, .T. ) ;
#3378 = ORIENTED_EDGE ( 'NONE', *, *, #7197, .T. ) ;
#3379 = ORIENTED_EDGE ( 'NONE', *, *, #7961, .F. ) ;
#3380 = ORIENTED_EDGE ( 'NONE', *, *, #7515, .T. ) ;
#3381 = DIRECTION ( 'NONE',  ( 0.000000000000000000, 0.000000000000000000, -1.000000000000000000 ) ) ;
#3383 = EDGE_CURVE ( 'NONE', #6017, #10061, #7213, .T. ) ;
#3382 = CARTESIAN_POINT ( 'NONE',  ( 11.09999999999999964, 26.00000000000000000, -152.0000000000000000 ) ) ;
#3384 = ADVANCED_FACE ( 'NONE', ( #2181 ), #2279, .F. ) ;
#3385 = CARTESIAN_POINT ( 'NONE',  ( -7.500000000000000000, 33.20000000000000284, -17.00000000000000000 ) ) ;
#3386 = ORIENTED_EDGE ( 'NONE', *, *, #5626, .T. ) ;
#3387 = ADVANCED_FACE ( 'NONE', ( #8593 ), #4538, .T. ) ;
#3388 = FACE_OUTER_BOUND ( 'NONE', #6176, .T. ) ;
#3389 = DIRECTION ( 'NONE',  ( 0.000000000000000000, 0.000000000000000000, 1.000000000000000000 ) ) ;
#3390 = DIRECTION ( 'NONE',  ( 1.000000000000000000, 0.000000000000000000, 0.000000000000000000 ) ) ;
#3391 = CARTESIAN_POINT ( 'NONE',  ( 1.958499999993984941, -16.00000000000000000, -13.00000000000000000 ) ) ;
#3392 = EDGE_CURVE ( 'NONE', #2418, #10449, #2260, .T. ) ;
#3393 = ORIENTED_EDGE ( 'NONE', *, *, #3127, .T. ) ;
#3394 = CIRCLE ( 'NONE', #9195, 0.2000000000005539014 ) ;
#3395 = LINE ( 'NONE', #7463, #10223 ) ;
#3396 = ORIENTED_EDGE ( 'NONE', *, *, #4051, .T. ) ;
#3397 = DIRECTION ( 'NONE',  ( 0.000000000000000000, -1.000000000000000000, 0.000000000000000000 ) ) ;
#3398 = ITEM_DEFINED_TRANSFORMATION ( 'NONE', 'NONE', #4019,  #6751 ) ;
#3399 = ORIENTED_EDGE ( 'NONE', *, *, #3017, .F. ) ;
#3400 = DIRECTION ( 'NONE',  ( -1.000000000000000000, 0.000000000000000000, 0.000000000000000000 ) ) ;
#3401 = ADVANCED_FACE ( 'NONE', ( #1320 ), #6298, .F. ) ;
#3402 = CARTESIAN_POINT ( 'NONE',  ( 6.500000000000000000, 26.00000000000000000, -151.8729829407770069 ) ) ;
#3403 = UNCERTAINTY_MEASURE_WITH_UNIT (LENGTH_MEASURE( 1.000000000000000082E-05 ), #5741, 'distance_accuracy_value', 'NONE');
#3404 = DIRECTION ( 'NONE',  ( 1.000000000000000000, 0.000000000000000000, 0.000000000000000000 ) ) ;
#3405 = CIRCLE ( 'NONE', #5802, 6.000000000000000000 ) ;
#3406 = EDGE_CURVE ( 'NONE', #9995, #5382, #9251, .T. ) ;
#3407 = EDGE_CURVE ( 'NONE', #7744, #5336, #541, .T. ) ;
#3408 = LINE ( 'NONE', #1696, #4947 ) ;
#3409 = VERTEX_POINT ( 'NONE', #7406 ) ;
#3410 = EDGE_CURVE ( 'NONE', #880, #8675, #4309, .T. ) ;
#3411 = CARTESIAN_POINT ( 'NONE',  ( -2.458500000000000352, -16.00000000000000000, -6.041500000000000092 ) ) ;
#3412 = CYLINDRICAL_SURFACE ( 'NONE', #3158, 5.000000000000000888 ) ;
#3413 = DIRECTION ( 'NONE',  ( 1.000000000000000000, 0.000000000000000000, 0.000000000000000000 ) ) ;
#3414 = CARTESIAN_POINT ( 'NONE',  ( -6.500113682142081295, -25.85791657647828856, -151.8758548956637071 ) ) ;
#3415 = DIRECTION ( 'NONE',  ( 0.8660254037842997077, -0.5000000000002408074, 0.000000000000000000 ) ) ;
#3416 = PRODUCT ( '161267 DZF-32-80-A-P-A---(ZR)_features.STEP', '161267 DZF-32-80-A-P-A---(ZR)_features.STEP', '', ( #780 ) ) ;
#3417 = ORIENTED_EDGE ( 'NONE', *, *, #1513, .T. ) ;
#3418 = ORIENTED_EDGE ( 'NONE', *, *, #4004, .F. ) ;
#3419 = ORIENTED_EDGE ( 'NONE', *, *, #7124, .T. ) ;
#3420 = DIRECTION ( 'NONE',  ( 1.000000000000000000, 0.000000000000000000, 0.000000000000000000 ) ) ;
#3421 = DIRECTION ( 'NONE',  ( -1.000000000000000000, 0.000000000000000000, 0.000000000000000000 ) ) ;
#3422 = ORIENTED_EDGE ( 'NONE', *, *, #3560, .F. ) ;
#3423 = DIRECTION ( 'NONE',  ( -1.000000000000000000, 0.000000000000000000, 0.000000000000000000 ) ) ;
#3424 = CARTESIAN_POINT ( 'NONE',  ( -0.5329999999999890381, -7.250000000000000000, -150.6715170305899960 ) ) ;
#3425 = DIRECTION ( 'NONE',  ( 0.000000000000000000, 0.000000000000000000, 1.000000000000000000 ) ) ;
#3426 = CONICAL_SURFACE ( 'NONE', #14, 2.458500000000000352, 0.7853981633974503884 ) ;
#3427 = CARTESIAN_POINT ( 'NONE',  ( -2.458500000000000352, -16.00000000000000000, -121.0000000000000000 ) ) ;
#3428 = VERTEX_POINT ( 'NONE', #9018 ) ;
#3429 = ORIENTED_EDGE ( 'NONE', *, *, #640, .F. ) ;
#3430 = ORIENTED_EDGE ( 'NONE', *, *, #3247, .T. ) ;
#3431 = CARTESIAN_POINT ( 'NONE',  ( -8.000000000000000000, -26.00000000000000000, -152.0000000000000000 ) ) ;
#3432 = CIRCLE ( 'NONE', #2925, 6.000000000000000000 ) ;
#3433 = CARTESIAN_POINT ( 'NONE',  ( 9.500175876098206018, 25.53922490641585696, -151.9127956657503375 ) ) ;
#3434 = ORIENTED_EDGE ( 'NONE', *, *, #8480, .F. ) ;
#3435 = CARTESIAN_POINT ( 'NONE',  ( 8.200000000000549960, -16.00000000000000000, -13.29999999999944116 ) ) ;
#3436 = CARTESIAN_POINT ( 'NONE',  ( -11.50000000000000000, -26.00000000000000000, -0.3999999999999810374 ) ) ;
#3437 = CARTESIAN_POINT ( 'NONE',  ( -9.500000000000000000, -25.13397459621599950, -2.000000000000000000 ) ) ;
#3438 = DIRECTION ( 'NONE',  ( 0.000000000000000000, 0.000000000000000000, 1.000000000000000000 ) ) ;
#3439 = EDGE_CURVE ( 'NONE', #531, #9007, #1911, .T. ) ;
#3440 = EDGE_CURVE ( 'NONE', #1559, #9601, #940, .T. ) ;
#3441 = VECTOR ( 'NONE', #6100, 1000.000000000000000 ) ;
#3442 = ORIENTED_EDGE ( 'NONE', *, *, #7662, .F. ) ;
#3443 = VERTEX_POINT ( 'NONE', #9816 ) ;
#3444 = ADVANCED_FACE ( 'NONE', ( #2434 ), #20, .F. ) ;
#3445 = CARTESIAN_POINT ( 'NONE',  ( -1.738422021547135099, -17.73842202154714798, -6.761577978452860016 ) ) ;
#3446 = ORIENTED_EDGE ( 'NONE', *, *, #3178, .F. ) ;
#3447 = FACE_OUTER_BOUND ( 'NONE', #4768, .T. ) ;
#3448 = VERTEX_POINT ( 'NONE', #779 ) ;
#3449 = DIRECTION ( 'NONE',  ( 1.000000000000000000, 0.000000000000000000, 0.000000000000000000 ) ) ;
#3450 = AXIS2_PLACEMENT_3D ( 'NONE', #6728, #1050, #5124 ) ;
#3451 = FACE_OUTER_BOUND ( 'NONE', #6793, .T. ) ;
#3452 = AXIS2_PLACEMENT_3D ( 'NONE', #10585, #3256, #8873 ) ;
#3453 = CARTESIAN_POINT ( 'NONE',  ( -8.000000000000000000, -26.00000000000000000, -150.0000000000000000 ) ) ;
#3454 = CARTESIAN_POINT ( 'NONE',  ( -1.440155956905744050, 18.45850000000001145, -144.9401559569055848 ) ) ;
#3455 =( BOUNDED_CURVE ( )  B_SPLINE_CURVE ( 3, ( #5473, #6920, #9578, #3762 ),
 .UNSPECIFIED., .F., .F. ) 
 B_SPLINE_CURVE_WITH_KNOTS ( ( 4, 4 ),
 ( 3.141592653589795336, 4.712388980384689674 ),
 .UNSPECIFIED. ) 
 CURVE ( )  GEOMETRIC_REPRESENTATION_ITEM ( )  RATIONAL_B_SPLINE_CURVE ( ( 1.000000000000000000, 0.8047378541243649375, 0.8047378541243649375, 1.000000000000000000 ) ) 
 REPRESENTATION_ITEM ( '' )  );
#3456 = EDGE_CURVE ( 'NONE', #6173, #8340, #3240, .T. ) ;
#3457 = EDGE_CURVE ( 'NONE', #9606, #10329, #1403, .T. ) ;
#3458 = VECTOR ( 'NONE', #6230, 1000.000000000000000 ) ;
#3459 = DIRECTION ( 'NONE',  ( 1.000000000000000000, 0.000000000000000000, 0.000000000000000000 ) ) ;
#3460 = ORIENTED_EDGE ( 'NONE', *, *, #8807, .F. ) ;
#3461 = DIRECTION ( 'NONE',  ( 0.000000000000000000, 0.000000000000000000, 1.000000000000000000 ) ) ;
#3462 = CARTESIAN_POINT ( 'NONE',  ( 7.720121324945820263, 27.57046277918592736, -0.08442159818732350440 ) ) ;
#3463 = CARTESIAN_POINT ( 'NONE',  ( -11.79999999999944116, -16.00000000000000000, -8.500000000000000000 ) ) ;
#3464 = CARTESIAN_POINT ( 'NONE',  ( -12.00000000000000000, -22.00000000000000000, -152.0000000000000000 ) ) ;
#3465 = VECTOR ( 'NONE', #1931, 1000.000000000000000 ) ;
#3466 = DIRECTION ( 'NONE',  ( 0.000000000000000000, 0.000000000000000000, 1.000000000000000000 ) ) ;
#3467 = EDGE_CURVE ( 'NONE', #3231, #2817, #1570, .T. ) ;
#3468 = AXIS2_PLACEMENT_3D ( 'NONE', #7168, #3959, #3000 ) ;
#3469 = VERTEX_POINT ( 'NONE', #4209 ) ;
#3470 = ORIENTED_EDGE ( 'NONE', *, *, #6838, .F. ) ;
#3471 = ORIENTED_EDGE ( 'NONE', *, *, #7501, .T. ) ;
#3472 = DIRECTION ( 'NONE',  ( 0.000000000000000000, 0.000000000000000000, 1.000000000000000000 ) ) ;
#3473 = DIRECTION ( 'NONE',  ( 1.000000000000000000, 0.000000000000000000, 0.000000000000000000 ) ) ;
#3474 = ORIENTED_EDGE ( 'NONE', *, *, #9636, .F. ) ;
#3475 = DIRECTION ( 'NONE',  ( 0.000000000000000000, 1.000000000000000000, 0.000000000000000000 ) ) ;
#3476 = DIRECTION ( 'NONE',  ( -0.7071067811864980568, 0.000000000000000000, -0.7071067811865969777 ) ) ;
#3477 = AXIS2_PLACEMENT_3D ( 'NONE', #5642, #4786, #8852 ) ;
#3478 = CYLINDRICAL_SURFACE ( 'NONE', #570, 2.458500000000000352 ) ;
#3479 = FACE_OUTER_BOUND ( 'NONE', #5906, .T. ) ;
#3480 = VECTOR ( 'NONE', #8392, 1000.000000000000000 ) ;
#3481 = CIRCLE ( 'NONE', #10133, 2.458500000000000796 ) ;
#3482 = CARTESIAN_POINT ( 'NONE',  ( 0.000000000000000000, 0.000000000000000000, 29.23299999999999699 ) ) ;
#3483 = ORIENTED_EDGE ( 'NONE', *, *, #308, .F. ) ;
#3484 = VERTEX_POINT ( 'NONE', #4907 ) ;
#3485 = ORIENTED_EDGE ( 'NONE', *, *, #2869, .F. ) ;
#3486 = CARTESIAN_POINT ( 'NONE',  ( -0.4999999999993789968, -25.50000000000000000, -121.0000000000000000 ) ) ;
#3487 = CYLINDRICAL_SURFACE ( 'NONE', #7053, 5.000000000000000000 ) ;
#3488 = VERTEX_POINT ( 'NONE', #2495 ) ;
#3489 = AXIS2_PLACEMENT_3D ( 'NONE', #7152, #6183, #10296 ) ;
#3490 = CIRCLE ( 'NONE', #8445, 3.499999999999999556 ) ;
#3491 = DIRECTION ( 'NONE',  ( 0.000000000000000000, 0.000000000000000000, -1.000000000000000000 ) ) ;
#3492 = DIRECTION ( 'NONE',  ( 0.000000000000000000, -1.000000000000000000, 0.000000000000000000 ) ) ;
#3493 = CARTESIAN_POINT ( 'NONE',  ( 7.249999999999710454, 27.29903810567634892, -150.0000000000000000 ) ) ;
#3494 = EDGE_CURVE ( 'NONE', #6650, #1947, #8859, .T. ) ;
#3495 = CYLINDRICAL_SURFACE ( 'NONE', #586, 4.283000000000000362 ) ;
#3496 = CIRCLE ( 'NONE', #5386, 4.000000000000305533 ) ;
#3497 = AXIS2_PLACEMENT_3D ( 'NONE', #1925, #1071, #208 ) ;
#3498 = CIRCLE ( 'NONE', #246, 2.458500000000000352 ) ;
#3499 = AXIS2_PLACEMENT_3D ( 'NONE', #2387, #7103, #1423 ) ;
#3500 = ORIENTED_EDGE ( 'NONE', *, *, #9237, .T. ) ;
#3501 = CARTESIAN_POINT ( 'NONE',  ( -1.440155956905744050, 18.45850000000001145, -7.059844043094253507 ) ) ;
#3502 = EDGE_LOOP ( 'NONE', ( #2025, #4208, #7967 ) ) ;
#3503 = DIRECTION ( 'NONE',  ( 0.000000000000000000, 0.000000000000000000, 1.000000000000000000 ) ) ;
#3504 = ORIENTED_EDGE ( 'NONE', *, *, #5997, .F. ) ;
#3505 = CARTESIAN_POINT ( 'NONE',  ( -12.00000000000000000, 16.00000000000000000, -6.041500000000000092 ) ) ;
#3506 = DIRECTION ( 'NONE',  ( 0.000000000000000000, 0.000000000000000000, 1.000000000000000000 ) ) ;
#3507 = AXIS2_PLACEMENT_3D ( 'NONE', #6523, #9777, #96 ) ;
#3508 = DIRECTION ( 'NONE',  ( 0.000000000000000000, 0.000000000000000000, -1.000000000000000000 ) ) ;
#3509 = CARTESIAN_POINT ( 'NONE',  ( -4.003462351063425295, 4.377391625423355137, 7.868853943432929654 ) ) ;
#3510 = EDGE_CURVE ( 'NONE', #1341, #2730, #4794, .T. ) ;
#3511 = CARTESIAN_POINT ( 'NONE',  ( -8.000000000000000000, -26.00000000000000000, -148.1000000000000227 ) ) ;
#3512 = ORIENTED_EDGE ( 'NONE', *, *, #7913, .F. ) ;
#3513 = DIRECTION ( 'NONE',  ( 1.000000000000000000, 0.000000000000000000, 0.000000000000000000 ) ) ;
#3514 = CYLINDRICAL_SURFACE ( 'NONE', #5219, 0.2000000000005539014 ) ;
#3515 = CARTESIAN_POINT ( 'NONE',  ( 3.971223470242095654, -4.497708766627555477, 7.799999999999999822 ) ) ;
#3516 = CARTESIAN_POINT ( 'NONE',  ( -4.352726514326100471, -30.00000000000000000, -152.0000000000000000 ) ) ;
#3517 = EDGE_CURVE ( 'NONE', #5201, #2908, #3285, .T. ) ;
#3518 = DIRECTION ( 'NONE',  ( -0.8660254037842985975, 0.5000000000002426948, 0.000000000000000000 ) ) ;
#3519 =( BOUNDED_CURVE ( )  B_SPLINE_CURVE ( 3, ( #2600, #3454, #391, #8485 ),
 .UNSPECIFIED., .F., .F. ) 
 B_SPLINE_CURVE_WITH_KNOTS ( ( 4, 4 ),
 ( 1.570796326794895004, 3.141592653589795336 ),
 .UNSPECIFIED. ) 
 CURVE ( )  GEOMETRIC_REPRESENTATION_ITEM ( )  RATIONAL_B_SPLINE_CURVE ( ( 1.000000000000000000, 0.8047378541243649375, 0.8047378541243649375, 1.000000000000000000 ) ) 
 REPRESENTATION_ITEM ( '' )  );
#3520 = VECTOR ( 'NONE', #6287, 1000.000000000000000 ) ;
#3521 = CONICAL_SURFACE ( 'NONE', #10199, 3.499999999999999556, 0.7853981633974306265 ) ;
#3522 = AXIS2_PLACEMENT_3D ( 'NONE', #9225, #1898, #6076 ) ;
#3523 = ORIENTED_EDGE ( 'NONE', *, *, #176, .T. ) ;
#3524 = ADVANCED_FACE ( 'NONE', ( #1528 ), #9757, .F. ) ;
#3525 = ORIENTED_EDGE ( 'NONE', *, *, #4676, .T. ) ;
#3526 = VERTEX_POINT ( 'NONE', #4157 ) ;
#3527 = CARTESIAN_POINT ( 'NONE',  ( 12.00000000000000000, -16.00000000000000000, -8.500000000000000000 ) ) ;
#3528 = FACE_OUTER_BOUND ( 'NONE', #979, .T. ) ;
#3529 = VECTOR ( 'NONE', #6984, 1000.000000000000114 ) ;
#3530 = ORIENTED_EDGE ( 'NONE', *, *, #6014, .T. ) ;
#3531 = CARTESIAN_POINT ( 'NONE',  ( 11.50000000000000000, 26.00000000000000000, -0.3999999999999810374 ) ) ;
#3532 = DIRECTION ( 'NONE',  ( 1.000000000000000000, 0.000000000000000000, 0.000000000000000000 ) ) ;
#3533 = DIRECTION ( 'NONE',  ( 1.000000000000000000, 0.000000000000000000, 0.000000000000000000 ) ) ;
#3534 = LINE ( 'NONE', #2726, #4858 ) ;
#3535 = VECTOR ( 'NONE', #2143, 999.9999999999998863 ) ;
#3536 = DIRECTION ( 'NONE',  ( 1.000000000000000000, 0.000000000000000000, 0.000000000000000000 ) ) ;
#3537 = EDGE_CURVE ( 'NONE', #4056, #7353, #27, .T. ) ;
#3538 = CARTESIAN_POINT ( 'NONE',  ( -8.000000000000000000, -26.00000000000000000, 0.000000000000000000 ) ) ;
#3539 = ADVANCED_FACE ( 'NONE', ( #9869 ), #10102, .F. ) ;
#3540 = VERTEX_POINT ( 'NONE', #6456 ) ;
#3541 = ORIENTED_EDGE ( 'NONE', *, *, #3510, .T. ) ;
#3542 = EDGE_LOOP ( 'NONE', ( #671, #1793, #10205, #7214 ) ) ;
#3543 = FACE_OUTER_BOUND ( 'NONE', #2463, .T. ) ;
#3544 = VECTOR ( 'NONE', #624, 1000.000000000000000 ) ;
#3545 = CARTESIAN_POINT ( 'NONE',  ( 9.499969078301726100, 26.35489830449682103, -151.8968182586535818 ) ) ;
#3546 = ADVANCED_FACE ( 'NONE', ( #2545 ), #8907, .T. ) ;
#3547 = ORIENTED_EDGE ( 'NONE', *, *, #9463, .T. ) ;
#3548 = FACE_OUTER_BOUND ( 'NONE', #3023, .T. ) ;
#3549 = CARTESIAN_POINT ( 'NONE',  ( -4.030983766875089636, -26.35136306023699859, 0.000000000000000000 ) ) ;
#3550 = DIRECTION ( 'NONE',  ( -1.000000000000000000, 0.000000000000000000, 0.000000000000000000 ) ) ;
#3551 = VECTOR ( 'NONE', #10575, 1000.000000000000000 ) ;
#3552 = DIRECTION ( 'NONE',  ( 1.000000000000000000, 0.000000000000000000, 0.000000000000000000 ) ) ;
#3553 = ORIENTED_EDGE ( 'NONE', *, *, #2344, .F. ) ;
#3554 = EDGE_LOOP ( 'NONE', ( #10486, #8782, #10147, #7844 ) ) ;
#3555 = PLANE ( 'NONE',  #9368 ) ;
#3556 = CYLINDRICAL_SURFACE ( 'NONE', #786, 2.458500000000000352 ) ;
#3557 = ORIENTED_EDGE ( 'NONE', *, *, #4368, .T. ) ;
#3558 = DIRECTION ( 'NONE',  ( 1.000000000000000000, 0.000000000000000000, 0.000000000000000000 ) ) ;
#3559 = CARTESIAN_POINT ( 'NONE',  ( -8.000000000000000000, -26.00000000000000000, -148.0000000000000000 ) ) ;
#3560 = EDGE_CURVE ( 'NONE', #9815, #9448, #5812, .T. ) ;
#3561 = DIRECTION ( 'NONE',  ( 0.08784076505916550703, 0.9961345290641321348, 0.000000000000000000 ) ) ;
#3562 = CARTESIAN_POINT ( 'NONE',  ( -2.458500000000000352, -16.00000000000000000, -10.95849999999999902 ) ) ;
#3563 = CARTESIAN_POINT ( 'NONE',  ( 8.000000000000000000, 27.73205080756900287, -150.0000000000000000 ) ) ;
#3564 = AXIS2_PLACEMENT_3D ( 'NONE', #5675, #9733, #4131 ) ;
#3565 = CARTESIAN_POINT ( 'NONE',  ( -2.458500000000000352, -16.00000000000000000, -151.2084999999999866 ) ) ;
#3566 = EDGE_LOOP ( 'NONE', ( #3044, #366, #9683, #4591, #1827, #3873, #8728, #9089 ) ) ;
#3567 = DIRECTION ( 'NONE',  ( -1.000000000000000000, 0.000000000000000000, 0.000000000000000000 ) ) ;
#3568 = CARTESIAN_POINT ( 'NONE',  ( -7.492767122776872846, -24.56075958477405052, -151.8877686763512145 ) ) ;
#3569 = CARTESIAN_POINT ( 'NONE',  ( 4.500000000000000000, 26.00000000000000000, -4.000000000000000000 ) ) ;
#3570 = CARTESIAN_POINT ( 'NONE',  ( -6.500007680097620089, -25.60917945477232038, -151.9018344238335771 ) ) ;
#3571 = FACE_OUTER_BOUND ( 'NONE', #5403, .T. ) ;
#3572 = ADVANCED_FACE ( 'NONE', ( #3447 ), #2700, .F. ) ;
#3573 = VECTOR ( 'NONE', #5819, 1000.000000000000000 ) ;
#3574 = EDGE_CURVE ( 'NONE', #140, #7416, #8422, .T. ) ;
#3575 = EDGE_CURVE ( 'NONE', #6638, #4574, #5971, .T. ) ;
#3576 = EDGE_CURVE ( 'NONE', #7606, #1995, #10179, .T. ) ;
#3577 = ORIENTED_EDGE ( 'NONE', *, *, #7974, .F. ) ;
#3578 = ORIENTED_EDGE ( 'NONE', *, *, #10112, .F. ) ;
#3579 = DIRECTION ( 'NONE',  ( 0.000000000000000000, 0.000000000000000000, -1.000000000000000000 ) ) ;
#3580 = PLANE ( 'NONE',  #6737 ) ;
#3581 = EDGE_CURVE ( 'NONE', #1239, #7831, #5065, .T. ) ;
#3582 = ORIENTED_EDGE ( 'NONE', *, *, #10290, .T. ) ;
#3583 = DIRECTION ( 'NONE',  ( 0.000000000000000000, 0.000000000000000000, 1.000000000000000000 ) ) ;
#3584 = CARTESIAN_POINT ( 'NONE',  ( 6.499854939764460049, 25.64733125799316582, -151.8964522820627963 ) ) ;
#3585 = DIRECTION ( 'NONE',  ( 1.000000000000000000, 0.000000000000000000, 0.000000000000000000 ) ) ;
#3586 = DIRECTION ( 'NONE',  ( 0.000000000000000000, 0.000000000000000000, 1.000000000000000000 ) ) ;
#3587 = CARTESIAN_POINT ( 'NONE',  ( 7.299999999999450040, 33.20000000000000284, -135.0000000000000000 ) ) ;
#3588 = ADVANCED_FACE ( 'NONE', ( #7673, #1894 ), #2648, .F. ) ;
#3589 = DIRECTION ( 'NONE',  ( 0.000000000000000000, 0.000000000000000000, 1.000000000000000000 ) ) ;
#3590 = ORIENTED_EDGE ( 'NONE', *, *, #3788, .F. ) ;
#3591 = ORIENTED_EDGE ( 'NONE', *, *, #2297, .T. ) ;
#3592 = ORIENTED_EDGE ( 'NONE', *, *, #7656, .F. ) ;
#3593 = FACE_OUTER_BOUND ( 'NONE', #6622, .T. ) ;
#3594 = CARTESIAN_POINT ( 'NONE',  ( 9.500000000000000000, 26.84166501650005188, -152.0000000000000000 ) ) ;
#3595 = ORIENTED_EDGE ( 'NONE', *, *, #8535, .F. ) ;
#3596 = AXIS2_PLACEMENT_3D ( 'NONE', #6107, #1390, #7758 ) ;
#3597 = CARTESIAN_POINT ( 'NONE',  ( 0.000000000000000000, 0.000000000000000000, -111.0000000000000000 ) ) ;
#3598 = ADVANCED_FACE ( 'NONE', ( #281 ), #6947, .F. ) ;
#3599 = DIRECTION ( 'NONE',  ( -1.000000000000000000, 0.000000000000000000, 0.000000000000000000 ) ) ;
#3600 = DIRECTION ( 'NONE',  ( 1.000000000000000000, 0.000000000000000000, 0.000000000000000000 ) ) ;
#3601 = AXIS2_PLACEMENT_3D ( 'NONE', #759, #5631, #4829 ) ;
#3602 = DIRECTION ( 'NONE',  ( 0.000000000000000000, 0.000000000000000000, -1.000000000000000000 ) ) ;
#3603 = ORIENTED_EDGE ( 'NONE', *, *, #7523, .T. ) ;
#3604 = VERTEX_POINT ( 'NONE', #1946 ) ;
#3605 = CARTESIAN_POINT ( 'NONE',  ( -7.500000000000000000, 30.39999999999939817, -17.00000000000000000 ) ) ;
#3606 = DIRECTION ( 'NONE',  ( -1.000000000000000000, 0.000000000000000000, 0.000000000000000000 ) ) ;
#3607 = ORIENTED_EDGE ( 'NONE', *, *, #6648, .T. ) ;
#3608 = CARTESIAN_POINT ( 'NONE',  ( -0.4999999999993919864, -25.50000000000000000, -31.00000000000000000 ) ) ;
#3609 = CARTESIAN_POINT ( 'NONE',  ( -12.00000000000000000, -26.00000000000000000, -4.000000000000000000 ) ) ;
#3610 = CARTESIAN_POINT ( 'NONE',  ( 8.279878675054177961, 24.42953722081406909, -0.08442159818732017373 ) ) ;
#3611 = CARTESIAN_POINT ( 'NONE',  ( 8.000000000001291411, 26.00000000000094857, -4.000000000000000000 ) ) ;
#3612 = CARTESIAN_POINT ( 'NONE',  ( 8.500000000000000000, -17.49999999999940314, -121.0000000000000000 ) ) ;
#3613 = TOROIDAL_SURFACE ( 'NONE', #6864, 1.958499999993984941, 0.5000000000060269567 ) ;
#3614 = CARTESIAN_POINT ( 'NONE',  ( 0.4999999999993929856, -17.49999999999940314, -31.00000000000000000 ) ) ;
#3615 = ORIENTED_EDGE ( 'NONE', *, *, #7769, .F. ) ;
#3616 = CARTESIAN_POINT ( 'NONE',  ( -1.738422021547135099, -17.73842202154714798, -141.7615779784529764 ) ) ;
#3617 = CARTESIAN_POINT ( 'NONE',  ( -9.248999599679699202, 29.80000000000000071, 0.000000000000000000 ) ) ;
#3618 = AXIS2_PLACEMENT_3D ( 'NONE', #9670, #6578, #1751 ) ;
#3619 = DIRECTION ( 'NONE',  ( 1.000000000000000000, 0.000000000000000000, 0.000000000000000000 ) ) ;
#3620 = LINE ( 'NONE', #3464, #1229 ) ;
#3621 = DIRECTION ( 'NONE',  ( 0.000000000000000000, 0.000000000000000000, 1.000000000000000000 ) ) ;
#3622 = AXIS2_PLACEMENT_3D ( 'NONE', #8754, #1422, #4749 ) ;
#3623 = EDGE_CURVE ( 'NONE', #6288, #58, #9920, .T. ) ;
#3624 = VECTOR ( 'NONE', #4580, 1000.000000000000000 ) ;
#3625 = B_SPLINE_CURVE_WITH_KNOTS ( 'NONE', 3,
 ( #9135, #8436, #2821, #3515 ),
 .UNSPECIFIED., .F., .F.,
 ( 4, 4 ),
 ( 0.000000000000000000, 0.0004269752087342334134 ),
 .UNSPECIFIED. ) ;
#3626 = CIRCLE ( 'NONE', #6367, 9.458499999999999019 ) ;
#3627 = ORIENTED_EDGE ( 'NONE', *, *, #8160, .F. ) ;
#3628 = VERTEX_POINT ( 'NONE', #4363 ) ;
#3629 = CARTESIAN_POINT ( 'NONE',  ( -9.499970255039501765, -25.29943079944765927, -151.9620625809245098 ) ) ;
#3630 = FACE_OUTER_BOUND ( 'NONE', #7164, .T. ) ;
#3631 = ORIENTED_EDGE ( 'NONE', *, *, #2468, .T. ) ;
#3632 = CYLINDRICAL_SURFACE ( 'NONE', #3963, 3.499999999999720224 ) ;
#3633 = PLANE ( 'NONE',  #4286 ) ;
#3634 = CARTESIAN_POINT ( 'NONE',  ( 1.440155956905744050, 18.45850000000001145, -142.0598440430942446 ) ) ;
#3635 = ADVANCED_FACE ( 'NONE', ( #6870 ), #3556, .F. ) ;
#3636 = CARTESIAN_POINT ( 'NONE',  ( 12.00000000000000000, 22.00000000000000000, -148.0000000000000000 ) ) ;
#3637 = DIRECTION ( 'NONE',  ( 1.000000000000000000, 0.000000000000000000, 0.000000000000000000 ) ) ;
#3638 = AXIS2_PLACEMENT_3D ( 'NONE', #7733, #6030, #290 ) ;
#3639 = EDGE_CURVE ( 'NONE', #5883, #6761, #4259, .T. ) ;
#3640 = DIRECTION ( 'NONE',  ( -1.000000000000000000, 0.000000000000000000, 0.000000000000000000 ) ) ;
#3641 = ORIENTED_EDGE ( 'NONE', *, *, #1045, .T. ) ;
#3642 = VERTEX_POINT ( 'NONE', #6073 ) ;
#3643 = ORIENTED_EDGE ( 'NONE', *, *, #5588, .F. ) ;
#3644 = DIRECTION ( 'NONE',  ( 0.000000000000000000, 0.000000000000000000, -1.000000000000000000 ) ) ;
#3645 = CIRCLE ( 'NONE', #5527, 4.283000000000000362 ) ;
#3646 = FACE_OUTER_BOUND ( 'NONE', #7531, .T. ) ;
#3647 = ORIENTED_EDGE ( 'NONE', *, *, #7792, .T. ) ;
#3648 = EDGE_CURVE ( 'NONE', #8026, #5131, #227, .T. ) ;
#3649 = DIRECTION ( 'NONE',  ( 1.000000000000000000, 0.000000000000000000, 0.000000000000000000 ) ) ;
#3650 = DIRECTION ( 'NONE',  ( -0.9961345290641322459, 0.08784076505916552091, 0.000000000000000000 ) ) ;
#3651 = CARTESIAN_POINT ( 'NONE',  ( 7.299999999999450040, 32.99999999999945288, -17.00000000000000000 ) ) ;
#3652 = PLANE ( 'NONE',  #7423 ) ;
#3653 = EDGE_CURVE ( 'NONE', #4734, #2017, #3188, .T. ) ;
#3654 = ORIENTED_EDGE ( 'NONE', *, *, #9281, .F. ) ;
#3655 = EDGE_LOOP ( 'NONE', ( #425, #10549, #2785, #4254 ) ) ;
#3656 = PRESENTATION_LAYER_ASSIGNMENT (  '', '', ( #7754 ) ) ;
#3657 = EDGE_CURVE ( 'NONE', #10348, #9797, #10390, .T. ) ;
#3658 = AXIS2_PLACEMENT_3D ( 'NONE', #7666, #324, #3599 ) ;
#3659 = DIRECTION ( 'NONE',  ( 0.000000000000000000, 0.000000000000000000, -1.000000000000000000 ) ) ;
#3660 = VERTEX_POINT ( 'NONE', #1037 ) ;
#3661 = AXIS2_PLACEMENT_3D ( 'NONE', #8427, #5923, #7570 ) ;
#3662 = DIRECTION ( 'NONE',  ( 0.000000000000000000, 0.000000000000000000, -1.000000000000000000 ) ) ;
#3663 = CARTESIAN_POINT ( 'NONE',  ( 0.4999999999993919864, 17.49999999999940314, -121.0000000000000000 ) ) ;
#3664 = VECTOR ( 'NONE', #4423, 1000.000000000000000 ) ;
#3665 = CIRCLE ( 'NONE', #3162, 1.720000000000000195 ) ;
#3666 = DIRECTION ( 'NONE',  ( 0.000000000000000000, 0.000000000000000000, 1.000000000000000000 ) ) ;
#3667 = DIRECTION ( 'NONE',  ( -1.000000000000000000, 0.000000000000000000, 0.000000000000000000 ) ) ;
#3668 = VECTOR ( 'NONE', #2740, 1000.000000000000000 ) ;
#3669 = CARTESIAN_POINT ( 'NONE',  ( 10.00000000000000000, 1.224646799147351876E-15, 2.000000000000000000 ) ) ;
#3670 = CIRCLE ( 'NONE', #7770, 5.000000000000000000 ) ;
#3671 = LINE ( 'NONE', #6939, #3529 ) ;
#3672 = CARTESIAN_POINT ( 'NONE',  ( 3.250000000000000000, 16.00000000000000000, -152.0000000000000000 ) ) ;
#3673 = ORIENTED_EDGE ( 'NONE', *, *, #6911, .F. ) ;
#3674 = CONICAL_SURFACE ( 'NONE', #1962, 1.720000000000000195, 1.047197551196586307 ) ;
#3675 = EDGE_CURVE ( 'NONE', #3167, #3204, #7565, .T. ) ;
#3676 = CARTESIAN_POINT ( 'NONE',  ( -2.458500000000001684, -16.66074916942605100, -141.0414999999999850 ) ) ;
#3677 = CARTESIAN_POINT ( 'NONE',  ( -7.554398320155316426, -24.52508233553247763, -151.8962886712609190 ) ) ;
#3678 = CARTESIAN_POINT ( 'NONE',  ( -8.000000000000000000, -26.00000000000000000, -148.0000000000000000 ) ) ;
#3679 = AXIS2_PLACEMENT_3D ( 'NONE', #8790, #490, #3068 ) ;
#3680 = DIRECTION ( 'NONE',  ( 0.000000000000000000, 0.000000000000000000, -1.000000000000000000 ) ) ;
#3681 = EDGE_CURVE ( 'NONE', #8764, #1148, #954, .T. ) ;
#3682 = DIRECTION ( 'NONE',  ( 0.000000000000000000, 1.000000000000000000, 0.000000000000000000 ) ) ;
#3683 = ORIENTED_EDGE ( 'NONE', *, *, #2873, .T. ) ;
#3684 = ORIENTED_EDGE ( 'NONE', *, *, #5807, .F. ) ;
#3685 = VERTEX_POINT ( 'NONE', #2860 ) ;
#3686 = CARTESIAN_POINT ( 'NONE',  ( -9.499976797742890611, -25.45410343872599057, -151.9282106845884925 ) ) ;
#3687 = EDGE_CURVE ( 'NONE', #2110, #9410, #8799, .T. ) ;
#3688 = CARTESIAN_POINT ( 'NONE',  ( 7.999999999999699796, -30.00000000000000000, -152.0000000000000000 ) ) ;
#3689 = ORIENTED_EDGE ( 'NONE', *, *, #10198, .F. ) ;
#3690 = LINE ( 'NONE', #306, #8589 ) ;
#3691 = DIRECTION ( 'NONE',  ( 0.000000000000000000, 0.000000000000000000, -1.000000000000000000 ) ) ;
#3692 = AXIS2_PLACEMENT_3D ( 'NONE', #10287, #4738, #2216 ) ;
#3693 = DIRECTION ( 'NONE',  ( 0.000000000000000000, 0.000000000000000000, -1.000000000000000000 ) ) ;
#3694 = CARTESIAN_POINT ( 'NONE',  ( -8.500000000000000000, -17.49999999999940314, -121.0000000000000000 ) ) ;
#3695 = AXIS2_PLACEMENT_3D ( 'NONE', #9906, #2580, #7453 ) ;
#3696 = CARTESIAN_POINT ( 'NONE',  ( 4.030983766875089636, 26.35136306023699859, -152.0000000000000000 ) ) ;
#3697 = ORIENTED_EDGE ( 'NONE', *, *, #6850, .T. ) ;
#3698 = EDGE_LOOP ( 'NONE', ( #10558, #4877, #5900 ) ) ;
#3699 = ORIENTED_EDGE ( 'NONE', *, *, #8152, .F. ) ;
#3700 = CARTESIAN_POINT ( 'NONE',  ( -11.40000000000000036, -26.00000000000000000, -4.000000000000000000 ) ) ;
#3701 = ORIENTED_EDGE ( 'NONE', *, *, #6860, .F. ) ;
#3702 = CARTESIAN_POINT ( 'NONE',  ( 2.458500000000000352, -16.00000000000000000, -0.7915000000000169678 ) ) ;
#3703 = VECTOR ( 'NONE', #7591, 1000.000000000000000 ) ;
#3704 = VECTOR ( 'NONE', #8898, 1000.000000000000000 ) ;
#3705 = ORIENTED_EDGE ( 'NONE', *, *, #1216, .T. ) ;
#3706 = CARTESIAN_POINT ( 'NONE',  ( -8.000000000000000000, -16.00000000000000000, -13.29999999999944116 ) ) ;
#3707 = CARTESIAN_POINT ( 'NONE',  ( -6.500000000000000000, -26.86602540378400050, -2.000000000000000000 ) ) ;
#3708 = DIRECTION ( 'NONE',  ( 1.000000000000000000, 0.000000000000000000, 0.000000000000000000 ) ) ;
#3709 = LINE ( 'NONE', #3931, #7777 ) ;
#3710 = ADVANCED_FACE ( 'NONE', ( #5532 ), #1464, .T. ) ;
#3711 = VECTOR ( 'NONE', #663, 1000.000000000000000 ) ;
#3712 = EDGE_CURVE ( 'NONE', #3936, #9614, #8477, .T. ) ;
#3713 = ORIENTED_EDGE ( 'NONE', *, *, #3251, .F. ) ;
#3714 = EDGE_LOOP ( 'NONE', ( #8986, #5089, #6781, #8831 ) ) ;
#3715 = ADVANCED_FACE ( 'NONE', ( #8692 ), #1359, .F. ) ;
#3716 = EDGE_CURVE ( 'NONE', #3126, #4603, #9155, .T. ) ;
#3717 = DIRECTION ( 'NONE',  ( 1.000000000000000000, 0.000000000000000000, 0.000000000000000000 ) ) ;
#3718 = CARTESIAN_POINT ( 'NONE',  ( -9.500000000000001776, -25.73857060114772821, -0.1269469535156435014 ) ) ;
#3719 = VERTEX_POINT ( 'NONE', #444 ) ;
#3720 = CARTESIAN_POINT ( 'NONE',  ( 3.750000000000000000, -7.250000000000000000, -150.6715170305899960 ) ) ;
#3721 = CONICAL_SURFACE ( 'NONE', #6455, 9.458499999999999019, 0.7853981633974688181 ) ;
#3722 = CARTESIAN_POINT ( 'NONE',  ( 7.249999999999390710, 35.00000000000000000, -135.0000000000000000 ) ) ;
#3723 = AXIS2_PLACEMENT_3D ( 'NONE', #5984, #10086, #8384 ) ;
#3724 = DIRECTION ( 'NONE',  ( 0.000000000000000000, 0.000000000000000000, 1.000000000000000000 ) ) ;
#3725 = DIRECTION ( 'NONE',  ( 0.000000000000000000, 0.000000000000000000, 1.000000000000000000 ) ) ;
#3726 = CARTESIAN_POINT ( 'NONE',  ( 8.000000000000000000, 26.00000000000000000, -3.899999999999999911 ) ) ;
#3727 = APPLICATION_CONTEXT ( 'automotive_design' ) ;
#3728 = DIRECTION ( 'NONE',  ( 0.000000000000000000, 0.000000000000000000, -1.000000000000000000 ) ) ;
#3729 = PLANE ( 'NONE',  #6407 ) ;
#3730 = ORIENTED_EDGE ( 'NONE', *, *, #4854, .T. ) ;
#3731 = EDGE_CURVE ( 'NONE', #6006, #2153, #7881, .T. ) ;
#3732 = EDGE_LOOP ( 'NONE', ( #1346, #631, #7955 ) ) ;
#3733 = DIRECTION ( 'NONE',  ( -0.8660254037842989305, 0.000000000000000000, -0.5000000000002420286 ) ) ;
#3734 = DIRECTION ( 'NONE',  ( 0.000000000000000000, 0.000000000000000000, -1.000000000000000000 ) ) ;
#3735 = CARTESIAN_POINT ( 'NONE',  ( -1.200000000000553957, 33.20000000000000284, -17.00000000000000000 ) ) ;
#3736 = DIRECTION ( 'NONE',  ( 0.000000000000000000, 0.000000000000000000, -1.000000000000000000 ) ) ;
#3737 = EDGE_CURVE ( 'NONE', #7229, #2093, #7444, .T. ) ;
#3738 = ADVANCED_FACE ( 'NONE', ( #5381 ), #7970, .T. ) ;
#3739 = AXIS2_PLACEMENT_3D ( 'NONE', #6593, #1660, #7230 ) ;
#3740 = ADVANCED_FACE ( 'NONE', ( #7941 ), #6125, .T. ) ;
#3741 = ORIENTED_EDGE ( 'NONE', *, *, #1682, .F. ) ;
#3742 = EDGE_LOOP ( 'NONE', ( #3906, #3591 ) ) ;
#3743 = ORIENTED_EDGE ( 'NONE', *, *, #1232, .T. ) ;
#3744 = DIRECTION ( 'NONE',  ( 1.000000000000000000, 0.000000000000000000, 0.000000000000000000 ) ) ;
#3745 = DIRECTION ( 'NONE',  ( 0.000000000000000000, 0.000000000000000000, 1.000000000000000000 ) ) ;
#3746 = DIRECTION ( 'NONE',  ( 0.000000000000000000, 0.000000000000000000, -1.000000000000000000 ) ) ;
#3747 = FACE_OUTER_BOUND ( 'NONE', #4145, .T. ) ;
#3748 = DIRECTION ( 'NONE',  ( 0.7071067811865621167, 8.659560562355110352E-17, -0.7071067811865330288 ) ) ;
#3749 = CARTESIAN_POINT ( 'NONE',  ( -12.00000000000000000, 26.00000000000094857, -17.00000000000000000 ) ) ;
#3750 = DIRECTION ( 'NONE',  ( 1.000000000000000000, 0.000000000000000000, 0.000000000000000000 ) ) ;
#3751 = PLANE ( 'NONE',  #9042 ) ;
#3752 = ORIENTED_EDGE ( 'NONE', *, *, #8020, .T. ) ;
#3753 = ORIENTED_EDGE ( 'NONE', *, *, #2286, .F. ) ;
#3754 = EDGE_LOOP ( 'NONE', ( #5498, #4926, #5260 ) ) ;
#3755 = CARTESIAN_POINT ( 'NONE',  ( 8.500000000000000000, 17.49999999999940314, -121.0000000000000000 ) ) ;
#3756 = ORIENTED_EDGE ( 'NONE', *, *, #6620, .F. ) ;
#3757 = CARTESIAN_POINT ( 'NONE',  ( -11.84999999999999964, -26.00000000000000000, -17.00000000000000000 ) ) ;
#3758 = ORIENTED_EDGE ( 'NONE', *, *, #10307, .F. ) ;
#3759 = CIRCLE ( 'NONE', #5127, 4.283000000000009244 ) ;
#3760 = CARTESIAN_POINT ( 'NONE',  ( 12.00000000000000000, -29.50000000000000000, -17.00000000000000000 ) ) ;
#3761 = CARTESIAN_POINT ( 'NONE',  ( -8.000000000000000000, -24.26794919243099713, -2.000000000000000000 ) ) ;
#3762 = CARTESIAN_POINT ( 'NONE',  ( 0.000000000000000000, 13.54149999999999920, -143.5000000000000000 ) ) ;
#3763 = ORIENTED_EDGE ( 'NONE', *, *, #3142, .F. ) ;
#3764 = ORIENTED_EDGE ( 'NONE', *, *, #1026, .F. ) ;
#3765 = ORIENTED_EDGE ( 'NONE', *, *, #957, .T. ) ;
#3766 = DIRECTION ( 'NONE',  ( 1.000000000000000000, 0.000000000000000000, 0.000000000000000000 ) ) ;
#3767 = DIRECTION ( 'NONE',  ( 1.000000000000000000, 0.000000000000000000, 0.000000000000000000 ) ) ;
#3768 = ORIENTED_EDGE ( 'NONE', *, *, #583, .F. ) ;
#3769 = CARTESIAN_POINT ( 'NONE',  ( 7.999999999999699796, -30.00000000000000000, -17.00000000000000000 ) ) ;
#3770 = CYLINDRICAL_SURFACE ( 'NONE', #4384, 2.458500000000000796 ) ;
#3771 = DIRECTION ( 'NONE',  ( -0.08784076505916550703, -0.9961345290641321348, 0.000000000000000000 ) ) ;
#3772 = CARTESIAN_POINT ( 'NONE',  ( -1.500000000000000000, 29.80000000000000071, -138.4499999999999886 ) ) ;
#3773 = EDGE_CURVE ( 'NONE', #9781, #4082, #6090, .T. ) ;
#3774 =( LENGTH_UNIT ( ) NAMED_UNIT ( * ) SI_UNIT ( .MILLI., .METRE. ) );
#3775 = VECTOR ( 'NONE', #3140, 1000.000000000000000 ) ;
#3776 = ADVANCED_FACE ( 'NONE', ( #9428 ), #2052, .F. ) ;
#3777 = LINE ( 'NONE', #1315, #2675 ) ;
#3778 = CARTESIAN_POINT ( 'NONE',  ( 8.000000000000000000, 26.00000000000000000, -2.000000000000000000 ) ) ;
#3779 = EDGE_LOOP ( 'NONE', ( #1877, #7747 ) ) ;
#3780 = VERTEX_POINT ( 'NONE', #10350 ) ;
#3781 = CIRCLE ( 'NONE', #1388, 0.3999999999993869571 ) ;
#3782 = CARTESIAN_POINT ( 'NONE',  ( -1.440155956905746715, -13.54150000000001342, -144.9401559569055848 ) ) ;
#3783 = DIRECTION ( 'NONE',  ( 1.000000000000000000, 3.710638451287289914E-16, 0.000000000000000000 ) ) ;
#3784 = TOROIDAL_SURFACE ( 'NONE', #9753, 5.200000000000559730, 0.2000000000005540124 ) ;
#3785 = EDGE_LOOP ( 'NONE', ( #2322, #6284, #2335, #1302, #819, #4113, #9272, #4305, #1599, #2459, #8345, #2497, #7617, #7511, #9532, #10467, #3241, #787, #279, #2107, #643, #3248, #2455, #2634, #7546, #9348, #6525, #1086, #7816, #3743, #2722, #1136, #10385, #5376, #7936, #6468, #10581, #4399, #8170, #3319 ) ) ;
#3786 = CARTESIAN_POINT ( 'NONE',  ( 2.458500000000000352, -16.00000000000000000, -141.0414999999999850 ) ) ;
#3787 = DIRECTION ( 'NONE',  ( 0.000000000000000000, 0.000000000000000000, -1.000000000000000000 ) ) ;
#3788 = EDGE_CURVE ( 'NONE', #9524, #2965, #10178, .T. ) ;
#3789 = EDGE_CURVE ( 'NONE', #2629, #3015, #5324, .T. ) ;
#3790 = VECTOR ( 'NONE', #3733, 1000.000000000000114 ) ;
#3791 = VERTEX_POINT ( 'NONE', #10402 ) ;
#3792 = CIRCLE ( 'NONE', #5838, 5.799999999999999822 ) ;
#3793 = ORIENTED_EDGE ( 'NONE', *, *, #969, .T. ) ;
#3794 = ORIENTED_EDGE ( 'NONE', *, *, #1835, .F. ) ;
#3795 = CARTESIAN_POINT ( 'NONE',  ( -1.500000000000000000, 28.47151703059009975, -147.7829999999999870 ) ) ;
#3796 = DIRECTION ( 'NONE',  ( 1.000000000000000000, 0.000000000000000000, 0.000000000000000000 ) ) ;
#3797 = ORIENTED_EDGE ( 'NONE', *, *, #6124, .F. ) ;
#3798 = DIRECTION ( 'NONE',  ( 1.000000000000000000, 0.000000000000000000, 0.000000000000000000 ) ) ;
#3799 = EDGE_CURVE ( 'NONE', #2360, #4927, #6928, .T. ) ;
#3800 = LINE ( 'NONE', #3001, #4572 ) ;
#3801 = VECTOR ( 'NONE', #2386, 1000.000000000000000 ) ;
#3802 = CARTESIAN_POINT ( 'NONE',  ( -8.000000000000000000, -26.00000000000000000, -2.866025403784399739 ) ) ;
#3803 = VECTOR ( 'NONE', #3680, 1000.000000000000000 ) ;
#3804 = DIRECTION ( 'NONE',  ( -1.000000000000000000, 0.000000000000000000, 0.000000000000000000 ) ) ;
#3805 = CARTESIAN_POINT ( 'NONE',  ( 1.649999999999999911, 34.60000000000059828, -17.00000000000000000 ) ) ;
#3806 = ORIENTED_EDGE ( 'NONE', *, *, #9876, .T. ) ;
#3807 = ORIENTED_EDGE ( 'NONE', *, *, #1306, .F. ) ;
#3808 = ORIENTED_EDGE ( 'NONE', *, *, #971, .F. ) ;
#3809 = DIRECTION ( 'NONE',  ( 0.000000000000000000, 0.000000000000000000, -1.000000000000000000 ) ) ;
#3810 = VECTOR ( 'NONE', #1149, 1000.000000000000000 ) ;
#3811 = VERTEX_POINT ( 'NONE', #9484 ) ;
#3812 = CARTESIAN_POINT ( 'NONE',  ( 12.05000000000064020, 27.50000000000000000, -135.0000000000000000 ) ) ;
#3813 = ORIENTED_EDGE ( 'NONE', *, *, #699, .T. ) ;
#3814 = AXIS2_PLACEMENT_3D ( 'NONE', #6858, #6759, #9161 ) ;
#3815 = FACE_OUTER_BOUND ( 'NONE', #8674, .T. ) ;
#3816 = DIRECTION ( 'NONE',  ( -1.000000000000000000, 0.000000000000000000, 0.000000000000000000 ) ) ;
#3817 = CIRCLE ( 'NONE', #10128, 1.719999999999999307 ) ;
#3818 = EDGE_LOOP ( 'NONE', ( #8379, #174, #4405, #2164 ) ) ;
#3819 = ORIENTED_EDGE ( 'NONE', *, *, #3799, .F. ) ;
#3820 = ORIENTED_EDGE ( 'NONE', *, *, #9780, .F. ) ;
#3821 = B_SPLINE_CURVE_WITH_KNOTS ( 'NONE', 3,
 ( #8190, #9684, #8080, #6485, #9629, #9045 ),
 .UNSPECIFIED., .F., .F.,
 ( 4, 2, 4 ),
 ( 0.000000000000000000, 0.5000000000000000000, 1.000000000000000000 ),
 .UNSPECIFIED. ) ;
#3822 = DIRECTION ( 'NONE',  ( 1.000000000000000000, 0.000000000000000000, 0.000000000000000000 ) ) ;
#3823 = CARTESIAN_POINT ( 'NONE',  ( 8.000000000000000000, 26.00000000000000000, -152.0000000000000000 ) ) ;
#3824 = ORIENTED_EDGE ( 'NONE', *, *, #8642, .T. ) ;
#3825 = CARTESIAN_POINT ( 'NONE',  ( 6.000000000000000000, 7.347880794884109875E-16, -31.00000000000000000 ) ) ;
#3826 = EDGE_CURVE ( 'NONE', #1723, #2701, #7621, .T. ) ;
#3827 = LINE ( 'NONE', #1363, #10013 ) ;
#3828 = CIRCLE ( 'NONE', #5702, 6.000000000000000000 ) ;
#3829 = DIRECTION ( 'NONE',  ( 0.000000000000000000, -1.000000000000000000, 0.000000000000000000 ) ) ;
#3830 = CYLINDRICAL_SURFACE ( 'NONE', #8290, 0.5000000000006370460 ) ;
#3831 = FILL_AREA_STYLE_COLOUR ( '', #6397 ) ;
#3832 = CIRCLE ( 'NONE', #4339, 5.799999999999999822 ) ;
#3833 = CONICAL_SURFACE ( 'NONE', #1258, 1.719999999999999307, 1.047197551202452059 ) ;
#3834 = AXIS2_PLACEMENT_3D ( 'NONE', #2914, #7198, #10408 ) ;
#3835 = CARTESIAN_POINT ( 'NONE',  ( -8.200000000000549960, -16.00000000000000000, -8.500000000000000000 ) ) ;
#3836 = CARTESIAN_POINT ( 'NONE',  ( 3.750000000000000000, -7.250000000000000000, -152.0000000000000000 ) ) ;
#3837 = ORIENTED_EDGE ( 'NONE', *, *, #6396, .F. ) ;
#3838 = DIRECTION ( 'NONE',  ( 1.000000000000000000, 0.000000000000000000, 0.000000000000000000 ) ) ;
#3839 = CARTESIAN_POINT ( 'NONE',  ( -8.500000000000000000, -25.50000000000000000, -121.0000000000000000 ) ) ;
#3840 = ORIENTED_EDGE ( 'NONE', *, *, #9131, .F. ) ;
#3841 = CARTESIAN_POINT ( 'NONE',  ( 3.750000000000000000, -7.250000000000000000, -152.0000000000000000 ) ) ;
#3842 = CARTESIAN_POINT ( 'NONE',  ( -1.000000000000000000, 33.20000000000000284, -135.0000000000000000 ) ) ;
#3843 = ADVANCED_FACE ( 'NONE', ( #7835 ), #495, .F. ) ;
#3844 = CONICAL_SURFACE ( 'NONE', #9810, 1.499999999999999556, 1.047197551198829846 ) ;
#3845 = UNCERTAINTY_MEASURE_WITH_UNIT (LENGTH_MEASURE( 1.000000000000000082E-05 ), #3774, 'distance_accuracy_value', 'NONE');
#3846 = CIRCLE ( 'NONE', #1609, 4.283000000000000362 ) ;
#3847 = AXIS2_PLACEMENT_3D ( 'NONE', #1997, #3650, #8315 ) ;
#3848 = AXIS2_PLACEMENT_3D ( 'NONE', #7717, #539, #3816 ) ;
#3849 = AXIS2_PLACEMENT_3D ( 'NONE', #1128, #9951, #7545 ) ;
#3850 = EDGE_LOOP ( 'NONE', ( #8405, #4448 ) ) ;
#3851 = PRODUCT_RELATED_PRODUCT_CATEGORY ( 'part', '', ( #3416 ) ) ;
#3852 = AXIS2_PLACEMENT_3D ( 'NONE', #3020, #3880, #7139 ) ;
#3853 = EDGE_CURVE ( 'NONE', #3628, #10092, #7788, .T. ) ;
#3854 = ORIENTED_EDGE ( 'NONE', *, *, #1543, .T. ) ;
#3855 = ADVANCED_FACE ( 'NONE', ( #1518 ), #5689, .T. ) ;
#3856 = VECTOR ( 'NONE', #7736, 1000.000000000000000 ) ;
#3857 = ORIENTED_EDGE ( 'NONE', *, *, #10437, .F. ) ;
#3858 = CARTESIAN_POINT ( 'NONE',  ( 7.249999999999710454, 24.70096189432365108, -150.0000000000000000 ) ) ;
#3859 = DIRECTION ( 'NONE',  ( 0.3122498999197029224, 0.9500000000000713429, 0.000000000000000000 ) ) ;
#3860 = ORIENTED_EDGE ( 'NONE', *, *, #9790, .T. ) ;
#3861 = CARTESIAN_POINT ( 'NONE',  ( 0.000000000000000000, 0.000000000000000000, -31.00000000000000000 ) ) ;
#3862 = DIRECTION ( 'NONE',  ( -1.000000000000000000, 0.000000000000000000, 0.000000000000000000 ) ) ;
#3863 = AXIS2_PLACEMENT_3D ( 'NONE', #4554, #7812, #3750 ) ;
#3864 = CARTESIAN_POINT ( 'NONE',  ( -12.00000000000000000, -16.00000000000000000, -13.50000000000000000 ) ) ;
#3865 = ADVANCED_FACE ( 'NONE', ( #3130 ), #8, .F. ) ;
#3866 = EDGE_CURVE ( 'NONE', #2528, #7997, #4045, .T. ) ;
#3867 = CARTESIAN_POINT ( 'NONE',  ( -1.000000000000000000, 33.20000000000000284, -152.0010000000000048 ) ) ;
#3868 = ORIENTED_EDGE ( 'NONE', *, *, #2004, .T. ) ;
#3869 = ORIENTED_EDGE ( 'NONE', *, *, #2352, .F. ) ;
#3870 = VERTEX_POINT ( 'NONE', #6607 ) ;
#3871 = DIRECTION ( 'NONE',  ( -1.000000000000000000, 0.000000000000000000, 0.000000000000000000 ) ) ;
#3872 = FACE_OUTER_BOUND ( 'NONE', #7041, .T. ) ;
#3873 = ORIENTED_EDGE ( 'NONE', *, *, #7797, .F. ) ;
#3874 = DIRECTION ( 'NONE',  ( 0.000000000000000000, 0.000000000000000000, 1.000000000000000000 ) ) ;
#3875 = ADVANCED_FACE ( 'NONE', ( #5744 ), #5917, .F. ) ;
#3876 = ORIENTED_EDGE ( 'NONE', *, *, #3456, .T. ) ;
#3877 = CARTESIAN_POINT ( 'NONE',  ( -8.264408579754142892, -27.57954181143207251, -151.9284522877040047 ) ) ;
#3878 = CARTESIAN_POINT ( 'NONE',  ( -1.500000000000000000, 29.80000000000000071, -8.500000000000000000 ) ) ;
#3879 = AXIS2_PLACEMENT_3D ( 'NONE', #7996, #10231, #6175 ) ;
#3880 = DIRECTION ( 'NONE',  ( 0.000000000000000000, 0.000000000000000000, -1.000000000000000000 ) ) ;
#3881 = EDGE_CURVE ( 'NONE', #4206, #3132, #9857, .T. ) ;
#3882 = EDGE_CURVE ( 'NONE', #7375, #644, #3938, .T. ) ;
#3883 = CIRCLE ( 'NONE', #10274, 1.720000000000000195 ) ;
#3884 = EDGE_CURVE ( 'NONE', #4939, #3124, #9056, .T. ) ;
#3885 = VERTEX_POINT ( 'NONE', #7243 ) ;
#3886 = VERTEX_POINT ( 'NONE', #4996 ) ;
#3887 = EDGE_LOOP ( 'NONE', ( #7496, #7179, #10073, #7454, #2527, #3088, #10312, #7231, #7257, #3891, #507, #2697, #8545 ) ) ;
#3888 = CIRCLE ( 'NONE', #6778, 0.6000000000001004530 ) ;
#3889 = DIRECTION ( 'NONE',  ( -1.000000000000000000, 0.000000000000000000, 0.000000000000000000 ) ) ;
#3890 = DIRECTION ( 'NONE',  ( 0.000000000000000000, 0.000000000000000000, 1.000000000000000000 ) ) ;
#3891 = ORIENTED_EDGE ( 'NONE', *, *, #7242, .T. ) ;
#3892 = LINE ( 'NONE', #10233, #5594 ) ;
#3893 = CARTESIAN_POINT ( 'NONE',  ( 0.000000000000000000, 16.00000000000000000, -152.0000000000000000 ) ) ;
#3894 = DIRECTION ( 'NONE',  ( 0.000000000000000000, 0.000000000000000000, 1.000000000000000000 ) ) ;
#3895 = CARTESIAN_POINT ( 'NONE',  ( 8.000000000000000000, 26.00000000000000000, -152.0000000000000000 ) ) ;
#3896 = CARTESIAN_POINT ( 'NONE',  ( 2.114726455570119956, 26.96507328603669862, -17.00000000000000000 ) ) ;
#3897 = LINE ( 'NONE', #10358, #2402 ) ;
#3898 = ORIENTED_EDGE ( 'NONE', *, *, #3104, .F. ) ;
#3899 = LINE ( 'NONE', #8005, #9422 ) ;
#3900 = DIRECTION ( 'NONE',  ( 1.000000000000000000, 0.000000000000000000, 0.000000000000000000 ) ) ;
#3901 = AXIS2_PLACEMENT_3D ( 'NONE', #7639, #1214, #1006 ) ;
#3902 = VERTEX_POINT ( 'NONE', #10507 ) ;
#3903 = ADVANCED_FACE ( 'NONE', ( #767 ), #104, .F. ) ;
#3904 = DIRECTION ( 'NONE',  ( 1.000000000000000000, 0.000000000000000000, 0.000000000000000000 ) ) ;
#3905 = CARTESIAN_POINT ( 'NONE',  ( -7.978903285765479581, -27.71987061392670171, -152.0000000000000000 ) ) ;
#3906 = ORIENTED_EDGE ( 'NONE', *, *, #2103, .T. ) ;
#3907 = VERTEX_POINT ( 'NONE', #2376 ) ;
#3908 = ORIENTED_EDGE ( 'NONE', *, *, #568, .T. ) ;
#3909 = LINE ( 'NONE', #6417, #3355 ) ;
#3910 = LINE ( 'NONE', #1590, #7426 ) ;
#3911 = LINE ( 'NONE', #4761, #2391 ) ;
#3912 = DIRECTION ( 'NONE',  ( 0.000000000000000000, 0.000000000000000000, -1.000000000000000000 ) ) ;
#3913 = EDGE_CURVE ( 'NONE', #7353, #4056, #2592, .T. ) ;
#3914 = DIRECTION ( 'NONE',  ( -1.000000000000000000, 0.000000000000000000, 0.000000000000000000 ) ) ;
#3915 = ADVANCED_FACE ( 'NONE', ( #4094 ), #9491, .F. ) ;
#3916 = DIRECTION ( 'NONE',  ( -0.5000000000002338130, 0.8660254037843035935, 0.000000000000000000 ) ) ;
#3917 = ADVANCED_FACE ( 'NONE', ( #119 ), #796, .T. ) ;
#3918 = VECTOR ( 'NONE', #4576, 999.9999999999998863 ) ;
#3919 = EDGE_CURVE ( 'NONE', #10392, #1381, #1779, .T. ) ;
#3920 = ORIENTED_EDGE ( 'NONE', *, *, #6473, .T. ) ;
#3921 = ORIENTED_EDGE ( 'NONE', *, *, #6594, .T. ) ;
#3922 = VERTEX_POINT ( 'NONE', #5847 ) ;
#3923 = LINE ( 'NONE', #5569, #7473 ) ;
#3924 = CARTESIAN_POINT ( 'NONE',  ( -8.000000000000000000, -26.00000000000000000, 0.000000000000000000 ) ) ;
#3925 = VERTEX_POINT ( 'NONE', #5057 ) ;
#3926 = CARTESIAN_POINT ( 'NONE',  ( -11.50000000000000000, -26.00000000000000000, -3.899999999999999911 ) ) ;
#3927 = ORIENTED_EDGE ( 'NONE', *, *, #9346, .F. ) ;
#3928 = CARTESIAN_POINT ( 'NONE',  ( -5.688034792648450022, -1.909518315602325211, 3.600000000000000089 ) ) ;
#3929 = FACE_OUTER_BOUND ( 'NONE', #9826, .T. ) ;
#3930 = AXIS2_PLACEMENT_3D ( 'NONE', #478, #6315, #528 ) ;
#3931 = CARTESIAN_POINT ( 'NONE',  ( 4.899999999999999467, 26.00000000000000000, -152.0000000000000000 ) ) ;
#3932 = EDGE_CURVE ( 'NONE', #536, #9890, #925, .T. ) ;
#3933 = DIRECTION ( 'NONE',  ( 0.000000000000000000, 0.000000000000000000, 1.000000000000000000 ) ) ;
#3934 = VERTEX_POINT ( 'NONE', #1562 ) ;
#3935 = ORIENTED_EDGE ( 'NONE', *, *, #4371, .T. ) ;
#3936 = VERTEX_POINT ( 'NONE', #4637 ) ;
#3937 = FACE_OUTER_BOUND ( 'NONE', #5401, .T. ) ;
#3938 = LINE ( 'NONE', #4892, #10003 ) ;
#3939 = ORIENTED_EDGE ( 'NONE', *, *, #7367, .F. ) ;
#3940 = FACE_OUTER_BOUND ( 'NONE', #6165, .T. ) ;
#3941 =( BOUNDED_CURVE ( )  B_SPLINE_CURVE ( 3, ( #9273, #5011, #5116, #6669 ),
 .UNSPECIFIED., .F., .F. ) 
 B_SPLINE_CURVE_WITH_KNOTS ( ( 4, 4 ),
 ( 3.141592653589795336, 4.712388980384689674 ),
 .UNSPECIFIED. ) 
 CURVE ( )  GEOMETRIC_REPRESENTATION_ITEM ( )  RATIONAL_B_SPLINE_CURVE ( ( 1.000000000000000000, 0.8047378541243649375, 0.8047378541243649375, 1.000000000000000000 ) ) 
 REPRESENTATION_ITEM ( '' )  );
#3942 = ADVANCED_FACE ( 'NONE', ( #7893 ), #3028, .F. ) ;
#3943 = FACE_OUTER_BOUND ( 'NONE', #6791, .T. ) ;
#3944 = CARTESIAN_POINT ( 'NONE',  ( 0.000000000000000000, 0.000000000000000000, 30.00000000000000000 ) ) ;
#3945 = CARTESIAN_POINT ( 'NONE',  ( 8.000000000000000000, 24.26794919243099713, -150.0000000000000000 ) ) ;
#3946 = PLANE ( 'NONE',  #870 ) ;
#3947 = ORIENTED_EDGE ( 'NONE', *, *, #1682, .T. ) ;
#3948 = CARTESIAN_POINT ( 'NONE',  ( 6.500000000000000000, 26.86602540378400050, -2.000000000000000000 ) ) ;
#3949 =( LENGTH_UNIT ( ) NAMED_UNIT ( * ) SI_UNIT ( .MILLI., .METRE. ) );
#3950 = VERTEX_POINT ( 'NONE', #2978 ) ;
#3951 = CARTESIAN_POINT ( 'NONE',  ( -8.500000000000000000, 25.50000000000000000, -31.00000000000000000 ) ) ;
#3952 = FACE_OUTER_BOUND ( 'NONE', #5582, .T. ) ;
#3953 = AXIS2_PLACEMENT_3D ( 'NONE', #2893, #589, #10383 ) ;
#3954 = ORIENTED_EDGE ( 'NONE', *, *, #2225, .F. ) ;
#3955 = EDGE_LOOP ( 'NONE', ( #577, #1829 ) ) ;
#3956 = DIRECTION ( 'NONE',  ( 6.123233995720658482E-17, 0.8660254037851978781, -0.4999999999986849408 ) ) ;
#3957 = CARTESIAN_POINT ( 'NONE',  ( -8.015521883131919267, -22.00000000000000000, -152.0000000000000000 ) ) ;
#3958 = ORIENTED_EDGE ( 'NONE', *, *, #8702, .T. ) ;
#3959 = DIRECTION ( 'NONE',  ( 0.000000000000000000, 0.000000000000000000, 1.000000000000000000 ) ) ;
#3960 = FACE_OUTER_BOUND ( 'NONE', #2090, .T. ) ;
#3961 = ADVANCED_FACE ( 'NONE', ( #5442 ), #6779, .T. ) ;
#3962 = CARTESIAN_POINT ( 'NONE',  ( 7.249999999999720224, 27.29903810567634892, -150.0000000000000000 ) ) ;
#3963 = AXIS2_PLACEMENT_3D ( 'NONE', #5946, #10093, #9301 ) ;
#3964 = ORIENTED_EDGE ( 'NONE', *, *, #1181, .F. ) ;
#3965 = VERTEX_POINT ( 'NONE', #6137 ) ;
#3966 = EDGE_LOOP ( 'NONE', ( #6369, #4317, #7815, #5084, #8640, #8195, #8891 ) ) ;
#3967 = VERTEX_POINT ( 'NONE', #2917 ) ;
#3968 = CARTESIAN_POINT ( 'NONE',  ( -2.458500000000000352, 16.00000000000000000, -10.95849999999999902 ) ) ;
#3969 = CYLINDRICAL_SURFACE ( 'NONE', #10485, 3.499999999999720224 ) ;
#3970 = ORIENTED_EDGE ( 'NONE', *, *, #8236, .F. ) ;
#3971 = CARTESIAN_POINT ( 'NONE',  ( -4.599999999999999645, -26.00000000000000000, -148.0000000000000000 ) ) ;
#3972 = ORIENTED_EDGE ( 'NONE', *, *, #1675, .T. ) ;
#3973 = FACE_OUTER_BOUND ( 'NONE', #1846, .T. ) ;
#3974 = ADVANCED_FACE ( 'NONE', ( #5332 ), #557, .F. ) ;
#3975 = DIRECTION ( 'NONE',  ( 0.000000000000000000, 0.000000000000000000, 1.000000000000000000 ) ) ;
#3976 = FACE_OUTER_BOUND ( 'NONE', #5508, .T. ) ;
#3977 = AXIS2_PLACEMENT_3D ( 'NONE', #5169, #7567, #10026 ) ;
#3978 = CARTESIAN_POINT ( 'NONE',  ( 9.350000000000001421, 35.00000000000000000, -135.0000000000000000 ) ) ;
#3979 = ORIENTED_EDGE ( 'NONE', *, *, #8530, .T. ) ;
#3980 = ORIENTED_EDGE ( 'NONE', *, *, #7442, .F. ) ;
#3981 = VERTEX_POINT ( 'NONE', #5636 ) ;
#3982 = FILL_AREA_STYLE ('',( #4995 ) ) ;
#3983 = EDGE_CURVE ( 'NONE', #2377, #1867, #3777, .T. ) ;
#3984 = CARTESIAN_POINT ( 'NONE',  ( -8.262965373972470218, -24.41972611713075025, -151.9316871987793434 ) ) ;
#3985 = ORIENTED_EDGE ( 'NONE', *, *, #8361, .F. ) ;
#3986 = DIRECTION ( 'NONE',  ( 0.000000000000000000, 0.000000000000000000, -1.000000000000000000 ) ) ;
#3987 = LINE ( 'NONE', #9058, #6094 ) ;
#3988 = VECTOR ( 'NONE', #258, 1000.000000000000000 ) ;
#3989 = DIRECTION ( 'NONE',  ( 1.000000000000000000, 0.000000000000000000, 0.000000000000000000 ) ) ;
#3990 = ADVANCED_FACE ( 'NONE', ( #8894 ), #1818, .F. ) ;
#3991 = FACE_OUTER_BOUND ( 'NONE', #8368, .T. ) ;
#3992 = CYLINDRICAL_SURFACE ( 'NONE', #10504, 6.000000000000000000 ) ;
#3993 = ADVANCED_FACE ( 'NONE', ( #7037 ), #4889, .F. ) ;
#3994 = ORIENTED_EDGE ( 'NONE', *, *, #7244, .F. ) ;
#3995 = DIRECTION ( 'NONE',  ( -1.000000000000000000, 0.000000000000000000, 0.000000000000000000 ) ) ;
#3996 = CARTESIAN_POINT ( 'NONE',  ( 0.000000000000000000, 0.000000000000000000, 0.000000000000000000 ) ) ;
#3997 = ORIENTED_EDGE ( 'NONE', *, *, #6267, .T. ) ;
#3998 = AXIS2_PLACEMENT_3D ( 'NONE', #1553, #6486, #8081 ) ;
#3999 = PLANE ( 'NONE',  #6876 ) ;
#4000 = CARTESIAN_POINT ( 'NONE',  ( 6.500000000000007994, 26.77035788908047564, -151.9798542637698233 ) ) ;
#4001 = DIRECTION ( 'NONE',  ( 1.000000000000000000, 0.000000000000000000, 0.000000000000000000 ) ) ;
#4002 = VECTOR ( 'NONE', #4129, 1000.000000000000227 ) ;
#4003 = AXIS2_PLACEMENT_3D ( 'NONE', #5766, #2392, #3404 ) ;
#4004 = EDGE_CURVE ( 'NONE', #140, #10120, #10538, .T. ) ;
#4005 = VERTEX_POINT ( 'NONE', #504 ) ;
#4006 = ORIENTED_EDGE ( 'NONE', *, *, #2413, .T. ) ;
#4007 = CLOSED_SHELL ( 'NONE', ( #8317, #5866, #3065, #8647, #3875, #8904, #5236, #7348, #3917, #1812, #4434, #8720, #6535, #10192, #9526, #1223, #10071, #386, #5157, #8410, #443, #1540, #10576, #5800, #10261, #9261, #7203, #2431, #1737, #5606, #5817, #8573 ) ) ;
#4008 = ADVANCED_FACE ( 'NONE', ( #7842 ), #9492, .F. ) ;
#4009 = DIRECTION ( 'NONE',  ( 1.000000000000000000, 0.000000000000000000, 0.000000000000000000 ) ) ;
#4010 = CARTESIAN_POINT ( 'NONE',  ( -1.649999999999999911, 34.60000000000059828, -135.0000000000000000 ) ) ;
#4011 = CARTESIAN_POINT ( 'NONE',  ( -6.500000000000000000, -26.00000000000000000, -150.0000000000000000 ) ) ;
#4012 = DIRECTION ( 'NONE',  ( 0.000000000000000000, 1.000000000000000000, 0.000000000000000000 ) ) ;
#4013 = AXIS2_PLACEMENT_3D ( 'NONE', #6189, #9389, #5396 ) ;
#4014 = FACE_BOUND ( 'NONE', #6484, .T. ) ;
#4015 = VECTOR ( 'NONE', #7886, 1000.000000000000000 ) ;
#4016 = AXIS2_PLACEMENT_3D ( 'NONE', #4033, #653, #3325 ) ;
#4017 = CARTESIAN_POINT ( 'NONE',  ( 8.000000000000000000, 27.73205080756900287, -152.0000000000000000 ) ) ;
#4018 = VECTOR ( 'NONE', #3034, 1000.000000000000114 ) ;
#4019 = AXIS2_PLACEMENT_3D ( 'NONE', #4908, #8325, #6560 ) ;
#4020 = PRODUCT ( 'cilinder_in', 'cilinder_in', '', ( #9870 ) ) ;
#4021 = ORIENTED_EDGE ( 'NONE', *, *, #4982, .T. ) ;
#4022 = VERTEX_POINT ( 'NONE', #8087 ) ;
#4023 = VERTEX_POINT ( 'NONE', #9743 ) ;
#4024 = ORIENTED_EDGE ( 'NONE', *, *, #8830, .T. ) ;
#4025 = DIRECTION ( 'NONE',  ( 0.000000000000000000, 0.000000000000000000, -1.000000000000000000 ) ) ;
#4026 = CARTESIAN_POINT ( 'NONE',  ( 9.500000000000000000, 25.15833498349994812, 0.000000000000000000 ) ) ;
#4027 = VERTEX_POINT ( 'NONE', #1368 ) ;
#4028 = FACE_OUTER_BOUND ( 'NONE', #10438, .T. ) ;
#4029 = VECTOR ( 'NONE', #8719, 1000.000000000000000 ) ;
#4030 = EDGE_CURVE ( 'NONE', #7418, #9606, #763, .T. ) ;
#4031 = AXIS2_PLACEMENT_3D ( 'NONE', #2705, #4418, #7518 ) ;
#4032 = DIRECTION ( 'NONE',  ( -0.8660254037842886055, -0.5000000000002597922, 0.000000000000000000 ) ) ;
#4033 = CARTESIAN_POINT ( 'NONE',  ( -8.000000000000000000, -26.00000000000000000, -152.0000000000000000 ) ) ;
#4034 = CARTESIAN_POINT ( 'NONE',  ( 8.021096714234529301, 24.28012938607335158, -152.0000000000000000 ) ) ;
#4035 = VERTEX_POINT ( 'NONE', #8588 ) ;
#4036 = ORIENTED_EDGE ( 'NONE', *, *, #6014, .F. ) ;
#4037 = ORIENTED_EDGE ( 'NONE', *, *, #298, .T. ) ;
#4038 = CARTESIAN_POINT ( 'NONE',  ( 6.521096714233930669, 25.12179440257400032, 0.000000000000000000 ) ) ;
#4039 = LINE ( 'NONE', #9905, #4322 ) ;
#4040 = CARTESIAN_POINT ( 'NONE',  ( -8.809862577062075317, -24.73552632060249934, -151.8729281385513161 ) ) ;
#4041 = VERTEX_POINT ( 'NONE', #4038 ) ;
#4042 = CARTESIAN_POINT ( 'NONE',  ( -1.440155956905744050, 18.45850000000001145, -142.0598440430942446 ) ) ;
#4043 = ADVANCED_FACE ( 'NONE', ( #9695 ), #4533, .F. ) ;
#4044 = CARTESIAN_POINT ( 'NONE',  ( 0.000000000000000000, 13.54149999999999920, -143.5000000000000000 ) ) ;
#4045 = CIRCLE ( 'NONE', #9840, 4.000000000000305533 ) ;
#4046 = DIRECTION ( 'NONE',  ( 1.000000000000000000, 0.000000000000000000, 0.000000000000000000 ) ) ;
#4047 = DIRECTION ( 'NONE',  ( 0.000000000000000000, 0.000000000000000000, 1.000000000000000000 ) ) ;
#4048 = ADVANCED_FACE ( 'NONE', ( #2420 ), #4054, .F. ) ;
#4049 = FACE_OUTER_BOUND ( 'NONE', #2671, .T. ) ;
#4050 = CIRCLE ( 'NONE', #1472, 4.283000000000000362 ) ;
#4051 = EDGE_CURVE ( 'NONE', #1374, #10092, #3671, .T. ) ;
#4052 = CONICAL_SURFACE ( 'NONE', #1135, 3.400000000000000355, 0.7853981633973783349 ) ;
#4053 = EDGE_CURVE ( 'NONE', #5155, #3488, #1260, .T. ) ;
#4054 = CONICAL_SURFACE ( 'NONE', #5414, 2.458500000000030106, 0.7853981633974469467 ) ;
#4055 = CARTESIAN_POINT ( 'NONE',  ( -6.500000000000000000, -26.00000000000000000, -0.1270170592245030150 ) ) ;
#4056 = VERTEX_POINT ( 'NONE', #6661 ) ;
#4057 = DIRECTION ( 'NONE',  ( 6.123233995737821137E-17, 0.8660254037843889696, -0.5000000000000861533 ) ) ;
#4058 = ORIENTED_EDGE ( 'NONE', *, *, #5787, .T. ) ;
#4059 = DIRECTION ( 'NONE',  ( 0.000000000000000000, 0.000000000000000000, -1.000000000000000000 ) ) ;
#4060 = LINE ( 'NONE', #9822, #4235 ) ;
#4061 = AXIS2_PLACEMENT_3D ( 'NONE', #1066, #2080, #6046 ) ;
#4062 = CARTESIAN_POINT ( 'NONE',  ( -8.000000000000000000, -26.00000000000000000, 0.000000000000000000 ) ) ;
#4063 = EDGE_CURVE ( 'NONE', #6040, #8914, #445, .T. ) ;
#4064 = AXIS2_PLACEMENT_3D ( 'NONE', #8286, #4923, #3306 ) ;
#4065 = VERTEX_POINT ( 'NONE', #5964 ) ;
#4066 = DIRECTION ( 'NONE',  ( 1.000000000000000000, 0.000000000000000000, 0.000000000000000000 ) ) ;
#4067 = ORIENTED_EDGE ( 'NONE', *, *, #9793, .T. ) ;
#4068 = DIRECTION ( 'NONE',  ( 1.000000000000000000, 0.000000000000000000, 0.000000000000000000 ) ) ;
#4069 = CARTESIAN_POINT ( 'NONE',  ( 9.248999599679699202, 29.80000000000000071, -135.0000000000000000 ) ) ;
#4070 = CARTESIAN_POINT ( 'NONE',  ( 0.000000000000000000, -29.20849999999999724, -145.9584999999999866 ) ) ;
#4071 = LINE ( 'NONE', #9774, #2944 ) ;
#4072 = CARTESIAN_POINT ( 'NONE',  ( 12.00000000000000000, 22.00000000000000000, -152.0000000000000000 ) ) ;
#4073 = EDGE_CURVE ( 'NONE', #6082, #9364, #7799, .T. ) ;
#4074 = VECTOR ( 'NONE', #8216, 1000.000000000000000 ) ;
#4075 = LINE ( 'NONE', #1443, #7956 ) ;
#4076 = EDGE_CURVE ( 'NONE', #5844, #4275, #5159, .T. ) ;
#4077 = ORIENTED_EDGE ( 'NONE', *, *, #1640, .T. ) ;
#4078 = ORIENTED_EDGE ( 'NONE', *, *, #1974, .F. ) ;
#4079 = ORIENTED_EDGE ( 'NONE', *, *, #168, .F. ) ;
#4080 = CARTESIAN_POINT ( 'NONE',  ( -7.458499999999999908, -16.00000000000000000, -8.500000000000000000 ) ) ;
#4081 = DIRECTION ( 'NONE',  ( 0.000000000000000000, 0.000000000000000000, 1.000000000000000000 ) ) ;
#4082 = VERTEX_POINT ( 'NONE', #9215 ) ;
#4083 = CARTESIAN_POINT ( 'NONE',  ( -11.79999999999944116, -16.00000000000000000, -8.500000000000000000 ) ) ;
#4084 = CARTESIAN_POINT ( 'NONE',  ( -5.000000000000000000, 6.123233995736780087E-16, 11.97272967750899930 ) ) ;
#4085 = DIRECTION ( 'NONE',  ( 0.000000000000000000, -1.000000000000000000, 0.000000000000000000 ) ) ;
#4086 = AXIS2_PLACEMENT_3D ( 'NONE', #6618, #5810, #2543 ) ;
#4087 = CIRCLE ( 'NONE', #3564, 0.5000000000060268457 ) ;
#4088 = CARTESIAN_POINT ( 'NONE',  ( 0.4999999999993789968, 25.50000000000000000, -121.0000000000000000 ) ) ;
#4089 = ORIENTED_EDGE ( 'NONE', *, *, #8429, .F. ) ;
#4090 = ORIENTED_EDGE ( 'NONE', *, *, #213, .T. ) ;
#4091 = EDGE_LOOP ( 'NONE', ( #4244, #1490, #7942, #2180 ) ) ;
#4092 = FACE_OUTER_BOUND ( 'NONE', #865, .T. ) ;
#4093 = CARTESIAN_POINT ( 'NONE',  ( 6.500000000000000000, 25.15833498349994812, 0.000000000000000000 ) ) ;
#4094 = FACE_OUTER_BOUND ( 'NONE', #7216, .T. ) ;
#4095 = ORIENTED_EDGE ( 'NONE', *, *, #3090, .T. ) ;
#4096 = CARTESIAN_POINT ( 'NONE',  ( 0.000000000000000000, 18.45850000000000080, -8.500000000000000000 ) ) ;
#4097 = DIRECTION ( 'NONE',  ( 0.000000000000000000, 0.000000000000000000, -1.000000000000000000 ) ) ;
#4098 = CARTESIAN_POINT ( 'NONE',  ( -1.500000000000000000, 28.47151703059009975, -147.7829999999999870 ) ) ;
#4099 = CARTESIAN_POINT ( 'NONE',  ( -3.750000000000000000, 7.250000000000000000, -145.5000000000000000 ) ) ;
#4100 = DIRECTION ( 'NONE',  ( -1.000000000000000000, 0.000000000000000000, 0.000000000000000000 ) ) ;
#4101 = LINE ( 'NONE', #9374, #2542 ) ;
#4102 = ORIENTED_EDGE ( 'NONE', *, *, #2929, .F. ) ;
#4103 = DIRECTION ( 'NONE',  ( 0.000000000000000000, 0.000000000000000000, -1.000000000000000000 ) ) ;
#4104 = APPLICATION_PROTOCOL_DEFINITION ( 'draft international standard', 'automotive_design', 1998, #437 ) ;
#4105 = ORIENTED_EDGE ( 'NONE', *, *, #5433, .F. ) ;
#4106 = LINE ( 'NONE', #3197, #8924 ) ;
#4107 = CARTESIAN_POINT ( 'NONE',  ( 4.100000000000000533, 0.000000000000000000, 9.499999999999840128 ) ) ;
#4108 = EDGE_CURVE ( 'NONE', #4558, #6736, #8521, .T. ) ;
#4109 = CARTESIAN_POINT ( 'NONE',  ( 7.370621181282421830, 24.63140241187685220, -151.8757310935302485 ) ) ;
#4110 = EDGE_CURVE ( 'NONE', #5566, #3936, #10069, .T. ) ;
#4111 = ORIENTED_EDGE ( 'NONE', *, *, #2782, .T. ) ;
#4112 = CARTESIAN_POINT ( 'NONE',  ( 8.000000000001291411, 26.00000000000094857, -135.0000000000000000 ) ) ;
#4113 = ORIENTED_EDGE ( 'NONE', *, *, #4236, .T. ) ;
#4114 = DIRECTION ( 'NONE',  ( 0.000000000000000000, 0.000000000000000000, -1.000000000000000000 ) ) ;
#4115 = CARTESIAN_POINT ( 'NONE',  ( -8.350000000000278533, -29.50000000000000000, -135.0000000000000000 ) ) ;
#4116 = CARTESIAN_POINT ( 'NONE',  ( -9.500000000000000000, -25.13397459621599950, -2.000000000000000000 ) ) ;
#4117 = DIRECTION ( 'NONE',  ( -1.000000000000000000, 0.000000000000000000, 0.000000000000000000 ) ) ;
#4118 = EDGE_CURVE ( 'NONE', #7561, #4027, #5212, .T. ) ;
#4119 = DIRECTION ( 'NONE',  ( 0.000000000000000000, 0.000000000000000000, 1.000000000000000000 ) ) ;
#4120 = ADVANCED_FACE ( 'NONE', ( #4408 ), #273, .F. ) ;
#4121 = FACE_OUTER_BOUND ( 'NONE', #5449, .T. ) ;
#4122 = EDGE_CURVE ( 'NONE', #6109, #814, #4903, .T. ) ;
#4123 = AXIS2_PLACEMENT_3D ( 'NONE', #4694, #7153, #5543 ) ;
#4124 = ORIENTED_EDGE ( 'NONE', *, *, #4076, .F. ) ;
#4125 = ADVANCED_FACE ( 'NONE', ( #1032 ), #2739, .T. ) ;
#4126 = EDGE_LOOP ( 'NONE', ( #7522, #3106, #5247 ) ) ;
#4127 = ORIENTED_EDGE ( 'NONE', *, *, #6538, .F. ) ;
#4128 = CARTESIAN_POINT ( 'NONE',  ( -1.299999999999972067, -7.250000000000000000, -152.0000000000000000 ) ) ;
#4129 = DIRECTION ( 'NONE',  ( -0.8660254037873669208, 0.000000000000000000, -0.4999999999949279461 ) ) ;
#4130 = ORIENTED_EDGE ( 'NONE', *, *, #6931, .F. ) ;
#4131 = DIRECTION ( 'NONE',  ( 0.000000000000000000, 0.000000000000000000, -1.000000000000000000 ) ) ;
#4132 = VECTOR ( 'NONE', #8253, 1000.000000000000000 ) ;
#4133 = DIRECTION ( 'NONE',  ( 0.000000000000000000, 0.000000000000000000, -1.000000000000000000 ) ) ;
#4134 = CARTESIAN_POINT ( 'NONE',  ( 6.500000000000000000, 26.84166501650005188, 0.000000000000000000 ) ) ;
#4135 = AXIS2_PLACEMENT_3D ( 'NONE', #672, #2923, #10465 ) ;
#4136 = CARTESIAN_POINT ( 'NONE',  ( 1.399999999999385958, 30.00000000000000000, -17.00000000000000000 ) ) ;
#4137 = EDGE_CURVE ( 'NONE', #6442, #2963, #7892, .T. ) ;
#4138 = ORIENTED_EDGE ( 'NONE', *, *, #2534, .T. ) ;
#4139 = ORIENTED_EDGE ( 'NONE', *, *, #3675, .F. ) ;
#4140 = ORIENTED_EDGE ( 'NONE', *, *, #3537, .T. ) ;
#4141 = FACE_OUTER_BOUND ( 'NONE', #9328, .T. ) ;
#4142 = AXIS2_PLACEMENT_3D ( 'NONE', #564, #7047, #401 ) ;
#4143 = CARTESIAN_POINT ( 'NONE',  ( 6.500000000000000888, 26.26142939885248495, -0.1269469535157001228 ) ) ;
#4144 = CARTESIAN_POINT ( 'NONE',  ( 1.250000000000611955, 34.60000000000059828, -152.0010000000000048 ) ) ;
#4145 = EDGE_LOOP ( 'NONE', ( #7023, #2799, #10299, #2475, #9467, #2894, #7342 ) ) ;
#4146 = CARTESIAN_POINT ( 'NONE',  ( -6.850000000000000533, 35.00000000000000000, -17.00000000000000000 ) ) ;
#4147 = CARTESIAN_POINT ( 'NONE',  ( -12.00000000000000000, -26.00000000000000000, -148.0000000000000000 ) ) ;
#4148 = VECTOR ( 'NONE', #1734, 1000.000000000000000 ) ;
#4149 = CARTESIAN_POINT ( 'NONE',  ( 2.458500000000000352, -16.00000000000000000, -141.0414999999999850 ) ) ;
#4150 = PLANE ( 'NONE',  #5012 ) ;
#4151 = CIRCLE ( 'NONE', #7904, 3.250000000000000000 ) ;
#4152 = CARTESIAN_POINT ( 'NONE',  ( 4.335090188609795447, 29.80000000000000071, -4.000000000000000000 ) ) ;
#4153 = VECTOR ( 'NONE', #2375, 1000.000000000000227 ) ;
#4154 = ORIENTED_EDGE ( 'NONE', *, *, #2103, .F. ) ;
#4155 = CARTESIAN_POINT ( 'NONE',  ( -7.050000000000560263, 33.40000000000054570, -17.00000000000000000 ) ) ;
#4156 = ORIENTED_EDGE ( 'NONE', *, *, #379, .F. ) ;
#4157 = CARTESIAN_POINT ( 'NONE',  ( -7.299999999999450040, 33.20000000000000284, -135.0000000000000000 ) ) ;
#4158 = AXIS2_PLACEMENT_3D ( 'NONE', #1362, #4465, #4521 ) ;
#4159 = VERTEX_POINT ( 'NONE', #166 ) ;
#4160 = DIRECTION ( 'NONE',  ( 0.000000000000000000, 1.000000000000000000, 0.000000000000000000 ) ) ;
#4161 = CARTESIAN_POINT ( 'NONE',  ( 6.499999493291332087, 26.44504059466760282, -151.9102401632617330 ) ) ;
#4162 = CARTESIAN_POINT ( 'NONE',  ( 2.458500000000000352, 16.00000000000000000, -10.95849999999999902 ) ) ;
#4163 = ORIENTED_EDGE ( 'NONE', *, *, #7319, .F. ) ;
#4164 = VECTOR ( 'NONE', #9111, 1000.000000000000000 ) ;
#4165 = FACE_BOUND ( 'NONE', #8600, .T. ) ;
#4166 = ORIENTED_EDGE ( 'NONE', *, *, #5939, .T. ) ;
#4167 = DIRECTION ( 'NONE',  ( 1.000000000000000000, 0.000000000000000000, 0.000000000000000000 ) ) ;
#4168 = CARTESIAN_POINT ( 'NONE',  ( 4.030983766875089636, 26.35136306023699859, -148.0000000000000000 ) ) ;
#4169 = DIRECTION ( 'NONE',  ( 0.000000000000000000, 0.000000000000000000, -1.000000000000000000 ) ) ;
#4170 = CARTESIAN_POINT ( 'NONE',  ( 0.000000000000000000, -30.00000000000000000, -8.500000000000000000 ) ) ;
#4171 = PLANE ( 'NONE',  #5769 ) ;
#4172 = AXIS2_PLACEMENT_3D ( 'NONE', #4062, #6672, #2500 ) ;
#4173 = CYLINDRICAL_SURFACE ( 'NONE', #1596, 3.499999999999999556 ) ;
#4174 = EDGE_CURVE ( 'NONE', #880, #3167, #8454, .T. ) ;
#4175 = EDGE_CURVE ( 'NONE', #1195, #2546, #4185, .T. ) ;
#4176 = EDGE_LOOP ( 'NONE', ( #5366, #8562, #7497, #6794, #2900 ) ) ;
#4177 = AXIS2_PLACEMENT_3D ( 'NONE', #9419, #1296, #488 ) ;
#4178 = ORIENTED_EDGE ( 'NONE', *, *, #3200, .F. ) ;
#4179 = ORIENTED_EDGE ( 'NONE', *, *, #6865, .F. ) ;
#4180 = DIRECTION ( 'NONE',  ( 0.000000000000000000, 0.000000000000000000, -1.000000000000000000 ) ) ;
#4181 = DIRECTION ( 'NONE',  ( 1.000000000000000000, 0.000000000000000000, 0.000000000000000000 ) ) ;
#4182 = AXIS2_PLACEMENT_3D ( 'NONE', #8047, #2380, #4046 ) ;
#4183 = ORIENTED_EDGE ( 'NONE', *, *, #9856, .T. ) ;
#4184 = CARTESIAN_POINT ( 'NONE',  ( 7.190137423010113160, 27.26447367941646149, -151.8729281385399474 ) ) ;
#4185 = CIRCLE ( 'NONE', #74, 2.458499999999974595 ) ;
#4186 = FACE_OUTER_BOUND ( 'NONE', #9715, .T. ) ;
#4187 = CIRCLE ( 'NONE', #5045, 3.999999999998707700 ) ;
#4188 = DIRECTION ( 'NONE',  ( 0.000000000000000000, 0.000000000000000000, 1.000000000000000000 ) ) ;
#4189 = EDGE_CURVE ( 'NONE', #644, #5336, #6817, .T. ) ;
#4190 = DIRECTION ( 'NONE',  ( 0.000000000000000000, 1.000000000000000000, 0.000000000000000000 ) ) ;
#4191 = ORIENTED_EDGE ( 'NONE', *, *, #2781, .T. ) ;
#4192 = ORIENTED_EDGE ( 'NONE', *, *, #5629, .T. ) ;
#4193 = ORIENTED_EDGE ( 'NONE', *, *, #5314, .F. ) ;
#4194 = DIRECTION ( 'NONE',  ( -1.000000000000000000, 0.000000000000000000, 0.000000000000000000 ) ) ;
#4195 = VECTOR ( 'NONE', #5279, 1000.000000000000000 ) ;
#4196 = DIRECTION ( 'NONE',  ( 0.8660254037844479225, 0.000000000000000000, 0.4999999999999839573 ) ) ;
#4197 = CARTESIAN_POINT ( 'NONE',  ( 12.00000000000000000, -26.00000000000000000, -152.0000000000000000 ) ) ;
#4198 = ORIENTED_EDGE ( 'NONE', *, *, #5485, .F. ) ;
#4199 = PLANE ( 'NONE',  #4502 ) ;
#4200 = ADVANCED_FACE ( 'NONE', ( #9318 ), #4202, .T. ) ;
#4201 = CARTESIAN_POINT ( 'NONE',  ( 6.000000000000000000, 7.347880794884099028E-16, -31.00000000000000000 ) ) ;
#4202 = PLANE ( 'NONE',  #7092 ) ;
#4203 = EDGE_CURVE ( 'NONE', #10025, #733, #2132, .T. ) ;
#4204 = CARTESIAN_POINT ( 'NONE',  ( -1.500000000000000000, 29.80000000000000071, -8.500000000000000000 ) ) ;
#4205 = EDGE_CURVE ( 'NONE', #6908, #5007, #5061, .T. ) ;
#4206 = VERTEX_POINT ( 'NONE', #218 ) ;
#4207 = CARTESIAN_POINT ( 'NONE',  ( -3.250000000000000000, 16.00000000000000000, -152.0000000000000000 ) ) ;
#4208 = ORIENTED_EDGE ( 'NONE', *, *, #9717, .T. ) ;
#4209 = CARTESIAN_POINT ( 'NONE',  ( 9.500000000000000000, 25.15833498349994812, -152.0000000000000000 ) ) ;
#4210 = DIRECTION ( 'NONE',  ( 0.000000000000000000, 0.000000000000000000, 1.000000000000000000 ) ) ;
#4211 = VERTEX_POINT ( 'NONE', #3493 ) ;
#4212 = DIRECTION ( 'NONE',  ( -1.000000000000000000, 0.000000000000000000, 0.000000000000000000 ) ) ;
#4213 = CARTESIAN_POINT ( 'NONE',  ( 6.500004053669863779, 26.28184919511624074, -151.8844467015431690 ) ) ;
#4214 = VECTOR ( 'NONE', #9520, 1000.000000000000000 ) ;
#4215 = CARTESIAN_POINT ( 'NONE',  ( 7.462175769998541597, 24.57846933078082330, -151.8842233084678526 ) ) ;
#4216 = AXIS2_PLACEMENT_3D ( 'NONE', #6823, #10075, #10024 ) ;
#4217 = ADVANCED_FACE ( 'NONE', ( #6764 ), #7766, .T. ) ;
#4218 = CIRCLE ( 'NONE', #1134, 3.499999999999999556 ) ;
#4219 = ORIENTED_EDGE ( 'NONE', *, *, #9583, .T. ) ;
#4220 = FACE_OUTER_BOUND ( 'NONE', #5941, .T. ) ;
#4221 = CARTESIAN_POINT ( 'NONE',  ( -6.733207084614596383, -24.99930604240049448, -151.9388264722892927 ) ) ;
#4222 = AXIS2_PLACEMENT_3D ( 'NONE', #1676, #4998, #711 ) ;
#4223 = DIRECTION ( 'NONE',  ( 0.000000000000000000, 0.000000000000000000, -1.000000000000000000 ) ) ;
#4224 = CARTESIAN_POINT ( 'NONE',  ( 2.458500000000000352, 16.00000000000000000, -0.7915000000000259606 ) ) ;
#4225 = FACE_BOUND ( 'NONE', #101, .T. ) ;
#4226 = CIRCLE ( 'NONE', #462, 3.499999999999720224 ) ;
#4227 = ORIENTED_EDGE ( 'NONE', *, *, #8996, .F. ) ;
#4228 = EDGE_CURVE ( 'NONE', #3100, #7976, #3066, .T. ) ;
#4229 = ORIENTED_EDGE ( 'NONE', *, *, #10096, .F. ) ;
#4230 = ORIENTED_EDGE ( 'NONE', *, *, #6587, .F. ) ;
#4231 = CARTESIAN_POINT ( 'NONE',  ( 0.000000000000000000, 0.000000000000000000, 1.458499999999999908 ) ) ;
#4232 = CARTESIAN_POINT ( 'NONE',  ( -6.850000000000000533, 35.00000000000000000, -152.0010000000000048 ) ) ;
#4233 = VERTEX_POINT ( 'NONE', #10340 ) ;
#4234 = CARTESIAN_POINT ( 'NONE',  ( -1.399999999999385958, 30.39999999999939817, -135.0000000000000000 ) ) ;
#4235 = VECTOR ( 'NONE', #9762, 1000.000000000000000 ) ;
#4236 = EDGE_CURVE ( 'NONE', #2506, #10309, #8968, .T. ) ;
#4237 = CARTESIAN_POINT ( 'NONE',  ( -1.738422021547135099, -17.73842202154714798, -10.23842202154713910 ) ) ;
#4238 = EDGE_CURVE ( 'NONE', #1723, #1514, #7018, .T. ) ;
#4239 = DIRECTION ( 'NONE',  ( 0.000000000000000000, 0.000000000000000000, -1.000000000000000000 ) ) ;
#4240 = EDGE_CURVE ( 'NONE', #9373, #8342, #3496, .T. ) ;
#4241 = CARTESIAN_POINT ( 'NONE',  ( -8.000000000000000000, -26.00000000000000000, 997.1339745962160350 ) ) ;
#4242 = ORIENTED_EDGE ( 'NONE', *, *, #2354, .T. ) ;
#4243 = EDGE_LOOP ( 'NONE', ( #3422, #2535, #3152, #731 ) ) ;
#4244 = ORIENTED_EDGE ( 'NONE', *, *, #3716, .F. ) ;
#4245 = DIRECTION ( 'NONE',  ( 0.000000000000000000, 0.000000000000000000, -1.000000000000000000 ) ) ;
#4246 = CARTESIAN_POINT ( 'NONE',  ( -12.00000000000000000, 16.00000000000000000, -8.500000000000000000 ) ) ;
#4247 = EDGE_LOOP ( 'NONE', ( #2437, #4735, #240, #7435, #479, #1063 ) ) ;
#4248 = EDGE_CURVE ( 'NONE', #2647, #9504, #9370, .T. ) ;
#4249 = DIRECTION ( 'NONE',  ( 0.000000000000000000, 1.000000000000000000, 0.000000000000000000 ) ) ;
#4250 = EDGE_CURVE ( 'NONE', #1276, #7911, #3455, .T. ) ;
#4251 = DIRECTION ( 'NONE',  ( 0.000000000000000000, 1.000000000000000000, 0.000000000000000000 ) ) ;
#4252 = DIRECTION ( 'NONE',  ( 1.224646799147351975E-16, 1.000000000000000000, 0.000000000000000000 ) ) ;
#4253 = CYLINDRICAL_SURFACE ( 'NONE', #4873, 2.458500000000000796 ) ;
#4254 = ORIENTED_EDGE ( 'NONE', *, *, #543, .T. ) ;
#4255 = AXIS2_PLACEMENT_3D ( 'NONE', #2492, #5006, #7404 ) ;
#4256 = DIRECTION ( 'NONE',  ( 1.000000000000000000, 0.000000000000000000, 0.000000000000000000 ) ) ;
#4257 = ORIENTED_EDGE ( 'NONE', *, *, #3494, .F. ) ;
#4258 = EDGE_CURVE ( 'NONE', #1059, #6110, #7598, .T. ) ;
#4259 = LINE ( 'NONE', #7512, #3353 ) ;
#4260 = ORIENTED_EDGE ( 'NONE', *, *, #7022, .T. ) ;
#4261 = DIRECTION ( 'NONE',  ( 0.000000000000000000, 0.000000000000000000, -1.000000000000000000 ) ) ;
#4262 = CARTESIAN_POINT ( 'NONE',  ( -8.000000000000000000, -30.00000000000000000, -152.0000000000000000 ) ) ;
#4263 = CARTESIAN_POINT ( 'NONE',  ( 0.000000000000000000, 0.000000000000000000, 7.799999999999999822 ) ) ;
#4264 = CARTESIAN_POINT ( 'NONE',  ( -1.399999999999385958, 30.00000000000000000, -135.0000000000000000 ) ) ;
#4265 = DIRECTION ( 'NONE',  ( 1.000000000000000000, 0.000000000000000000, 0.000000000000000000 ) ) ;
#4266 = ORIENTED_EDGE ( 'NONE', *, *, #1428, .F. ) ;
#4267 = CARTESIAN_POINT ( 'NONE',  ( 9.500000000000000000, 26.00000000000000000, -150.0000000000000000 ) ) ;
#4268 = DIRECTION ( 'NONE',  ( 1.000000000000000000, 0.000000000000000000, 0.000000000000000000 ) ) ;
#4269 = DIRECTION ( 'NONE',  ( -0.8660254037842989305, -0.5000000000002420286, 0.000000000000000000 ) ) ;
#4270 = VECTOR ( 'NONE', #900, 1000.000000000000000 ) ;
#4271 = LINE ( 'NONE', #5240, #1057 ) ;
#4272 = FACE_OUTER_BOUND ( 'NONE', #10579, .T. ) ;
#4273 =( BOUNDED_CURVE ( )  B_SPLINE_CURVE ( 3, ( #10568, #10520, #776, #7303 ),
 .UNSPECIFIED., .F., .F. ) 
 B_SPLINE_CURVE_WITH_KNOTS ( ( 4, 4 ),
 ( 4.712388980384689674, 6.283185307179590673 ),
 .UNSPECIFIED. ) 
 CURVE ( )  GEOMETRIC_REPRESENTATION_ITEM ( )  RATIONAL_B_SPLINE_CURVE ( ( 1.000000000000000000, 0.8047378541243649375, 0.8047378541243649375, 1.000000000000000000 ) ) 
 REPRESENTATION_ITEM ( '' )  );
#4274 = PRODUCT ( '161267 DZF-32-80-A-P-A---(KS)_Features.STEP', '161267 DZF-32-80-A-P-A---(KS)_Features.STEP', '', ( #8212 ) ) ;
#4275 = VERTEX_POINT ( 'NONE', #7931 ) ;
#4276 = VERTEX_POINT ( 'NONE', #2258 ) ;
#4277 = ORIENTED_EDGE ( 'NONE', *, *, #4659, .T. ) ;
#4278 = CARTESIAN_POINT ( 'NONE',  ( 0.000000000000000000, -30.00000000000000000, -143.5000000000000000 ) ) ;
#4279 = LINE ( 'NONE', #4930, #2117 ) ;
#4280 = VERTEX_POINT ( 'NONE', #5524 ) ;
#4281 = CARTESIAN_POINT ( 'NONE',  ( -4.030983766875084306, -26.35136306023699859, -4.000000000000000000 ) ) ;
#4282 = CARTESIAN_POINT ( 'NONE',  ( 6.764280903550309532, 27.01875544520037664, -151.9284523058623222 ) ) ;
#4283 = ADVANCED_FACE ( 'NONE', ( #8731 ), #9420, .F. ) ;
#4284 = CARTESIAN_POINT ( 'NONE',  ( 5.688034792648439364, 1.909518315602344973, 3.600000000000000089 ) ) ;
#4285 = DIRECTION ( 'NONE',  ( 0.000000000000000000, 0.000000000000000000, -1.000000000000000000 ) ) ;
#4286 = AXIS2_PLACEMENT_3D ( 'NONE', #7699, #2032, #6897 ) ;
#4287 = CARTESIAN_POINT ( 'NONE',  ( 9.500000000000000000, 25.45805834341956597, -0.08467803948300345329 ) ) ;
#4288 = ORIENTED_EDGE ( 'NONE', *, *, #1439, .T. ) ;
#4289 = ORIENTED_EDGE ( 'NONE', *, *, #4053, .F. ) ;
#4290 = ORIENTED_EDGE ( 'NONE', *, *, #2750, .F. ) ;
#4291 = FACE_BOUND ( 'NONE', #8334, .T. ) ;
#4292 = AXIS2_PLACEMENT_3D ( 'NONE', #1966, #7635, #9287 ) ;
#4293 = DIRECTION ( 'NONE',  ( 1.000000000000000000, 0.000000000000000000, 0.000000000000000000 ) ) ;
#4294 = ORIENTED_EDGE ( 'NONE', *, *, #3327, .F. ) ;
#4295 = CARTESIAN_POINT ( 'NONE',  ( 6.500000000000000000, 25.13397459621599950, -2.000000000000000000 ) ) ;
#4296 = CARTESIAN_POINT ( 'NONE',  ( 9.500000000000000000, 26.00000000000000000, -0.1270170592245030150 ) ) ;
#4297 = CARTESIAN_POINT ( 'NONE',  ( 1.440155956905744050, 18.45850000000001145, -7.059844043094253507 ) ) ;
#4298 = CARTESIAN_POINT ( 'NONE',  ( 2.458500000000000352, -16.00000000000000000, -12.49999999999396039 ) ) ;
#4299 = CONICAL_SURFACE ( 'NONE', #5840, 2.458500000000030106, 0.7853981633974469467 ) ;
#4300 = VECTOR ( 'NONE', #1492, 1000.000000000000000 ) ;
#4301 = ADVANCED_FACE ( 'NONE', ( #5318 ), #5206, .F. ) ;
#4302 = EDGE_LOOP ( 'NONE', ( #4260, #9315, #5954, #8323 ) ) ;
#4303 = ORIENTED_EDGE ( 'NONE', *, *, #1639, .F. ) ;
#4304 = DIRECTION ( 'NONE',  ( 0.000000000000000000, 0.000000000000000000, -1.000000000000000000 ) ) ;
#4305 = ORIENTED_EDGE ( 'NONE', *, *, #4073, .T. ) ;
#4306 = CARTESIAN_POINT ( 'NONE',  ( -11.54999999999999893, 27.50000000000000000, -135.0000000000000000 ) ) ;
#4307 = ORIENTED_EDGE ( 'NONE', *, *, #10588, .F. ) ;
#4308 = CARTESIAN_POINT ( 'NONE',  ( 0.000000000000000000, 0.000000000000000000, 7.799999999999999822 ) ) ;
#4309 = CIRCLE ( 'NONE', #9599, 0.5000000000006440404 ) ;
#4310 = CARTESIAN_POINT ( 'NONE',  ( 7.249999999999710454, 24.70096189432365108, -2.000000000000000000 ) ) ;
#4311 = VECTOR ( 'NONE', #2184, 1000.000000000000000 ) ;
#4312 = FACE_OUTER_BOUND ( 'NONE', #6975, .T. ) ;
#4313 = CARTESIAN_POINT ( 'NONE',  ( 9.356504433480679950, 26.94886203678778713, -151.9620123774315346 ) ) ;
#4314 = EDGE_CURVE ( 'NONE', #4992, #9640, #1733, .T. ) ;
#4315 = AXIS2_PLACEMENT_3D ( 'NONE', #4308, #2651, #3558 ) ;
#4316 = DIRECTION ( 'NONE',  ( 0.000000000000000000, 0.000000000000000000, -1.000000000000000000 ) ) ;
#4317 = ORIENTED_EDGE ( 'NONE', *, *, #1679, .T. ) ;
#4318 = DIRECTION ( 'NONE',  ( 0.000000000000000000, 0.000000000000000000, 1.000000000000000000 ) ) ;
#4319 = CARTESIAN_POINT ( 'NONE',  ( -9.500000000000000000, -26.00000000000000000, -151.8729829407770069 ) ) ;
#4320 = DIRECTION ( 'NONE',  ( 1.000000000000000000, 0.000000000000000000, 0.000000000000000000 ) ) ;
#4321 = DIRECTION ( 'NONE',  ( -1.000000000000000000, 0.000000000000000000, 0.000000000000000000 ) ) ;
#4322 = VECTOR ( 'NONE', #9744, 1000.000000000000000 ) ;
#4323 = CARTESIAN_POINT ( 'NONE',  ( 8.750000000000291323, 27.29903810567634892, -2.000000000000000000 ) ) ;
#4324 = EDGE_CURVE ( 'NONE', #7194, #1668, #6232, .T. ) ;
#4325 = B_SPLINE_CURVE_WITH_KNOTS ( 'NONE', 3,
 ( #9713, #945, #9764, #2440, #5705, #996, #2551, #1637, #8168, #137, #4109, #4215, #7264, #10526, #3201, #3352, #7471, #6464 ),
 .UNSPECIFIED., .F., .F.,
 ( 4, 2, 2, 2, 2, 2, 2, 2, 4 ),
 ( 0.000000000000000000, 0.1249999999999941713, 0.1874999999999906186, 0.2499999999999870659, 0.4999999999999978906, 0.6250000000000038858, 0.6875000000000034417, 0.7500000000000029976, 1.000000000000000000 ),
 .UNSPECIFIED. ) ;
#4326 = ADVANCED_FACE ( 'NONE', ( #6972 ), #584, .F. ) ;
#4327 = EDGE_LOOP ( 'NONE', ( #5029, #1534, #7207, #871 ) ) ;
#4328 = ORIENTED_EDGE ( 'NONE', *, *, #5314, .T. ) ;
#4329 = ORIENTED_EDGE ( 'NONE', *, *, #6412, .F. ) ;
#4330 = CARTESIAN_POINT ( 'NONE',  ( -9.499968597163132245, -25.40276759637066917, -151.9389061366922817 ) ) ;
#4331 = VERTEX_POINT ( 'NONE', #2960 ) ;
#4332 = CARTESIAN_POINT ( 'NONE',  ( -12.00000000000000000, 26.00000000000000000, -152.0000000000000000 ) ) ;
#4333 = CIRCLE ( 'NONE', #10338, 4.000000000000305533 ) ;
#4334 = CARTESIAN_POINT ( 'NONE',  ( -12.05000000000064020, 27.50000000000000000, -135.0000000000000000 ) ) ;
#4335 = LINE ( 'NONE', #7597, #2855 ) ;
#4336 = CIRCLE ( 'NONE', #4686, 4.799999999999450040 ) ;
#4337 = CARTESIAN_POINT ( 'NONE',  ( 2.458500000000000352, -16.00000000000000000, -152.0000000000000000 ) ) ;
#4338 = DIRECTION ( 'NONE',  ( 1.000000000000000000, 0.000000000000000000, 0.000000000000000000 ) ) ;
#4339 = AXIS2_PLACEMENT_3D ( 'NONE', #6028, #6079, #2561 ) ;
#4340 = CIRCLE ( 'NONE', #7930, 4.000000000000305533 ) ;
#4341 = VECTOR ( 'NONE', #3389, 1000.000000000000000 ) ;
#4342 = CARTESIAN_POINT ( 'NONE',  ( 9.478903285766058673, 25.12179440257400032, -152.0000000000000000 ) ) ;
#4343 = EDGE_LOOP ( 'NONE', ( #6285, #332, #1707, #6099, #10174 ) ) ;
#4344 = ORIENTED_EDGE ( 'NONE', *, *, #7494, .F. ) ;
#4345 = EDGE_LOOP ( 'NONE', ( #1035, #1550 ) ) ;
#4346 = CARTESIAN_POINT ( 'NONE',  ( -6.000000000000000000, 0.000000000000000000, 2.000000000000000000 ) ) ;
#4347 = EDGE_CURVE ( 'NONE', #6736, #3934, #4526, .T. ) ;
#4348 = PLANE ( 'NONE',  #206 ) ;
#4349 = VERTEX_POINT ( 'NONE', #1297 ) ;
#4350 = CONICAL_SURFACE ( 'NONE', #5715, 2.458500000000024777, 0.7853981633974560506 ) ;
#4351 = LINE ( 'NONE', #6658, #4164 ) ;
#4352 = AXIS2_PLACEMENT_3D ( 'NONE', #10114, #8520, #5850 ) ;
#4353 = LINE ( 'NONE', #6705, #5542 ) ;
#4354 = DIRECTION ( 'NONE',  ( 0.000000000000000000, 0.000000000000000000, 1.000000000000000000 ) ) ;
#4355 = DIRECTION ( 'NONE',  ( -1.000000000000000000, 0.000000000000000000, 0.000000000000000000 ) ) ;
#4356 = CIRCLE ( 'NONE', #6235, 5.049999999999999822 ) ;
#4357 = CIRCLE ( 'NONE', #2315, 3.499999999999999556 ) ;
#4358 = ORIENTED_EDGE ( 'NONE', *, *, #4893, .F. ) ;
#4359 = ORIENTED_EDGE ( 'NONE', *, *, #3350, .T. ) ;
#4360 = ORIENTED_EDGE ( 'NONE', *, *, #10517, .T. ) ;
#4361 = CARTESIAN_POINT ( 'NONE',  ( -1.500000000000000000, 28.47151703059499539, -12.78299999999999947 ) ) ;
#4362 = EDGE_CURVE ( 'NONE', #4452, #4435, #3665, .T. ) ;
#4363 = CARTESIAN_POINT ( 'NONE',  ( -6.500000000000000000, -26.84166501650005188, 0.000000000000000000 ) ) ;
#4364 = ORIENTED_EDGE ( 'NONE', *, *, #9073, .F. ) ;
#4365 = CARTESIAN_POINT ( 'NONE',  ( 8.000000000000000000, 26.00000000000000000, 0.000000000000000000 ) ) ;
#4366 = EDGE_CURVE ( 'NONE', #939, #267, #1350, .T. ) ;
#4367 = DIRECTION ( 'NONE',  ( -0.8660254037842978203, 0.5000000000002440270, 0.000000000000000000 ) ) ;
#4368 = EDGE_CURVE ( 'NONE', #5235, #2758, #10499, .T. ) ;
#4369 = DIRECTION ( 'NONE',  ( 1.000000000000000000, 0.000000000000000000, 0.000000000000000000 ) ) ;
#4370 = CARTESIAN_POINT ( 'NONE',  ( -1.440155956905749379, -13.54149999999998677, -9.940155956905755374 ) ) ;
#4371 = EDGE_CURVE ( 'NONE', #4992, #939, #10553, .T. ) ;
#4372 = LINE ( 'NONE', #2755, #1628 ) ;
#4373 = EDGE_CURVE ( 'NONE', #544, #1789, #1613, .T. ) ;
#4374 = DIRECTION ( 'NONE',  ( -1.000000000000000000, 0.000000000000000000, 0.000000000000000000 ) ) ;
#4375 = ORIENTED_EDGE ( 'NONE', *, *, #3222, .T. ) ;
#4376 = DIRECTION ( 'NONE',  ( 1.000000000000000000, 0.000000000000000000, 0.000000000000000000 ) ) ;
#4377 = DIRECTION ( 'NONE',  ( 0.000000000000000000, 0.000000000000000000, -1.000000000000000000 ) ) ;
#4378 = CARTESIAN_POINT ( 'NONE',  ( 0.000000000000000000, 0.000000000000000000, 8.599999999999999645 ) ) ;
#4379 = CARTESIAN_POINT ( 'NONE',  ( -8.000000000000000000, -26.00000000000000000, -152.0000000000000000 ) ) ;
#4380 = CARTESIAN_POINT ( 'NONE',  ( 9.500000000000000000, 26.86602540378400050, -2.000000000000000000 ) ) ;
#4381 = VECTOR ( 'NONE', #660, 1000.000000000000000 ) ;
#4382 = ADVANCED_FACE ( 'NONE', ( #1610 ), #7934, .T. ) ;
#4383 = AXIS2_PLACEMENT_3D ( 'NONE', #4387, #8549, #9996 ) ;
#4384 = AXIS2_PLACEMENT_3D ( 'NONE', #8696, #8046, #5747 ) ;
#4385 = ORIENTED_EDGE ( 'NONE', *, *, #3517, .T. ) ;
#4386 = ORIENTED_EDGE ( 'NONE', *, *, #720, .F. ) ;
#4387 = CARTESIAN_POINT ( 'NONE',  ( 0.000000000000000000, 16.00000000000000000, 0.000000000000000000 ) ) ;
#4388 = DIRECTION ( 'NONE',  ( 0.000000000000000000, 0.000000000000000000, -1.000000000000000000 ) ) ;
#4389 = VECTOR ( 'NONE', #6295, 1000.000000000000000 ) ;
#4390 = VERTEX_POINT ( 'NONE', #8788 ) ;
#4391 = CARTESIAN_POINT ( 'NONE',  ( 0.000000000000000000, 0.000000000000000000, -145.0000000000000000 ) ) ;
#4392 = CARTESIAN_POINT ( 'NONE',  ( -4.599999999999999645, -26.00000000000000000, -4.000000000000000000 ) ) ;
#4393 = EDGE_CURVE ( 'NONE', #8763, #5856, #2524, .T. ) ;
#4394 = DIRECTION ( 'NONE',  ( 0.000000000000000000, 0.000000000000000000, 1.000000000000000000 ) ) ;
#4395 = CARTESIAN_POINT ( 'NONE',  ( -8.000000000000000000, -26.00000000000000000, 997.1339745962160350 ) ) ;
#4396 = VECTOR ( 'NONE', #8897, 1000.000000000000000 ) ;
#4397 = DIRECTION ( 'NONE',  ( 0.000000000000000000, 0.000000000000000000, 1.000000000000000000 ) ) ;
#4398 = FACE_OUTER_BOUND ( 'NONE', #9170, .T. ) ;
#4399 = ORIENTED_EDGE ( 'NONE', *, *, #7615, .T. ) ;
#4400 = ORIENTED_EDGE ( 'NONE', *, *, #3149, .T. ) ;
#4401 = ORIENTED_EDGE ( 'NONE', *, *, #8353, .T. ) ;
#4402 = CARTESIAN_POINT ( 'NONE',  ( 3.750000000000000000, -7.250000000000000000, -145.5000000000000000 ) ) ;
#4403 = AXIS2_PLACEMENT_3D ( 'NONE', #6037, #8339, #9190 ) ;
#4404 = PLANE ( 'NONE',  #8071 ) ;
#4405 = ORIENTED_EDGE ( 'NONE', *, *, #825, .F. ) ;
#4406 = DIRECTION ( 'NONE',  ( 1.000000000000000000, 0.000000000000000000, 0.000000000000000000 ) ) ;
#4407 = CARTESIAN_POINT ( 'NONE',  ( 6.500000000000000000, 25.13397459621599950, -2.000000000000000000 ) ) ;
#4408 = FACE_OUTER_BOUND ( 'NONE', #8918, .T. ) ;
#4409 = CARTESIAN_POINT ( 'NONE',  ( 11.84999999999999964, 27.04174243050399795, -135.0000000000000000 ) ) ;
#4410 = ORIENTED_EDGE ( 'NONE', *, *, #4248, .T. ) ;
#4411 = EDGE_LOOP ( 'NONE', ( #7920, #8221, #4360, #3 ) ) ;
#4412 = DIRECTION ( 'NONE',  ( 0.000000000000000000, -1.000000000000000000, 0.000000000000000000 ) ) ;
#4413 = CARTESIAN_POINT ( 'NONE',  ( -6.500000000000000000, -26.00000000000000000, -150.0000000000000000 ) ) ;
#4414 = ORIENTED_EDGE ( 'NONE', *, *, #314, .F. ) ;
#4415 = CYLINDRICAL_SURFACE ( 'NONE', #9097, 2.458500000000000352 ) ;
#4416 = CARTESIAN_POINT ( 'NONE',  ( 8.000000000000000000, 26.00000000000000000, 0.000000000000000000 ) ) ;
#4417 = CARTESIAN_POINT ( 'NONE',  ( -0.4999999999993929856, 17.49999999999940314, -31.00000000000000000 ) ) ;
#4418 = DIRECTION ( 'NONE',  ( 0.000000000000000000, 0.000000000000000000, -1.000000000000000000 ) ) ;
#4419 = DIRECTION ( 'NONE',  ( 0.000000000000000000, 0.000000000000000000, 1.000000000000000000 ) ) ;
#4420 = CIRCLE ( 'NONE', #10403, 3.499999999999999556 ) ;
#4421 = ADVANCED_FACE ( 'NONE', ( #1507, #6487 ), #8140, .F. ) ;
#4422 = CIRCLE ( 'NONE', #5453, 3.999999999998716582 ) ;
#4423 = DIRECTION ( 'NONE',  ( 0.000000000000000000, 1.000000000000000000, 0.000000000000000000 ) ) ;
#4424 = ORIENTED_EDGE ( 'NONE', *, *, #588, .T. ) ;
#4425 = CARTESIAN_POINT ( 'NONE',  ( 7.978903285765479581, 27.71987061392670171, 0.000000000000000000 ) ) ;
#4426 = DIRECTION ( 'NONE',  ( 0.000000000000000000, 0.000000000000000000, 1.000000000000000000 ) ) ;
#4427 = EDGE_CURVE ( 'NONE', #8929, #5394, #1, .T. ) ;
#4428 = DIRECTION ( 'NONE',  ( 1.000000000000000000, 0.000000000000000000, 0.000000000000000000 ) ) ;
#4429 = CARTESIAN_POINT ( 'NONE',  ( 12.00000000000000000, 16.00000000000000000, -145.9584999999999866 ) ) ;
#4430 = DIRECTION ( 'NONE',  ( -1.000000000000000000, 0.000000000000000000, 0.000000000000000000 ) ) ;
#4431 = ADVANCED_FACE ( 'NONE', ( #10443 ), #2368, .F. ) ;
#4432 = AXIS2_PLACEMENT_3D ( 'NONE', #2603, #2505, #30 ) ;
#4433 = EDGE_LOOP ( 'NONE', ( #5187, #3860, #1683, #5972 ) ) ;
#4434 = ADVANCED_FACE ( 'NONE', ( #6536 ), #3177, .T. ) ;
#4435 = VERTEX_POINT ( 'NONE', #8995 ) ;
#4436 = DIRECTION ( 'NONE',  ( -1.000000000000000000, 0.000000000000000000, 0.000000000000000000 ) ) ;
#4437 = CARTESIAN_POINT ( 'NONE',  ( 7.500000000000000000, 30.00000000000000000, -152.0010000000000048 ) ) ;
#4438 = ORIENTED_EDGE ( 'NONE', *, *, #6355, .F. ) ;
#4439 = DIRECTION ( 'NONE',  ( 1.000000000000000000, 0.000000000000000000, 0.000000000000000000 ) ) ;
#4440 = CARTESIAN_POINT ( 'NONE',  ( -7.999999999999699796, -26.00000000000000000, -152.0000000000000000 ) ) ;
#4441 = CARTESIAN_POINT ( 'NONE',  ( 0.000000000000000000, 18.45850000000000080, -143.5000000000000000 ) ) ;
#4442 = EDGE_CURVE ( 'NONE', #3719, #5113, #1664, .T. ) ;
#4443 = DIRECTION ( 'NONE',  ( 0.000000000000000000, 1.000000000000000000, 0.000000000000000000 ) ) ;
#4444 = LINE ( 'NONE', #7703, #10511 ) ;
#4445 = ADVANCED_FACE ( 'NONE', ( #4934 ), #597, .F. ) ;
#4446 = LINE ( 'NONE', #10267, #10430 ) ;
#4447 = VERTEX_POINT ( 'NONE', #4134 ) ;
#4448 = ORIENTED_EDGE ( 'NONE', *, *, #3017, .T. ) ;
#4449 = ORIENTED_EDGE ( 'NONE', *, *, #3392, .F. ) ;
#4450 = CARTESIAN_POINT ( 'NONE',  ( -1.500000000000000000, 20.30000000000605098, -8.500000000000000000 ) ) ;
#4451 = CARTESIAN_POINT ( 'NONE',  ( 9.500010351549052601, 25.29994819007960061, -151.9619484887822125 ) ) ;
#4452 = VERTEX_POINT ( 'NONE', #5577 ) ;
#4453 = AXIS2_PLACEMENT_3D ( 'NONE', #3867, #2947, #5415 ) ;
#4454 = DIRECTION ( 'NONE',  ( -1.000000000000000000, 0.000000000000000000, 0.000000000000000000 ) ) ;
#4455 = CARTESIAN_POINT ( 'NONE',  ( 0.000000000000000000, -18.45850000000000080, -145.9584999999999866 ) ) ;
#4456 = DIRECTION ( 'NONE',  ( 0.000000000000000000, 1.000000000000000000, 0.000000000000000000 ) ) ;
#4457 = AXIS2_PLACEMENT_3D ( 'NONE', #6439, #4990, #8194 ) ;
#4458 = FACE_OUTER_BOUND ( 'NONE', #1291, .T. ) ;
#4459 = ADVANCED_FACE ( 'NONE', ( #3929 ), #6437, .F. ) ;
#4460 = ORIENTED_EDGE ( 'NONE', *, *, #3576, .T. ) ;
#4461 = VERTEX_POINT ( 'NONE', #8034 ) ;
#4462 = DIRECTION ( 'NONE',  ( 0.000000000000000000, 0.000000000000000000, -1.000000000000000000 ) ) ;
#4463 = DIRECTION ( 'NONE',  ( 0.000000000000000000, 1.000000000000000000, 0.000000000000000000 ) ) ;
#4464 = VERTEX_POINT ( 'NONE', #6599 ) ;
#4465 = DIRECTION ( 'NONE',  ( 0.000000000000000000, 0.000000000000000000, -1.000000000000000000 ) ) ;
#4466 = VECTOR ( 'NONE', #2632, 1000.000000000000000 ) ;
#4467 = DIRECTION ( 'NONE',  ( 1.000000000000000000, 0.000000000000000000, 0.000000000000000000 ) ) ;
#4468 = DIRECTION ( 'NONE',  ( 0.000000000000000000, 0.000000000000000000, -1.000000000000000000 ) ) ;
#4469 = CARTESIAN_POINT ( 'NONE',  ( -4.015521883131614622, -26.00000000000000000, -4.000000000000000000 ) ) ;
#4470 = VECTOR ( 'NONE', #10260, 1000.000000000000000 ) ;
#4471 = DIRECTION ( 'NONE',  ( 1.000000000000000000, 0.000000000000000000, 0.000000000000000000 ) ) ;
#4472 = VECTOR ( 'NONE', #9186, 1000.000000000000000 ) ;
#4473 = PLANE ( 'NONE',  #7261 ) ;
#4474 = VERTEX_POINT ( 'NONE', #1458 ) ;
#4475 = LINE ( 'NONE', #2711, #5161 ) ;
#4476 = CARTESIAN_POINT ( 'NONE',  ( -4.100000000000000533, 0.000000000000000000, 9.499999999999840128 ) ) ;
#4477 = DIRECTION ( 'NONE',  ( 1.000000000000000000, 0.000000000000000000, 0.000000000000000000 ) ) ;
#4478 = DIRECTION ( 'NONE',  ( 0.7071067811865350272, 8.659560562354778784E-17, -0.7071067811865600072 ) ) ;
#4479 = DIRECTION ( 'NONE',  ( 0.000000000000000000, 1.000000000000000000, 0.000000000000000000 ) ) ;
#4480 = AXIS2_PLACEMENT_3D ( 'NONE', #10574, #4160, #1738 ) ;
#4481 = EDGE_LOOP ( 'NONE', ( #5528, #3419, #2613, #4814 ) ) ;
#4482 = CIRCLE ( 'NONE', #10470, 1.719999999999999307 ) ;
#4483 = SHAPE_REPRESENTATION ( '161267 DZF-32-80-A-P-A---(KS)_Features.STEP', ( #6751 ), #9306 ) ;
#4484 = EDGE_LOOP ( 'NONE', ( #8777, #31, #3378, #3041, #4931 ) ) ;
#4485 = ORIENTED_EDGE ( 'NONE', *, *, #10518, .F. ) ;
#4486 = DIRECTION ( 'NONE',  ( -0.7071067811865480168, 8.659560562354939021E-17, 0.7071067811865470176 ) ) ;
#4487 = ORIENTED_EDGE ( 'NONE', *, *, #6154, .F. ) ;
#4488 = CARTESIAN_POINT ( 'NONE',  ( -7.999999999999699796, -30.00000000000000000, -152.0000000000000000 ) ) ;
#4489 = DIRECTION ( 'NONE',  ( 0.000000000000000000, 0.000000000000000000, -1.000000000000000000 ) ) ;
#4490 = VECTOR ( 'NONE', #8016, 1000.000000000000000 ) ;
#4491 = ADVANCED_FACE ( 'NONE', ( #7986 ), #7184, .F. ) ;
#4492 = DIRECTION ( 'NONE',  ( -1.000000000000000000, 0.000000000000000000, 0.000000000000000000 ) ) ;
#4493 = PRODUCT_RELATED_PRODUCT_CATEGORY ( 'part', '', ( #4274 ) ) ;
#4494 = EDGE_CURVE ( 'NONE', #8776, #8687, #6912, .T. ) ;
#4495 = CARTESIAN_POINT ( 'NONE',  ( 0.000000000000000000, 16.00000000000000000, 0.000000000000000000 ) ) ;
#4496 = ADVANCED_FACE ( 'NONE', ( #9689 ), #5628, .F. ) ;
#4497 = CARTESIAN_POINT ( 'NONE',  ( 8.000000000000000000, 26.00000000000000000, -2.000000000000000000 ) ) ;
#4498 = ORIENTED_EDGE ( 'NONE', *, *, #6244, .F. ) ;
#4499 = VERTEX_POINT ( 'NONE', #9153 ) ;
#4500 = ORIENTED_EDGE ( 'NONE', *, *, #3731, .F. ) ;
#4501 = CARTESIAN_POINT ( 'NONE',  ( 12.00000000000000000, 16.00000000000000000, -143.5000000000000000 ) ) ;
#4502 = AXIS2_PLACEMENT_3D ( 'NONE', #4295, #7456, #9263 ) ;
#4503 = EDGE_LOOP ( 'NONE', ( #148, #3808, #9880, #6962, #5669, #3393, #3298 ) ) ;
#4504 = FACE_BOUND ( 'NONE', #9426, .T. ) ;
#4505 = EDGE_LOOP ( 'NONE', ( #10420, #3908 ) ) ;
#4506 = CARTESIAN_POINT ( 'NONE',  ( -12.00000000000000000, 26.00000000000094857, -152.0000000000000000 ) ) ;
#4507 = CARTESIAN_POINT ( 'NONE',  ( -1.649999999999999911, 33.40000000000054570, -135.0000000000000000 ) ) ;
#4508 = CONICAL_SURFACE ( 'NONE', #3658, 3.499999999999999556, 0.7853981633974306265 ) ;
#4509 = CARTESIAN_POINT ( 'NONE',  ( -2.205642239911663527, -17.27120180318256359, -145.7056422399117253 ) ) ;
#4510 = CIRCLE ( 'NONE', #4003, 10.00000000000000000 ) ;
#4511 = CARTESIAN_POINT ( 'NONE',  ( 2.458500000000004793, -14.55984404309426772, -6.041499999999999204 ) ) ;
#4512 = EDGE_CURVE ( 'NONE', #2817, #10025, #6805, .T. ) ;
#4513 = ORIENTED_EDGE ( 'NONE', *, *, #785, .F. ) ;
#4514 = VERTEX_POINT ( 'NONE', #5894 ) ;
#4515 =( GEOMETRIC_REPRESENTATION_CONTEXT ( 3 ) GLOBAL_UNCERTAINTY_ASSIGNED_CONTEXT ( ( #3845 ) ) GLOBAL_UNIT_ASSIGNED_CONTEXT ( ( #3774, #555, #10240 ) ) REPRESENTATION_CONTEXT ( 'NONE', 'WORKASPACE' ) );
#4516 = DIRECTION ( 'NONE',  ( 0.000000000000000000, 0.000000000000000000, -1.000000000000000000 ) ) ;
#4517 = VECTOR ( 'NONE', #518, 1000.000000000000000 ) ;
#4518 = CARTESIAN_POINT ( 'NONE',  ( 0.000000000000000000, -16.00000000000000000, -152.0000000000000000 ) ) ;
#4519 = VERTEX_POINT ( 'NONE', #5789 ) ;
#4520 = VECTOR ( 'NONE', #6449, 1000.000000000000114 ) ;
#4521 = DIRECTION ( 'NONE',  ( 1.000000000000000000, 0.000000000000000000, 0.000000000000000000 ) ) ;
#4522 = EDGE_CURVE ( 'NONE', #7173, #1410, #6694, .T. ) ;
#4523 = EDGE_CURVE ( 'NONE', #2908, #5201, #1795, .T. ) ;
#4524 = CARTESIAN_POINT ( 'NONE',  ( 8.500000000000000000, 25.50000000000000000, -31.00000000000000000 ) ) ;
#4525 = CIRCLE ( 'NONE', #8276, 0.2000000000005539014 ) ;
#4526 = CIRCLE ( 'NONE', #10334, 8.000000000000611067 ) ;
#4527 = DIRECTION ( 'NONE',  ( 0.000000000000000000, 0.000000000000000000, -1.000000000000000000 ) ) ;
#4528 = CARTESIAN_POINT ( 'NONE',  ( -0.6607491694260468895, -18.45850000000005053, -6.041499999999983217 ) ) ;
#4529 = ADVANCED_FACE ( 'NONE', ( #10002 ), #3674, .F. ) ;
#4530 = VECTOR ( 'NONE', #9490, 1000.000000000000000 ) ;
#4531 = DIRECTION ( 'NONE',  ( -0.8660254037842989305, 0.5000000000002420286, 0.000000000000000000 ) ) ;
#4532 =( GEOMETRIC_REPRESENTATION_CONTEXT ( 3 ) GLOBAL_UNCERTAINTY_ASSIGNED_CONTEXT ( ( #9610 ) ) GLOBAL_UNIT_ASSIGNED_CONTEXT ( ( #5448, #2229, #2983 ) ) REPRESENTATION_CONTEXT ( 'NONE', 'WORKASPACE' ) );
#4533 = PLANE ( 'NONE',  #2333 ) ;
#4534 = DIRECTION ( 'NONE',  ( -1.000000000000000000, 0.000000000000000000, 0.000000000000000000 ) ) ;
#4535 = VERTEX_POINT ( 'NONE', #5096 ) ;
#4536 = VERTEX_POINT ( 'NONE', #5951 ) ;
#4537 = TOROIDAL_SURFACE ( 'NONE', #6581, 5.200000000000559730, 0.2000000000005540124 ) ;
#4538 = CYLINDRICAL_SURFACE ( 'NONE', #6023, 4.000000000000305533 ) ;
#4539 = CARTESIAN_POINT ( 'NONE',  ( -7.854658731504888358, -24.35186201292105324, -151.9594681027866443 ) ) ;
#4540 = VECTOR ( 'NONE', #5071, 1000.000000000000000 ) ;
#4541 = DIRECTION ( 'NONE',  ( 0.000000000000000000, 0.000000000000000000, -1.000000000000000000 ) ) ;
#4542 = DIRECTION ( 'NONE',  ( -1.000000000000000000, 0.000000000000000000, 0.000000000000000000 ) ) ;
#4543 = VERTEX_POINT ( 'NONE', #1874 ) ;
#4544 = ORIENTED_EDGE ( 'NONE', *, *, #8963, .T. ) ;
#4545 = ORIENTED_EDGE ( 'NONE', *, *, #6398, .T. ) ;
#4546 = DIRECTION ( 'NONE',  ( 0.000000000000000000, 0.000000000000000000, 1.000000000000000000 ) ) ;
#4547 = DIRECTION ( 'NONE',  ( 0.000000000000000000, 1.000000000000000000, 0.000000000000000000 ) ) ;
#4548 = DIRECTION ( 'NONE',  ( -1.000000000000000000, 0.000000000000000000, 0.000000000000000000 ) ) ;
#4549 = CARTESIAN_POINT ( 'NONE',  ( 8.032999999999999474, -7.250000000000000000, -145.5000000000000000 ) ) ;
#4550 = CARTESIAN_POINT ( 'NONE',  ( 1.738422021547135099, -17.73842202154714798, -145.2384220215469952 ) ) ;
#4551 = AXIS2_PLACEMENT_3D ( 'NONE', #1671, #2324, #1722 ) ;
#4552 = CARTESIAN_POINT ( 'NONE',  ( 12.00000000000000000, -16.00000000000000000, -141.0414999999999850 ) ) ;
#4553 = CONICAL_SURFACE ( 'NONE', #465, 4.100000000000000533, 0.3490658503988703920 ) ;
#4554 = CARTESIAN_POINT ( 'NONE',  ( -7.999999999999699796, -26.00000000000000000, 0.000000000000000000 ) ) ;
#4555 = CIRCLE ( 'NONE', #6443, 1.719999999999999307 ) ;
#4556 = AXIS2_PLACEMENT_3D ( 'NONE', #6492, #6238, #4833 ) ;
#4557 = CARTESIAN_POINT ( 'NONE',  ( 8.000000000000000000, 24.26794919243099713, -2.000000000000000000 ) ) ;
#4558 = VERTEX_POINT ( 'NONE', #1070 ) ;
#4559 = ORIENTED_EDGE ( 'NONE', *, *, #6724, .F. ) ;
#4560 = VERTEX_POINT ( 'NONE', #6646 ) ;
#4561 = CARTESIAN_POINT ( 'NONE',  ( 11.84999999999999964, -26.00000000000000000, -135.0000000000000000 ) ) ;
#4562 = ORIENTED_EDGE ( 'NONE', *, *, #1825, .F. ) ;
#4563 = DIRECTION ( 'NONE',  ( 0.8660254037842978203, 0.5000000000002440270, 0.000000000000000000 ) ) ;
#4564 = ADVANCED_FACE ( 'NONE', ( #111 ), #2313, .F. ) ;
#4565 = EDGE_CURVE ( 'NONE', #1157, #3185, #8458, .T. ) ;
#4566 = VERTEX_POINT ( 'NONE', #9101 ) ;
#4567 = CARTESIAN_POINT ( 'NONE',  ( -1.500000000000000000, 28.47151703059499539, -8.500000000000000000 ) ) ;
#4568 = ADVANCED_FACE ( 'NONE', ( #1714 ), #7542, .F. ) ;
#4569 = DIRECTION ( 'NONE',  ( 1.000000000000000000, 0.000000000000000000, 0.000000000000000000 ) ) ;
#4570 = CARTESIAN_POINT ( 'NONE',  ( 8.000000000000000000, 26.00000000000000000, -152.0000000000000000 ) ) ;
#4571 = CARTESIAN_POINT ( 'NONE',  ( 7.249999999999720224, 24.70096189432365108, -150.0000000000000000 ) ) ;
#4572 = VECTOR ( 'NONE', #6364, 1000.000000000000000 ) ;
#4573 = ORIENTED_EDGE ( 'NONE', *, *, #1726, .T. ) ;
#4574 = VERTEX_POINT ( 'NONE', #3376 ) ;
#4575 = ORIENTED_EDGE ( 'NONE', *, *, #994, .T. ) ;
#4576 = DIRECTION ( 'NONE',  ( -0.8660254037842978203, 0.5000000000002440270, 0.000000000000000000 ) ) ;
#4577 = ADVANCED_FACE ( 'NONE', ( #313 ), #4537, .T. ) ;
#4578 = DIRECTION ( 'NONE',  ( 1.000000000000000000, 0.000000000000000000, 0.000000000000000000 ) ) ;
#4579 = EDGE_LOOP ( 'NONE', ( #6359, #7363, #486, #590 ) ) ;
#4580 = DIRECTION ( 'NONE',  ( 6.195440985631349314E-17, 1.000000000000000000, 0.000000000000000000 ) ) ;
#4581 = ADVANCED_FACE ( 'NONE', ( #3479 ), #2818, .F. ) ;
#4582 = CIRCLE ( 'NONE', #97, 2.458500000000000352 ) ;
#4583 = FACE_OUTER_BOUND ( 'NONE', #440, .T. ) ;
#4584 = CARTESIAN_POINT ( 'NONE',  ( -8.200000000000549960, -16.00000000000000000, -3.500000000000000000 ) ) ;
#4585 = CARTESIAN_POINT ( 'NONE',  ( -12.05000000000064020, 27.50000000000000000, -135.0000000000000000 ) ) ;
#4586 = CARTESIAN_POINT ( 'NONE',  ( -12.00000000000000000, -26.00000000000000000, -152.0000000000000000 ) ) ;
#4587 = EDGE_CURVE ( 'NONE', #4280, #8307, #7266, .T. ) ;
#4588 = DIRECTION ( 'NONE',  ( 0.000000000000000000, 0.000000000000000000, -1.000000000000000000 ) ) ;
#4589 = DIRECTION ( 'NONE',  ( 0.000000000000000000, 0.000000000000000000, -1.000000000000000000 ) ) ;
#4590 = ORIENTED_EDGE ( 'NONE', *, *, #4362, .F. ) ;
#4591 = ORIENTED_EDGE ( 'NONE', *, *, #3789, .F. ) ;
#4592 = CARTESIAN_POINT ( 'NONE',  ( -8.000000000000000000, -26.00000000000000000, -151.6000000000000227 ) ) ;
#4593 = CARTESIAN_POINT ( 'NONE',  ( 0.000000000000000000, 16.00000000000000000, -121.0000000000000000 ) ) ;
#4594 = DIRECTION ( 'NONE',  ( -1.000000000000000000, 0.000000000000000000, 0.000000000000000000 ) ) ;
#4595 = PRODUCT_DEFINITION_CONTEXT ( 'detailed design', #437, 'design' ) ;
#4596 = AXIS2_PLACEMENT_3D ( 'NONE', #6072, #5223, #2801 ) ;
#4597 = VECTOR ( 'NONE', #6433, 1000.000000000000000 ) ;
#4598 = ORIENTED_EDGE ( 'NONE', *, *, #2858, .F. ) ;
#4599 = ORIENTED_EDGE ( 'NONE', *, *, #6078, .F. ) ;
#4600 = ORIENTED_EDGE ( 'NONE', *, *, #9022, .T. ) ;
#4601 = CARTESIAN_POINT ( 'NONE',  ( -0.6607491694260458903, -18.45850000000005053, -145.9584999999999582 ) ) ;
#4602 = CARTESIAN_POINT ( 'NONE',  ( 8.000000000000000000, 26.00000000000000000, 0.000000000000000000 ) ) ;
#4603 = VERTEX_POINT ( 'NONE', #3587 ) ;
#4604 = DIRECTION ( 'NONE',  ( 0.000000000000000000, 0.000000000000000000, -1.000000000000000000 ) ) ;
#4605 = CARTESIAN_POINT ( 'NONE',  ( -8.750000000000300204, -24.70096189432365108, -2.000000000000000000 ) ) ;
#4606 = CARTESIAN_POINT ( 'NONE',  ( -9.500000000000000000, -26.86602540378400050, 0.000000000000000000 ) ) ;
#4607 = CARTESIAN_POINT ( 'NONE',  ( -8.000000000000000000, -26.00000000000000000, 0.000000000000000000 ) ) ;
#4608 = EDGE_CURVE ( 'NONE', #10392, #4390, #8802, .T. ) ;
#4609 = CARTESIAN_POINT ( 'NONE',  ( -12.00000000000000000, -22.00000000000000000, 0.000000000000000000 ) ) ;
#4610 = ORIENTED_EDGE ( 'NONE', *, *, #6068, .T. ) ;
#4611 = ORIENTED_EDGE ( 'NONE', *, *, #7319, .T. ) ;
#4612 = EDGE_LOOP ( 'NONE', ( #9641, #5701, #4721, #7632 ) ) ;
#4613 = LINE ( 'NONE', #7227, #9690 ) ;
#4614 = ORIENTED_EDGE ( 'NONE', *, *, #8826, .T. ) ;
#4615 = LINE ( 'NONE', #2847, #6818 ) ;
#4616 = ORIENTED_EDGE ( 'NONE', *, *, #8826, .F. ) ;
#4617 = AXIS2_PLACEMENT_3D ( 'NONE', #793, #7422, #9669 ) ;
#4618 = CARTESIAN_POINT ( 'NONE',  ( -8.015521883131919267, -26.00000000000000000, -152.0000000000000000 ) ) ;
#4619 =( BOUNDED_CURVE ( )  B_SPLINE_CURVE ( 3, ( #820, #9802, #2484, #4096 ),
 .UNSPECIFIED., .F., .F. ) 
 B_SPLINE_CURVE_WITH_KNOTS ( ( 4, 4 ),
 ( 3.141592653589795336, 4.712388980384689674 ),
 .UNSPECIFIED. ) 
 CURVE ( )  GEOMETRIC_REPRESENTATION_ITEM ( )  RATIONAL_B_SPLINE_CURVE ( ( 1.000000000000000000, 0.8047378541243649375, 0.8047378541243649375, 1.000000000000000000 ) ) 
 REPRESENTATION_ITEM ( '' )  );
#4620 = DIRECTION ( 'NONE',  ( 0.000000000000000000, 0.000000000000000000, 1.000000000000000000 ) ) ;
#4621 =( REPRESENTATION_RELATIONSHIP ('NONE','NONE', #5586, #4483 ) REPRESENTATION_RELATIONSHIP_WITH_TRANSFORMATION ( #882 )SHAPE_REPRESENTATION_RELATIONSHIP( ) );
#4622 = CARTESIAN_POINT ( 'NONE',  ( 8.000000000000000000, 24.26794919243099713, -2.000000000000000000 ) ) ;
#4623 = EDGE_LOOP ( 'NONE', ( #4037, #6253, #6824 ) ) ;
#4624 = VERTEX_POINT ( 'NONE', #9249 ) ;
#4625 = ORIENTED_EDGE ( 'NONE', *, *, #40, .F. ) ;
#4626 = EDGE_CURVE ( 'NONE', #7466, #3540, #7945, .T. ) ;
#4627 = DIRECTION ( 'NONE',  ( 0.000000000000000000, 0.000000000000000000, 1.000000000000000000 ) ) ;
#4628 = DIRECTION ( 'NONE',  ( -1.000000000000000000, 0.000000000000000000, 0.000000000000000000 ) ) ;
#4629 = ORIENTED_EDGE ( 'NONE', *, *, #231, .T. ) ;
#4630 = DIRECTION ( 'NONE',  ( 0.000000000000000000, 0.000000000000000000, -1.000000000000000000 ) ) ;
#4631 = DIRECTION ( 'NONE',  ( -1.000000000000000000, 0.000000000000000000, 0.000000000000000000 ) ) ;
#4632 = FACE_OUTER_BOUND ( 'NONE', #9694, .T. ) ;
#4633 = CARTESIAN_POINT ( 'NONE',  ( 8.021096714234520419, 27.71987061392670171, -152.0000000000000000 ) ) ;
#4634 = CARTESIAN_POINT ( 'NONE',  ( -2.458500000000000352, -16.00000000000000000, -6.041500000000000092 ) ) ;
#4635 = ADVANCED_FACE ( 'NONE', ( #1768 ), #5048, .F. ) ;
#4636 = AXIS2_PLACEMENT_3D ( 'NONE', #5443, #6345, #1316 ) ;
#4637 = CARTESIAN_POINT ( 'NONE',  ( -4.015521883131614622, -26.00000000000000000, 0.000000000000000000 ) ) ;
#4638 = CARTESIAN_POINT ( 'NONE',  ( 4.899999999999999467, 26.00000000000000000, 0.000000000000000000 ) ) ;
#4639 = EDGE_LOOP ( 'NONE', ( #907, #28, #5297, #5479 ) ) ;
#4640 = CIRCLE ( 'NONE', #5655, 0.3999999999993869571 ) ;
#4641 = DIRECTION ( 'NONE',  ( 1.000000000000000000, 0.000000000000000000, 0.000000000000000000 ) ) ;
#4642 = ORIENTED_EDGE ( 'NONE', *, *, #8969, .F. ) ;
#4643 = CYLINDRICAL_SURFACE ( 'NONE', #8574, 4.100000000000000533 ) ;
#4644 = CARTESIAN_POINT ( 'NONE',  ( -8.000000000000000000, -26.00000000000000000, -152.0000000000000000 ) ) ;
#4645 = EDGE_CURVE ( 'NONE', #2817, #6109, #7443, .T. ) ;
#4646 = CIRCLE ( 'NONE', #4135, 3.499999999999720224 ) ;
#4647 = EDGE_CURVE ( 'NONE', #8926, #595, #2652, .T. ) ;
#4648 = ORIENTED_EDGE ( 'NONE', *, *, #2707, .F. ) ;
#4649 = CIRCLE ( 'NONE', #194, 1.720000000000000195 ) ;
#4650 = VERTEX_POINT ( 'NONE', #1389 ) ;
#4651 = ORIENTED_EDGE ( 'NONE', *, *, #4228, .F. ) ;
#4652 = FACE_OUTER_BOUND ( 'NONE', #9242, .T. ) ;
#4653 = FACE_OUTER_BOUND ( 'NONE', #3226, .T. ) ;
#4654 = ORIENTED_EDGE ( 'NONE', *, *, #4393, .T. ) ;
#4655 = DIRECTION ( 'NONE',  ( -0.5000000000002420286, -0.8660254037842989305, 0.000000000000000000 ) ) ;
#4656 = PLANE ( 'NONE',  #8494 ) ;
#4657 = AXIS2_PLACEMENT_3D ( 'NONE', #3347, #8163, #4103 ) ;
#4658 = ADVANCED_FACE ( 'NONE', ( #7916 ), #5463, .T. ) ;
#4659 = EDGE_CURVE ( 'NONE', #9568, #100, #6157, .T. ) ;
#4660 = PLANE ( 'NONE',  #418 ) ;
#4661 = ADVANCED_FACE ( 'NONE', ( #5356 ), #4660, .F. ) ;
#4662 = DIRECTION ( 'NONE',  ( -0.5000000000002338130, 0.8660254037843035935, 0.000000000000000000 ) ) ;
#4663 = ORIENTED_EDGE ( 'NONE', *, *, #434, .F. ) ;
#4664 = EDGE_LOOP ( 'NONE', ( #4140, #7131 ) ) ;
#4665 = VERTEX_POINT ( 'NONE', #7121 ) ;
#4666 = DIRECTION ( 'NONE',  ( 0.000000000000000000, 1.000000000000000000, 0.000000000000000000 ) ) ;
#4667 = CARTESIAN_POINT ( 'NONE',  ( 8.000000000000000000, 26.00000000000000000, -152.0000000000000000 ) ) ;
#4668 = AXIS2_PLACEMENT_3D ( 'NONE', #10289, #6930, #5276 ) ;
#4669 = VERTEX_POINT ( 'NONE', #6901 ) ;
#4670 = CARTESIAN_POINT ( 'NONE',  ( 8.000000000000000000, 26.00000000000000000, -149.1339745962199856 ) ) ;
#4671 = EDGE_LOOP ( 'NONE', ( #6808, #6561, #4815, #9921 ) ) ;
#4672 = DIRECTION ( 'NONE',  ( 1.000000000000000000, 0.000000000000000000, 0.000000000000000000 ) ) ;
#4673 = CARTESIAN_POINT ( 'NONE',  ( -7.999999999999699796, -26.00000000000000000, -148.0000000000000000 ) ) ;
#4674 = DIRECTION ( 'NONE',  ( 0.7071067811865570096, 0.000000000000000000, 0.7071067811865380248 ) ) ;
#4675 = VECTOR ( 'NONE', #7015, 1000.000000000000000 ) ;
#4676 = EDGE_CURVE ( 'NONE', #3886, #2163, #476, .T. ) ;
#4677 = VERTEX_POINT ( 'NONE', #8672 ) ;
#4678 = ORIENTED_EDGE ( 'NONE', *, *, #6596, .T. ) ;
#4679 = ORIENTED_EDGE ( 'NONE', *, *, #8441, .F. ) ;
#4680 = FACE_OUTER_BOUND ( 'NONE', #8208, .T. ) ;
#4681 = DIRECTION ( 'NONE',  ( 0.000000000000000000, 0.000000000000000000, -1.000000000000000000 ) ) ;
#4682 = ORIENTED_EDGE ( 'NONE', *, *, #5445, .T. ) ;
#4683 = DIRECTION ( 'NONE',  ( 0.000000000000000000, 0.000000000000000000, -1.000000000000000000 ) ) ;
#4684 = VECTOR ( 'NONE', #3087, 1000.000000000000000 ) ;
#4685 = DIRECTION ( 'NONE',  ( 0.000000000000000000, -1.000000000000000000, 0.000000000000000000 ) ) ;
#4686 = AXIS2_PLACEMENT_3D ( 'NONE', #8455, #1068, #7652 ) ;
#4687 = DIRECTION ( 'NONE',  ( 0.8660254037842978203, 0.5000000000002440270, 0.000000000000000000 ) ) ;
#4688 = CARTESIAN_POINT ( 'NONE',  ( 7.458499999999999908, -16.00000000000000000, -8.500000000000000000 ) ) ;
#4689 = DIRECTION ( 'NONE',  ( 0.000000000000000000, 0.000000000000000000, 1.000000000000000000 ) ) ;
#4690 = CIRCLE ( 'NONE', #575, 2.458500000000002572 ) ;
#4691 = CONICAL_SURFACE ( 'NONE', #7749, 3.499999999999999556, 0.7853981633974589371 ) ;
#4692 = ADVANCED_FACE ( 'NONE', ( #10322 ), #6049, .T. ) ;
#4693 = AXIS2_PLACEMENT_3D ( 'NONE', #3453, #2704, #5174 ) ;
#4694 = CARTESIAN_POINT ( 'NONE',  ( -8.000000000000000000, -26.00000000000000000, -3.899999999999999911 ) ) ;
#4695 = ORIENTED_EDGE ( 'NONE', *, *, #9048, .F. ) ;
#4696 = ADVANCED_FACE ( 'NONE', ( #1984 ), #6262, .T. ) ;
#4697 = CARTESIAN_POINT ( 'NONE',  ( 0.000000000000000000, -13.54149999999999920, -143.5000000000000000 ) ) ;
#4698 = EDGE_LOOP ( 'NONE', ( #4294, #4077, #9411 ) ) ;
#4699 = CARTESIAN_POINT ( 'NONE',  ( 1.440155956905746715, -13.54150000000001342, -142.0598440430942446 ) ) ;
#4700 = EDGE_CURVE ( 'NONE', #265, #2040, #4444, .T. ) ;
#4701 = AXIS2_PLACEMENT_3D ( 'NONE', #6064, #325, #3600 ) ;
#4702 = CARTESIAN_POINT ( 'NONE',  ( -8.000000000000000000, -24.26794919243099713, -152.0000000000000000 ) ) ;
#4703 = ADVANCED_FACE ( 'NONE', ( #363 ), #8612, .T. ) ;
#4704 = AXIS2_PLACEMENT_3D ( 'NONE', #8064, #8821, #2292 ) ;
#4705 = ADVANCED_FACE ( 'NONE', ( #5412 ), #5228, .F. ) ;
#4706 = AXIS2_PLACEMENT_3D ( 'NONE', #6752, #2728, #5996 ) ;
#4707 = ORIENTED_EDGE ( 'NONE', *, *, #7888, .F. ) ;
#4708 = VECTOR ( 'NONE', #5490, 1000.000000000000000 ) ;
#4709 = ORIENTED_EDGE ( 'NONE', *, *, #6806, .T. ) ;
#4710 = ORIENTED_EDGE ( 'NONE', *, *, #69, .F. ) ;
#4711 = DIRECTION ( 'NONE',  ( 0.000000000000000000, 0.000000000000000000, -1.000000000000000000 ) ) ;
#4712 = FACE_OUTER_BOUND ( 'NONE', #1379, .T. ) ;
#4713 = DIRECTION ( 'NONE',  ( -1.000000000000000000, 0.000000000000000000, 0.000000000000000000 ) ) ;
#4714 = CARTESIAN_POINT ( 'NONE',  ( 12.00000000000000000, 22.00000000000000000, 0.000000000000000000 ) ) ;
#4715 = FACE_OUTER_BOUND ( 'NONE', #6772, .T. ) ;
#4716 = EDGE_CURVE ( 'NONE', #5968, #2346, #5732, .T. ) ;
#4717 = VECTOR ( 'NONE', #4764, 1000.000000000000000 ) ;
#4718 = DIRECTION ( 'NONE',  ( 0.000000000000000000, 0.000000000000000000, 1.000000000000000000 ) ) ;
#4719 = EDGE_CURVE ( 'NONE', #1303, #9351, #10344, .T. ) ;
#4720 = EDGE_LOOP ( 'NONE', ( #5418, #8635 ) ) ;
#4721 = ORIENTED_EDGE ( 'NONE', *, *, #7988, .T. ) ;
#4722 = ORIENTED_EDGE ( 'NONE', *, *, #3364, .T. ) ;
#4723 = FACE_OUTER_BOUND ( 'NONE', #3966, .T. ) ;
#4724 = CARTESIAN_POINT ( 'NONE',  ( -6.500000000000000000, -26.84166501650005188, -152.0000000000000000 ) ) ;
#4725 = ORIENTED_EDGE ( 'NONE', *, *, #891, .T. ) ;
#4726 = LINE ( 'NONE', #1396, #5791 ) ;
#4727 = VERTEX_POINT ( 'NONE', #8557 ) ;
#4728 = LINE ( 'NONE', #5733, #5868 ) ;
#4729 = DIRECTION ( 'NONE',  ( 0.000000000000000000, 0.000000000000000000, -1.000000000000000000 ) ) ;
#4730 = VECTOR ( 'NONE', #7295, 1000.000000000000000 ) ;
#4731 = CARTESIAN_POINT ( 'NONE',  ( 8.200000000000549960, -16.00000000000000000, -8.500000000000000000 ) ) ;
#4732 = VECTOR ( 'NONE', #10047, 1000.000000000000000 ) ;
#4733 = EDGE_LOOP ( 'NONE', ( #2882, #2137, #9994, #159 ) ) ;
#4734 = VERTEX_POINT ( 'NONE', #3694 ) ;
#4735 = ORIENTED_EDGE ( 'NONE', *, *, #3932, .T. ) ;
#4736 = VECTOR ( 'NONE', #995, 1000.000000000000000 ) ;
#4737 = DIRECTION ( 'NONE',  ( 0.000000000000000000, 0.000000000000000000, -1.000000000000000000 ) ) ;
#4738 = DIRECTION ( 'NONE',  ( 1.000000000000000000, 0.000000000000000000, 0.000000000000000000 ) ) ;
#4739 = EDGE_LOOP ( 'NONE', ( #8134, #8090, #9569, #7154, #222, #2347, #8060, #10060 ) ) ;
#4740 = CARTESIAN_POINT ( 'NONE',  ( 2.756766064641392067, -18.75676606464142537, -7.779922021547117872 ) ) ;
#4741 = FACE_OUTER_BOUND ( 'NONE', #6541, .T. ) ;
#4742 = CARTESIAN_POINT ( 'NONE',  ( -7.978903285765459152, -24.28012938607335158, 0.000000000000000000 ) ) ;
#4743 = LINE ( 'NONE', #7150, #5556 ) ;
#4744 = AXIS2_PLACEMENT_3D ( 'NONE', #8091, #6447, #2425 ) ;
#4745 = FILL_AREA_STYLE ('',( #3831 ) ) ;
#4746 = DIRECTION ( 'NONE',  ( 0.000000000000000000, 0.000000000000000000, 1.000000000000000000 ) ) ;
#4747 = ORIENTED_EDGE ( 'NONE', *, *, #3773, .T. ) ;
#4748 = ADVANCED_FACE ( 'NONE', ( #6959 ), #2891, .T. ) ;
#4749 = DIRECTION ( 'NONE',  ( 1.000000000000000000, 0.000000000000000000, 0.000000000000000000 ) ) ;
#4750 = DIRECTION ( 'NONE',  ( 0.000000000000000000, -1.000000000000000000, 0.000000000000000000 ) ) ;
#4751 = VECTOR ( 'NONE', #2232, 1000.000000000000000 ) ;
#4752 = ORIENTED_EDGE ( 'NONE', *, *, #8587, .T. ) ;
#4753 = CARTESIAN_POINT ( 'NONE',  ( -8.000000000000000000, -24.26794919243099713, 0.000000000000000000 ) ) ;
#4754 = CARTESIAN_POINT ( 'NONE',  ( 8.000000000000000000, 26.00000000000000000, -4.000000000000000000 ) ) ;
#4755 = EDGE_CURVE ( 'NONE', #10309, #3126, #7005, .T. ) ;
#4756 = ORIENTED_EDGE ( 'NONE', *, *, #9549, .F. ) ;
#4757 = ORIENTED_EDGE ( 'NONE', *, *, #7689, .F. ) ;
#4758 = DIRECTION ( 'NONE',  ( -1.000000000000000000, 0.000000000000000000, 0.000000000000000000 ) ) ;
#4759 = FACE_OUTER_BOUND ( 'NONE', #1864, .T. ) ;
#4760 = EDGE_CURVE ( 'NONE', #5007, #7088, #8118, .T. ) ;
#4761 = CARTESIAN_POINT ( 'NONE',  ( -6.500000000000000000, -25.13397459621599950, 0.000000000000000000 ) ) ;
#4762 = CARTESIAN_POINT ( 'NONE',  ( 0.000000000000000000, -18.45850000000000080, -10.95849999999999902 ) ) ;
#4763 = CARTESIAN_POINT ( 'NONE',  ( -6.500000000000000000, -25.13397459621599950, -152.0000000000000000 ) ) ;
#4764 = DIRECTION ( 'NONE',  ( 0.000000000000000000, 0.000000000000000000, 1.000000000000000000 ) ) ;
#4765 = ADVANCED_FACE ( 'NONE', ( #4121 ), #9675, .F. ) ;
#4766 = ORIENTED_EDGE ( 'NONE', *, *, #7715, .F. ) ;
#4767 = ORIENTED_EDGE ( 'NONE', *, *, #10099, .T. ) ;
#4768 = EDGE_LOOP ( 'NONE', ( #319, #761, #4648, #408, #10272 ) ) ;
#4769 = CARTESIAN_POINT ( 'NONE',  ( 7.999999999999699796, -30.00000000000000000, -135.0000000000000000 ) ) ;
#4770 = LINE ( 'NONE', #1501, #9291 ) ;
#4771 = ORIENTED_EDGE ( 'NONE', *, *, #1104, .T. ) ;
#4772 = CYLINDRICAL_SURFACE ( 'NONE', #9201, 8.000000000000611067 ) ;
#4773 = EDGE_CURVE ( 'NONE', #6039, #5393, #2023, .T. ) ;
#4774 = ORIENTED_EDGE ( 'NONE', *, *, #3457, .F. ) ;
#4775 = FACE_OUTER_BOUND ( 'NONE', #1927, .T. ) ;
#4776 = EDGE_CURVE ( 'NONE', #6110, #1059, #4690, .T. ) ;
#4777 = DIRECTION ( 'NONE',  ( 0.000000000000000000, 0.000000000000000000, -1.000000000000000000 ) ) ;
#4778 = CARTESIAN_POINT ( 'NONE',  ( 8.200000000000549960, -16.00000000000000000, -8.500000000000000000 ) ) ;
#4779 = CARTESIAN_POINT ( 'NONE',  ( 8.082933091298095007, 24.31583063501670239, -151.9798273196431353 ) ) ;
#4780 = ORIENTED_EDGE ( 'NONE', *, *, #2790, .F. ) ;
#4781 = ORIENTED_EDGE ( 'NONE', *, *, #4324, .F. ) ;
#4782 = ORIENTED_EDGE ( 'NONE', *, *, #4238, .F. ) ;
#4783 = CARTESIAN_POINT ( 'NONE',  ( -8.000000000000000000, -26.00000000000000000, -3.899999999999999911 ) ) ;
#4784 = ORIENTED_EDGE ( 'NONE', *, *, #3510, .F. ) ;
#4785 = DIRECTION ( 'NONE',  ( 0.000000000000000000, 0.000000000000000000, 1.000000000000000000 ) ) ;
#4786 = DIRECTION ( 'NONE',  ( 0.000000000000000000, 0.000000000000000000, 1.000000000000000000 ) ) ;
#4787 = CARTESIAN_POINT ( 'NONE',  ( 2.458500000000001684, -16.66074916942605100, -141.0414999999999850 ) ) ;
#4788 = FACE_OUTER_BOUND ( 'NONE', #2268, .T. ) ;
#4789 = ADVANCED_FACE ( 'NONE', ( #4810 ), #6477, .F. ) ;
#4790 = DIRECTION ( 'NONE',  ( 0.08784076505916550703, 0.9961345290641321348, 0.000000000000000000 ) ) ;
#4791 = ADVANCED_FACE ( 'NONE', ( #2453 ), #1117, .F. ) ;
#4792 = DIRECTION ( 'NONE',  ( 0.000000000000000000, -1.000000000000000000, 0.000000000000000000 ) ) ;
#4793 = ORIENTED_EDGE ( 'NONE', *, *, #3881, .T. ) ;
#4794 = LINE ( 'NONE', #2336, #7894 ) ;
#4795 =( NAMED_UNIT ( * ) PLANE_ANGLE_UNIT ( ) SI_UNIT ( $, .RADIAN. ) );
#4796 = VERTEX_POINT ( 'NONE', #797 ) ;
#4797 = DIRECTION ( 'NONE',  ( 0.000000000000000000, 0.000000000000000000, -1.000000000000000000 ) ) ;
#4798 = CARTESIAN_POINT ( 'NONE',  ( 1.000000000000000000, 33.20000000000000284, -17.00000000000000000 ) ) ;
#4799 = DIRECTION ( 'NONE',  ( 0.000000000000000000, 0.000000000000000000, 1.000000000000000000 ) ) ;
#4800 = EDGE_LOOP ( 'NONE', ( #8778, #9916, #3196, #892 ) ) ;
#4801 = VECTOR ( 'NONE', #4320, 1000.000000000000000 ) ;
#4802 = EDGE_CURVE ( 'NONE', #4280, #1717, #3213, .T. ) ;
#4803 = ORIENTED_EDGE ( 'NONE', *, *, #250, .F. ) ;
#4804 = FACE_OUTER_BOUND ( 'NONE', #1262, .T. ) ;
#4805 = CARTESIAN_POINT ( 'NONE',  ( -5.688034792648450022, -1.909518315602325211, 3.600000000000000089 ) ) ;
#4806 = CARTESIAN_POINT ( 'NONE',  ( 0.000000000000000000, 0.000000000000000000, -2.000000000000000000 ) ) ;
#4807 = PLANE ( 'NONE',  #4822 ) ;
#4808 = CARTESIAN_POINT ( 'NONE',  ( 4.015521883131614622, 26.00000000000000000, -152.0000000000000000 ) ) ;
#4809 = CIRCLE ( 'NONE', #9594, 4.283000000000000362 ) ;
#4810 = FACE_OUTER_BOUND ( 'NONE', #1433, .T. ) ;
#4811 = AXIS2_PLACEMENT_3D ( 'NONE', #7595, #2031, #5298 ) ;
#4812 = EDGE_LOOP ( 'NONE', ( #6056, #10492 ) ) ;
#4813 = ORIENTED_EDGE ( 'NONE', *, *, #3202, .F. ) ;
#4814 = ORIENTED_EDGE ( 'NONE', *, *, #10517, .F. ) ;
#4815 = ORIENTED_EDGE ( 'NONE', *, *, #5952, .F. ) ;
#4816 = DIRECTION ( 'NONE',  ( -0.8660254037842890495, 0.5000000000002590150, 0.000000000000000000 ) ) ;
#4817 = CARTESIAN_POINT ( 'NONE',  ( -12.00000000000000000, 16.00000000000000000, -10.95849999999999902 ) ) ;
#4818 = EDGE_LOOP ( 'NONE', ( #4414, #1791 ) ) ;
#4819 = CARTESIAN_POINT ( 'NONE',  ( 11.84999999999999964, 27.04174243050399795, -135.0000000000000000 ) ) ;
#4820 = AXIS2_PLACEMENT_3D ( 'NONE', #10371, #3047, #6308 ) ;
#4821 = ADVANCED_FACE ( 'NONE', ( #9565 ), #8774, .T. ) ;
#4822 = AXIS2_PLACEMENT_3D ( 'NONE', #8066, #5777, #8227 ) ;
#4823 = EDGE_CURVE ( 'NONE', #4499, #8150, #4075, .T. ) ;
#4824 = CYLINDRICAL_SURFACE ( 'NONE', #2622, 0.2000000000005539014 ) ;
#4825 = EDGE_CURVE ( 'NONE', #6546, #5566, #1943, .T. ) ;
#4826 = EDGE_CURVE ( 'NONE', #4211, #1659, #7077, .T. ) ;
#4827 = DIRECTION ( 'NONE',  ( 1.000000000000000000, 0.000000000000000000, 0.000000000000000000 ) ) ;
#4828 = VECTOR ( 'NONE', #9760, 1000.000000000000000 ) ;
#4829 = DIRECTION ( 'NONE',  ( 0.000000000000000000, 0.000000000000000000, -1.000000000000000000 ) ) ;
#4830 = ORIENTED_EDGE ( 'NONE', *, *, #5630, .T. ) ;
#4831 = ORIENTED_EDGE ( 'NONE', *, *, #10381, .T. ) ;
#4832 = ORIENTED_EDGE ( 'NONE', *, *, #5481, .F. ) ;
#4833 = DIRECTION ( 'NONE',  ( 0.000000000000000000, 1.000000000000000000, 0.000000000000000000 ) ) ;
#4834 = VECTOR ( 'NONE', #3183, 1000.000000000000000 ) ;
#4835 = PRESENTATION_STYLE_ASSIGNMENT (( #5638 ) ) ;
#4836 = CARTESIAN_POINT ( 'NONE',  ( -8.625131411548343507, -24.62886347857197578, -151.8730948080145140 ) ) ;
#4837 = ORIENTED_EDGE ( 'NONE', *, *, #7641, .F. ) ;
#4838 = CARTESIAN_POINT ( 'NONE',  ( -3.647273485673900417, -22.00000000000000000, -4.000000000000000000 ) ) ;
#4839 = CARTESIAN_POINT ( 'NONE',  ( 1.000000000000000000, 32.99999999999945288, -17.00000000000000000 ) ) ;
#4840 = ADVANCED_FACE ( 'NONE', ( #1595 ), #3105, .F. ) ;
#4841 = CARTESIAN_POINT ( 'NONE',  ( 0.000000000000000000, 13.54149999999999920, -143.5000000000000000 ) ) ;
#4842 = CARTESIAN_POINT ( 'NONE',  ( 0.000000000000000000, 0.000000000000000000, -152.0000000000000000 ) ) ;
#4843 = AXIS2_PLACEMENT_3D ( 'NONE', #7384, #9735, #9688 ) ;
#4844 = LINE ( 'NONE', #7252, #10146 ) ;
#4845 = CARTESIAN_POINT ( 'NONE',  ( -8.750000000000300204, -24.70096189432365108, -150.0000000000000000 ) ) ;
#4846 = VERTEX_POINT ( 'NONE', #10541 ) ;
#4847 = EDGE_CURVE ( 'NONE', #4211, #5271, #8828, .T. ) ;
#4848 = EDGE_CURVE ( 'NONE', #2307, #3443, #7322, .T. ) ;
#4849 = DIRECTION ( 'NONE',  ( -0.5000000000002420286, 0.8660254037842989305, 0.000000000000000000 ) ) ;
#4850 = DIRECTION ( 'NONE',  ( 0.000000000000000000, 0.000000000000000000, 1.000000000000000000 ) ) ;
#4851 = ORIENTED_EDGE ( 'NONE', *, *, #8158, .F. ) ;
#4852 = VECTOR ( 'NONE', #8785, 1000.000000000000000 ) ;
#4853 = PLANE ( 'NONE',  #9776 ) ;
#4854 = EDGE_CURVE ( 'NONE', #2346, #8892, #7105, .T. ) ;
#4855 = CARTESIAN_POINT ( 'NONE',  ( 1.738422021547135099, -17.73842202154714798, -6.761577978452860016 ) ) ;
#4856 = CARTESIAN_POINT ( 'NONE',  ( -9.248999599679699202, 29.80000000000000071, -17.00000000000000000 ) ) ;
#4857 = AXIS2_PLACEMENT_3D ( 'NONE', #4232, #3421, #6689 ) ;
#4858 = VECTOR ( 'NONE', #5788, 1000.000000000000000 ) ;
#4859 = ORIENTED_EDGE ( 'NONE', *, *, #9339, .F. ) ;
#4860 = DIRECTION ( 'NONE',  ( 1.000000000000000000, 0.000000000000000000, 0.000000000000000000 ) ) ;
#4861 = EDGE_LOOP ( 'NONE', ( #4219, #6332, #519, #2044 ) ) ;
#4862 = DIRECTION ( 'NONE',  ( 0.000000000000000000, -1.000000000000000000, 0.000000000000000000 ) ) ;
#4863 = DIRECTION ( 'NONE',  ( 0.000000000000000000, 0.000000000000000000, 1.000000000000000000 ) ) ;
#4864 = CARTESIAN_POINT ( 'NONE',  ( -8.021096714234520419, -27.71987061392670171, -152.0000000000000000 ) ) ;
#4865 = AXIS2_PLACEMENT_3D ( 'NONE', #717, #4899, #8262 ) ;
#4866 = LINE ( 'NONE', #1649, #8061 ) ;
#4867 = AXIS2_PLACEMENT_3D ( 'NONE', #633, #7166, #5560 ) ;
#4868 = FACE_OUTER_BOUND ( 'NONE', #8043, .T. ) ;
#4869 = AXIS2_PLACEMENT_3D ( 'NONE', #1098, #10184, #4369 ) ;
#4870 = AXIS2_PLACEMENT_3D ( 'NONE', #3651, #7138, #6168 ) ;
#4871 = FACE_OUTER_BOUND ( 'NONE', #5456, .T. ) ;
#4872 = VECTOR ( 'NONE', #113, 1000.000000000000000 ) ;
#4873 = AXIS2_PLACEMENT_3D ( 'NONE', #7507, #9371, #1298 ) ;
#4874 = PRODUCT_DEFINITION_FORMATION_WITH_SPECIFIED_SOURCE ( 'ANY', '', #4274, .NOT_KNOWN. ) ;
#4875 = ORIENTED_EDGE ( 'NONE', *, *, #9451, .T. ) ;
#4876 = EDGE_LOOP ( 'NONE', ( #10051, #5918, #4757, #10562, #7405, #2554, #4977, #6914 ) ) ;
#4877 = ORIENTED_EDGE ( 'NONE', *, *, #7558, .T. ) ;
#4878 = DIRECTION ( 'NONE',  ( 0.000000000000000000, 1.000000000000000000, 0.000000000000000000 ) ) ;
#4879 = CARTESIAN_POINT ( 'NONE',  ( -1.738422021547135099, -17.73842202154714798, -145.2384220215472226 ) ) ;
#4880 = ORIENTED_EDGE ( 'NONE', *, *, #9548, .F. ) ;
#4881 = CARTESIAN_POINT ( 'NONE',  ( 0.000000000000000000, -30.00000000000000000, -8.500000000000000000 ) ) ;
#4882 = VECTOR ( 'NONE', #7221, 999.9999999999998863 ) ;
#4883 = CARTESIAN_POINT ( 'NONE',  ( 11.50000000000000000, 26.00000000000000000, -4.000000000000000000 ) ) ;
#4884 = DIRECTION ( 'NONE',  ( 1.000000000000000000, 0.000000000000000000, 0.000000000000000000 ) ) ;
#4885 = DIRECTION ( 'NONE',  ( 0.000000000000000000, 0.000000000000000000, 1.000000000000000000 ) ) ;
#4886 = VERTEX_POINT ( 'NONE', #4017 ) ;
#4887 = ORIENTED_EDGE ( 'NONE', *, *, #9739, .F. ) ;
#4888 = ORIENTED_EDGE ( 'NONE', *, *, #7137, .T. ) ;
#4889 = CYLINDRICAL_SURFACE ( 'NONE', #10016, 2.458500000000002572 ) ;
#4890 = ADVANCED_FACE ( 'NONE', ( #4871 ), #8127, .F. ) ;
#4891 = LINE ( 'NONE', #868, #9779 ) ;
#4892 = CARTESIAN_POINT ( 'NONE',  ( -8.750000000000291323, -24.70096189432365108, -2.000000000000000000 ) ) ;
#4893 = EDGE_CURVE ( 'NONE', #2163, #7202, #88, .T. ) ;
#4894 = ORIENTED_EDGE ( 'NONE', *, *, #1920, .T. ) ;
#4895 = DIRECTION ( 'NONE',  ( 0.000000000000000000, 0.000000000000000000, 1.000000000000000000 ) ) ;
#4896 = AXIS2_PLACEMENT_3D ( 'NONE', #9799, #2482, #9005 ) ;
#4897 = DIRECTION ( 'NONE',  ( 0.000000000000000000, 0.000000000000000000, 1.000000000000000000 ) ) ;
#4898 = DIRECTION ( 'NONE',  ( 1.000000000000000000, 0.000000000000000000, 0.000000000000000000 ) ) ;
#4899 = DIRECTION ( 'NONE',  ( 0.000000000000000000, 0.000000000000000000, 1.000000000000000000 ) ) ;
#4900 = AXIS2_PLACEMENT_3D ( 'NONE', #8725, #7978, #10547 ) ;
#4901 = VECTOR ( 'NONE', #9487, 1000.000000000000114 ) ;
#4902 = ADVANCED_FACE ( 'NONE', ( #3310 ), #4173, .T. ) ;
#4903 = CIRCLE ( 'NONE', #2809, 8.000000000000619949 ) ;
#4904 = DIRECTION ( 'NONE',  ( 0.000000000000000000, 0.000000000000000000, -1.000000000000000000 ) ) ;
#4905 = ORIENTED_EDGE ( 'NONE', *, *, #3221, .F. ) ;
#4906 = EDGE_CURVE ( 'NONE', #8861, #1505, #2146, .T. ) ;
#4907 = CARTESIAN_POINT ( 'NONE',  ( 12.00000000000000000, 16.00000000000000000, -6.041500000000000092 ) ) ;
#4908 = CARTESIAN_POINT ( 'NONE',  ( 0.000000000000000000, 0.000000000000000000, 0.000000000000000000 ) ) ;
#4909 = ORIENTED_EDGE ( 'NONE', *, *, #5424, .T. ) ;
#4910 = EDGE_CURVE ( 'NONE', #7992, #1343, #3365, .T. ) ;
#4911 = DIRECTION ( 'NONE',  ( -0.8660254037844479225, 1.060575238724918008E-16, 0.4999999999999839573 ) ) ;
#4912 = VECTOR ( 'NONE', #5590, 1000.000000000000000 ) ;
#4913 = DIRECTION ( 'NONE',  ( 0.000000000000000000, 0.000000000000000000, 1.000000000000000000 ) ) ;
#4914 = EDGE_CURVE ( 'NONE', #6002, #7202, #6758, .T. ) ;
#4915 = VECTOR ( 'NONE', #3257, 1000.000000000000000 ) ;
#4916 = ORIENTED_EDGE ( 'NONE', *, *, #3467, .T. ) ;
#4917 = DIRECTION ( 'NONE',  ( 0.000000000000000000, 0.000000000000000000, 1.000000000000000000 ) ) ;
#4918 = ORIENTED_EDGE ( 'NONE', *, *, #1351, .T. ) ;
#4919 = LINE ( 'NONE', #5871, #1046 ) ;
#4920 = CARTESIAN_POINT ( 'NONE',  ( -1.738422021547135099, -17.73842202154714798, -10.23842202154713910 ) ) ;
#4921 = CARTESIAN_POINT ( 'NONE',  ( 8.000000000000000000, 26.00000000000000000, 0.000000000000000000 ) ) ;
#4922 = CYLINDRICAL_SURFACE ( 'NONE', #2597, 4.000000000000305533 ) ;
#4923 = DIRECTION ( 'NONE',  ( 0.000000000000000000, 0.000000000000000000, 1.000000000000000000 ) ) ;
#4924 = VECTOR ( 'NONE', #9023, 999.9999999999998863 ) ;
#4925 = DIRECTION ( 'NONE',  ( 1.000000000000000000, 0.000000000000000000, 0.000000000000000000 ) ) ;
#4926 = ORIENTED_EDGE ( 'NONE', *, *, #52, .F. ) ;
#4927 = VERTEX_POINT ( 'NONE', #8586 ) ;
#4928 = EDGE_LOOP ( 'NONE', ( #8724, #1710, #2325, #7659, #1588, #10007, #2934, #4851, #5899, #5799, #5471, #6642, #7605, #6738, #6161, #4095, #9624, #3840, #912 ) ) ;
#4929 = DIRECTION ( 'NONE',  ( 0.000000000000000000, 0.000000000000000000, -1.000000000000000000 ) ) ;
#4930 = CARTESIAN_POINT ( 'NONE',  ( 8.500000000000000000, 25.50000000000000000, -121.0000000000000000 ) ) ;
#4931 = ORIENTED_EDGE ( 'NONE', *, *, #6596, .F. ) ;
#4932 = DIRECTION ( 'NONE',  ( 1.000000000000000000, 0.000000000000000000, 0.000000000000000000 ) ) ;
#4933 = CARTESIAN_POINT ( 'NONE',  ( -2.458500000000000352, 16.00000000000000000, -6.041500000000000092 ) ) ;
#4934 = FACE_OUTER_BOUND ( 'NONE', #10370, .T. ) ;
#4935 = EDGE_CURVE ( 'NONE', #9310, #4886, #1206, .T. ) ;
#4936 = VECTOR ( 'NONE', #2776, 1000.000000000000000 ) ;
#4937 = LINE ( 'NONE', #4136, #9573 ) ;
#4938 = ORIENTED_EDGE ( 'NONE', *, *, #543, .F. ) ;
#4939 = VERTEX_POINT ( 'NONE', #9381 ) ;
#4940 = ORIENTED_EDGE ( 'NONE', *, *, #6721, .F. ) ;
#4941 = DIRECTION ( 'NONE',  ( 1.000000000000000000, 0.000000000000000000, 0.000000000000000000 ) ) ;
#4942 = CARTESIAN_POINT ( 'NONE',  ( 1.000000000000000000, 33.20000000000000284, -135.0000000000000000 ) ) ;
#4943 = CARTESIAN_POINT ( 'NONE',  ( -8.350043717719364267, -24.46993798640023599, -151.9129407172351307 ) ) ;
#4944 = ORIENTED_EDGE ( 'NONE', *, *, #8483, .F. ) ;
#4945 = CARTESIAN_POINT ( 'NONE',  ( -6.850000000000000533, 34.60000000000059828, -135.0000000000000000 ) ) ;
#4946 = CARTESIAN_POINT ( 'NONE',  ( 8.000000000000000000, 27.73205080756900287, -2.000000000000000000 ) ) ;
#4947 = VECTOR ( 'NONE', #8119, 999.9999999999998863 ) ;
#4948 = CARTESIAN_POINT ( 'NONE',  ( 6.500000000000000000, 25.13397459621599950, -150.0000000000000000 ) ) ;
#4949 = CYLINDRICAL_SURFACE ( 'NONE', #2933, 2.000000000000000000 ) ;
#4950 = CARTESIAN_POINT ( 'NONE',  ( -8.000000000000000000, -27.73205080756900287, -2.000000000000000000 ) ) ;
#4951 = EDGE_CURVE ( 'NONE', #5561, #5671, #1955, .T. ) ;
#4952 = ORIENTED_EDGE ( 'NONE', *, *, #5501, .T. ) ;
#4953 = CARTESIAN_POINT ( 'NONE',  ( -6.499999999999998224, -25.64574687329952596, -0.1031939313854598611 ) ) ;
#4954 = VERTEX_POINT ( 'NONE', #5028 ) ;
#4955 = DIRECTION ( 'NONE',  ( -0.000000000000000000, 1.000000000000000000, 0.000000000000000000 ) ) ;
#4956 = ORIENTED_EDGE ( 'NONE', *, *, #8614, .F. ) ;
#4957 = CARTESIAN_POINT ( 'NONE',  ( 2.458500000000000352, -16.00000000000000000, -152.0000000000000000 ) ) ;
#4958 = PLANE ( 'NONE',  #811 ) ;
#4959 = EDGE_CURVE ( 'NONE', #2645, #4603, #2868, .T. ) ;
#4960 = ADVANCED_FACE ( 'NONE', ( #10131 ), #1088, .F. ) ;
#4961 = CYLINDRICAL_SURFACE ( 'NONE', #6899, 0.2000000000005539014 ) ;
#4962 = EDGE_LOOP ( 'NONE', ( #7498, #3063, #7675, #196 ) ) ;
#4963 = PLANE ( 'NONE',  #7170 ) ;
#4964 = VERTEX_POINT ( 'NONE', #8488 ) ;
#4965 = CARTESIAN_POINT ( 'NONE',  ( -9.478903285766058673, -25.12179440257400032, 0.000000000000000000 ) ) ;
#4966 = CARTESIAN_POINT ( 'NONE',  ( 7.478439463459036318, 27.43092769139819964, -0.1267595575000232400 ) ) ;
#4967 = CIRCLE ( 'NONE', #860, 1.720000000000000195 ) ;
#4968 = DIRECTION ( 'NONE',  ( -1.000000000000000000, 0.000000000000000000, 0.000000000000000000 ) ) ;
#4969 = DIRECTION ( 'NONE',  ( 0.000000000000000000, 0.000000000000000000, -1.000000000000000000 ) ) ;
#4970 = EDGE_CURVE ( 'NONE', #7611, #4027, #3832, .T. ) ;
#4971 = DIRECTION ( 'NONE',  ( -1.000000000000000000, 0.000000000000000000, 0.000000000000000000 ) ) ;
#4972 = AXIS2_PLACEMENT_3D ( 'NONE', #8382, #2713, #5981 ) ;
#4973 = EDGE_CURVE ( 'NONE', #2017, #6736, #6134, .T. ) ;
#4974 = DIRECTION ( 'NONE',  ( 0.000000000000000000, 0.000000000000000000, -1.000000000000000000 ) ) ;
#4975 = VERTEX_POINT ( 'NONE', #9036 ) ;
#4976 = ORIENTED_EDGE ( 'NONE', *, *, #3882, .T. ) ;
#4977 = ORIENTED_EDGE ( 'NONE', *, *, #9274, .F. ) ;
#4978 = FACE_BOUND ( 'NONE', #1988, .T. ) ;
#4979 = LINE ( 'NONE', #853, #5198 ) ;
#4980 = ORIENTED_EDGE ( 'NONE', *, *, #7181, .F. ) ;
#4981 = PLANE ( 'NONE',  #3739 ) ;
#4982 = EDGE_CURVE ( 'NONE', #10061, #6017, #6245, .T. ) ;
#4983 = VECTOR ( 'NONE', #1132, 999.9999999999998863 ) ;
#4984 = EDGE_CURVE ( 'NONE', #8711, #7764, #4372, .T. ) ;
#4985 = EDGE_CURVE ( 'NONE', #3354, #6630, #5280, .T. ) ;
#4986 = DIRECTION ( 'NONE',  ( 0.000000000000000000, 0.000000000000000000, -1.000000000000000000 ) ) ;
#4987 = CIRCLE ( 'NONE', #730, 3.400000000000000355 ) ;
#4988 = DIRECTION ( 'NONE',  ( 0.000000000000000000, 0.000000000000000000, 1.000000000000000000 ) ) ;
#4989 = CIRCLE ( 'NONE', #7539, 2.458500000000000352 ) ;
#4990 = DIRECTION ( 'NONE',  ( 0.000000000000000000, 0.000000000000000000, -1.000000000000000000 ) ) ;
#4991 = ORIENTED_EDGE ( 'NONE', *, *, #5222, .F. ) ;
#4992 = VERTEX_POINT ( 'NONE', #8534 ) ;
#4993 = ORIENTED_EDGE ( 'NONE', *, *, #3407, .F. ) ;
#4994 = CARTESIAN_POINT ( 'NONE',  ( 0.000000000000000000, 0.000000000000000000, -152.0000000000000000 ) ) ;
#4995 = FILL_AREA_STYLE_COLOUR ( '', #5687 ) ;
#4996 = CARTESIAN_POINT ( 'NONE',  ( 8.200000000000549960, -16.00000000000000000, -13.50000000000000000 ) ) ;
#4997 = EDGE_LOOP ( 'NONE', ( #5795, #7779 ) ) ;
#4998 = DIRECTION ( 'NONE',  ( 0.000000000000000000, 0.000000000000000000, 1.000000000000000000 ) ) ;
#4999 = CARTESIAN_POINT ( 'NONE',  ( -11.84999999999999964, -29.50000000000000000, -135.0000000000000000 ) ) ;
#5000 = DIRECTION ( 'NONE',  ( 0.000000000000000000, 0.000000000000000000, 1.000000000000000000 ) ) ;
#5001 = CIRCLE ( 'NONE', #5342, 4.283000000000000362 ) ;
#5002 = EDGE_CURVE ( 'NONE', #8130, #6821, #338, .T. ) ;
#5003 = DIRECTION ( 'NONE',  ( 0.000000000000000000, 0.000000000000000000, 1.000000000000000000 ) ) ;
#5004 = AXIS2_PLACEMENT_3D ( 'NONE', #9427, #10349, #7780 ) ;
#5005 = EDGE_LOOP ( 'NONE', ( #9038, #3396, #9530 ) ) ;
#5006 = DIRECTION ( 'NONE',  ( 0.000000000000000000, 0.000000000000000000, -1.000000000000000000 ) ) ;
#5007 = VERTEX_POINT ( 'NONE', #2059 ) ;
#5008 = DIRECTION ( 'NONE',  ( -1.000000000000000000, 0.000000000000000000, 0.000000000000000000 ) ) ;
#5009 = APPLICATION_PROTOCOL_DEFINITION ( 'draft international standard', 'automotive_design', 1998, #7345 ) ;
#5010 = VERTEX_POINT ( 'NONE', #10188 ) ;
#5011 = CARTESIAN_POINT ( 'NONE',  ( -2.458499999999998575, 14.55984404309426772, -10.95849999999999547 ) ) ;
#5012 = AXIS2_PLACEMENT_3D ( 'NONE', #4099, #3235, #8900 ) ;
#5013 = DIRECTION ( 'NONE',  ( -1.000000000000000000, 0.000000000000000000, 0.000000000000000000 ) ) ;
#5014 = CARTESIAN_POINT ( 'NONE',  ( 1.440155956905744050, 13.54150000000001342, -9.940155956905741164 ) ) ;
#5015 = ADVANCED_FACE ( 'NONE', ( #6582 ), #2800, .F. ) ;
#5016 = AXIS2_PLACEMENT_3D ( 'NONE', #2257, #2208, #6216 ) ;
#5017 = PLANE ( 'NONE',  #9545 ) ;
#5018 = ORIENTED_EDGE ( 'NONE', *, *, #448, .T. ) ;
#5019 = EDGE_CURVE ( 'NONE', #6651, #8914, #8786, .T. ) ;
#5020 = CARTESIAN_POINT ( 'NONE',  ( -9.500000000000000000, -25.13397459621599950, -152.0000000000000000 ) ) ;
#5021 = CARTESIAN_POINT ( 'NONE',  ( -6.521096714233939551, -25.12179440257400032, -152.0000000000000000 ) ) ;
#5022 = EDGE_CURVE ( 'NONE', #3095, #3428, #3003, .T. ) ;
#5023 = CARTESIAN_POINT ( 'NONE',  ( -1.500000000000000000, 20.30000000000605098, -143.5000000000000000 ) ) ;
#5024 = DIRECTION ( 'NONE',  ( 0.000000000000000000, 0.000000000000000000, 1.000000000000000000 ) ) ;
#5025 = DIRECTION ( 'NONE',  ( 0.000000000000000000, 1.000000000000000000, 0.000000000000000000 ) ) ;
#5026 = ADVANCED_FACE ( 'NONE', ( #2974 ), #8805, .T. ) ;
#5027 = CIRCLE ( 'NONE', #4172, 3.100000000000035172 ) ;
#5028 = CARTESIAN_POINT ( 'NONE',  ( 2.458500000000000352, 16.00000000000000000, -141.0414999999999850 ) ) ;
#5029 = ORIENTED_EDGE ( 'NONE', *, *, #4118, .F. ) ;
#5030 = ADVANCED_FACE ( 'NONE', ( #2224 ), #9124, .T. ) ;
#5031 = AXIS2_PLACEMENT_3D ( 'NONE', #7017, #10278, #5317 ) ;
#5032 = ORIENTED_EDGE ( 'NONE', *, *, #10118, .T. ) ;
#5033 = EDGE_LOOP ( 'NONE', ( #6195, #6767, #8942 ) ) ;
#5034 = CARTESIAN_POINT ( 'NONE',  ( 8.000000000000000000, 26.00000000000000000, -150.0000000000000000 ) ) ;
#5035 = MANIFOLD_SOLID_BREP ( 'NONE', #4007 ) ;
#5036 = CARTESIAN_POINT ( 'NONE',  ( 6.500000000000000000, 25.15833498349994812, 0.000000000000000000 ) ) ;
#5037 = AXIS2_PLACEMENT_3D ( 'NONE', #8000, #4527, #6981 ) ;
#5038 = ORIENTED_EDGE ( 'NONE', *, *, #9126, .F. ) ;
#5039 = DIRECTION ( 'NONE',  ( 0.000000000000000000, 0.000000000000000000, -1.000000000000000000 ) ) ;
#5040 = ADVANCED_FACE ( 'NONE', ( #2916 ), #7035, .F. ) ;
#5041 = CIRCLE ( 'NONE', #3638, 5.000000000000000888 ) ;
#5042 = AXIS2_PLACEMENT_3D ( 'NONE', #1555, #9847, #4884 ) ;
#5043 = CARTESIAN_POINT ( 'NONE',  ( 12.00000000000000000, 26.00000000000000000, -148.0000000000000000 ) ) ;
#5044 = B_SPLINE_CURVE_WITH_KNOTS ( 'NONE', 3,
 ( #296, #5874, #7636, #2608, #6886, #5128, #2714, #10140, #7738, #6787, #3414, #1161, #5983, #8437, #8338, #3570, #9137, #6835, #1805, #2823 ),
 .UNSPECIFIED., .F., .F.,
 ( 4, 2, 2, 2, 2, 2, 2, 2, 2, 4 ),
 ( 0.000000000000000000, 0.1249999999999808487, 0.1874999999999795997, 0.2499999999999783507, 0.4999999999999761302, 0.6249999999999750200, 0.6874999999999744649, 0.7187499999999742428, 0.7499999999999740208, 1.000000000000000000 ),
 .UNSPECIFIED. ) ;
#5045 = AXIS2_PLACEMENT_3D ( 'NONE', #7316, #5610, #3859 ) ;
#5046 = CARTESIAN_POINT ( 'NONE',  ( 0.000000000000000000, 0.000000000000000000, -150.0000000000000000 ) ) ;
#5047 = EDGE_CURVE ( 'NONE', #3095, #7564, #5539, .T. ) ;
#5048 = CONICAL_SURFACE ( 'NONE', #8287, 1.719999999999999307, 1.047197551196596965 ) ;
#5049 = CARTESIAN_POINT ( 'NONE',  ( 11.09999999999999964, 26.00000000000000000, -152.0000000000000000 ) ) ;
#5050 = ORIENTED_EDGE ( 'NONE', *, *, #1108, .T. ) ;
#5051 = VERTEX_POINT ( 'NONE', #10356 ) ;
#5052 = EDGE_LOOP ( 'NONE', ( #3741, #5568, #4544, #10523 ) ) ;
#5053 = FACE_OUTER_BOUND ( 'NONE', #3785, .T. ) ;
#5054 = VECTOR ( 'NONE', #1099, 1000.000000000000000 ) ;
#5055 = DIRECTION ( 'NONE',  ( -1.000000000000000000, 0.000000000000000000, 0.000000000000000000 ) ) ;
#5056 = PRODUCT_DEFINITION_SHAPE ( 'NONE', 'NONE',  #10599 ) ;
#5057 = CARTESIAN_POINT ( 'NONE',  ( -9.500000000000000000, -26.86602540378400050, 0.000000000000000000 ) ) ;
#5058 = EDGE_LOOP ( 'NONE', ( #3697, #2170, #5165, #1687 ) ) ;
#5059 = DIRECTION ( 'NONE',  ( 0.000000000000000000, 0.000000000000000000, -1.000000000000000000 ) ) ;
#5060 = FACE_OUTER_BOUND ( 'NONE', #2001, .T. ) ;
#5061 = LINE ( 'NONE', #6706, #5548 ) ;
#5062 = DIRECTION ( 'NONE',  ( -1.000000000000000000, 0.000000000000000000, 0.000000000000000000 ) ) ;
#5063 = FACE_OUTER_BOUND ( 'NONE', #2615, .T. ) ;
#5064 = VERTEX_POINT ( 'NONE', #3945 ) ;
#5065 = LINE ( 'NONE', #4306, #616 ) ;
#5066 = ORIENTED_EDGE ( 'NONE', *, *, #4973, .F. ) ;
#5067 = CARTESIAN_POINT ( 'NONE',  ( 6.500000000000000000, 25.13397459621599950, 0.000000000000000000 ) ) ;
#5068 = FACE_BOUND ( 'NONE', #688, .T. ) ;
#5069 = AXIS2_PLACEMENT_3D ( 'NONE', #532, #1548, #3809 ) ;
#5070 = DIRECTION ( 'NONE',  ( 0.000000000000000000, 0.000000000000000000, -1.000000000000000000 ) ) ;
#5071 = DIRECTION ( 'NONE',  ( 0.000000000000000000, 0.000000000000000000, 1.000000000000000000 ) ) ;
#5072 = AXIS2_PLACEMENT_3D ( 'NONE', #3229, #2061, #2870 ) ;
#5073 = EDGE_CURVE ( 'NONE', #8342, #3204, #2116, .T. ) ;
#5074 = CIRCLE ( 'NONE', #6615, 0.2000000000005539014 ) ;
#5075 = DIRECTION ( 'NONE',  ( 1.000000000000000000, 0.000000000000000000, 0.000000000000000000 ) ) ;
#5076 = ORIENTED_EDGE ( 'NONE', *, *, #3210, .F. ) ;
#5077 = CARTESIAN_POINT ( 'NONE',  ( -9.500000000000000000, -26.86602540378400050, -152.0000000000000000 ) ) ;
#5078 = FACE_OUTER_BOUND ( 'NONE', #2255, .T. ) ;
#5079 = CIRCLE ( 'NONE', #10365, 2.458500000000000352 ) ;
#5080 = CARTESIAN_POINT ( 'NONE',  ( 8.000000000000000000, 27.73205080756900287, -2.000000000000000000 ) ) ;
#5081 = DIRECTION ( 'NONE',  ( 1.000000000000000000, 0.000000000000000000, 0.000000000000000000 ) ) ;
#5082 = DIRECTION ( 'NONE',  ( 0.000000000000000000, 0.000000000000000000, -1.000000000000000000 ) ) ;
#5083 = AXIS2_PLACEMENT_3D ( 'NONE', #2888, #3585, #5353 ) ;
#5084 = ORIENTED_EDGE ( 'NONE', *, *, #9525, .F. ) ;
#5085 = VERTEX_POINT ( 'NONE', #615 ) ;
#5086 = ORIENTED_EDGE ( 'NONE', *, *, #3221, .T. ) ;
#5087 = DIRECTION ( 'NONE',  ( -1.000000000000000000, 0.000000000000000000, 0.000000000000000000 ) ) ;
#5088 = FACE_OUTER_BOUND ( 'NONE', #6139, .T. ) ;
#5089 = ORIENTED_EDGE ( 'NONE', *, *, #1759, .T. ) ;
#5090 = CARTESIAN_POINT ( 'NONE',  ( -4.136184427528459828, 5.594299507796320312E-16, 9.599415897570182210 ) ) ;
#5091 = CARTESIAN_POINT ( 'NONE',  ( 6.912668828970760515, 27.10446103427543463, -151.9015776322531508 ) ) ;
#5092 = AXIS2_PLACEMENT_3D ( 'NONE', #4278, #102, #7326 ) ;
#5093 = B_SPLINE_CURVE_WITH_KNOTS ( 'NONE', 3,
 ( #4296, #982, #5268, #2693, #6919, #5963, #2638, #1192, #8412, #9214 ),
 .UNSPECIFIED., .F., .F.,
 ( 4, 1, 1, 2, 2, 4 ),
 ( 0.000000000000000000, 0.2500000000000051070, 0.3750000000000076605, 0.4375000000000029976, 0.4999999999999983347, 1.000000000000000000 ),
 .UNSPECIFIED. ) ;
#5094 = DIRECTION ( 'NONE',  ( 0.000000000000000000, 0.000000000000000000, 1.000000000000000000 ) ) ;
#5095 = EDGE_CURVE ( 'NONE', #7764, #1236, #8648, .T. ) ;
#5096 = CARTESIAN_POINT ( 'NONE',  ( 9.350000000000001421, 35.00000000000000000, -17.00000000000000000 ) ) ;
#5097 = EDGE_CURVE ( 'NONE', #10316, #8528, #9459, .T. ) ;
#5098 = DIRECTION ( 'NONE',  ( 0.000000000000000000, 0.000000000000000000, -1.000000000000000000 ) ) ;
#5099 = EDGE_LOOP ( 'NONE', ( #7126, #4781, #480, #6440 ) ) ;
#5100 = ORIENTED_EDGE ( 'NONE', *, *, #2531, .T. ) ;
#5101 = ORIENTED_EDGE ( 'NONE', *, *, #8371, .F. ) ;
#5102 = CYLINDRICAL_SURFACE ( 'NONE', #177, 3.499999999999999556 ) ;
#5103 = CARTESIAN_POINT ( 'NONE',  ( -2.458500000000000352, -16.00000000000000000, -152.0000000000000000 ) ) ;
#5104 = VERTEX_POINT ( 'NONE', #5441 ) ;
#5105 = EDGE_CURVE ( 'NONE', #3791, #5164, #8701, .T. ) ;
#5106 = FACE_BOUND ( 'NONE', #10268, .T. ) ;
#5107 = CARTESIAN_POINT ( 'NONE',  ( 12.00000000000000000, 16.00000000000000000, -10.95849999999999902 ) ) ;
#5108 = DIRECTION ( 'NONE',  ( 0.000000000000000000, 0.000000000000000000, -1.000000000000000000 ) ) ;
#5109 = VECTOR ( 'NONE', #3062, 1000.000000000000000 ) ;
#5110 = FACE_OUTER_BOUND ( 'NONE', #1544, .T. ) ;
#5111 = ORIENTED_EDGE ( 'NONE', *, *, #2225, .T. ) ;
#5112 = CARTESIAN_POINT ( 'NONE',  ( -6.500000000000000000, -26.86602540378400050, -152.0000000000000000 ) ) ;
#5113 = VERTEX_POINT ( 'NONE', #4634 ) ;
#5114 = CARTESIAN_POINT ( 'NONE',  ( -9.500000000000000000, -26.84166501650005188, -152.0000000000000000 ) ) ;
#5115 = ORIENTED_EDGE ( 'NONE', *, *, #5222, .T. ) ;
#5116 = CARTESIAN_POINT ( 'NONE',  ( -1.440155956905744050, 13.54150000000001342, -9.940155956905741164 ) ) ;
#5117 = ADVANCED_FACE ( 'NONE', ( #9544 ), #5491, .F. ) ;
#5118 = CARTESIAN_POINT ( 'NONE',  ( -8.500000000000000000, 25.50000000000000000, -121.0000000000000000 ) ) ;
#5119 = DIRECTION ( 'NONE',  ( -1.000000000000000000, 0.000000000000000000, 0.000000000000000000 ) ) ;
#5120 = CARTESIAN_POINT ( 'NONE',  ( -1.649999999999999911, 34.60000000000059828, -17.00000000000000000 ) ) ;
#5121 = EDGE_CURVE ( 'NONE', #2546, #1195, #8615, .T. ) ;
#5122 = CARTESIAN_POINT ( 'NONE',  ( -12.05000000000064020, 27.50000000000000000, -135.0000000000000000 ) ) ;
#5123 = VERTEX_POINT ( 'NONE', #7949 ) ;
#5124 = DIRECTION ( 'NONE',  ( 1.000000000000000000, 0.000000000000000000, 0.000000000000000000 ) ) ;
#5125 = CARTESIAN_POINT ( 'NONE',  ( -3.750000000000000000, 7.250000000000000000, -150.6715170305899960 ) ) ;
#5126 = DIRECTION ( 'NONE',  ( 0.000000000000000000, 0.000000000000000000, 1.000000000000000000 ) ) ;
#5127 = AXIS2_PLACEMENT_3D ( 'NONE', #5023, #9031, #5714 ) ;
#5128 = CARTESIAN_POINT ( 'NONE',  ( -6.499848478098284588, -26.49302837142133882, -151.9184548218726150 ) ) ;
#5129 = CARTESIAN_POINT ( 'NONE',  ( -1.500000000000000000, 29.80000000000000071, -139.2170000000000130 ) ) ;
#5130 = EDGE_CURVE ( 'NONE', #6761, #5968, #3323, .T. ) ;
#5131 = VERTEX_POINT ( 'NONE', #3237 ) ;
#5132 = ORIENTED_EDGE ( 'NONE', *, *, #588, .F. ) ;
#5133 = ORIENTED_EDGE ( 'NONE', *, *, #1808, .T. ) ;
#5134 = FACE_OUTER_BOUND ( 'NONE', #7464, .T. ) ;
#5135 = LINE ( 'NONE', #7535, #2802 ) ;
#5136 = ORIENTED_EDGE ( 'NONE', *, *, #3312, .T. ) ;
#5137 = DIRECTION ( 'NONE',  ( -1.000000000000000000, 0.000000000000000000, 0.000000000000000000 ) ) ;
#5138 = CARTESIAN_POINT ( 'NONE',  ( 7.458499999999999908, -16.00000000000000000, -6.041500000000000092 ) ) ;
#5139 = FACE_OUTER_BOUND ( 'NONE', #9709, .T. ) ;
#5140 = CARTESIAN_POINT ( 'NONE',  ( 8.000000000000000000, 27.73205080756900287, 0.000000000000000000 ) ) ;
#5141 = CARTESIAN_POINT ( 'NONE',  ( 11.79999999999944116, -16.00000000000000000, -8.500000000000000000 ) ) ;
#5142 = AXIS2_PLACEMENT_3D ( 'NONE', #5392, #8651, #2334 ) ;
#5143 = EDGE_CURVE ( 'NONE', #4082, #9781, #1444, .T. ) ;
#5144 = EDGE_CURVE ( 'NONE', #7606, #1656, #2129, .T. ) ;
#5145 = CIRCLE ( 'NONE', #876, 4.283000000000000362 ) ;
#5146 = DIRECTION ( 'NONE',  ( -1.000000000000000000, 0.000000000000000000, 0.000000000000000000 ) ) ;
#5147 = VERTEX_POINT ( 'NONE', #3391 ) ;
#5148 = EDGE_LOOP ( 'NONE', ( #2948, #5709, #9770, #7225 ) ) ;
#5149 = EDGE_LOOP ( 'NONE', ( #1747, #5225, #79 ) ) ;
#5150 = CARTESIAN_POINT ( 'NONE',  ( 2.000000000000000000, 2.449293598294690144E-16, -145.0000000000000000 ) ) ;
#5151 = AXIS2_PLACEMENT_3D ( 'NONE', #7479, #6730, #3619 ) ;
#5152 = CARTESIAN_POINT ( 'NONE',  ( 9.500005384162738764, 25.85717097616252858, -151.8729764495684265 ) ) ;
#5153 = ADVANCED_FACE ( 'NONE', ( #7402 ), #753, .T. ) ;
#5154 = ADVANCED_FACE ( 'NONE', ( #4049 ), #5805, .F. ) ;
#5155 = VERTEX_POINT ( 'NONE', #9754 ) ;
#5156 = CARTESIAN_POINT ( 'NONE',  ( -9.356504433517839558, -26.94886203677062397, -151.9620123774434148 ) ) ;
#5157 = ADVANCED_FACE ( 'NONE', ( #9061 ), #3992, .T. ) ;
#5158 = LINE ( 'NONE', #2795, #5210 ) ;
#5159 = LINE ( 'NONE', #125, #5926 ) ;
#5160 = LINE ( 'NONE', #276, #935 ) ;
#5161 = VECTOR ( 'NONE', #7633, 1000.000000000000114 ) ;
#5162 = CIRCLE ( 'NONE', #9102, 5.049999999999943867 ) ;
#5163 = ORIENTED_EDGE ( 'NONE', *, *, #6424, .F. ) ;
#5164 = VERTEX_POINT ( 'NONE', #4152 ) ;
#5165 = ORIENTED_EDGE ( 'NONE', *, *, #10067, .F. ) ;
#5166 = CARTESIAN_POINT ( 'NONE',  ( 5.623256421014199979, 1.667762141431804901, 7.935661521442800570 ) ) ;
#5167 = DIRECTION ( 'NONE',  ( 0.000000000000000000, 0.000000000000000000, -1.000000000000000000 ) ) ;
#5168 = ORIENTED_EDGE ( 'NONE', *, *, #72, .F. ) ;
#5169 = CARTESIAN_POINT ( 'NONE',  ( 0.000000000000000000, 0.000000000000000000, 11.97272967750899930 ) ) ;
#5170 = AXIS2_PLACEMENT_3D ( 'NONE', #9118, #8526, #1198 ) ;
#5171 = EDGE_CURVE ( 'NONE', #493, #4543, #4844, .T. ) ;
#5172 = CARTESIAN_POINT ( 'NONE',  ( 8.000000000000000000, 26.00000000000000000, -150.0000000000000000 ) ) ;
#5173 = CIRCLE ( 'NONE', #1399, 2.458500000000000352 ) ;
#5174 = DIRECTION ( 'NONE',  ( -1.000000000000000000, 0.000000000000000000, 0.000000000000000000 ) ) ;
#5175 = CARTESIAN_POINT ( 'NONE',  ( 0.000000000000000000, -13.54149999999999920, -8.500000000000000000 ) ) ;
#5176 = EDGE_CURVE ( 'NONE', #253, #1819, #9864, .T. ) ;
#5177 = CIRCLE ( 'NONE', #1238, 4.000000000000305533 ) ;
#5178 = CARTESIAN_POINT ( 'NONE',  ( -7.999999999999699796, -30.00000000000000000, -17.00000000000000000 ) ) ;
#5179 = ORIENTED_EDGE ( 'NONE', *, *, #392, .T. ) ;
#5180 = ADVANCED_FACE ( 'NONE', ( #1728 ), #8098, .T. ) ;
#5181 = CARTESIAN_POINT ( 'NONE',  ( -12.00000000000000000, -22.00000000000000000, -148.0000000000000000 ) ) ;
#5182 = CARTESIAN_POINT ( 'NONE',  ( 8.500000000000000000, 25.50000000000000000, -31.00000000000000000 ) ) ;
#5183 = LINE ( 'NONE', #9343, #4801 ) ;
#5184 = CARTESIAN_POINT ( 'NONE',  ( 7.999999999999699796, -30.00000000000000000, -152.0000000000000000 ) ) ;
#5185 = LINE ( 'NONE', #8497, #1840 ) ;
#5186 = VECTOR ( 'NONE', #8683, 1000.000000000000000 ) ;
#5187 = ORIENTED_EDGE ( 'NONE', *, *, #5734, .F. ) ;
#5188 = ORIENTED_EDGE ( 'NONE', *, *, #2892, .F. ) ;
#5189 = CARTESIAN_POINT ( 'NONE',  ( -9.499999999998799183, -25.85691432270455437, -151.8729829407793375 ) ) ;
#5190 = CARTESIAN_POINT ( 'NONE',  ( 0.000000000000000000, 16.00000000000000000, -151.2084999999999866 ) ) ;
#5191 = ORIENTED_EDGE ( 'NONE', *, *, #4659, .F. ) ;
#5192 = CARTESIAN_POINT ( 'NONE',  ( -2.114726455570119956, 26.96507328603669862, -17.00000000000000000 ) ) ;
#5193 = CARTESIAN_POINT ( 'NONE',  ( 7.856513453035342209, 27.64919824149973238, -151.9620123383785142 ) ) ;
#5194 = CARTESIAN_POINT ( 'NONE',  ( 1.200000000000553957, 32.99999999999945288, -135.0000000000000000 ) ) ;
#5195 = AXIS2_PLACEMENT_3D ( 'NONE', #9947, #8300, #5892 ) ;
#5196 = DIRECTION ( 'NONE',  ( -0.2588190451025245697, -0.9659258262890672020, 0.000000000000000000 ) ) ;
#5197 = DIRECTION ( 'NONE',  ( 1.000000000000000000, 0.000000000000000000, 0.000000000000000000 ) ) ;
#5198 = VECTOR ( 'NONE', #1012, 1000.000000000000000 ) ;
#5199 = CONICAL_SURFACE ( 'NONE', #1948, 1.719999999999999307, 1.047197551202452059 ) ;
#5200 = CARTESIAN_POINT ( 'NONE',  ( -1.500000000000000000, 19.80000000000000071, -147.2829999999939901 ) ) ;
#5201 = VERTEX_POINT ( 'NONE', #9912 ) ;
#5202 = ORIENTED_EDGE ( 'NONE', *, *, #9037, .F. ) ;
#5203 = ORIENTED_EDGE ( 'NONE', *, *, #6683, .T. ) ;
#5204 = CARTESIAN_POINT ( 'NONE',  ( 9.500000000000000000, 26.86602540378400050, -2.000000000000000000 ) ) ;
#5205 = CARTESIAN_POINT ( 'NONE',  ( 0.000000000000000000, 0.000000000000000000, -150.0000000000000000 ) ) ;
#5206 = CONICAL_SURFACE ( 'NONE', #3848, 1.719999999999999307, 1.047197551202452059 ) ;
#5207 = ORIENTED_EDGE ( 'NONE', *, *, #1270, .T. ) ;
#5208 = AXIS2_PLACEMENT_3D ( 'NONE', #9617, #6309, #8920 ) ;
#5209 = PLANE ( 'NONE',  #8598 ) ;
#5210 = VECTOR ( 'NONE', #9112, 1000.000000000000000 ) ;
#5211 = DIRECTION ( 'NONE',  ( 0.000000000000000000, 0.000000000000000000, 1.000000000000000000 ) ) ;
#5212 = LINE ( 'NONE', #8470, #1308 ) ;
#5213 = ADVANCED_FACE ( 'NONE', ( #5854 ), #6735, .F. ) ;
#5214 = DIRECTION ( 'NONE',  ( 0.000000000000000000, 0.000000000000000000, 1.000000000000000000 ) ) ;
#5215 = VECTOR ( 'NONE', #7333, 1000.000000000000000 ) ;
#5216 = AXIS2_PLACEMENT_3D ( 'NONE', #9253, #5146, #1020 ) ;
#5217 = EDGE_CURVE ( 'NONE', #3216, #1451, #9136, .T. ) ;
#5218 = CIRCLE ( 'NONE', #1619, 8.000000000000611067 ) ;
#5219 = AXIS2_PLACEMENT_3D ( 'NONE', #8493, #5338, #8594 ) ;
#5220 = ORIENTED_EDGE ( 'NONE', *, *, #6890, .T. ) ;
#5221 = ORIENTED_EDGE ( 'NONE', *, *, #5632, .T. ) ;
#5222 = EDGE_CURVE ( 'NONE', #2528, #5164, #2430, .T. ) ;
#5223 = DIRECTION ( 'NONE',  ( 0.000000000000000000, 0.000000000000000000, -1.000000000000000000 ) ) ;
#5224 = CARTESIAN_POINT ( 'NONE',  ( -9.500155450487662634, -26.56150130222437511, -151.9286250037386878 ) ) ;
#5225 = ORIENTED_EDGE ( 'NONE', *, *, #3324, .T. ) ;
#5226 = CARTESIAN_POINT ( 'NONE',  ( 2.458500000000000352, -16.00000000000000000, -145.9584999999999866 ) ) ;
#5227 = DIRECTION ( 'NONE',  ( 0.5000000000002374767, -0.8660254037843015951, 0.000000000000000000 ) ) ;
#5228 = CONICAL_SURFACE ( 'NONE', #3343, 1.720000000000000195, 1.047197551196586307 ) ;
#5229 = CARTESIAN_POINT ( 'NONE',  ( 8.000000000000000000, 24.26794919243099713, -150.0000000000000000 ) ) ;
#5230 = CARTESIAN_POINT ( 'NONE',  ( 8.874873542496317214, 27.22694783493236770, -151.8730948150208917 ) ) ;
#5231 = CARTESIAN_POINT ( 'NONE',  ( 11.79999999999944116, -16.00000000000000000, -3.299999999999444711 ) ) ;
#5232 = EDGE_CURVE ( 'NONE', #1008, #1276, #8051, .T. ) ;
#5233 = ADVANCED_FACE ( 'NONE', ( #2382 ), #9809, .T. ) ;
#5234 = DIRECTION ( 'NONE',  ( -1.000000000000000000, 0.000000000000000000, 0.000000000000000000 ) ) ;
#5235 = VERTEX_POINT ( 'NONE', #8957 ) ;
#5236 = ADVANCED_FACE ( 'NONE', ( #1629 ), #2642, .T. ) ;
#5237 = CARTESIAN_POINT ( 'NONE',  ( 0.000000000000000000, 13.54149999999999920, -8.500000000000000000 ) ) ;
#5238 = LINE ( 'NONE', #1211, #6226 ) ;
#5239 = FACE_OUTER_BOUND ( 'NONE', #2311, .T. ) ;
#5240 = CARTESIAN_POINT ( 'NONE',  ( 2.458500000000000352, 16.00000000000000000, 0.000000000000000000 ) ) ;
#5241 = CARTESIAN_POINT ( 'NONE',  ( 0.000000000000000000, 16.00000000000000000, 0.000000000000000000 ) ) ;
#5242 = EDGE_CURVE ( 'NONE', #1718, #1395, #15, .T. ) ;
#5243 = AXIS2_PLACEMENT_3D ( 'NONE', #8042, #9697, #6495 ) ;
#5244 = TOROIDAL_SURFACE ( 'NONE', #1993, 3.782999999993959861, 0.5000000000060269567 ) ;
#5245 = CONICAL_SURFACE ( 'NONE', #10534, 3.000000000000000000, 0.7853981633974532750 ) ;
#5246 = VERTEX_POINT ( 'NONE', #9320 ) ;
#5247 = ORIENTED_EDGE ( 'NONE', *, *, #2428, .T. ) ;
#5248 = CARTESIAN_POINT ( 'NONE',  ( -2.458500000000000352, 16.00000000000000000, 0.000000000000000000 ) ) ;
#5249 = PLANE ( 'NONE',  #10496 ) ;
#5250 = ORIENTED_EDGE ( 'NONE', *, *, #4985, .T. ) ;
#5251 = CARTESIAN_POINT ( 'NONE',  ( -8.350000000000278533, -26.00000000000000000, -17.00000000000000000 ) ) ;
#5252 = CARTESIAN_POINT ( 'NONE',  ( 7.050000000000549605, 33.40000000000054570, -135.0000000000000000 ) ) ;
#5253 = CARTESIAN_POINT ( 'NONE',  ( 7.718549722818019987, 24.43044458572561695, -0.08493429684268329061 ) ) ;
#5254 = ADVANCED_FACE ( 'NONE', ( #6708 ), #3495, .F. ) ;
#5255 = LINE ( 'NONE', #4552, #7409 ) ;
#5256 = VECTOR ( 'NONE', #1806, 1000.000000000000000 ) ;
#5257 = DIRECTION ( 'NONE',  ( 1.000000000000000000, 0.000000000000000000, 0.000000000000000000 ) ) ;
#5258 = LINE ( 'NONE', #3805, #2553 ) ;
#5259 = EDGE_LOOP ( 'NONE', ( #6996, #6210, #10332, #9878, #8294, #2483, #7547 ) ) ;
#5260 = ORIENTED_EDGE ( 'NONE', *, *, #4826, .F. ) ;
#5261 = ORIENTED_EDGE ( 'NONE', *, *, #10252, .F. ) ;
#5262 = DIRECTION ( 'NONE',  ( -1.000000000000000000, 0.000000000000000000, 0.000000000000000000 ) ) ;
#5263 = CIRCLE ( 'NONE', #5428, 0.5000000000060234040 ) ;
#5264 = CYLINDRICAL_SURFACE ( 'NONE', #7559, 2.458500000000000796 ) ;
#5265 = ORIENTED_EDGE ( 'NONE', *, *, #2142, .T. ) ;
#5266 = CARTESIAN_POINT ( 'NONE',  ( 1.958499999993984941, -16.00000000000000000, -12.49999999999396039 ) ) ;
#5267 = ADVANCED_FACE ( 'NONE', ( #8366 ), #3652, .F. ) ;
#5268 = CARTESIAN_POINT ( 'NONE',  ( 9.499999999999998224, 26.17475959550410636, -0.1227181489377600632 ) ) ;
#5269 = DIRECTION ( 'NONE',  ( 1.000000000000000000, 0.000000000000000000, 0.000000000000000000 ) ) ;
#5270 = CARTESIAN_POINT ( 'NONE',  ( -1.500000000000000000, 20.30000000000605098, -147.2829999999939901 ) ) ;
#5271 = VERTEX_POINT ( 'NONE', #9168 ) ;
#5272 = ORIENTED_EDGE ( 'NONE', *, *, #7638, .T. ) ;
#5273 = LINE ( 'NONE', #8525, #5790 ) ;
#5274 = DIRECTION ( 'NONE',  ( 1.000000000000000000, 0.000000000000000000, 0.000000000000000000 ) ) ;
#5275 = ORIENTED_EDGE ( 'NONE', *, *, #4982, .F. ) ;
#5276 = DIRECTION ( 'NONE',  ( -1.000000000000000000, 0.000000000000000000, 0.000000000000000000 ) ) ;
#5277 = FACE_OUTER_BOUND ( 'NONE', #850, .T. ) ;
#5278 = CARTESIAN_POINT ( 'NONE',  ( 4.700000000000099654, 0.000000000000000000, 8.000000000000000000 ) ) ;
#5279 = DIRECTION ( 'NONE',  ( 0.000000000000000000, 0.000000000000000000, -1.000000000000000000 ) ) ;
#5280 = LINE ( 'NONE', #3669, #9800 ) ;
#5281 = CIRCLE ( 'NONE', #146, 0.3999999999993869571 ) ;
#5282 = CARTESIAN_POINT ( 'NONE',  ( 9.500000000000000000, 25.13397459621599950, -152.0000000000000000 ) ) ;
#5283 = ORIENTED_EDGE ( 'NONE', *, *, #121, .F. ) ;
#5284 = CARTESIAN_POINT ( 'NONE',  ( -2.458500000000000352, 16.00000000000000000, -6.041500000000000092 ) ) ;
#5285 = CARTESIAN_POINT ( 'NONE',  ( -7.370621181329879867, -24.63140241185566737, -151.8757310935298790 ) ) ;
#5286 = CARTESIAN_POINT ( 'NONE',  ( -8.000000000000000000, -27.73205080756900287, -2.000000000000000000 ) ) ;
#5287 = CARTESIAN_POINT ( 'NONE',  ( -4.500000000000000000, -26.00000000000000000, -0.3999999999999810374 ) ) ;
#5288 = EDGE_CURVE ( 'NONE', #9815, #571, #1100, .T. ) ;
#5289 = ADVANCED_FACE ( 'NONE', ( #167 ), #6765, .T. ) ;
#5290 = CARTESIAN_POINT ( 'NONE',  ( 8.000000000000000000, 26.00000000000000000, -152.0000000000000000 ) ) ;
#5291 = EDGE_CURVE ( 'NONE', #2040, #9902, #1841, .T. ) ;
#5292 = AXIS2_PLACEMENT_3D ( 'NONE', #1182, #8277, #6726 ) ;
#5293 = ORIENTED_EDGE ( 'NONE', *, *, #10099, .F. ) ;
#5294 = VERTEX_POINT ( 'NONE', #4298 ) ;
#5295 = LINE ( 'NONE', #8391, #3703 ) ;
#5296 = CARTESIAN_POINT ( 'NONE',  ( 1.200000000000553957, 33.20000000000000284, -17.00000000000000000 ) ) ;
#5297 = ORIENTED_EDGE ( 'NONE', *, *, #757, .F. ) ;
#5298 = DIRECTION ( 'NONE',  ( 0.000000000000000000, 0.000000000000000000, -1.000000000000000000 ) ) ;
#5299 = FACE_OUTER_BOUND ( 'NONE', #8879, .T. ) ;
#5300 = CARTESIAN_POINT ( 'NONE',  ( 0.000000000000000000, -18.45850000000000080, -145.9584999999999866 ) ) ;
#5301 = ADVANCED_FACE ( 'NONE', ( #5110 ), #10170, .F. ) ;
#5302 = PLANE ( 'NONE',  #9282 ) ;
#5303 = DIRECTION ( 'NONE',  ( 0.000000000000000000, 0.000000000000000000, -1.000000000000000000 ) ) ;
#5304 =( BOUNDED_CURVE ( )  B_SPLINE_CURVE ( 3, ( #3616, #1210, #3676, #7735 ),
 .UNSPECIFIED., .F., .F. ) 
 B_SPLINE_CURVE_WITH_KNOTS ( ( 4, 4 ),
 ( 2.356194490192344837, 3.141592653589795336 ),
 .UNSPECIFIED. ) 
 CURVE ( )  GEOMETRIC_REPRESENTATION_ITEM ( )  RATIONAL_B_SPLINE_CURVE ( ( 1.000000000000000000, 0.9492530216741910110, 0.9492530216741910110, 1.000000000000000000 ) ) 
 REPRESENTATION_ITEM ( '' )  );
#5305 = EDGE_CURVE ( 'NONE', #10149, #6434, #2696, .T. ) ;
#5306 = FACE_OUTER_BOUND ( 'NONE', #6727, .T. ) ;
#5307 = EDGE_CURVE ( 'NONE', #4536, #5726, #7616, .T. ) ;
#5308 = ORIENTED_EDGE ( 'NONE', *, *, #9151, .T. ) ;
#5309 = ORIENTED_EDGE ( 'NONE', *, *, #9336, .F. ) ;
#5310 = ORIENTED_EDGE ( 'NONE', *, *, #7428, .T. ) ;
#5311 = CARTESIAN_POINT ( 'NONE',  ( -8.000000000000000000, -16.00000000000000000, -11.50000000000000000 ) ) ;
#5312 = ORIENTED_EDGE ( 'NONE', *, *, #4189, .T. ) ;
#5313 = DIRECTION ( 'NONE',  ( 1.000000000000000000, 0.000000000000000000, 0.000000000000000000 ) ) ;
#5314 = EDGE_CURVE ( 'NONE', #1380, #7560, #1887, .T. ) ;
#5315 = VERTEX_POINT ( 'NONE', #377 ) ;
#5316 = CIRCLE ( 'NONE', #3930, 3.100000000000035172 ) ;
#5317 = DIRECTION ( 'NONE',  ( 1.000000000000000000, 0.000000000000000000, 0.000000000000000000 ) ) ;
#5318 = FACE_OUTER_BOUND ( 'NONE', #4664, .T. ) ;
#5319 = AXIS2_PLACEMENT_3D ( 'NONE', #3978, #8890, #6488 ) ;
#5320 = FACE_OUTER_BOUND ( 'NONE', #7832, .T. ) ;
#5321 = ORIENTED_EDGE ( 'NONE', *, *, #8996, .T. ) ;
#5322 = EDGE_LOOP ( 'NONE', ( #9561, #6059, #1085, #4400 ) ) ;
#5323 = DIRECTION ( 'NONE',  ( 1.000000000000000000, 0.000000000000000000, 0.000000000000000000 ) ) ;
#5324 = LINE ( 'NONE', #8739, #4381 ) ;
#5325 = ORIENTED_EDGE ( 'NONE', *, *, #8771, .T. ) ;
#5326 = CARTESIAN_POINT ( 'NONE',  ( 9.350000000000001421, 35.00000000000000000, -17.00000000000000000 ) ) ;
#5327 = DIRECTION ( 'NONE',  ( 0.000000000000000000, 0.000000000000000000, -1.000000000000000000 ) ) ;
#5328 = CARTESIAN_POINT ( 'NONE',  ( -2.458500000000000352, 16.00000000000000000, -0.7915000000000259606 ) ) ;
#5329 = DIRECTION ( 'NONE',  ( 0.000000000000000000, 0.000000000000000000, -1.000000000000000000 ) ) ;
#5330 = AXIS2_PLACEMENT_3D ( 'NONE', #9862, #773, #4898 ) ;
#5331 = CARTESIAN_POINT ( 'NONE',  ( -0.4999999999993929856, 17.49999999999940314, -121.0000000000000000 ) ) ;
#5332 = FACE_OUTER_BOUND ( 'NONE', #3566, .T. ) ;
#5333 = AXIS2_PLACEMENT_3D ( 'NONE', #9029, #4167, #6676 ) ;
#5334 = CARTESIAN_POINT ( 'NONE',  ( -7.299999999999450040, 32.99999999999945288, -152.0010000000000048 ) ) ;
#5335 = ORIENTED_EDGE ( 'NONE', *, *, #6524, .T. ) ;
#5336 = VERTEX_POINT ( 'NONE', #2854 ) ;
#5337 = CARTESIAN_POINT ( 'NONE',  ( -12.00000000000000000, -30.00000000000000000, -135.0000000000000000 ) ) ;
#5338 = DIRECTION ( 'NONE',  ( 0.000000000000000000, 0.000000000000000000, 1.000000000000000000 ) ) ;
#5339 = DIRECTION ( 'NONE',  ( 1.000000000000000000, 0.000000000000000000, 0.000000000000000000 ) ) ;
#5340 = DIRECTION ( 'NONE',  ( 0.000000000000000000, 0.000000000000000000, 1.000000000000000000 ) ) ;
#5341 = DIRECTION ( 'NONE',  ( -1.000000000000000000, 0.000000000000000000, 0.000000000000000000 ) ) ;
#5342 = AXIS2_PLACEMENT_3D ( 'NONE', #9486, #5487, #6289 ) ;
#5343 = ADVANCED_FACE ( 'NONE', ( #6012 ), #4350, .F. ) ;
#5344 = EDGE_CURVE ( 'NONE', #6070, #2017, #5160, .T. ) ;
#5345 = ORIENTED_EDGE ( 'NONE', *, *, #6078, .T. ) ;
#5346 = ORIENTED_EDGE ( 'NONE', *, *, #4719, .T. ) ;
#5347 = EDGE_LOOP ( 'NONE', ( #2458, #7594, #2691, #10557 ) ) ;
#5348 = FACE_OUTER_BOUND ( 'NONE', #864, .T. ) ;
#5349 = FACE_OUTER_BOUND ( 'NONE', #3262, .T. ) ;
#5350 = EDGE_CURVE ( 'NONE', #5123, #3448, #1083, .T. ) ;
#5351 = ORIENTED_EDGE ( 'NONE', *, *, #1568, .T. ) ;
#5352 = DIRECTION ( 'NONE',  ( 0.7071067811864980568, 8.659560562354328887E-17, -0.7071067811865969777 ) ) ;
#5353 = DIRECTION ( 'NONE',  ( 0.000000000000000000, 0.000000000000000000, -1.000000000000000000 ) ) ;
#5354 = VECTOR ( 'NONE', #1980, 1000.000000000000000 ) ;
#5355 = DIRECTION ( 'NONE',  ( -0.8660254037844485886, 1.060575238724919611E-16, 0.4999999999999827915 ) ) ;
#5356 = FACE_OUTER_BOUND ( 'NONE', #7692, .T. ) ;
#5357 = ADVANCED_FACE ( 'NONE', ( #2797 ), #3844, .F. ) ;
#5358 = DIRECTION ( 'NONE',  ( 0.000000000000000000, 0.000000000000000000, -1.000000000000000000 ) ) ;
#5359 = ORIENTED_EDGE ( 'NONE', *, *, #10041, .T. ) ;
#5360 = ORIENTED_EDGE ( 'NONE', *, *, #8101, .F. ) ;
#5361 = EDGE_LOOP ( 'NONE', ( #6163, #4629, #2417, #2631 ) ) ;
#5362 = DIRECTION ( 'NONE',  ( 0.000000000000000000, 0.000000000000000000, -1.000000000000000000 ) ) ;
#5363 = CIRCLE ( 'NONE', #7063, 1.500000000000000666 ) ;
#5364 = ORIENTED_EDGE ( 'NONE', *, *, #1681, .F. ) ;
#5365 = CARTESIAN_POINT ( 'NONE',  ( 7.999999999999699796, -26.00000000000000000, -152.0000000000000000 ) ) ;
#5366 = ORIENTED_EDGE ( 'NONE', *, *, #5232, .F. ) ;
#5367 = CARTESIAN_POINT ( 'NONE',  ( -8.021096714234520419, -27.71987061392670171, -152.0000000000000000 ) ) ;
#5368 = ADVANCED_FACE ( 'NONE', ( #8471 ), #2302, .F. ) ;
#5369 = CARTESIAN_POINT ( 'NONE',  ( -8.750000000000291323, -27.29903810567634892, -150.0000000000000000 ) ) ;
#5370 = AXIS2_PLACEMENT_3D ( 'NONE', #8883, #7176, #7280 ) ;
#5371 = DIRECTION ( 'NONE',  ( 0.000000000000000000, 0.000000000000000000, -1.000000000000000000 ) ) ;
#5372 = CONICAL_SURFACE ( 'NONE', #6733, 1.499999999999999556, 1.047197551198829846 ) ;
#5373 = CYLINDRICAL_SURFACE ( 'NONE', #8972, 4.000000000000305533 ) ;
#5374 = CIRCLE ( 'NONE', #751, 3.499999999999999556 ) ;
#5375 = ORIENTED_EDGE ( 'NONE', *, *, #4174, .T. ) ;
#5376 = ORIENTED_EDGE ( 'NONE', *, *, #5130, .T. ) ;
#5377 = ORIENTED_EDGE ( 'NONE', *, *, #9856, .F. ) ;
#5378 = AXIS2_PLACEMENT_3D ( 'NONE', #6395, #7097, #2177 ) ;
#5379 = CARTESIAN_POINT ( 'NONE',  ( -12.05000000000064020, 27.50000000000000000, -17.00000000000000000 ) ) ;
#5380 = CONICAL_SURFACE ( 'NONE', #2988, 3.250000000000000000, 0.7853981633974560506 ) ;
#5381 = FACE_OUTER_BOUND ( 'NONE', #2618, .T. ) ;
#5382 = VERTEX_POINT ( 'NONE', #1140 ) ;
#5383 = VECTOR ( 'NONE', #1256, 1000.000000000000114 ) ;
#5384 = LINE ( 'NONE', #1310, #9605 ) ;
#5385 = FACE_BOUND ( 'NONE', #4505, .T. ) ;
#5386 = AXIS2_PLACEMENT_3D ( 'NONE', #4673, #10394, #602 ) ;
#5387 = FACE_OUTER_BOUND ( 'NONE', #9145, .T. ) ;
#5388 = FACE_OUTER_BOUND ( 'NONE', #8784, .T. ) ;
#5389 = CIRCLE ( 'NONE', #420, 3.999999999998705036 ) ;
#5390 = DIRECTION ( 'NONE',  ( 0.000000000000000000, 0.000000000000000000, 1.000000000000000000 ) ) ;
#5391 = DIRECTION ( 'NONE',  ( 0.000000000000000000, 0.000000000000000000, -1.000000000000000000 ) ) ;
#5392 = CARTESIAN_POINT ( 'NONE',  ( 8.000000000000000000, 26.00000000000000000, -152.0000000000000000 ) ) ;
#5393 = VERTEX_POINT ( 'NONE', #6863 ) ;
#5394 = VERTEX_POINT ( 'NONE', #6065 ) ;
#5395 = CARTESIAN_POINT ( 'NONE',  ( -1.500000000000000000, 29.80000000000000071, -8.500000000000000000 ) ) ;
#5396 = DIRECTION ( 'NONE',  ( 1.000000000000000000, 0.000000000000000000, 0.000000000000000000 ) ) ;
#5397 = AXIS2_PLACEMENT_3D ( 'NONE', #7679, #9976, #3667 ) ;
#5398 = LINE ( 'NONE', #4753, #10282 ) ;
#5399 = CARTESIAN_POINT ( 'NONE',  ( -9.500000000000000000, -26.00000000000000000, -2.000000000000000000 ) ) ;
#5400 = ADVANCED_FACE ( 'NONE', ( #4458 ), #4253, .F. ) ;
#5401 = EDGE_LOOP ( 'NONE', ( #1758, #1393 ) ) ;
#5402 = VERTEX_POINT ( 'NONE', #9529 ) ;
#5403 = EDGE_LOOP ( 'NONE', ( #6016, #7277, #5618, #9783, #2826, #7187, #224, #7721 ) ) ;
#5404 = LINE ( 'NONE', #3795, #10183 ) ;
#5405 = CARTESIAN_POINT ( 'NONE',  ( 11.84999999999999964, 27.04174243050399795, -135.0000000000000000 ) ) ;
#5406 = EDGE_LOOP ( 'NONE', ( #7267, #1448, #3713, #2650 ) ) ;
#5407 = CARTESIAN_POINT ( 'NONE',  ( 6.500000000000000000, 26.00000000000000000, -150.0000000000000000 ) ) ;
#5408 = LINE ( 'NONE', #6256, #6784 ) ;
#5409 = AXIS2_PLACEMENT_3D ( 'NONE', #8255, #3281, #8947 ) ;
#5410 = LINE ( 'NONE', #8670, #9971 ) ;
#5411 = AXIS2_PLACEMENT_3D ( 'NONE', #5034, #1816, #803 ) ;
#5412 = FACE_OUTER_BOUND ( 'NONE', #7156, .T. ) ;
#5413 = ADVANCED_FACE ( 'NONE', ( #2210 ), #6120, .F. ) ;
#5414 = AXIS2_PLACEMENT_3D ( 'NONE', #5686, #8945, #1618 ) ;
#5415 = DIRECTION ( 'NONE',  ( 1.000000000000000000, 0.000000000000000000, 0.000000000000000000 ) ) ;
#5416 = ORIENTED_EDGE ( 'NONE', *, *, #3085, .F. ) ;
#5417 = ORIENTED_EDGE ( 'NONE', *, *, #6724, .T. ) ;
#5418 = ORIENTED_EDGE ( 'NONE', *, *, #250, .T. ) ;
#5419 = CARTESIAN_POINT ( 'NONE',  ( 8.000000000000000000, 26.00000000000000000, -0.3999999999999810374 ) ) ;
#5420 = ORIENTED_EDGE ( 'NONE', *, *, #3222, .F. ) ;
#5421 = DIRECTION ( 'NONE',  ( 1.000000000000000000, 0.000000000000000000, 0.000000000000000000 ) ) ;
#5422 = VECTOR ( 'NONE', #8453, 1000.000000000000227 ) ;
#5423 = ORIENTED_EDGE ( 'NONE', *, *, #4108, .T. ) ;
#5424 = EDGE_CURVE ( 'NONE', #4846, #4159, #7601, .T. ) ;
#5425 = FACE_OUTER_BOUND ( 'NONE', #5406, .T. ) ;
#5426 = DIRECTION ( 'NONE',  ( -0.7071067811865489050, 0.000000000000000000, -0.7071067811865460184 ) ) ;
#5427 = CARTESIAN_POINT ( 'NONE',  ( 1.399999999999385958, 30.39999999999939817, -17.00000000000000000 ) ) ;
#5428 = AXIS2_PLACEMENT_3D ( 'NONE', #346, #8439, #1115 ) ;
#5429 = ORIENTED_EDGE ( 'NONE', *, *, #634, .T. ) ;
#5430 = ORIENTED_EDGE ( 'NONE', *, *, #2930, .F. ) ;
#5431 = ORIENTED_EDGE ( 'NONE', *, *, #713, .F. ) ;
#5432 = DIRECTION ( 'NONE',  ( 1.000000000000000000, 0.000000000000000000, 0.000000000000000000 ) ) ;
#5433 = EDGE_CURVE ( 'NONE', #7937, #7855, #3709, .T. ) ;
#5434 = CARTESIAN_POINT ( 'NONE',  ( 2.000000000000000000, 2.449293598294695074E-16, -152.0000000000000000 ) ) ;
#5435 = ORIENTED_EDGE ( 'NONE', *, *, #10241, .F. ) ;
#5436 = CARTESIAN_POINT ( 'NONE',  ( 0.000000000000000000, -16.00000000000000000, -152.0000000000000000 ) ) ;
#5437 = LINE ( 'NONE', #7030, #2166 ) ;
#5438 = CIRCLE ( 'NONE', #6802, 3.250000000000000000 ) ;
#5439 = CARTESIAN_POINT ( 'NONE',  ( -9.500000000000000000, -26.84166501650005188, -152.0000000000000000 ) ) ;
#5440 = CARTESIAN_POINT ( 'NONE',  ( -1.271201803182602674, -18.20564223991167552, -6.294357760088330700 ) ) ;
#5441 = CARTESIAN_POINT ( 'NONE',  ( -2.458500000000000352, 16.00000000000000000, -121.0000000000000000 ) ) ;
#5442 = FACE_OUTER_BOUND ( 'NONE', #745, .T. ) ;
#5443 = CARTESIAN_POINT ( 'NONE',  ( -8.000000000000000000, -26.00000000000000000, -148.0000000000000000 ) ) ;
#5444 = ORIENTED_EDGE ( 'NONE', *, *, #10041, .F. ) ;
#5445 = EDGE_CURVE ( 'NONE', #2965, #5064, #2101, .T. ) ;
#5446 = ADVANCED_FACE ( 'NONE', ( #9478 ), #1402, .F. ) ;
#5447 = DIRECTION ( 'NONE',  ( -1.000000000000000000, 0.000000000000000000, 0.000000000000000000 ) ) ;
#5448 =( LENGTH_UNIT ( ) NAMED_UNIT ( * ) SI_UNIT ( .MILLI., .METRE. ) );
#5449 = EDGE_LOOP ( 'NONE', ( #2433, #2200, #5986, #987, #4600 ) ) ;
#5450 = EDGE_CURVE ( 'NONE', #7082, #854, #6280, .T. ) ;
#5451 = LINE ( 'NONE', #8814, #7819 ) ;
#5452 = AXIS2_PLACEMENT_3D ( 'NONE', #6018, #6123, #5970 ) ;
#5453 = AXIS2_PLACEMENT_3D ( 'NONE', #8395, #9244, #6799 ) ;
#5454 = ORIENTED_EDGE ( 'NONE', *, *, #2612, .T. ) ;
#5455 = ORIENTED_EDGE ( 'NONE', *, *, #5852, .T. ) ;
#5456 = EDGE_LOOP ( 'NONE', ( #5272, #6690 ) ) ;
#5457 = LINE ( 'NONE', #10475, #8319 ) ;
#5458 = DIRECTION ( 'NONE',  ( 0.000000000000000000, 0.000000000000000000, 1.000000000000000000 ) ) ;
#5459 = CARTESIAN_POINT ( 'NONE',  ( 0.000000000000000000, 0.000000000000000000, -111.0000000000000000 ) ) ;
#5460 = CARTESIAN_POINT ( 'NONE',  ( 6.500000000000000000, 25.15833498349994812, -152.0000000000000000 ) ) ;
#5461 = PLANE ( 'NONE',  #10551 ) ;
#5462 = ADVANCED_FACE ( 'NONE', ( #5320 ), #5373, .F. ) ;
#5463 = CYLINDRICAL_SURFACE ( 'NONE', #6413, 13.99999999999323919 ) ;
#5464 = CARTESIAN_POINT ( 'NONE',  ( 1.738422021547135099, -17.73842202154714798, -6.761577978452860016 ) ) ;
#5465 = ORIENTED_EDGE ( 'NONE', *, *, #6281, .F. ) ;
#5466 = ORIENTED_EDGE ( 'NONE', *, *, #2942, .F. ) ;
#5467 = ORIENTED_EDGE ( 'NONE', *, *, #5554, .F. ) ;
#5468 = PLANE ( 'NONE',  #4900 ) ;
#5469 = ORIENTED_EDGE ( 'NONE', *, *, #9927, .F. ) ;
#5470 = DIRECTION ( 'NONE',  ( 1.000000000000000000, 0.000000000000000000, 0.000000000000000000 ) ) ;
#5471 = ORIENTED_EDGE ( 'NONE', *, *, #10459, .T. ) ;
#5472 = CARTESIAN_POINT ( 'NONE',  ( -5.000000000000000000, 0.000000000000000000, 30.00000000000000000 ) ) ;
#5473 = CARTESIAN_POINT ( 'NONE',  ( -2.458500000000000352, 16.00000000000000000, -145.9584999999999866 ) ) ;
#5474 = EDGE_CURVE ( 'NONE', #9504, #7855, #4357, .T. ) ;
#5475 = CARTESIAN_POINT ( 'NONE',  ( -4.899999999999999467, -26.00000000000000000, -152.0000000000000000 ) ) ;
#5476 = EDGE_CURVE ( 'NONE', #3409, #6384, #2048, .T. ) ;
#5477 = EDGE_CURVE ( 'NONE', #3331, #4499, #6750, .T. ) ;
#5478 = ORIENTED_EDGE ( 'NONE', *, *, #6196, .F. ) ;
#5479 = ORIENTED_EDGE ( 'NONE', *, *, #2298, .F. ) ;
#5480 = ORIENTED_EDGE ( 'NONE', *, *, #7065, .T. ) ;
#5481 = EDGE_CURVE ( 'NONE', #265, #6039, #2833, .T. ) ;
#5482 = VECTOR ( 'NONE', #10327, 1000.000000000000000 ) ;
#5483 = DIRECTION ( 'NONE',  ( 0.000000000000000000, 0.000000000000000000, -1.000000000000000000 ) ) ;
#5484 = DIRECTION ( 'NONE',  ( 1.000000000000000000, 0.000000000000000000, 0.000000000000000000 ) ) ;
#5485 = EDGE_CURVE ( 'NONE', #100, #5945, #10337, .T. ) ;
#5486 = ORIENTED_EDGE ( 'NONE', *, *, #6412, .T. ) ;
#5487 = DIRECTION ( 'NONE',  ( 0.000000000000000000, 0.000000000000000000, -1.000000000000000000 ) ) ;
#5488 = PLANE ( 'NONE',  #8321 ) ;
#5489 = DIRECTION ( 'NONE',  ( 1.000000000000000000, 0.000000000000000000, 0.000000000000000000 ) ) ;
#5490 = DIRECTION ( 'NONE',  ( 0.000000000000000000, 1.000000000000000000, 0.000000000000000000 ) ) ;
#5491 = PLANE ( 'NONE',  #7938 ) ;
#5492 = CONICAL_SURFACE ( 'NONE', #7872, 3.250000000000000000, 0.7853981633974560506 ) ;
#5493 = DIRECTION ( 'NONE',  ( -0.5000000000002420286, -0.8660254037842989305, 0.000000000000000000 ) ) ;
#5494 = ORIENTED_EDGE ( 'NONE', *, *, #9737, .T. ) ;
#5495 = ADVANCED_FACE ( 'NONE', ( #7874 ), #6923, .F. ) ;
#5496 = DIRECTION ( 'NONE',  ( 0.000000000000000000, 1.000000000000000000, 0.000000000000000000 ) ) ;
#5497 = CARTESIAN_POINT ( 'NONE',  ( 0.000000000000000000, 0.000000000000000000, -31.00000000000000000 ) ) ;
#5498 = ORIENTED_EDGE ( 'NONE', *, *, #8159, .F. ) ;
#5499 = LINE ( 'NONE', #8758, #887 ) ;
#5500 = CARTESIAN_POINT ( 'NONE',  ( 9.350000000000001421, 35.00000000000000000, -135.0000000000000000 ) ) ;
#5501 = EDGE_CURVE ( 'NONE', #2963, #6269, #7212, .T. ) ;
#5502 = CONICAL_SURFACE ( 'NONE', #1902, 1732.050807568949949, 1.047197551196616283 ) ;
#5503 = ORIENTED_EDGE ( 'NONE', *, *, #6555, .F. ) ;
#5504 = VERTEX_POINT ( 'NONE', #7019 ) ;
#5505 = VERTEX_POINT ( 'NONE', #7080 ) ;
#5506 = CARTESIAN_POINT ( 'NONE',  ( 9.500000000000000000, 26.84166501650005188, 0.000000000000000000 ) ) ;
#5507 = CARTESIAN_POINT ( 'NONE',  ( 7.050000000000549605, 33.20000000000000284, -152.0010000000000048 ) ) ;
#5508 = EDGE_LOOP ( 'NONE', ( #4707, #4599, #1073, #6356, #6608, #6071, #9964, #6489 ) ) ;
#5509 = LINE ( 'NONE', #2141, #4490 ) ;
#5510 = CARTESIAN_POINT ( 'NONE',  ( -8.000000000000000000, -16.00000000000000000, -8.500000000000000000 ) ) ;
#5511 = CIRCLE ( 'NONE', #8244, 1.719999999999999307 ) ;
#5512 = CARTESIAN_POINT ( 'NONE',  ( 12.00000000000000000, -16.00000000000000000, -143.5000000000000000 ) ) ;
#5513 = VECTOR ( 'NONE', #8199, 1000.000000000000000 ) ;
#5514 = FACE_OUTER_BOUND ( 'NONE', #3887, .T. ) ;
#5515 = ORIENTED_EDGE ( 'NONE', *, *, #6461, .F. ) ;
#5516 = VERTEX_POINT ( 'NONE', #10341 ) ;
#5517 = ORIENTED_EDGE ( 'NONE', *, *, #652, .F. ) ;
#5518 = CARTESIAN_POINT ( 'NONE',  ( -3.750000000000000000, 7.250000000000000000, -152.0000000000000000 ) ) ;
#5519 = EDGE_LOOP ( 'NONE', ( #2686, #10219, #5423, #3348, #4888, #6043, #1078, #6978 ) ) ;
#5520 = DIRECTION ( 'NONE',  ( -1.000000000000000000, 0.000000000000000000, 0.000000000000000000 ) ) ;
#5521 = EDGE_LOOP ( 'NONE', ( #5533, #9439 ) ) ;
#5522 = CIRCLE ( 'NONE', #906, 3.499999999999999556 ) ;
#5523 = CARTESIAN_POINT ( 'NONE',  ( -7.249999999999720224, -27.29903810567634892, -2.000000000000000000 ) ) ;
#5524 = CARTESIAN_POINT ( 'NONE',  ( 3.971223470242095654, -4.497708766627555477, 3.600000000000000089 ) ) ;
#5525 = DIRECTION ( 'NONE',  ( 0.000000000000000000, 0.000000000000000000, -1.000000000000000000 ) ) ;
#5526 = EDGE_CURVE ( 'NONE', #5635, #3100, #2480, .T. ) ;
#5527 = AXIS2_PLACEMENT_3D ( 'NONE', #4567, #8568, #1191 ) ;
#5528 = ORIENTED_EDGE ( 'NONE', *, *, #6746, .F. ) ;
#5529 = EDGE_LOOP ( 'NONE', ( #4079, #8736, #8868, #10125, #5265 ) ) ;
#5530 = ORIENTED_EDGE ( 'NONE', *, *, #6800, .F. ) ;
#5531 = CARTESIAN_POINT ( 'NONE',  ( 9.500000000000000000, 26.86602540378400050, -152.0000000000000000 ) ) ;
#5532 = FACE_OUTER_BOUND ( 'NONE', #2698, .T. ) ;
#5533 = ORIENTED_EDGE ( 'NONE', *, *, #6504, .T. ) ;
#5534 = CARTESIAN_POINT ( 'NONE',  ( 8.015521883131919267, 22.00000000000000000, 0.000000000000000000 ) ) ;
#5535 = CARTESIAN_POINT ( 'NONE',  ( -8.000000000000000000, -26.00000000000000000, -152.0000000000000000 ) ) ;
#5536 = EDGE_CURVE ( 'NONE', #7217, #1960, #10395, .T. ) ;
#5537 = CARTESIAN_POINT ( 'NONE',  ( -7.999999999999699796, -30.00000000000000000, -148.0000000000000000 ) ) ;
#5538 = LINE ( 'NONE', #8584, #600 ) ;
#5539 = LINE ( 'NONE', #9435, #4018 ) ;
#5540 = AXIS2_PLACEMENT_3D ( 'NONE', #9724, #639, #3916 ) ;
#5541 = ADVANCED_FACE ( 'NONE', ( #3976 ), #8035, .T. ) ;
#5542 = VECTOR ( 'NONE', #7613, 1000.000000000000000 ) ;
#5543 = DIRECTION ( 'NONE',  ( 1.000000000000000000, 0.000000000000000000, 0.000000000000000000 ) ) ;
#5544 = ORIENTED_EDGE ( 'NONE', *, *, #5612, .F. ) ;
#5545 = DIRECTION ( 'NONE',  ( 1.000000000000000000, 0.000000000000000000, 0.000000000000000000 ) ) ;
#5546 = VERTEX_POINT ( 'NONE', #1508 ) ;
#5547 = DIRECTION ( 'NONE',  ( 0.000000000000000000, 0.000000000000000000, 1.000000000000000000 ) ) ;
#5548 = VECTOR ( 'NONE', #8316, 1000.000000000000000 ) ;
#5549 = PLANE ( 'NONE',  #3040 ) ;
#5550 = B_SPLINE_CURVE_WITH_KNOTS ( 'NONE', 3,
 ( #9987, #9189, #247, #7527, #2664, #6679 ),
 .UNSPECIFIED., .F., .F.,
 ( 4, 2, 4 ),
 ( 0.000000000000000000, 0.5000000000000000000, 1.000000000000000000 ),
 .UNSPECIFIED. ) ;
#5551 = EDGE_CURVE ( 'NONE', #9366, #3967, #7235, .T. ) ;
#5552 = VECTOR ( 'NONE', #681, 999.9999999999998863 ) ;
#5553 = VECTOR ( 'NONE', #970, 1000.000000000000000 ) ;
#5554 = EDGE_CURVE ( 'NONE', #3886, #10180, #2822, .T. ) ;
#5555 = ORIENTED_EDGE ( 'NONE', *, *, #1108, .F. ) ;
#5556 = VECTOR ( 'NONE', #666, 1000.000000000000000 ) ;
#5557 = EDGE_LOOP ( 'NONE', ( #3294, #7647, #43, #8517, #8636, #5101 ) ) ;
#5558 = EDGE_LOOP ( 'NONE', ( #7607, #9940 ) ) ;
#5559 = DIRECTION ( 'NONE',  ( 0.000000000000000000, 0.000000000000000000, -1.000000000000000000 ) ) ;
#5560 = DIRECTION ( 'NONE',  ( 1.000000000000000000, 0.000000000000000000, 0.000000000000000000 ) ) ;
#5561 = VERTEX_POINT ( 'NONE', #6934 ) ;
#5562 = DIRECTION ( 'NONE',  ( 0.000000000000000000, 0.000000000000000000, -1.000000000000000000 ) ) ;
#5563 = EDGE_CURVE ( 'NONE', #9007, #531, #3498, .T. ) ;
#5564 = CARTESIAN_POINT ( 'NONE',  ( 3.250000000000000000, -16.00000000000000000, 0.000000000000000000 ) ) ;
#5565 = CARTESIAN_POINT ( 'NONE',  ( -12.00000000000000000, -16.00000000000000000, -8.500000000000000000 ) ) ;
#5566 = VERTEX_POINT ( 'NONE', #4469 ) ;
#5567 = ORIENTED_EDGE ( 'NONE', *, *, #2679, .T. ) ;
#5568 = ORIENTED_EDGE ( 'NONE', *, *, #260, .F. ) ;
#5569 = CARTESIAN_POINT ( 'NONE',  ( 0.4999999999993929856, -25.50000000000000000, -121.0000000000000000 ) ) ;
#5570 = EDGE_LOOP ( 'NONE', ( #2949, #10448, #4364, #5377 ) ) ;
#5571 = LINE ( 'NONE', #2409, #10573 ) ;
#5572 = EDGE_CURVE ( 'NONE', #4954, #7276, #8533, .T. ) ;
#5573 = ORIENTED_EDGE ( 'NONE', *, *, #9927, .T. ) ;
#5574 = AXIS2_PLACEMENT_3D ( 'NONE', #7710, #427, #6004 ) ;
#5575 = EDGE_CURVE ( 'NONE', #4022, #6039, #8234, .T. ) ;
#5576 = DIRECTION ( 'NONE',  ( 0.000000000000000000, 0.000000000000000000, -1.000000000000000000 ) ) ;
#5577 = CARTESIAN_POINT ( 'NONE',  ( 8.021096714234520419, 27.71987061392670171, -152.0000000000000000 ) ) ;
#5578 = AXIS2_PLACEMENT_3D ( 'NONE', #10124, #2803, #9326 ) ;
#5579 = DIRECTION ( 'NONE',  ( -0.4999999999986918797, 0.000000000000000000, -0.8660254037851938813 ) ) ;
#5580 = VECTOR ( 'NONE', #516, 1000.000000000000114 ) ;
#5581 = LINE ( 'NONE', #3179, #8554 ) ;
#5582 = EDGE_LOOP ( 'NONE', ( #3315, #2529, #6832, #10191, #8832 ) ) ;
#5583 = ORIENTED_EDGE ( 'NONE', *, *, #1726, .F. ) ;
#5584 = ORIENTED_EDGE ( 'NONE', *, *, #8033, .F. ) ;
#5585 = CARTESIAN_POINT ( 'NONE',  ( 9.248999599679699202, 29.80000000000000071, -135.0000000000000000 ) ) ;
#5586 = SHAPE_REPRESENTATION ( 'cilinder_in', ( #7098, #4019, #10506 ), #248 ) ;
#5587 = DIRECTION ( 'NONE',  ( 1.000000000000000000, 0.000000000000000000, 0.000000000000000000 ) ) ;
#5588 = EDGE_CURVE ( 'NONE', #5546, #1276, #3519, .T. ) ;
#5589 = ORIENTED_EDGE ( 'NONE', *, *, #5679, .T. ) ;
#5590 = DIRECTION ( 'NONE',  ( 0.000000000000000000, -1.000000000000000000, 0.000000000000000000 ) ) ;
#5591 = CARTESIAN_POINT ( 'NONE',  ( 4.015521883131614622, 26.00000000000000000, -152.0000000000000000 ) ) ;
#5592 = LINE ( 'NONE', #2972, #5383 ) ;
#5593 = DIRECTION ( 'NONE',  ( 0.000000000000000000, 0.000000000000000000, 1.000000000000000000 ) ) ;
#5594 = VECTOR ( 'NONE', #10405, 1000.000000000000000 ) ;
#5595 = DIRECTION ( 'NONE',  ( 1.000000000000000000, 0.000000000000000000, 0.000000000000000000 ) ) ;
#5596 = CARTESIAN_POINT ( 'NONE',  ( 4.232999999999999652, 5.653581948263730065E-16, 30.00000000000000000 ) ) ;
#5597 = EDGE_LOOP ( 'NONE', ( #2289, #849, #1166, #1941, #2030, #7188, #6496 ) ) ;
#5598 = AXIS2_PLACEMENT_3D ( 'NONE', #4080, #5087, #9041 ) ;
#5599 = DIRECTION ( 'NONE',  ( 0.000000000000000000, 0.000000000000000000, -1.000000000000000000 ) ) ;
#5600 = CARTESIAN_POINT ( 'NONE',  ( 9.500000000000000000, 26.00000000000000000, -150.0000000000000000 ) ) ;
#5601 = CIRCLE ( 'NONE', #3723, 3.782999999993958085 ) ;
#5602 = VERTEX_POINT ( 'NONE', #5120 ) ;
#5603 = DIRECTION ( 'NONE',  ( 0.000000000000000000, 0.000000000000000000, 1.000000000000000000 ) ) ;
#5604 = DIRECTION ( 'NONE',  ( 1.000000000000000000, 0.000000000000000000, 0.000000000000000000 ) ) ;
#5605 = CARTESIAN_POINT ( 'NONE',  ( 8.021096714234529301, 24.28012938607335158, 0.000000000000000000 ) ) ;
#5606 = ADVANCED_FACE ( 'NONE', ( #6777 ), #5902, .T. ) ;
#5607 = ORIENTED_EDGE ( 'NONE', *, *, #9671, .F. ) ;
#5608 = ORIENTED_EDGE ( 'NONE', *, *, #10307, .T. ) ;
#5609 = ADVANCED_FACE ( 'NONE', ( #5865 ), #1901, .F. ) ;
#5610 = DIRECTION ( 'NONE',  ( 0.000000000000000000, 0.000000000000000000, -1.000000000000000000 ) ) ;
#5611 = DIRECTION ( 'NONE',  ( -1.000000000000000000, 0.000000000000000000, 0.000000000000000000 ) ) ;
#5612 = EDGE_CURVE ( 'NONE', #4027, #1236, #8750, .T. ) ;
#5613 = FACE_OUTER_BOUND ( 'NONE', #6250, .T. ) ;
#5614 = DIRECTION ( 'NONE',  ( 0.000000000000000000, 0.000000000000000000, 1.000000000000000000 ) ) ;
#5615 = CONICAL_SURFACE ( 'NONE', #832, 9.458499999999999019, 0.7853981633974688181 ) ;
#5616 = CARTESIAN_POINT ( 'NONE',  ( 9.500000000000000000, 25.13397459621599950, -150.0000000000000000 ) ) ;
#5617 = AXIS2_PLACEMENT_3D ( 'NONE', #8961, #1631, #827 ) ;
#5618 = ORIENTED_EDGE ( 'NONE', *, *, #9936, .F. ) ;
#5619 = ORIENTED_EDGE ( 'NONE', *, *, #7151, .T. ) ;
#5620 = EDGE_LOOP ( 'NONE', ( #5684, #9954, #2191, #1454 ) ) ;
#5621 = VERTEX_POINT ( 'NONE', #2012 ) ;
#5622 = DIRECTION ( 'NONE',  ( 0.000000000000000000, 0.000000000000000000, -1.000000000000000000 ) ) ;
#5623 = FACE_OUTER_BOUND ( 'NONE', #687, .T. ) ;
#5624 = ORIENTED_EDGE ( 'NONE', *, *, #2359, .T. ) ;
#5625 = FACE_OUTER_BOUND ( 'NONE', #8713, .T. ) ;
#5626 = EDGE_CURVE ( 'NONE', #883, #2236, #8428, .T. ) ;
#5627 = DIRECTION ( 'NONE',  ( 1.000000000000000000, 0.000000000000000000, 0.000000000000000000 ) ) ;
#5628 = CYLINDRICAL_SURFACE ( 'NONE', #6747, 0.5000000000006370460 ) ;
#5629 = EDGE_CURVE ( 'NONE', #8340, #5811, #3175, .T. ) ;
#5630 = EDGE_CURVE ( 'NONE', #2049, #8620, #9823, .T. ) ;
#5631 = DIRECTION ( 'NONE',  ( -1.000000000000000000, 0.000000000000000000, 0.000000000000000000 ) ) ;
#5632 = EDGE_CURVE ( 'NONE', #6074, #4211, #8112, .T. ) ;
#5633 = EDGE_LOOP ( 'NONE', ( #6797, #8409, #6441, #1895 ) ) ;
#5634 = ORIENTED_EDGE ( 'NONE', *, *, #7330, .F. ) ;
#5635 = VERTEX_POINT ( 'NONE', #6878 ) ;
#5636 = CARTESIAN_POINT ( 'NONE',  ( 11.84999999999999964, 27.95825756949599850, -135.0000000000000000 ) ) ;
#5637 = AXIS2_PLACEMENT_3D ( 'NONE', #472, #3746, #4713 ) ;
#5638 = SURFACE_STYLE_USAGE ( .BOTH. , #6606 ) ;
#5639 = CARTESIAN_POINT ( 'NONE',  ( -8.021096714234529301, -24.28012938607335158, -152.0000000000000000 ) ) ;
#5640 = EDGE_LOOP ( 'NONE', ( #10384, #6209, #9481, #5761 ) ) ;
#5641 = CARTESIAN_POINT ( 'NONE',  ( 9.500000000000000000, 25.13397459621599950, -150.0000000000000000 ) ) ;
#5642 = CARTESIAN_POINT ( 'NONE',  ( 0.000000000000000000, 0.000000000000000000, -150.0000000000000000 ) ) ;
#5643 = DIRECTION ( 'NONE',  ( 0.000000000000000000, 0.000000000000000000, 1.000000000000000000 ) ) ;
#5644 = FACE_OUTER_BOUND ( 'NONE', #10083, .T. ) ;
#5645 = CARTESIAN_POINT ( 'NONE',  ( 8.000000000001291411, 26.00000000000094857, -17.00000000000000000 ) ) ;
#5646 = DIRECTION ( 'NONE',  ( 0.000000000000000000, 0.000000000000000000, -1.000000000000000000 ) ) ;
#5647 = ORIENTED_EDGE ( 'NONE', *, *, #9734, .T. ) ;
#5648 = CARTESIAN_POINT ( 'NONE',  ( -8.000000000000000000, -26.00000000000000000, 0.000000000000000000 ) ) ;
#5649 = CARTESIAN_POINT ( 'NONE',  ( -8.000000000000000000, -26.00000000000000000, 0.000000000000000000 ) ) ;
#5650 = ORIENTED_EDGE ( 'NONE', *, *, #6913, .F. ) ;
#5651 = FACE_OUTER_BOUND ( 'NONE', #10414, .T. ) ;
#5652 = CARTESIAN_POINT ( 'NONE',  ( 0.000000000000000000, -16.00000000000000000, -152.0000000000000000 ) ) ;
#5653 = CARTESIAN_POINT ( 'NONE',  ( 3.980102097228935209E-16, -30.00000000000000000, -5.250000000000000000 ) ) ;
#5654 = AXIS2_PLACEMENT_3D ( 'NONE', #3836, #7100, #2120 ) ;
#5655 = AXIS2_PLACEMENT_3D ( 'NONE', #4234, #7596, #3532 ) ;
#5656 = EDGE_LOOP ( 'NONE', ( #3927, #1119, #6249, #7335, #210, #7245, #459 ) ) ;
#5657 = VECTOR ( 'NONE', #1591, 999.9999999999998863 ) ;
#5658 = ORIENTED_EDGE ( 'NONE', *, *, #2930, .T. ) ;
#5659 = DIRECTION ( 'NONE',  ( 1.000000000000000000, 0.000000000000000000, 0.000000000000000000 ) ) ;
#5660 = CARTESIAN_POINT ( 'NONE',  ( -1.271201803182602674, -18.20564223991167552, -141.2943577600882747 ) ) ;
#5661 = LINE ( 'NONE', #4116, #7853 ) ;
#5662 = CARTESIAN_POINT ( 'NONE',  ( 8.015521883131919267, 26.00000000000000000, 0.000000000000000000 ) ) ;
#5663 = DIRECTION ( 'NONE',  ( 0.000000000000000000, 0.000000000000000000, 1.000000000000000000 ) ) ;
#5664 = AXIS2_PLACEMENT_3D ( 'NONE', #3358, #9930, #5712 ) ;
#5665 = DIRECTION ( 'NONE',  ( 0.000000000000000000, 0.000000000000000000, -1.000000000000000000 ) ) ;
#5666 = EDGE_CURVE ( 'NONE', #1446, #880, #5389, .T. ) ;
#5667 = VECTOR ( 'NONE', #2831, 1000.000000000000000 ) ;
#5668 = EDGE_CURVE ( 'NONE', #9110, #10501, #9179, .T. ) ;
#5669 = ORIENTED_EDGE ( 'NONE', *, *, #10540, .T. ) ;
#5670 = ORIENTED_EDGE ( 'NONE', *, *, #10238, .F. ) ;
#5671 = VERTEX_POINT ( 'NONE', #287 ) ;
#5672 = LINE ( 'NONE', #8131, #10011 ) ;
#5673 = CARTESIAN_POINT ( 'NONE',  ( -1.500000000000000000, 20.30000000000605098, -147.7829999999999870 ) ) ;
#5674 = ORIENTED_EDGE ( 'NONE', *, *, #1621, .T. ) ;
#5675 = CARTESIAN_POINT ( 'NONE',  ( -1.958499999993984941, -16.00000000000000000, -12.49999999999396039 ) ) ;
#5676 = AXIS2_PLACEMENT_3D ( 'NONE', #7305, #1633, #6505 ) ;
#5677 = VECTOR ( 'NONE', #6143, 1000.000000000000000 ) ;
#5678 = DIRECTION ( 'NONE',  ( 0.000000000000000000, 0.000000000000000000, -1.000000000000000000 ) ) ;
#5679 = EDGE_CURVE ( 'NONE', #4435, #4452, #1090, .T. ) ;
#5680 = CARTESIAN_POINT ( 'NONE',  ( -2.458500000000000352, -16.00000000000000000, -152.0000000000000000 ) ) ;
#5681 = CIRCLE ( 'NONE', #7220, 4.000000000000305533 ) ;
#5682 = CARTESIAN_POINT ( 'NONE',  ( 8.506220456160653143, 24.56008949208280256, -151.8845186654999964 ) ) ;
#5683 = VERTEX_POINT ( 'NONE', #1470 ) ;
#5684 = ORIENTED_EDGE ( 'NONE', *, *, #969, .F. ) ;
#5685 = ORIENTED_EDGE ( 'NONE', *, *, #7190, .T. ) ;
#5686 = CARTESIAN_POINT ( 'NONE',  ( 0.000000000000000000, -29.20849999999999724, -143.5000000000000000 ) ) ;
#5687 = COLOUR_RGB ( '',0.7921568627450980005, 0.8196078431372548767, 0.9333333333333333481 ) ;
#5688 = DIRECTION ( 'NONE',  ( 1.000000000000000000, 0.000000000000000000, 0.000000000000000000 ) ) ;
#5689 = CYLINDRICAL_SURFACE ( 'NONE', #2667, 0.3999999999993869571 ) ;
#5690 = ORIENTED_EDGE ( 'NONE', *, *, #677, .F. ) ;
#5691 = CARTESIAN_POINT ( 'NONE',  ( -8.000000000000000000, -26.00000000000000000, -152.0000000000000000 ) ) ;
#5692 = ADVANCED_FACE ( 'NONE', ( #9543 ), #9991, .F. ) ;
#5693 = LINE ( 'NONE', #8952, #3360 ) ;
#5694 = DIRECTION ( 'NONE',  ( -1.000000000000000000, 0.000000000000000000, 0.000000000000000000 ) ) ;
#5695 = CARTESIAN_POINT ( 'NONE',  ( 9.500000000000000000, 25.13397459621599950, 0.000000000000000000 ) ) ;
#5696 = CONICAL_SURFACE ( 'NONE', #10491, 4.100000000000000533, 0.3490658503988703920 ) ;
#5697 = DIRECTION ( 'NONE',  ( 1.000000000000000000, 0.000000000000000000, 0.000000000000000000 ) ) ;
#5698 = CARTESIAN_POINT ( 'NONE',  ( 8.800000000000000711, -7.250000000000000000, -152.0000000000000000 ) ) ;
#5699 = ORIENTED_EDGE ( 'NONE', *, *, #6113, .T. ) ;
#5700 = DIRECTION ( 'NONE',  ( 1.000000000000000000, 0.000000000000000000, 0.000000000000000000 ) ) ;
#5701 = ORIENTED_EDGE ( 'NONE', *, *, #10592, .T. ) ;
#5702 = AXIS2_PLACEMENT_3D ( 'NONE', #2836, #3002, #4492 ) ;
#5703 = CARTESIAN_POINT ( 'NONE',  ( 4.100000000000000533, 5.021051876504150343E-16, 9.394203811574740826 ) ) ;
#5704 = DIRECTION ( 'NONE',  ( 0.000000000000000000, 0.000000000000000000, 1.000000000000000000 ) ) ;
#5705 = CARTESIAN_POINT ( 'NONE',  ( 6.762925089572036086, 24.98212852478557977, -151.9316872607652158 ) ) ;
#5706 = AXIS2_PLACEMENT_3D ( 'NONE', #2014, #393, #955 ) ;
#5707 =( BOUNDED_CURVE ( )  B_SPLINE_CURVE ( 3, ( #3411, #1645, #1698, #2446 ),
 .UNSPECIFIED., .F., .F. ) 
 B_SPLINE_CURVE_WITH_KNOTS ( ( 4, 4 ),
 ( 3.141592653589795336, 3.926990816987240063 ),
 .UNSPECIFIED. ) 
 CURVE ( )  GEOMETRIC_REPRESENTATION_ITEM ( )  RATIONAL_B_SPLINE_CURVE ( ( 1.000000000000000000, 0.9492530216741910110, 0.9492530216741910110, 1.000000000000000000 ) ) 
 REPRESENTATION_ITEM ( '' )  );
#5708 = VECTOR ( 'NONE', #874, 1000.000000000000000 ) ;
#5709 = ORIENTED_EDGE ( 'NONE', *, *, #7433, .T. ) ;
#5710 = CARTESIAN_POINT ( 'NONE',  ( 0.000000000000000000, 0.000000000000000000, 3.600000000000000089 ) ) ;
#5711 = VERTEX_POINT ( 'NONE', #7947 ) ;
#5712 = DIRECTION ( 'NONE',  ( 0.000000000000000000, 0.000000000000000000, 1.000000000000000000 ) ) ;
#5713 = DIRECTION ( 'NONE',  ( 0.000000000000000000, 1.000000000000000000, 0.000000000000000000 ) ) ;
#5714 = DIRECTION ( 'NONE',  ( 0.000000000000000000, 0.000000000000000000, -1.000000000000000000 ) ) ;
#5715 = AXIS2_PLACEMENT_3D ( 'NONE', #9216, #326, #5910 ) ;
#5716 = LINE ( 'NONE', #9832, #9423 ) ;
#5717 = AXIS2_PLACEMENT_3D ( 'NONE', #6361, #5458, #1536 ) ;
#5718 = CARTESIAN_POINT ( 'NONE',  ( -7.190137422973518433, -27.26447367940729194, -151.8729281385459444 ) ) ;
#5719 = VECTOR ( 'NONE', #274, 1000.000000000000000 ) ;
#5720 = EDGE_CURVE ( 'NONE', #8838, #1392, #6399, .T. ) ;
#5721 = AXIS2_PLACEMENT_3D ( 'NONE', #862, #4827, #2470 ) ;
#5722 = CARTESIAN_POINT ( 'NONE',  ( 2.458500000000000352, -16.00000000000000000, -10.95849999999999902 ) ) ;
#5723 = VECTOR ( 'NONE', #4190, 1000.000000000000000 ) ;
#5724 = AXIS2_PLACEMENT_3D ( 'NONE', #4731, #7774, #2904 ) ;
#5725 = VERTEX_POINT ( 'NONE', #9489 ) ;
#5726 = VERTEX_POINT ( 'NONE', #3772 ) ;
#5727 = ORIENTED_EDGE ( 'NONE', *, *, #5526, .F. ) ;
#5728 = FACE_BOUND ( 'NONE', #3108, .T. ) ;
#5729 = CARTESIAN_POINT ( 'NONE',  ( 0.000000000000000000, 0.000000000000000000, 2.000000000000000000 ) ) ;
#5730 = ORIENTED_EDGE ( 'NONE', *, *, #7974, .T. ) ;
#5731 = CARTESIAN_POINT ( 'NONE',  ( 6.500059261609179906, 25.85916604984221223, -151.8758277094196956 ) ) ;
#5732 = CIRCLE ( 'NONE', #8465, 0.5000000000006405987 ) ;
#5733 = CARTESIAN_POINT ( 'NONE',  ( -12.00000000000000000, -22.00000000000000000, -152.0000000000000000 ) ) ;
#5734 = EDGE_CURVE ( 'NONE', #8189, #7806, #4743, .T. ) ;
#5735 = DIRECTION ( 'NONE',  ( -1.000000000000000000, 0.000000000000000000, 0.000000000000000000 ) ) ;
#5736 = DIRECTION ( 'NONE',  ( 1.000000000000000000, 0.000000000000000000, 0.000000000000000000 ) ) ;
#5737 = EDGE_LOOP ( 'NONE', ( #6346, #4183, #2393, #6307 ) ) ;
#5738 = EDGE_LOOP ( 'NONE', ( #6318, #4598, #2688, #1318, #9537, #5335, #1022 ) ) ;
#5739 = ORIENTED_EDGE ( 'NONE', *, *, #5536, .F. ) ;
#5740 = CARTESIAN_POINT ( 'NONE',  ( -1.399999999999385958, 30.00000000000000000, -135.0000000000000000 ) ) ;
#5742 = EDGE_CURVE ( 'NONE', #7229, #3685, #2058, .T. ) ;
#5741 =( LENGTH_UNIT ( ) NAMED_UNIT ( * ) SI_UNIT ( .MILLI., .METRE. ) );
#5743 = EDGE_CURVE ( 'NONE', #1576, #9686, #1967, .T. ) ;
#5744 = FACE_OUTER_BOUND ( 'NONE', #5052, .T. ) ;
#5745 = EDGE_LOOP ( 'NONE', ( #9622, #2187 ) ) ;
#5746 = LINE ( 'NONE', #5534, #1653 ) ;
#5747 = DIRECTION ( 'NONE',  ( 0.000000000000000000, 0.000000000000000000, -1.000000000000000000 ) ) ;
#5748 = CARTESIAN_POINT ( 'NONE',  ( 1.440155956905744050, 13.54150000000001342, -144.9401559569055848 ) ) ;
#5749 = CARTESIAN_POINT ( 'NONE',  ( 2.205642239911665747, -17.27120180318257781, -10.70564223991165953 ) ) ;
#5750 = DIRECTION ( 'NONE',  ( 1.000000000000000000, 0.000000000000000000, 0.000000000000000000 ) ) ;
#5751 = AXIS2_PLACEMENT_3D ( 'NONE', #7165, #9667, #8714 ) ;
#5752 = EDGE_CURVE ( 'NONE', #8833, #5402, #5218, .T. ) ;
#5753 = AXIS2_PLACEMENT_3D ( 'NONE', #1724, #1569, #821 ) ;
#5754 = EDGE_CURVE ( 'NONE', #6434, #9440, #5538, .T. ) ;
#5755 = ORIENTED_EDGE ( 'NONE', *, *, #8888, .F. ) ;
#5756 = AXIS2_PLACEMENT_3D ( 'NONE', #10297, #4588, #8650 ) ;
#5757 = LINE ( 'NONE', #1731, #9034 ) ;
#5758 = VERTEX_POINT ( 'NONE', #1416 ) ;
#5759 = CARTESIAN_POINT ( 'NONE',  ( -8.000000000000000000, -26.00000000000000000, -0.3999999999999810374 ) ) ;
#5760 = CARTESIAN_POINT ( 'NONE',  ( 0.000000000000000000, 0.000000000000000000, 0.000000000000000000 ) ) ;
#5761 = ORIENTED_EDGE ( 'NONE', *, *, #3881, .F. ) ;
#5762 = DIRECTION ( 'NONE',  ( 1.000000000000000000, 0.000000000000000000, 0.000000000000000000 ) ) ;
#5763 = ADVANCED_FACE ( 'NONE', ( #451 ), #2654, .F. ) ;
#5764 = CARTESIAN_POINT ( 'NONE',  ( 2.458500000000006569, -16.66074916942605100, -6.041499999999994763 ) ) ;
#5765 = VECTOR ( 'NONE', #8067, 999.9999999999998863 ) ;
#5766 = CARTESIAN_POINT ( 'NONE',  ( 0.000000000000000000, 0.000000000000000000, 0.000000000000000000 ) ) ;
#5767 = EDGE_CURVE ( 'NONE', #10025, #5959, #1257, .T. ) ;
#5768 = EDGE_CURVE ( 'NONE', #6668, #9372, #7787, .T. ) ;
#5769 = AXIS2_PLACEMENT_3D ( 'NONE', #9833, #95, #6521 ) ;
#5770 = VERTEX_POINT ( 'NONE', #6343 ) ;
#5771 = FACE_OUTER_BOUND ( 'NONE', #5656, .T. ) ;
#5772 = ORIENTED_EDGE ( 'NONE', *, *, #640, .T. ) ;
#5773 = ADVANCED_FACE ( 'NONE', ( #554 ), #3830, .F. ) ;
#5774 = DIRECTION ( 'NONE',  ( 0.000000000000000000, 0.000000000000000000, -1.000000000000000000 ) ) ;
#5775 = CARTESIAN_POINT ( 'NONE',  ( -7.500000000000000000, 32.99999999999945288, -17.00000000000000000 ) ) ;
#5776 = CARTESIAN_POINT ( 'NONE',  ( 0.000000000000000000, -16.00000000000000000, -152.0000000000000000 ) ) ;
#5777 = DIRECTION ( 'NONE',  ( 0.000000000000000000, 0.000000000000000000, 1.000000000000000000 ) ) ;
#5778 = DIRECTION ( 'NONE',  ( 1.000000000000000000, 0.000000000000000000, 0.000000000000000000 ) ) ;
#5779 = DIRECTION ( 'NONE',  ( 0.000000000000000000, 0.000000000000000000, 1.000000000000000000 ) ) ;
#5780 = VERTEX_POINT ( 'NONE', #1365 ) ;
#5781 = EDGE_LOOP ( 'NONE', ( #8908, #6711, #4880, #5830, #9075 ) ) ;
#5782 = ORIENTED_EDGE ( 'NONE', *, *, #6007, .T. ) ;
#5783 = CYLINDRICAL_SURFACE ( 'NONE', #5092, 2.458500000000030106 ) ;
#5784 = CARTESIAN_POINT ( 'NONE',  ( -12.00000000000000000, -22.00000000000000000, -148.0000000000000000 ) ) ;
#5785 = VERTEX_POINT ( 'NONE', #10237 ) ;
#5786 = FACE_BOUND ( 'NONE', #5521, .T. ) ;
#5787 = EDGE_CURVE ( 'NONE', #8974, #2528, #2115, .T. ) ;
#5788 = DIRECTION ( 'NONE',  ( 0.7071067811865480168, 0.000000000000000000, 0.7071067811865470176 ) ) ;
#5789 = CARTESIAN_POINT ( 'NONE',  ( -1.000000000000000000, 32.99999999999945288, -135.0000000000000000 ) ) ;
#5790 = VECTOR ( 'NONE', #4462, 1000.000000000000000 ) ;
#5791 = VECTOR ( 'NONE', #648, 1000.000000000000000 ) ;
#5792 = PLANE ( 'NONE',  #6847 ) ;
#5793 = EDGE_LOOP ( 'NONE', ( #3701, #4198, #9868, #7993 ) ) ;
#5794 = ORIENTED_EDGE ( 'NONE', *, *, #1040, .T. ) ;
#5795 = ORIENTED_EDGE ( 'NONE', *, *, #7562, .T. ) ;
#5796 = DIRECTION ( 'NONE',  ( 0.000000000000000000, 0.000000000000000000, -1.000000000000000000 ) ) ;
#5797 = CARTESIAN_POINT ( 'NONE',  ( 8.032999999999999474, -7.250000000000000000, -150.6715170305899960 ) ) ;
#5798 = DIRECTION ( 'NONE',  ( -0.8660254037842993746, -0.5000000000002412515, 0.000000000000000000 ) ) ;
#5799 = ORIENTED_EDGE ( 'NONE', *, *, #9274, .T. ) ;
#5800 = ADVANCED_FACE ( 'NONE', ( #5388 ), #7033, .T. ) ;
#5801 = PLANE ( 'NONE',  #3477 ) ;
#5802 = AXIS2_PLACEMENT_3D ( 'NONE', #5710, #9076, #5075 ) ;
#5803 = FACE_OUTER_BOUND ( 'NONE', #1293, .T. ) ;
#5804 = DIRECTION ( 'NONE',  ( 0.000000000000000000, 0.000000000000000000, -1.000000000000000000 ) ) ;
#5805 = CYLINDRICAL_SURFACE ( 'NONE', #3164, 4.283000000000000362 ) ;
#5806 = ADVANCED_FACE ( 'NONE', ( #4788 ), #9808, .F. ) ;
#5807 = EDGE_CURVE ( 'NONE', #8847, #1730, #932, .T. ) ;
#5808 = ORIENTED_EDGE ( 'NONE', *, *, #4847, .F. ) ;
#5809 = ADVANCED_FACE ( 'NONE', ( #2488 ), #4949, .F. ) ;
#5810 = DIRECTION ( 'NONE',  ( 0.000000000000000000, 0.000000000000000000, 1.000000000000000000 ) ) ;
#5811 = VERTEX_POINT ( 'NONE', #10565 ) ;
#5812 = LINE ( 'NONE', #9066, #4148 ) ;
#5813 = ORIENTED_EDGE ( 'NONE', *, *, #8614, .T. ) ;
#5814 = CARTESIAN_POINT ( 'NONE',  ( -12.00000000000000000, -22.00000000000000000, 0.000000000000000000 ) ) ;
#5815 = LINE ( 'NONE', #136, #10201 ) ;
#5816 = CARTESIAN_POINT ( 'NONE',  ( 8.015521883131919267, 26.00000000000000000, -152.0000000000000000 ) ) ;
#5817 = ADVANCED_FACE ( 'NONE', ( #8956 ), #10276, .F. ) ;
#5818 = EDGE_LOOP ( 'NONE', ( #10544, #4410, #6300, #5416 ) ) ;
#5819 = DIRECTION ( 'NONE',  ( 1.000000000000000000, 0.000000000000000000, 0.000000000000000000 ) ) ;
#5820 = ORIENTED_EDGE ( 'NONE', *, *, #10342, .T. ) ;
#5821 = CARTESIAN_POINT ( 'NONE',  ( 0.4999999999993789968, 17.49999999999940314, -111.0000000000000000 ) ) ;
#5822 = DIRECTION ( 'NONE',  ( 0.000000000000000000, 0.000000000000000000, 1.000000000000000000 ) ) ;
#5823 = AXIS2_PLACEMENT_3D ( 'NONE', #364, #5358, #1286 ) ;
#5824 = DIRECTION ( 'NONE',  ( -1.000000000000000000, 0.000000000000000000, 0.000000000000000000 ) ) ;
#5825 = DIRECTION ( 'NONE',  ( 1.000000000000000000, 0.000000000000000000, 0.000000000000000000 ) ) ;
#5826 = CARTESIAN_POINT ( 'NONE',  ( -7.374868588380487644, -27.37113652140844522, -151.8730948080251721 ) ) ;
#5827 = EDGE_CURVE ( 'NONE', #9557, #7069, #10513, .T. ) ;
#5828 = CIRCLE ( 'NONE', #2234, 3.400000000000000355 ) ;
#5829 = CARTESIAN_POINT ( 'NONE',  ( 2.458500000000000352, -16.00000000000000000, -151.2084999999999866 ) ) ;
#5830 = ORIENTED_EDGE ( 'NONE', *, *, #298, .F. ) ;
#5831 = EDGE_LOOP ( 'NONE', ( #8869, #2405, #4024, #1705 ) ) ;
#5832 = ORIENTED_EDGE ( 'NONE', *, *, #6504, .F. ) ;
#5833 = DIRECTION ( 'NONE',  ( 0.8660254037842985975, 0.5000000000002426948, 0.000000000000000000 ) ) ;
#5834 = LINE ( 'NONE', #1763, #3480 ) ;
#5835 = ORIENTED_EDGE ( 'NONE', *, *, #877, .F. ) ;
#5836 = CARTESIAN_POINT ( 'NONE',  ( 7.677766689271034117, 27.54609682269803628, -151.9185876156756763 ) ) ;
#5837 = CARTESIAN_POINT ( 'NONE',  ( 0.000000000000000000, 0.000000000000000000, -150.0000000000000000 ) ) ;
#5838 = AXIS2_PLACEMENT_3D ( 'NONE', #6551, #8048, #715 ) ;
#5839 = DIRECTION ( 'NONE',  ( 1.000000000000000000, 0.000000000000000000, 0.000000000000000000 ) ) ;
#5840 = AXIS2_PLACEMENT_3D ( 'NONE', #1158, #9231, #7683 ) ;
#5841 = CARTESIAN_POINT ( 'NONE',  ( -7.500000000000000000, 32.99999999999945288, -17.00000000000000000 ) ) ;
#5842 = ORIENTED_EDGE ( 'NONE', *, *, #8169, .T. ) ;
#5843 = ORIENTED_EDGE ( 'NONE', *, *, #4427, .F. ) ;
#5844 = VERTEX_POINT ( 'NONE', #8154 ) ;
#5845 = CARTESIAN_POINT ( 'NONE',  ( -8.000000000000000000, -26.00000000000000000, -4.000000000000000000 ) ) ;
#5846 = DIRECTION ( 'NONE',  ( 0.000000000000000000, 0.000000000000000000, 1.000000000000000000 ) ) ;
#5847 = CARTESIAN_POINT ( 'NONE',  ( 11.40000000000000036, 26.00000000000000000, -4.000000000000000000 ) ) ;
#5848 = VERTEX_POINT ( 'NONE', #8205 ) ;
#5849 = CARTESIAN_POINT ( 'NONE',  ( 2.458500000000000352, -16.00000000000000000, -145.9584999999999866 ) ) ;
#5850 = DIRECTION ( 'NONE',  ( 0.5000000000002388090, 0.8660254037843008179, 0.000000000000000000 ) ) ;
#5851 = DIRECTION ( 'NONE',  ( 0.000000000000000000, 0.000000000000000000, -1.000000000000000000 ) ) ;
#5852 = EDGE_CURVE ( 'NONE', #5393, #3219, #8302, .T. ) ;
#5853 = VECTOR ( 'NONE', #3076, 1000.000000000000114 ) ;
#5854 = FACE_OUTER_BOUND ( 'NONE', #2441, .T. ) ;
#5855 = PRESENTATION_LAYER_ASSIGNMENT (  '', '', ( #7222 ) ) ;
#5856 = VERTEX_POINT ( 'NONE', #7300 ) ;
#5857 = FACE_OUTER_BOUND ( 'NONE', #4698, .T. ) ;
#5858 = ORIENTED_EDGE ( 'NONE', *, *, #2707, .T. ) ;
#5859 = DIRECTION ( 'NONE',  ( 0.000000000000000000, 0.000000000000000000, 1.000000000000000000 ) ) ;
#5860 = ORIENTED_EDGE ( 'NONE', *, *, #5097, .T. ) ;
#5861 = DIRECTION ( 'NONE',  ( 0.000000000000000000, 0.000000000000000000, -1.000000000000000000 ) ) ;
#5862 = VECTOR ( 'NONE', #9060, 1000.000000000000114 ) ;
#5863 = DIRECTION ( 'NONE',  ( 0.000000000000000000, 0.000000000000000000, 1.000000000000000000 ) ) ;
#5864 = CARTESIAN_POINT ( 'NONE',  ( 1.200000000000553957, 32.99999999999945288, -152.0010000000000048 ) ) ;
#5865 = FACE_OUTER_BOUND ( 'NONE', #4302, .T. ) ;
#5866 = ADVANCED_FACE ( 'NONE', ( #5644 ), #7400, .T. ) ;
#5867 = B_SPLINE_CURVE_WITH_KNOTS ( 'NONE', 3,
 ( #9108, #2690, #4451, #10109, #1777, #5958, #3433, #6702, #5152, #978, #2789, #9956, #370, #8408, #3545, #2734, #321, #6812, #6005, #3594 ),
 .UNSPECIFIED., .F., .F.,
 ( 4, 2, 2, 2, 2, 2, 2, 2, 2, 4 ),
 ( 0.000000000000000000, 0.1249999999999890088, 0.1874999999999918399, 0.2499999999999946709, 0.4999999999999897859, 0.6249999999999903411, 0.6874999999999905631, 0.7187499999999907851, 0.7499999999999908962, 1.000000000000000000 ),
 .UNSPECIFIED. ) ;
#5868 = VECTOR ( 'NONE', #7985, 1000.000000000000000 ) ;
#5869 = CARTESIAN_POINT ( 'NONE',  ( -1.399999999999389955, 30.00000000000000000, -17.00000000000000000 ) ) ;
#5870 = ORIENTED_EDGE ( 'NONE', *, *, #3268, .F. ) ;
#5871 = CARTESIAN_POINT ( 'NONE',  ( -8.000000000000000000, -27.73205080756900287, -152.0000000000000000 ) ) ;
#5872 = CARTESIAN_POINT ( 'NONE',  ( -7.006110833269579174, -24.84164515984125998, -151.8845186966365191 ) ) ;
#5873 = CARTESIAN_POINT ( 'NONE',  ( -3.250000000000000000, -16.00000000000000000, -152.0000000000000000 ) ) ;
#5874 = CARTESIAN_POINT ( 'NONE',  ( -6.499999999999998224, -26.77014126074490363, -151.9797930617908435 ) ) ;
#5875 = ADVANCED_FACE ( 'NONE', ( #2329 ), #2611, .F. ) ;
#5876 = CARTESIAN_POINT ( 'NONE',  ( -7.007197661107656295, -27.15889677406784486, -151.8877686863329757 ) ) ;
#5877 = AXIS2_PLACEMENT_3D ( 'NONE', #5518, #10490, #2364 ) ;
#5878 = CIRCLE ( 'NONE', #1429, 2.458500000000000796 ) ;
#5879 = ADVANCED_FACE ( 'NONE', ( #3991 ), #4150, .F. ) ;
#5880 = ORIENTED_EDGE ( 'NONE', *, *, #9346, .T. ) ;
#5881 = EDGE_CURVE ( 'NONE', #4886, #3428, #8260, .T. ) ;
#5882 = VECTOR ( 'NONE', #898, 1000.000000000000000 ) ;
#5883 = VERTEX_POINT ( 'NONE', #71 ) ;
#5884 = EDGE_LOOP ( 'NONE', ( #973, #513, #7014, #9014 ) ) ;
#5885 = DIRECTION ( 'NONE',  ( 0.000000000000000000, 0.000000000000000000, 1.000000000000000000 ) ) ;
#5886 = DIRECTION ( 'NONE',  ( 0.000000000000000000, 0.000000000000000000, 1.000000000000000000 ) ) ;
#5887 = VECTOR ( 'NONE', #6612, 1000.000000000000000 ) ;
#5888 = ORIENTED_EDGE ( 'NONE', *, *, #847, .F. ) ;
#5889 = CARTESIAN_POINT ( 'NONE',  ( 3.750000000000000000, -7.250000000000000000, -145.5000000000000000 ) ) ;
#5890 = CIRCLE ( 'NONE', #2640, 4.283000000000000362 ) ;
#5891 = AXIS2_PLACEMENT_3D ( 'NONE', #3018, #2100, #5371 ) ;
#5892 = DIRECTION ( 'NONE',  ( 1.000000000000000000, 0.000000000000000000, 0.000000000000000000 ) ) ;
#5893 = AXIS2_PLACEMENT_3D ( 'NONE', #2585, #933, #3191 ) ;
#5894 = CARTESIAN_POINT ( 'NONE',  ( 7.978903285765468922, 24.28012938607335158, 0.000000000000000000 ) ) ;
#5895 = AXIS2_PLACEMENT_3D ( 'NONE', #8510, #9514, #5257 ) ;
#5896 = CARTESIAN_POINT ( 'NONE',  ( 9.500000000000000000, 25.73861334891966024, -0.1270170592245051799 ) ) ;
#5897 = ADVANCED_FACE ( 'NONE', ( #7199 ), #1524, .F. ) ;
#5898 = ORIENTED_EDGE ( 'NONE', *, *, #387, .T. ) ;
#5899 = ORIENTED_EDGE ( 'NONE', *, *, #1554, .F. ) ;
#5900 = ORIENTED_EDGE ( 'NONE', *, *, #262, .T. ) ;
#5901 = FACE_OUTER_BOUND ( 'NONE', #1843, .T. ) ;
#5902 = CONICAL_SURFACE ( 'NONE', #5397, 4.232999999999999652, 0.7853981633974476129 ) ;
#5903 = DIRECTION ( 'NONE',  ( 0.000000000000000000, 0.000000000000000000, 1.000000000000000000 ) ) ;
#5904 = PRODUCT_DEFINITION_SHAPE ( 'NONE', 'NONE',  #10598 ) ;
#5905 = EDGE_CURVE ( 'NONE', #4035, #1303, #2381, .T. ) ;
#5906 = EDGE_LOOP ( 'NONE', ( #1437, #5351, #8029, #4386, #7548 ) ) ;
#5907 = CARTESIAN_POINT ( 'NONE',  ( 8.500000000000000000, -17.49999999999940314, -121.0000000000000000 ) ) ;
#5908 = LINE ( 'NONE', #6010, #1103 ) ;
#5909 = CARTESIAN_POINT ( 'NONE',  ( 2.458500000000000352, 16.00000000000000000, -6.041500000000000092 ) ) ;
#5910 = DIRECTION ( 'NONE',  ( 0.000000000000000000, 0.000000000000000000, -1.000000000000000000 ) ) ;
#5911 = ORIENTED_EDGE ( 'NONE', *, *, #10379, .F. ) ;
#5912 = EDGE_LOOP ( 'NONE', ( #8564, #7590 ) ) ;
#5913 = DIRECTION ( 'NONE',  ( 1.000000000000000000, 0.000000000000000000, 0.000000000000000000 ) ) ;
#5914 = ORIENTED_EDGE ( 'NONE', *, *, #233, .F. ) ;
#5915 = CARTESIAN_POINT ( 'NONE',  ( -9.499999999999996447, -26.69861334718903123, -151.9595849489171826 ) ) ;
#5916 = APPLICATION_PROTOCOL_DEFINITION ( 'draft international standard', 'automotive_design', 1998, #8094 ) ;
#5917 = TOROIDAL_SURFACE ( 'NONE', #5243, 4.700000000000099654, 0.6000000000000998979 ) ;
#5918 = ORIENTED_EDGE ( 'NONE', *, *, #6879, .F. ) ;
#5919 = DIRECTION ( 'NONE',  ( 0.000000000000000000, 0.000000000000000000, 1.000000000000000000 ) ) ;
#5920 = LINE ( 'NONE', #1950, #625 ) ;
#5921 = EDGE_CURVE ( 'NONE', #8723, #4022, #1674, .T. ) ;
#5922 = VECTOR ( 'NONE', #4816, 1000.000000000000227 ) ;
#5923 = DIRECTION ( 'NONE',  ( 0.000000000000000000, 0.000000000000000000, 1.000000000000000000 ) ) ;
#5924 = DIRECTION ( 'NONE',  ( 1.000000000000000000, 0.000000000000000000, 0.000000000000000000 ) ) ;
#5925 = CIRCLE ( 'NONE', #9334, 0.5000000000060268457 ) ;
#5926 = VECTOR ( 'NONE', #1998, 1000.000000000000114 ) ;
#5927 = DIRECTION ( 'NONE',  ( 0.000000000000000000, 0.000000000000000000, -1.000000000000000000 ) ) ;
#5928 = EDGE_LOOP ( 'NONE', ( #5283, #2577 ) ) ;
#5929 = DIRECTION ( 'NONE',  ( 0.000000000000000000, 0.000000000000000000, 1.000000000000000000 ) ) ;
#5930 = CARTESIAN_POINT ( 'NONE',  ( -6.500000000000000000, -25.15833498349994812, -152.0000000000000000 ) ) ;
#5931 = CIRCLE ( 'NONE', #2682, 3.250000000000000000 ) ;
#5932 = CYLINDRICAL_SURFACE ( 'NONE', #4292, 0.3999999999993869571 ) ;
#5933 = FACE_OUTER_BOUND ( 'NONE', #8053, .T. ) ;
#5934 = DIRECTION ( 'NONE',  ( 0.000000000000000000, 0.000000000000000000, -1.000000000000000000 ) ) ;
#5935 = EDGE_CURVE ( 'NONE', #7561, #674, #3792, .T. ) ;
#5936 = ADVANCED_FACE ( 'NONE', ( #10209 ), #1225, .F. ) ;
#5937 = CIRCLE ( 'NONE', #10543, 0.5000000000060268457 ) ;
#5938 = ADVANCED_FACE ( 'NONE', ( #6844 ), #3632, .T. ) ;
#5939 = EDGE_CURVE ( 'NONE', #6082, #10309, #8346, .T. ) ;
#5940 = ORIENTED_EDGE ( 'NONE', *, *, #10042, .F. ) ;
#5941 = EDGE_LOOP ( 'NONE', ( #7281, #3070, #8809, #1484, #6639 ) ) ;
#5942 = EDGE_LOOP ( 'NONE', ( #5360, #7269, #7878, #4513 ) ) ;
#5943 = CARTESIAN_POINT ( 'NONE',  ( -9.499999999999985789, -25.22964211088664754, -151.9798542637790604 ) ) ;
#5944 = DIRECTION ( 'NONE',  ( 0.000000000000000000, 0.000000000000000000, -1.000000000000000000 ) ) ;
#5945 = VERTEX_POINT ( 'NONE', #1820 ) ;
#5946 = CARTESIAN_POINT ( 'NONE',  ( -8.350000000000278533, -26.00000000000000000, -135.0000000000000000 ) ) ;
#5947 = CARTESIAN_POINT ( 'NONE',  ( 4.599999999999999645, 26.00000000000000000, -148.0000000000000000 ) ) ;
#5948 = CARTESIAN_POINT ( 'NONE',  ( 7.050000000000549605, 33.20000000000000284, -17.00000000000000000 ) ) ;
#5949 = VECTOR ( 'NONE', #6302, 1000.000000000000000 ) ;
#5950 = LINE ( 'NONE', #10056, #1082 ) ;
#5951 = CARTESIAN_POINT ( 'NONE',  ( -1.500000000000000000, 28.47151703059009975, -139.2170000000000130 ) ) ;
#5952 = EDGE_CURVE ( 'NONE', #9110, #5785, #2586, .T. ) ;
#5953 = CARTESIAN_POINT ( 'NONE',  ( -3.250000000000000000, 16.00000000000000000, 1.084202172485503941E-16 ) ) ;
#5954 = ORIENTED_EDGE ( 'NONE', *, *, #7242, .F. ) ;
#5955 = ORIENTED_EDGE ( 'NONE', *, *, #8969, .T. ) ;
#5956 = ORIENTED_EDGE ( 'NONE', *, *, #7963, .F. ) ;
#5957 = PLANE ( 'NONE',  #522 ) ;
#5958 = CARTESIAN_POINT ( 'NONE',  ( 9.500151521900948026, 25.50697162858186218, -151.9184548218715634 ) ) ;
#5959 = VERTEX_POINT ( 'NONE', #10154 ) ;
#5960 = CARTESIAN_POINT ( 'NONE',  ( -9.478903285766069331, -26.87820559742599968, -152.0000000000000000 ) ) ;
#5961 = CONICAL_SURFACE ( 'NONE', #9887, 2.458500000000024777, 0.7853981633974560506 ) ;
#5962 = EDGE_CURVE ( 'NONE', #2360, #4206, #7211, .T. ) ;
#5963 = CARTESIAN_POINT ( 'NONE',  ( 9.500000000000001776, 26.39049713177850975, -0.09817853605092401181 ) ) ;
#5964 = CARTESIAN_POINT ( 'NONE',  ( -11.09999999999999964, -26.00000000000000000, -152.0000000000000000 ) ) ;
#5965 = VECTOR ( 'NONE', #10493, 1000.000000000000000 ) ;
#5966 = CARTESIAN_POINT ( 'NONE',  ( 1.449999999999445954, 33.20000000000000284, -152.0010000000000048 ) ) ;
#5967 = EDGE_CURVE ( 'NONE', #6116, #9373, #1173, .T. ) ;
#5968 = VERTEX_POINT ( 'NONE', #2723 ) ;
#5969 = ORIENTED_EDGE ( 'NONE', *, *, #4626, .F. ) ;
#5970 = DIRECTION ( 'NONE',  ( -1.000000000000000000, 0.000000000000000000, 0.000000000000000000 ) ) ;
#5971 = LINE ( 'NONE', #9221, #7457 ) ;
#5972 = ORIENTED_EDGE ( 'NONE', *, *, #8351, .F. ) ;
#5973 = DIRECTION ( 'NONE',  ( -1.000000000000000000, 0.000000000000000000, 0.000000000000000000 ) ) ;
#5974 = DIRECTION ( 'NONE',  ( -1.000000000000000000, 0.000000000000000000, 0.000000000000000000 ) ) ;
#5975 = PLANE ( 'NONE',  #3661 ) ;
#5976 = DIRECTION ( 'NONE',  ( 0.000000000000000000, 0.000000000000000000, -1.000000000000000000 ) ) ;
#5977 = DIRECTION ( 'NONE',  ( 0.000000000000000000, 0.000000000000000000, -1.000000000000000000 ) ) ;
#5978 = ORIENTED_EDGE ( 'NONE', *, *, #9913, .F. ) ;
#5979 = FACE_OUTER_BOUND ( 'NONE', #77, .T. ) ;
#5980 = FACE_BOUND ( 'NONE', #4928, .T. ) ;
#5981 = DIRECTION ( 'NONE',  ( -1.000000000000000000, 0.000000000000000000, 0.000000000000000000 ) ) ;
#5982 = AXIS2_PLACEMENT_3D ( 'NONE', #10535, #5611, #6576 ) ;
#5983 = CARTESIAN_POINT ( 'NONE',  ( -6.500087470171778570, -25.71646075628061467, -151.8880395635220566 ) ) ;
#5984 = CARTESIAN_POINT ( 'NONE',  ( -1.500000000000000000, 19.80000000000000071, -143.5000000000000000 ) ) ;
#5985 = EDGE_LOOP ( 'NONE', ( #10330, #9158, #7054, #5050, #10404, #8705, #592 ) ) ;
#5986 = ORIENTED_EDGE ( 'NONE', *, *, #4773, .T. ) ;
#5987 = ORIENTED_EDGE ( 'NONE', *, *, #2486, .T. ) ;
#5988 = CARTESIAN_POINT ( 'NONE',  ( -8.000000000000000000, -27.73205080756900287, -2.000000000000000000 ) ) ;
#5989 = DIRECTION ( 'NONE',  ( 0.000000000000000000, 0.000000000000000000, -1.000000000000000000 ) ) ;
#5990 = EDGE_LOOP ( 'NONE', ( #6871, #762, #2717, #9469, #1361, #4614, #10397, #4679, #5956, #7485, #2121, #6187, #8295, #8663, #4229, #6362, #6325, #6490, #9574 ) ) ;
#5991 = DIRECTION ( 'NONE',  ( -1.000000000000000000, 0.000000000000000000, 0.000000000000000000 ) ) ;
#5992 = CARTESIAN_POINT ( 'NONE',  ( 6.500000000000001776, 25.30138665280501087, -151.9595849489189163 ) ) ;
#5993 = CARTESIAN_POINT ( 'NONE',  ( -7.249999999999390710, 35.00000000000000000, -17.00000000000000000 ) ) ;
#5994 = DIRECTION ( 'NONE',  ( 0.000000000000000000, 0.000000000000000000, 1.000000000000000000 ) ) ;
#5995 = ADVANCED_FACE ( 'NONE', ( #2775, #7748, #7648 ), #8394, .T. ) ;
#5996 = DIRECTION ( 'NONE',  ( 1.000000000000000000, 0.000000000000000000, 0.000000000000000000 ) ) ;
#5997 = EDGE_CURVE ( 'NONE', #4005, #4535, #7732, .T. ) ;
#5998 = B_SPLINE_CURVE_WITH_KNOTS ( 'NONE', 3,
 ( #6768, #2051, #5166, #1146 ),
 .UNSPECIFIED., .F., .F.,
 ( 4, 4 ),
 ( 0.000000000000000000, 0.0004269752087343239985 ),
 .UNSPECIFIED. ) ;
#5999 = CIRCLE ( 'NONE', #7705, 2.458500000000002572 ) ;
#6000 = CARTESIAN_POINT ( 'NONE',  ( 9.500000000000000000, 25.15833498349994812, 0.000000000000000000 ) ) ;
#6001 = EDGE_LOOP ( 'NONE', ( #5275, #2134, #8999, #8143 ) ) ;
#6002 = VERTEX_POINT ( 'NONE', #7698 ) ;
#6003 = ORIENTED_EDGE ( 'NONE', *, *, #8684, .F. ) ;
#6004 = DIRECTION ( 'NONE',  ( -1.000000000000000000, 0.000000000000000000, 0.000000000000000000 ) ) ;
#6005 = CARTESIAN_POINT ( 'NONE',  ( 9.499999999999992895, 26.69904673285169494, -151.9597073893177708 ) ) ;
#6006 = VERTEX_POINT ( 'NONE', #2677 ) ;
#6007 = EDGE_CURVE ( 'NONE', #9614, #6546, #9243, .T. ) ;
#6008 = DIRECTION ( 'NONE',  ( 0.000000000000000000, 0.000000000000000000, 1.000000000000000000 ) ) ;
#6009 = EDGE_CURVE ( 'NONE', #8881, #3660, #416, .T. ) ;
#6010 = CARTESIAN_POINT ( 'NONE',  ( 11.50000000000000000, 26.00000000000000000, -3.899999999999999911 ) ) ;
#6011 = DIRECTION ( 'NONE',  ( 1.000000000000000000, 0.000000000000000000, 0.000000000000000000 ) ) ;
#6012 = FACE_OUTER_BOUND ( 'NONE', #9104, .T. ) ;
#6013 = CIRCLE ( 'NONE', #3273, 5.049999999999943867 ) ;
#6014 = EDGE_CURVE ( 'NONE', #9606, #1867, #3690, .T. ) ;
#6015 = AXIS2_PLACEMENT_3D ( 'NONE', #3089, #6301, #4541 ) ;
#6016 = ORIENTED_EDGE ( 'NONE', *, *, #5344, .F. ) ;
#6017 = VERTEX_POINT ( 'NONE', #6956 ) ;
#6018 = CARTESIAN_POINT ( 'NONE',  ( 8.000000000000000000, 26.00000000000000000, -148.0000000000000000 ) ) ;
#6019 = ADVANCED_FACE ( 'NONE', ( #2887 ), #188, .T. ) ;
#6020 = CARTESIAN_POINT ( 'NONE',  ( -9.500059283472833016, -26.28160925218864463, -151.8879179761415514 ) ) ;
#6021 = EDGE_LOOP ( 'NONE', ( #185, #2565, #8074, #2843 ) ) ;
#6022 = CARTESIAN_POINT ( 'NONE',  ( 3.010794155703800205E-16, -29.20849999999999724, -141.0414999999999850 ) ) ;
#6023 = AXIS2_PLACEMENT_3D ( 'NONE', #7793, #8654, #5447 ) ;
#6024 = DIRECTION ( 'NONE',  ( 0.000000000000000000, 0.000000000000000000, 1.000000000000000000 ) ) ;
#6025 = AXIS2_PLACEMENT_3D ( 'NONE', #2702, #4261, #5973 ) ;
#6026 = CARTESIAN_POINT ( 'NONE',  ( -8.000000000001291411, 26.00000000000094857, -17.00000000000000000 ) ) ;
#6027 = CARTESIAN_POINT ( 'NONE',  ( 9.150051150599106009, 27.06817750053311400, -151.9129408000564752 ) ) ;
#6028 = CARTESIAN_POINT ( 'NONE',  ( 0.000000000000000000, 0.000000000000000000, 8.000000000000000000 ) ) ;
#6029 = VECTOR ( 'NONE', #165, 1000.000000000000000 ) ;
#6030 = DIRECTION ( 'NONE',  ( 1.000000000000000000, 0.000000000000000000, 0.000000000000000000 ) ) ;
#6031 = ORIENTED_EDGE ( 'NONE', *, *, #4258, .T. ) ;
#6032 = EDGE_CURVE ( 'NONE', #8548, #6374, #7713, .T. ) ;
#6033 = DIRECTION ( 'NONE',  ( -0.8660254037842886055, -0.5000000000002597922, 0.000000000000000000 ) ) ;
#6034 = DIRECTION ( 'NONE',  ( 0.000000000000000000, 0.000000000000000000, 1.000000000000000000 ) ) ;
#6035 = LINE ( 'NONE', #9233, #692 ) ;
#6036 = CARTESIAN_POINT ( 'NONE',  ( -8.000000000000000000, -16.00000000000000000, -3.700000000000555289 ) ) ;
#6037 = CARTESIAN_POINT ( 'NONE',  ( -8.000000000000000000, -26.00000000000000000, -152.0000000000000000 ) ) ;
#6038 = VECTOR ( 'NONE', #9475, 1000.000000000000000 ) ;
#6039 = VERTEX_POINT ( 'NONE', #6153 ) ;
#6040 = VERTEX_POINT ( 'NONE', #5090 ) ;
#6041 = CARTESIAN_POINT ( 'NONE',  ( -1.500000000000000000, 20.30000000000605098, -12.78299999999999947 ) ) ;
#6042 = CARTESIAN_POINT ( 'NONE',  ( 8.000000000000000000, 26.00000000000000000, -3.899999999999999911 ) ) ;
#6043 = ORIENTED_EDGE ( 'NONE', *, *, #9126, .T. ) ;
#6044 = DIRECTION ( 'NONE',  ( 0.000000000000000000, 0.000000000000000000, -1.000000000000000000 ) ) ;
#6045 = CARTESIAN_POINT ( 'NONE',  ( 9.248999599679699202, 29.80000000000000071, -4.000000000000000000 ) ) ;
#6046 = DIRECTION ( 'NONE',  ( -1.000000000000000000, 0.000000000000000000, 0.000000000000000000 ) ) ;
#6047 = AXIS2_PLACEMENT_3D ( 'NONE', #5837, #5094, #6692 ) ;
#6048 = CARTESIAN_POINT ( 'NONE',  ( 12.00000000000000000, 16.00000000000000000, -10.95849999999999902 ) ) ;
#6049 = CYLINDRICAL_SURFACE ( 'NONE', #9141, 10.00000000000000000 ) ;
#6050 = AXIS2_PLACEMENT_3D ( 'NONE', #2245, #4925, #5665 ) ;
#6051 = VECTOR ( 'NONE', #2407, 1000.000000000000000 ) ;
#6052 = CIRCLE ( 'NONE', #1782, 4.232999999999999652 ) ;
#6053 = DIRECTION ( 'NONE',  ( 1.000000000000000000, 0.000000000000000000, 0.000000000000000000 ) ) ;
#6054 = ORIENTED_EDGE ( 'NONE', *, *, #131, .F. ) ;
#6055 = ORIENTED_EDGE ( 'NONE', *, *, #2013, .T. ) ;
#6056 = ORIENTED_EDGE ( 'NONE', *, *, #300, .T. ) ;
#6057 = DIRECTION ( 'NONE',  ( 0.000000000000000000, 0.000000000000000000, -1.000000000000000000 ) ) ;
#6058 = CARTESIAN_POINT ( 'NONE',  ( 0.000000000000000000, 0.000000000000000000, 2.000000000000000000 ) ) ;
#6059 = ORIENTED_EDGE ( 'NONE', *, *, #667, .T. ) ;
#6060 = VECTOR ( 'NONE', #9704, 1000.000000000000000 ) ;
#6061 = VECTOR ( 'NONE', #3359, 999.9999999999998863 ) ;
#6062 = CARTESIAN_POINT ( 'NONE',  ( 1.271201803182602674, -18.20564223991167552, -6.294357760088330700 ) ) ;
#6063 = DIRECTION ( 'NONE',  ( -1.000000000000000000, 0.000000000000000000, 0.000000000000000000 ) ) ;
#6064 = CARTESIAN_POINT ( 'NONE',  ( -8.000000000001291411, 26.00000000000094857, -135.0000000000000000 ) ) ;
#6065 = CARTESIAN_POINT ( 'NONE',  ( 12.00000000000000000, 26.00000000000094857, -148.0000000000000000 ) ) ;
#6066 = AXIS2_PLACEMENT_3D ( 'NONE', #7602, #9949, #917 ) ;
#6067 = VECTOR ( 'NONE', #10355, 1000.000000000000000 ) ;
#6068 = EDGE_CURVE ( 'NONE', #6821, #8213, #1123, .T. ) ;
#6069 = EDGE_CURVE ( 'NONE', #3219, #7644, #6466, .T. ) ;
#6070 = VERTEX_POINT ( 'NONE', #9999 ) ;
#6071 = ORIENTED_EDGE ( 'NONE', *, *, #1419, .T. ) ;
#6072 = CARTESIAN_POINT ( 'NONE',  ( -8.000000000000000000, -26.00000000000000000, -150.0000000000000000 ) ) ;
#6073 = CARTESIAN_POINT ( 'NONE',  ( 12.00000000000000000, 16.00000000000000000, -141.0414999999999850 ) ) ;
#6074 = VERTEX_POINT ( 'NONE', #5407 ) ;
#6075 = CARTESIAN_POINT ( 'NONE',  ( 0.000000000000000000, -16.00000000000000000, -152.0000000000000000 ) ) ;
#6076 = DIRECTION ( 'NONE',  ( -1.000000000000000000, 0.000000000000000000, 0.000000000000000000 ) ) ;
#6077 = CARTESIAN_POINT ( 'NONE',  ( -6.500000000000000000, -26.54194165658043758, -0.08467803948300345329 ) ) ;
#6078 = EDGE_CURVE ( 'NONE', #7564, #10546, #5509, .T. ) ;
#6079 = DIRECTION ( 'NONE',  ( 0.000000000000000000, 0.000000000000000000, 1.000000000000000000 ) ) ;
#6080 = EDGE_CURVE ( 'NONE', #1989, #8026, #4987, .T. ) ;
#6081 = CYLINDRICAL_SURFACE ( 'NONE', #10498, 4.283000000000000362 ) ;
#6082 = VERTEX_POINT ( 'NONE', #578 ) ;
#6083 = ADVANCED_FACE ( 'NONE', ( #1386 ), #9562, .F. ) ;
#6084 = CARTESIAN_POINT ( 'NONE',  ( 12.00000000000000000, -30.00000000000000000, -17.00000000000000000 ) ) ;
#6085 = CARTESIAN_POINT ( 'NONE',  ( -7.587174287157880670, -24.50611308157484913, -151.9015776216681672 ) ) ;
#6086 = DIRECTION ( 'NONE',  ( 0.000000000000000000, 0.000000000000000000, -1.000000000000000000 ) ) ;
#6087 = DIRECTION ( 'NONE',  ( 0.000000000000000000, 0.000000000000000000, 1.000000000000000000 ) ) ;
#6088 = VECTOR ( 'NONE', #2518, 1000.000000000000000 ) ;
#6089 = DIRECTION ( 'NONE',  ( 0.000000000000000000, 0.000000000000000000, -1.000000000000000000 ) ) ;
#6090 = CIRCLE ( 'NONE', #8989, 2.999999999999999112 ) ;
#6091 = EDGE_CURVE ( 'NONE', #7697, #8213, #6718, .T. ) ;
#6092 = EDGE_CURVE ( 'NONE', #2151, #3885, #1334, .T. ) ;
#6093 = EDGE_CURVE ( 'NONE', #8514, #6006, #3135, .T. ) ;
#6094 = VECTOR ( 'NONE', #2379, 1000.000000000000000 ) ;
#6095 = VERTEX_POINT ( 'NONE', #4714 ) ;
#6096 = ORIENTED_EDGE ( 'NONE', *, *, #10029, .F. ) ;
#6097 = CARTESIAN_POINT ( 'NONE',  ( -7.500000000000000000, 32.99999999999945288, -135.0000000000000000 ) ) ;
#6098 = CARTESIAN_POINT ( 'NONE',  ( 0.000000000000000000, 16.00000000000000000, -152.0000000000000000 ) ) ;
#6099 = ORIENTED_EDGE ( 'NONE', *, *, #8036, .T. ) ;
#6100 = DIRECTION ( 'NONE',  ( 0.7071067811865350272, 8.659560562354778784E-17, -0.7071067811865600072 ) ) ;
#6101 = FACE_OUTER_BOUND ( 'NONE', #10208, .T. ) ;
#6102 = DIRECTION ( 'NONE',  ( -1.000000000000000000, 0.000000000000000000, 0.000000000000000000 ) ) ;
#6103 = DIRECTION ( 'NONE',  ( 0.000000000000000000, 0.000000000000000000, -1.000000000000000000 ) ) ;
#6104 = AXIS2_PLACEMENT_3D ( 'NONE', #474, #3691, #7700 ) ;
#6105 = DIRECTION ( 'NONE',  ( -1.000000000000000000, 0.000000000000000000, 0.000000000000000000 ) ) ;
#6106 = AXIS2_PLACEMENT_3D ( 'NONE', #4231, #6640, #1708 ) ;
#6107 = CARTESIAN_POINT ( 'NONE',  ( 0.000000000000000000, -29.20849999999999724, -143.5000000000000000 ) ) ;
#6108 = ORIENTED_EDGE ( 'NONE', *, *, #7234, .F. ) ;
#6109 = VERTEX_POINT ( 'NONE', #10426 ) ;
#6110 = VERTEX_POINT ( 'NONE', #6311 ) ;
#6111 = CARTESIAN_POINT ( 'NONE',  ( 8.000000000000000000, 26.00000000000000000, 0.000000000000000000 ) ) ;
#6112 = AXIS2_PLACEMENT_3D ( 'NONE', #10306, #6192, #7107 ) ;
#6113 = EDGE_CURVE ( 'NONE', #5382, #2647, #520, .T. ) ;
#6114 = ORIENTED_EDGE ( 'NONE', *, *, #3639, .T. ) ;
#6115 = CARTESIAN_POINT ( 'NONE',  ( -6.850000000000000533, 34.60000000000059828, -17.00000000000000000 ) ) ;
#6116 = VERTEX_POINT ( 'NONE', #683 ) ;
#6117 = CYLINDRICAL_SURFACE ( 'NONE', #49, 8.000000000000611067 ) ;
#6118 = LINE ( 'NONE', #9369, #8606 ) ;
#6119 = DIRECTION ( 'NONE',  ( 0.000000000000000000, 0.000000000000000000, 1.000000000000000000 ) ) ;
#6120 = PLANE ( 'NONE',  #7431 ) ;
#6121 = ORIENTED_EDGE ( 'NONE', *, *, #9319, .T. ) ;
#6122 = EDGE_LOOP ( 'NONE', ( #7484, #3683, #1655, #3837 ) ) ;
#6123 = DIRECTION ( 'NONE',  ( 0.000000000000000000, 0.000000000000000000, -1.000000000000000000 ) ) ;
#6124 = EDGE_CURVE ( 'NONE', #5726, #6843, #5162, .T. ) ;
#6125 = PLANE ( 'NONE',  #3692 ) ;
#6126 = ORIENTED_EDGE ( 'NONE', *, *, #3884, .T. ) ;
#6127 = CARTESIAN_POINT ( 'NONE',  ( 0.4999999999993789968, -17.49999999999940314, -111.0000000000000000 ) ) ;
#6128 = LINE ( 'NONE', #3031, #3025 ) ;
#6129 = VECTOR ( 'NONE', #9575, 1000.000000000000000 ) ;
#6130 = ADVANCED_FACE ( 'NONE', ( #3747 ), #636, .T. ) ;
#6131 = CARTESIAN_POINT ( 'NONE',  ( -1.250000000000614175, 34.60000000000059828, -17.00000000000000000 ) ) ;
#6132 = CARTESIAN_POINT ( 'NONE',  ( 8.445601679832453357, 27.47491766447255301, -151.8962886712617149 ) ) ;
#6133 = ADVANCED_FACE ( 'NONE', ( #7912 ), #2939, .F. ) ;
#6134 = LINE ( 'NONE', #6829, #10314 ) ;
#6135 = CONICAL_SURFACE ( 'NONE', #1519, 3.499999999999999556, 0.7853981633974306265 ) ;
#6136 = EDGE_CURVE ( 'NONE', #2742, #8763, #7541, .T. ) ;
#6137 = CARTESIAN_POINT ( 'NONE',  ( 11.50000000000000000, 26.00000000000000000, -3.899999999999999911 ) ) ;
#6138 = CARTESIAN_POINT ( 'NONE',  ( 8.000000000000000000, 26.00000000000000000, 0.000000000000000000 ) ) ;
#6139 = EDGE_LOOP ( 'NONE', ( #3434, #8512, #8688, #7127, #8183, #4894, #4102 ) ) ;
#6140 = CARTESIAN_POINT ( 'NONE',  ( -2.458499999999998575, 14.55984404309426772, -6.041499999999999204 ) ) ;
#6141 = LINE ( 'NONE', #3039, #9280 ) ;
#6142 = CARTESIAN_POINT ( 'NONE',  ( 0.000000000000000000, 16.00000000000000000, -0.7915000000000259606 ) ) ;
#6143 = DIRECTION ( 'NONE',  ( 1.000000000000000000, 0.000000000000000000, 0.000000000000000000 ) ) ;
#6144 = CARTESIAN_POINT ( 'NONE',  ( 1.449999999999445954, 33.20000000000000284, -17.00000000000000000 ) ) ;
#6145 = EDGE_CURVE ( 'NONE', #1168, #1380, #7117, .T. ) ;
#6146 = EDGE_CURVE ( 'NONE', #8307, #4023, #6201, .T. ) ;
#6147 = VERTEX_POINT ( 'NONE', #5460 ) ;
#6148 = ORIENTED_EDGE ( 'NONE', *, *, #7641, .T. ) ;
#6149 = ORIENTED_EDGE ( 'NONE', *, *, #3410, .F. ) ;
#6150 = CARTESIAN_POINT ( 'NONE',  ( -12.00000000000000000, -22.00000000000000000, -152.0000000000000000 ) ) ;
#6151 = DIRECTION ( 'NONE',  ( 0.000000000000000000, 0.000000000000000000, 1.000000000000000000 ) ) ;
#6152 = ORIENTED_EDGE ( 'NONE', *, *, #9095, .T. ) ;
#6153 = CARTESIAN_POINT ( 'NONE',  ( 0.000000000000000000, -13.54149999999999920, -8.500000000000000000 ) ) ;
#6154 = EDGE_CURVE ( 'NONE', #4846, #4005, #348, .T. ) ;
#6155 = DIRECTION ( 'NONE',  ( 0.8660254037855547038, 1.060575238726271767E-16, -0.4999999999980669352 ) ) ;
#6156 = DIRECTION ( 'NONE',  ( 1.000000000000000000, 0.000000000000000000, 0.000000000000000000 ) ) ;
#6157 = LINE ( 'NONE', #2085, #4029 ) ;
#6158 = DIRECTION ( 'NONE',  ( 0.000000000000000000, 0.000000000000000000, -1.000000000000000000 ) ) ;
#6159 = ORIENTED_EDGE ( 'NONE', *, *, #4205, .F. ) ;
#6160 = ORIENTED_EDGE ( 'NONE', *, *, #9671, .T. ) ;
#6161 = ORIENTED_EDGE ( 'NONE', *, *, #2548, .F. ) ;
#6162 = DIRECTION ( 'NONE',  ( -1.000000000000000000, 0.000000000000000000, 0.000000000000000000 ) ) ;
#6163 = ORIENTED_EDGE ( 'NONE', *, *, #5554, .T. ) ;
#6164 = PLANE ( 'NONE',  #3060 ) ;
#6165 = EDGE_LOOP ( 'NONE', ( #3819, #4710, #4793, #8819 ) ) ;
#6166 = CARTESIAN_POINT ( 'NONE',  ( -8.412825712816923485, -27.49388691845118160, -151.9015776216792233 ) ) ;
#6167 = PLANE ( 'NONE',  #4177 ) ;
#6168 = DIRECTION ( 'NONE',  ( 1.000000000000000000, 0.000000000000000000, 0.000000000000000000 ) ) ;
#6169 = CARTESIAN_POINT ( 'NONE',  ( 0.000000000000000000, -13.54149999999999920, -8.500000000000000000 ) ) ;
#6170 = AXIS2_PLACEMENT_3D ( 'NONE', #4378, #143, #3413 ) ;
#6171 = ORIENTED_EDGE ( 'NONE', *, *, #10040, .F. ) ;
#6172 = ORIENTED_EDGE ( 'NONE', *, *, #8155, .F. ) ;
#6173 = VERTEX_POINT ( 'NONE', #4549 ) ;
#6174 = CARTESIAN_POINT ( 'NONE',  ( -8.000000000000000000, -24.26794919243099713, -2.000000000000000000 ) ) ;
#6175 = DIRECTION ( 'NONE',  ( 0.000000000000000000, 0.000000000000000000, 1.000000000000000000 ) ) ;
#6176 = EDGE_LOOP ( 'NONE', ( #2404, #5685, #3582, #3595, #2804, #3980, #6427 ) ) ;
#6177 = CARTESIAN_POINT ( 'NONE',  ( 12.00000000000000000, -30.00000000000000000, -17.00000000000000000 ) ) ;
#6178 = ADVANCED_FACE ( 'NONE', ( #3050 ), #10450, .F. ) ;
#6179 = FACE_BOUND ( 'NONE', #7767, .T. ) ;
#6180 = CARTESIAN_POINT ( 'NONE',  ( -8.032999999999999474, 7.250000000000000000, -150.6715170305899960 ) ) ;
#6181 = CARTESIAN_POINT ( 'NONE',  ( 3.010794155703800205E-16, -18.45850000000000080, -6.041500000000000092 ) ) ;
#6182 = AXIS2_PLACEMENT_3D ( 'NONE', #9619, #4655, #10478 ) ;
#6183 = DIRECTION ( 'NONE',  ( 1.000000000000000000, 0.000000000000000000, 0.000000000000000000 ) ) ;
#6184 = AXIS2_PLACEMENT_3D ( 'NONE', #6621, #4955, #7352 ) ;
#6185 = CARTESIAN_POINT ( 'NONE',  ( -1.000000000000000000, 30.39999999999939817, -135.0000000000000000 ) ) ;
#6186 = ORIENTED_EDGE ( 'NONE', *, *, #994, .F. ) ;
#6187 = ORIENTED_EDGE ( 'NONE', *, *, #8642, .F. ) ;
#6188 = CARTESIAN_POINT ( 'NONE',  ( 0.000000000000000000, 0.000000000000000000, 2.000000000000000000 ) ) ;
#6189 = CARTESIAN_POINT ( 'NONE',  ( -8.000000000000000000, -22.89999999999999858, -152.0000000000000000 ) ) ;
#6190 = VECTOR ( 'NONE', #9344, 999.9999999999998863 ) ;
#6191 = LINE ( 'NONE', #2126, #9597 ) ;
#6192 = DIRECTION ( 'NONE',  ( 1.000000000000000000, 0.000000000000000000, 0.000000000000000000 ) ) ;
#6193 = VECTOR ( 'NONE', #725, 1000.000000000000000 ) ;
#6194 = EDGE_LOOP ( 'NONE', ( #9889, #6891, #10432, #9300 ) ) ;
#6195 = ORIENTED_EDGE ( 'NONE', *, *, #5905, .F. ) ;
#6196 = EDGE_CURVE ( 'NONE', #8312, #854, #2079, .T. ) ;
#6197 = ORIENTED_EDGE ( 'NONE', *, *, #2927, .T. ) ;
#6198 = DIRECTION ( 'NONE',  ( 0.000000000000000000, 0.000000000000000000, -1.000000000000000000 ) ) ;
#6199 = DIRECTION ( 'NONE',  ( 0.000000000000000000, 0.000000000000000000, 1.000000000000000000 ) ) ;
#6200 = CYLINDRICAL_SURFACE ( 'NONE', #9725, 2.458500000000000352 ) ;
#6201 = LINE ( 'NONE', #6254, #9437 ) ;
#6202 = CARTESIAN_POINT ( 'NONE',  ( -12.00000000000000000, 26.00000000000000000, -152.0000000000000000 ) ) ;
#6203 = DIRECTION ( 'NONE',  ( 0.000000000000000000, -1.000000000000000000, 0.000000000000000000 ) ) ;
#6204 = VECTOR ( 'NONE', #9418, 1000.000000000000000 ) ;
#6205 = DIRECTION ( 'NONE',  ( 0.000000000000000000, 0.000000000000000000, 1.000000000000000000 ) ) ;
#6206 = EDGE_CURVE ( 'NONE', #4461, #6637, #9087, .T. ) ;
#6207 = DIRECTION ( 'NONE',  ( -0.000000000000000000, 1.000000000000000000, 0.000000000000000000 ) ) ;
#6208 = ORIENTED_EDGE ( 'NONE', *, *, #434, .T. ) ;
#6209 = ORIENTED_EDGE ( 'NONE', *, *, #3799, .T. ) ;
#6210 = ORIENTED_EDGE ( 'NONE', *, *, #6620, .T. ) ;
#6211 = DIRECTION ( 'NONE',  ( 0.000000000000000000, 0.000000000000000000, 1.000000000000000000 ) ) ;
#6212 = AXIS2_PLACEMENT_3D ( 'NONE', #1741, #10577, #1798 ) ;
#6213 = ORIENTED_EDGE ( 'NONE', *, *, #6838, .T. ) ;
#6214 = LINE ( 'NONE', #6274, #5109 ) ;
#6215 = VERTEX_POINT ( 'NONE', #794 ) ;
#6216 = DIRECTION ( 'NONE',  ( 0.000000000000000000, 0.000000000000000000, -1.000000000000000000 ) ) ;
#6217 = DIRECTION ( 'NONE',  ( -1.000000000000000000, 0.000000000000000000, 0.000000000000000000 ) ) ;
#6218 = AXIS2_PLACEMENT_3D ( 'NONE', #7702, #6203, #2145 ) ;
#6219 = CARTESIAN_POINT ( 'NONE',  ( 1.440155956905744050, 13.54150000000001342, -7.059844043094253507 ) ) ;
#6220 = EDGE_CURVE ( 'NONE', #814, #2151, #8284, .T. ) ;
#6221 = ADVANCED_FACE ( 'NONE', ( #94 ), #4922, .F. ) ;
#6222 = ORIENTED_EDGE ( 'NONE', *, *, #726, .F. ) ;
#6223 = VERTEX_POINT ( 'NONE', #737 ) ;
#6224 = ORIENTED_EDGE ( 'NONE', *, *, #3311, .T. ) ;
#6225 = CARTESIAN_POINT ( 'NONE',  ( -6.500000000000000000, -25.13397459621599950, -2.000000000000000000 ) ) ;
#6226 = VECTOR ( 'NONE', #1321, 1000.000000000000114 ) ;
#6227 = DIRECTION ( 'NONE',  ( 0.8660254037842997077, -0.5000000000002408074, 0.000000000000000000 ) ) ;
#6228 = ORIENTED_EDGE ( 'NONE', *, *, #9739, .T. ) ;
#6229 = CIRCLE ( 'NONE', #8789, 1.719999999999999307 ) ;
#6230 = DIRECTION ( 'NONE',  ( -1.000000000000000000, 0.000000000000000000, 0.000000000000000000 ) ) ;
#6231 = CARTESIAN_POINT ( 'NONE',  ( 0.4999999999993919864, 17.49999999999940314, -31.00000000000000000 ) ) ;
#6232 = CIRCLE ( 'NONE', #8626, 9.458499999999999019 ) ;
#6233 = DIRECTION ( 'NONE',  ( 0.000000000000000000, 1.000000000000000000, 0.000000000000000000 ) ) ;
#6234 = CARTESIAN_POINT ( 'NONE',  ( 8.690135107841442164, 27.33359836596385151, -151.8729281351905058 ) ) ;
#6235 = AXIS2_PLACEMENT_3D ( 'NONE', #10059, #9900, #6053 ) ;
#6236 = AXIS2_PLACEMENT_3D ( 'NONE', #8646, #500, #10409 ) ;
#6237 = CIRCLE ( 'NONE', #3499, 0.2000000000005541234 ) ;
#6238 = DIRECTION ( 'NONE',  ( 1.000000000000000000, 0.000000000000000000, 0.000000000000000000 ) ) ;
#6239 = FACE_OUTER_BOUND ( 'NONE', #428, .T. ) ;
#6240 = ORIENTED_EDGE ( 'NONE', *, *, #7253, .F. ) ;
#6241 = ORIENTED_EDGE ( 'NONE', *, *, #1217, .F. ) ;
#6242 = CARTESIAN_POINT ( 'NONE',  ( 0.000000000000000000, -29.20849999999999724, -8.500000000000000000 ) ) ;
#6243 = ORIENTED_EDGE ( 'NONE', *, *, #5097, .F. ) ;
#6244 = EDGE_CURVE ( 'NONE', #1355, #3922, #3115, .T. ) ;
#6245 = CIRCLE ( 'NONE', #5706, 2.458500000000024777 ) ;
#6246 = CARTESIAN_POINT ( 'NONE',  ( 0.000000000000000000, 0.000000000000000000, 9.499999999999840128 ) ) ;
#6247 = CARTESIAN_POINT ( 'NONE',  ( -9.500000000000000000, -26.00000000000000000, -150.0000000000000000 ) ) ;
#6248 = ORIENTED_EDGE ( 'NONE', *, *, #477, .T. ) ;
#6249 = ORIENTED_EDGE ( 'NONE', *, *, #10542, .T. ) ;
#6250 = EDGE_LOOP ( 'NONE', ( #8006, #10529, #5221, #1486, #1878 ) ) ;
#6251 = DIRECTION ( 'NONE',  ( 0.000000000000000000, 0.000000000000000000, -1.000000000000000000 ) ) ;
#6252 = CARTESIAN_POINT ( 'NONE',  ( -1.738422021547135099, -17.73842202154714798, -141.7615779784529764 ) ) ;
#6253 = ORIENTED_EDGE ( 'NONE', *, *, #6873, .T. ) ;
#6254 = CARTESIAN_POINT ( 'NONE',  ( 6.000000000000000000, 7.347880794884119736E-16, 8.000000000000000000 ) ) ;
#6255 = EDGE_CURVE ( 'NONE', #8811, #883, #1701, .T. ) ;
#6256 = CARTESIAN_POINT ( 'NONE',  ( -1.649999999999999911, 33.40000000000054570, -152.0010000000000048 ) ) ;
#6257 = VECTOR ( 'NONE', #9109, 1000.000000000000000 ) ;
#6258 = EDGE_CURVE ( 'NONE', #1370, #6273, #6634, .T. ) ;
#6259 = DIRECTION ( 'NONE',  ( 0.000000000000000000, -1.000000000000000000, 0.000000000000000000 ) ) ;
#6260 = CIRCLE ( 'NONE', #8137, 1.719999999999999307 ) ;
#6261 = EDGE_CURVE ( 'NONE', #5164, #2049, #9032, .T. ) ;
#6262 = CYLINDRICAL_SURFACE ( 'NONE', #5895, 0.2000000000005541234 ) ;
#6263 = B_SPLINE_CURVE_WITH_KNOTS ( 'NONE', 3,
 ( #5960, #9213, #5156, #10066, #601, #6326, #7823, #10393, #538, #2958, #1243, #487, #2097, #6278, #6166, #3877, #2045, #5367 ),
 .UNSPECIFIED., .F., .F.,
 ( 4, 2, 2, 2, 2, 2, 2, 2, 4 ),
 ( 0.000000000000000000, 0.1250000000000068001, 0.1875000000000089095, 0.2500000000000110467, 0.5000000000000052180, 0.6250000000000024425, 0.6875000000000016653, 0.7500000000000007772, 1.000000000000000000 ),
 .UNSPECIFIED. ) ;
#6264 = CIRCLE ( 'NONE', #7973, 3.499999999999999556 ) ;
#6265 = ADVANCED_FACE ( 'NONE', ( #5613 ), #9248, .F. ) ;
#6266 = AXIS2_PLACEMENT_3D ( 'NONE', #275, #1139, #9911 ) ;
#6267 = EDGE_CURVE ( 'NONE', #3870, #5770, #4071, .T. ) ;
#6268 = DIRECTION ( 'NONE',  ( 0.000000000000000000, 0.000000000000000000, -1.000000000000000000 ) ) ;
#6269 = VERTEX_POINT ( 'NONE', #7369 ) ;
#6270 = ORIENTED_EDGE ( 'NONE', *, *, #6745, .T. ) ;
#6271 = EDGE_LOOP ( 'NONE', ( #3446, #7830, #530, #3180, #4130, #800, #65, #8523, #8857, #1172, #8566, #8062, #3169, #5650, #4288 ) ) ;
#6272 = LINE ( 'NONE', #8834, #10530 ) ;
#6273 = VERTEX_POINT ( 'NONE', #6472 ) ;
#6274 = CARTESIAN_POINT ( 'NONE',  ( -8.015521883131919267, -22.00000000000000000, 0.000000000000000000 ) ) ;
#6275 = AXIS2_PLACEMENT_3D ( 'NONE', #6801, #6898, #6102 ) ;
#6276 = ORIENTED_EDGE ( 'NONE', *, *, #4368, .F. ) ;
#6277 =( BOUNDED_CURVE ( )  B_SPLINE_CURVE ( 3, ( #1692, #5014, #888, #4162 ),
 .UNSPECIFIED., .F., .F. ) 
 B_SPLINE_CURVE_WITH_KNOTS ( ( 4, 4 ),
 ( 1.570796326794895004, 3.141592653589795336 ),
 .UNSPECIFIED. ) 
 CURVE ( )  GEOMETRIC_REPRESENTATION_ITEM ( )  RATIONAL_B_SPLINE_CURVE ( ( 1.000000000000000000, 0.8047378541243649375, 0.8047378541243649375, 1.000000000000000000 ) ) 
 REPRESENTATION_ITEM ( '' )  );
#6278 = CARTESIAN_POINT ( 'NONE',  ( -8.445601679913163906, -27.47491766444597161, -151.8962886712601232 ) ) ;
#6279 = DIRECTION ( 'NONE',  ( 0.000000000000000000, 0.000000000000000000, -1.000000000000000000 ) ) ;
#6280 = LINE ( 'NONE', #5475, #2993 ) ;
#6281 = EDGE_CURVE ( 'NONE', #5711, #8129, #4866, .T. ) ;
#6282 = VECTOR ( 'NONE', #3518, 1000.000000000000114 ) ;
#6283 = ORIENTED_EDGE ( 'NONE', *, *, #2525, .F. ) ;
#6284 = ORIENTED_EDGE ( 'NONE', *, *, #9355, .T. ) ;
#6285 = ORIENTED_EDGE ( 'NONE', *, *, #7108, .F. ) ;
#6286 = DIRECTION ( 'NONE',  ( 0.5000000000002420286, 0.8660254037842989305, 0.000000000000000000 ) ) ;
#6287 = DIRECTION ( 'NONE',  ( 1.000000000000000000, 0.000000000000000000, 0.000000000000000000 ) ) ;
#6288 = VERTEX_POINT ( 'NONE', #6420 ) ;
#6289 = DIRECTION ( 'NONE',  ( -1.000000000000000000, 0.000000000000000000, 0.000000000000000000 ) ) ;
#6290 = EDGE_CURVE ( 'NONE', #1904, #7223, #2429, .T. ) ;
#6291 = DIRECTION ( 'NONE',  ( 0.000000000000000000, 0.000000000000000000, -1.000000000000000000 ) ) ;
#6292 = CARTESIAN_POINT ( 'NONE',  ( 6.500000000000000000, 26.86602540378400050, 0.000000000000000000 ) ) ;
#6293 = DIRECTION ( 'NONE',  ( 1.000000000000000000, 0.000000000000000000, 0.000000000000000000 ) ) ;
#6294 = ADVANCED_FACE ( 'NONE', ( #3305 ), #2449, .F. ) ;
#6295 = DIRECTION ( 'NONE',  ( -0.7071067811865350272, 0.000000000000000000, -0.7071067811865600072 ) ) ;
#6296 = FACE_OUTER_BOUND ( 'NONE', #3698, .T. ) ;
#6297 = EDGE_LOOP ( 'NONE', ( #5202, #2050, #1263, #2253, #4682, #8210, #2672 ) ) ;
#6298 = PLANE ( 'NONE',  #8243 ) ;
#6299 = CARTESIAN_POINT ( 'NONE',  ( 9.478903285766079989, 25.12179440257405005, 0.000000000000000000 ) ) ;
#6300 = ORIENTED_EDGE ( 'NONE', *, *, #5474, .T. ) ;
#6301 = DIRECTION ( 'NONE',  ( 0.000000000000000000, -1.000000000000000000, 0.000000000000000000 ) ) ;
#6302 = DIRECTION ( 'NONE',  ( 0.000000000000000000, -1.000000000000000000, 0.000000000000000000 ) ) ;
#6303 = AXIS2_PLACEMENT_3D ( 'NONE', #9755, #8265, #4904 ) ;
#6304 = CIRCLE ( 'NONE', #2880, 3.499999999999999556 ) ;
#6305 = ORIENTED_EDGE ( 'NONE', *, *, #9687, .T. ) ;
#6306 = ORIENTED_EDGE ( 'NONE', *, *, #1893, .F. ) ;
#6307 = ORIENTED_EDGE ( 'NONE', *, *, #1089, .T. ) ;
#6308 = DIRECTION ( 'NONE',  ( 1.000000000000000000, 0.000000000000000000, 0.000000000000000000 ) ) ;
#6309 = DIRECTION ( 'NONE',  ( 0.5000000000002420286, -0.8660254037842989305, 0.000000000000000000 ) ) ;
#6310 = LINE ( 'NONE', #635, #8099 ) ;
#6311 = CARTESIAN_POINT ( 'NONE',  ( 12.00000000000000000, -16.00000000000000000, -141.0414999999999850 ) ) ;
#6312 = CARTESIAN_POINT ( 'NONE',  ( -8.000000000000000000, -24.26794919243099713, 0.000000000000000000 ) ) ;
#6313 = CIRCLE ( 'NONE', #8527, 4.100000000000000533 ) ;
#6314 = DIRECTION ( 'NONE',  ( 0.000000000000000000, 0.000000000000000000, -1.000000000000000000 ) ) ;
#6315 = DIRECTION ( 'NONE',  ( 0.000000000000000000, 0.000000000000000000, 1.000000000000000000 ) ) ;
#6316 = ORIENTED_EDGE ( 'NONE', *, *, #3576, .F. ) ;
#6317 = VERTEX_POINT ( 'NONE', #4224 ) ;
#6318 = ORIENTED_EDGE ( 'NONE', *, *, #6342, .F. ) ;
#6319 = CARTESIAN_POINT ( 'NONE',  ( -8.000000000000000000, -26.00000000000000000, -0.3999999999999810374 ) ) ;
#6320 = DIRECTION ( 'NONE',  ( -0.7071067811865621167, 0.000000000000000000, -0.7071067811865330288 ) ) ;
#6321 = ADVANCED_FACE ( 'NONE', ( #144 ), #7318, .T. ) ;
#6322 = ORIENTED_EDGE ( 'NONE', *, *, #9877, .T. ) ;
#6323 = CARTESIAN_POINT ( 'NONE',  ( 12.00000000000000000, 22.00000000000000000, 0.000000000000000000 ) ) ;
#6324 = EDGE_CURVE ( 'NONE', #2358, #8833, #5716, .T. ) ;
#6325 = ORIENTED_EDGE ( 'NONE', *, *, #697, .T. ) ;
#6326 = CARTESIAN_POINT ( 'NONE',  ( -9.177842809588046435, -27.05211044235544904, -151.9185876847741667 ) ) ;
#6327 = ADVANCED_FACE ( 'NONE', ( #1538, #8981 ), #4807, .T. ) ;
#6328 = DIRECTION ( 'NONE',  ( 0.000000000000000000, 0.000000000000000000, -1.000000000000000000 ) ) ;
#6329 = DIRECTION ( 'NONE',  ( 0.000000000000000000, 0.000000000000000000, 1.000000000000000000 ) ) ;
#6330 = ORIENTED_EDGE ( 'NONE', *, *, #2033, .T. ) ;
#6331 = ORIENTED_EDGE ( 'NONE', *, *, #9323, .T. ) ;
#6332 = ORIENTED_EDGE ( 'NONE', *, *, #5130, .F. ) ;
#6333 = AXIS2_PLACEMENT_3D ( 'NONE', #7814, #6961, #3640 ) ;
#6334 = DIRECTION ( 'NONE',  ( -0.5000000000002420286, 0.8660254037842989305, 0.000000000000000000 ) ) ;
#6335 = EDGE_CURVE ( 'NONE', #5504, #9057, #8746, .T. ) ;
#6336 = DIRECTION ( 'NONE',  ( -1.000000000000000000, 0.000000000000000000, 0.000000000000000000 ) ) ;
#6337 = ORIENTED_EDGE ( 'NONE', *, *, #1089, .F. ) ;
#6338 = CARTESIAN_POINT ( 'NONE',  ( -9.500000000000000000, -26.84166501650005188, -152.0000000000000000 ) ) ;
#6339 = FACE_OUTER_BOUND ( 'NONE', #5148, .T. ) ;
#6340 = CIRCLE ( 'NONE', #4457, 4.000000000000305533 ) ;
#6341 = FACE_OUTER_BOUND ( 'NONE', #4579, .T. ) ;
#6342 = EDGE_CURVE ( 'NONE', #9741, #10421, #5044, .T. ) ;
#6343 = CARTESIAN_POINT ( 'NONE',  ( -7.050000000000560263, 33.20000000000000284, -17.00000000000000000 ) ) ;
#6344 = EDGE_CURVE ( 'NONE', #6039, #5113, #2765, .T. ) ;
#6345 = DIRECTION ( 'NONE',  ( 0.000000000000000000, 0.000000000000000000, -1.000000000000000000 ) ) ;
#6346 = ORIENTED_EDGE ( 'NONE', *, *, #9780, .T. ) ;
#6347 = AXIS2_PLACEMENT_3D ( 'NONE', #5889, #6744, #6845 ) ;
#6348 = LINE ( 'NONE', #5337, #1397 ) ;
#6349 = DIRECTION ( 'NONE',  ( 0.000000000000000000, 0.000000000000000000, 1.000000000000000000 ) ) ;
#6350 = ORIENTED_EDGE ( 'NONE', *, *, #4122, .T. ) ;
#6351 = CARTESIAN_POINT ( 'NONE',  ( -8.000000000000000000, -26.00000000000000000, 0.000000000000000000 ) ) ;
#6352 = DIRECTION ( 'NONE',  ( -1.000000000000000000, 0.000000000000000000, 0.000000000000000000 ) ) ;
#6353 = AXIS2_PLACEMENT_3D ( 'NONE', #8717, #9453, #8668 ) ;
#6354 = AXIS2_PLACEMENT_3D ( 'NONE', #10035, #9388, #1905 ) ;
#6355 = EDGE_CURVE ( 'NONE', #7229, #2093, #4649, .T. ) ;
#6356 = ORIENTED_EDGE ( 'NONE', *, *, #7637, .T. ) ;
#6357 = VECTOR ( 'NONE', #9722, 1000.000000000000000 ) ;
#6358 = EDGE_LOOP ( 'NONE', ( #5420, #10163, #8694 ) ) ;
#6359 = ORIENTED_EDGE ( 'NONE', *, *, #6009, .F. ) ;
#6360 = CARTESIAN_POINT ( 'NONE',  ( -8.000000000000000000, -26.00000000000000000, -148.1000000000000227 ) ) ;
#6361 = CARTESIAN_POINT ( 'NONE',  ( 0.000000000000000000, 0.000000000000000000, 0.000000000000000000 ) ) ;
#6362 = ORIENTED_EDGE ( 'NONE', *, *, #8121, .F. ) ;
#6363 = DIRECTION ( 'NONE',  ( 0.000000000000000000, -1.000000000000000000, 0.000000000000000000 ) ) ;
#6364 = DIRECTION ( 'NONE',  ( -1.000000000000000000, 0.000000000000000000, 0.000000000000000000 ) ) ;
#6365 = VECTOR ( 'NONE', #3295, 1000.000000000000000 ) ;
#6366 = CARTESIAN_POINT ( 'NONE',  ( -1.500000000000000000, 19.80000000000000071, -8.500000000000000000 ) ) ;
#6367 = AXIS2_PLACEMENT_3D ( 'NONE', #6058, #5846, #4293 ) ;
#6368 = EDGE_CURVE ( 'NONE', #3153, #1635, #1113, .T. ) ;
#6369 = ORIENTED_EDGE ( 'NONE', *, *, #6748, .F. ) ;
#6370 = ORIENTED_EDGE ( 'NONE', *, *, #6800, .T. ) ;
#6371 = ORIENTED_EDGE ( 'NONE', *, *, #7905, .T. ) ;
#6372 = CARTESIAN_POINT ( 'NONE',  ( -2.458499999999998575, 17.44015595690575537, -10.95849999999999547 ) ) ;
#6373 = CARTESIAN_POINT ( 'NONE',  ( 7.249999999999390710, 35.00000000000000000, -17.00000000000000000 ) ) ;
#6374 = VERTEX_POINT ( 'NONE', #6036 ) ;
#6375 = AXIS2_PLACEMENT_3D ( 'NONE', #2538, #6500, #5593 ) ;
#6376 = DIRECTION ( 'NONE',  ( 0.000000000000000000, 0.000000000000000000, 1.000000000000000000 ) ) ;
#6377 = VERTEX_POINT ( 'NONE', #4429 ) ;
#6378 = FACE_OUTER_BOUND ( 'NONE', #9939, .T. ) ;
#6379 = CARTESIAN_POINT ( 'NONE',  ( 12.00000000000000000, 22.00000000000000000, -152.0000000000000000 ) ) ;
#6380 = CARTESIAN_POINT ( 'NONE',  ( -8.032999999999999474, 7.250000000000000000, -150.6715170305899960 ) ) ;
#6381 = FACE_OUTER_BOUND ( 'NONE', #4327, .T. ) ;
#6382 = ORIENTED_EDGE ( 'NONE', *, *, #8443, .T. ) ;
#6383 = ORIENTED_EDGE ( 'NONE', *, *, #8813, .T. ) ;
#6384 = VERTEX_POINT ( 'NONE', #6731 ) ;
#6385 = FACE_OUTER_BOUND ( 'NONE', #7483, .T. ) ;
#6386 = CARTESIAN_POINT ( 'NONE',  ( 8.015521883131919267, 26.00000000000000000, -4.000000000000000000 ) ) ;
#6387 = ORIENTED_EDGE ( 'NONE', *, *, #6093, .F. ) ;
#6388 = LINE ( 'NONE', #4838, #1483 ) ;
#6389 = DIRECTION ( 'NONE',  ( 0.000000000000000000, 0.000000000000000000, 1.000000000000000000 ) ) ;
#6390 = CIRCLE ( 'NONE', #6218, 0.6000000000001004530 ) ;
#6391 = CARTESIAN_POINT ( 'NONE',  ( -6.779878635970050027, -24.97238659039815545, -0.08442158543722333430 ) ) ;
#6392 = DIRECTION ( 'NONE',  ( 1.000000000000000000, 0.000000000000000000, 0.000000000000000000 ) ) ;
#6393 = ADVANCED_FACE ( 'NONE', ( #5933 ), #1740, .T. ) ;
#6394 = PRODUCT_RELATED_PRODUCT_CATEGORY ( 'part', '', ( #4020 ) ) ;
#6395 = CARTESIAN_POINT ( 'NONE',  ( -12.00000000000000000, 16.00000000000000000, -8.500000000000000000 ) ) ;
#6396 = EDGE_CURVE ( 'NONE', #2743, #10303, #3620, .T. ) ;
#6397 = COLOUR_RGB ( '',0.7921568627450980005, 0.8196078431372548767, 0.9333333333333333481 ) ;
#6398 = EDGE_CURVE ( 'NONE', #2963, #6317, #4271, .T. ) ;
#6399 =( BOUNDED_CURVE ( )  B_SPLINE_CURVE ( 3, ( #6181, #4528, #5440, #614 ),
 .UNSPECIFIED., .F., .F. ) 
 B_SPLINE_CURVE_WITH_KNOTS ( ( 4, 4 ),
 ( 0.000000000000000000, 0.7853981633974489451 ),
 .UNSPECIFIED. ) 
 CURVE ( )  GEOMETRIC_REPRESENTATION_ITEM ( )  RATIONAL_B_SPLINE_CURVE ( ( 1.000000000000000000, 0.9492530216741910110, 0.9492530216741910110, 1.000000000000000000 ) ) 
 REPRESENTATION_ITEM ( '' )  );
#6400 = AXIS2_PLACEMENT_3D ( 'NONE', #8569, #2959, #4569 ) ;
#6401 = AXIS2_PLACEMENT_3D ( 'NONE', #5229, #9178, #7517 ) ;
#6402 = DIRECTION ( 'NONE',  ( 1.000000000000000000, 0.000000000000000000, 0.000000000000000000 ) ) ;
#6403 = VERTEX_POINT ( 'NONE', #2021 ) ;
#6404 = DIRECTION ( 'NONE',  ( 1.000000000000000000, -6.870191984066562936E-16, 0.000000000000000000 ) ) ;
#6405 = LINE ( 'NONE', #5600, #4684 ) ;
#6406 = EDGE_LOOP ( 'NONE', ( #7141, #130, #7552, #1094, #8689 ) ) ;
#6407 = AXIS2_PLACEMENT_3D ( 'NONE', #6940, #5234, #8490 ) ;
#6408 = DIRECTION ( 'NONE',  ( 0.8660254037842978203, -0.5000000000002440270, 0.000000000000000000 ) ) ;
#6409 = AXIS2_PLACEMENT_3D ( 'NONE', #8192, #53, #3118 ) ;
#6410 = CARTESIAN_POINT ( 'NONE',  ( -3.971223470242150277, 4.497708766627499521, 3.600000000000000089 ) ) ;
#6411 = AXIS2_PLACEMENT_3D ( 'NONE', #9772, #33, #9984 ) ;
#6412 = EDGE_CURVE ( 'NONE', #8985, #1118, #5550, .T. ) ;
#6413 = AXIS2_PLACEMENT_3D ( 'NONE', #2780, #6205, #3004 ) ;
#6414 = ORIENTED_EDGE ( 'NONE', *, *, #8791, .T. ) ;
#6415 = AXIS2_PLACEMENT_3D ( 'NONE', #3895, #9380, #2973 ) ;
#6416 = ORIENTED_EDGE ( 'NONE', *, *, #857, .T. ) ;
#6417 = CARTESIAN_POINT ( 'NONE',  ( 12.00000000000000000, 16.00000000000000000, -6.041500000000000092 ) ) ;
#6418 = LINE ( 'NONE', #791, #587 ) ;
#6419 = DIRECTION ( 'NONE',  ( 0.000000000000000000, 0.000000000000000000, 1.000000000000000000 ) ) ;
#6420 = CARTESIAN_POINT ( 'NONE',  ( -6.850000000000000533, 33.40000000000054570, -17.00000000000000000 ) ) ;
#6421 = CARTESIAN_POINT ( 'NONE',  ( -12.00000000000000000, -30.00000000000000000, -4.000000000000000000 ) ) ;
#6422 = EDGE_CURVE ( 'NONE', #6403, #10329, #9934, .T. ) ;
#6423 = EDGE_CURVE ( 'NONE', #1276, #1195, #8496, .T. ) ;
#6424 = EDGE_CURVE ( 'NONE', #6215, #5671, #25, .T. ) ;
#6425 = ORIENTED_EDGE ( 'NONE', *, *, #3246, .T. ) ;
#6426 = ORIENTED_EDGE ( 'NONE', *, *, #6261, .F. ) ;
#6427 = ORIENTED_EDGE ( 'NONE', *, *, #9525, .T. ) ;
#6428 = ORIENTED_EDGE ( 'NONE', *, *, #5767, .T. ) ;
#6429 = LINE ( 'NONE', #7175, #956 ) ;
#6430 = LINE ( 'NONE', #4817, #2456 ) ;
#6431 = VECTOR ( 'NONE', #1307, 1000.000000000000000 ) ;
#6432 = ORIENTED_EDGE ( 'NONE', *, *, #2401, .F. ) ;
#6433 = DIRECTION ( 'NONE',  ( 0.000000000000000000, 0.000000000000000000, 1.000000000000000000 ) ) ;
#6434 = VERTEX_POINT ( 'NONE', #3516 ) ;
#6435 = VECTOR ( 'NONE', #5622, 1000.000000000000000 ) ;
#6436 = PLANE ( 'NONE',  #1586 ) ;
#6437 = CYLINDRICAL_SURFACE ( 'NONE', #6409, 2.458500000000000352 ) ;
#6438 = AXIS2_PLACEMENT_3D ( 'NONE', #3835, #10357, #5391 ) ;
#6439 = CARTESIAN_POINT ( 'NONE',  ( 7.999999999999699796, -26.00000000000000000, -152.0000000000000000 ) ) ;
#6440 = ORIENTED_EDGE ( 'NONE', *, *, #2612, .F. ) ;
#6441 = ORIENTED_EDGE ( 'NONE', *, *, #1231, .F. ) ;
#6442 = VERTEX_POINT ( 'NONE', #10038 ) ;
#6443 = AXIS2_PLACEMENT_3D ( 'NONE', #5535, #6291, #7148 ) ;
#6444 = CARTESIAN_POINT ( 'NONE',  ( 6.500000000000000000, 26.00000000000000000, -2.000000000000000000 ) ) ;
#6445 = CARTESIAN_POINT ( 'NONE',  ( -8.870550911452282250, -24.77064317823703377, -151.8757310996354022 ) ) ;
#6446 = EDGE_LOOP ( 'NONE', ( #8420, #3578, #8652, #5940 ) ) ;
#6447 = DIRECTION ( 'NONE',  ( 0.000000000000000000, 0.000000000000000000, -1.000000000000000000 ) ) ;
#6448 = CARTESIAN_POINT ( 'NONE',  ( 8.000000000000000000, 26.00000000000000000, 0.000000000000000000 ) ) ;
#6449 = DIRECTION ( 'NONE',  ( 0.8660254037844381525, 0.000000000000000000, 0.5000000000000007772 ) ) ;
#6450 = CARTESIAN_POINT ( 'NONE',  ( 0.5329999999999890381, 7.250000000000000000, -150.6715170305899960 ) ) ;
#6451 = VECTOR ( 'NONE', #8718, 1000.000000000000000 ) ;
#6452 = CARTESIAN_POINT ( 'NONE',  ( -2.458500000000000352, 16.00000000000000000, 0.000000000000000000 ) ) ;
#6453 = DIRECTION ( 'NONE',  ( 1.000000000000000000, 0.000000000000000000, 0.000000000000000000 ) ) ;
#6454 = EDGE_LOOP ( 'NONE', ( #2719, #9901 ) ) ;
#6455 = AXIS2_PLACEMENT_3D ( 'NONE', #10595, #4929, #1601 ) ;
#6456 = CARTESIAN_POINT ( 'NONE',  ( 11.84999999999999964, -26.00000000000000000, -17.00000000000000000 ) ) ;
#6457 = DIRECTION ( 'NONE',  ( 1.000000000000000000, 0.000000000000000000, 0.000000000000000000 ) ) ;
#6458 = CIRCLE ( 'NONE', #985, 1.958499999993984941 ) ;
#6459 = ORIENTED_EDGE ( 'NONE', *, *, #904, .F. ) ;
#6460 = DIRECTION ( 'NONE',  ( -1.000000000000000000, 0.000000000000000000, 0.000000000000000000 ) ) ;
#6461 = EDGE_CURVE ( 'NONE', #10149, #2544, #1909, .T. ) ;
#6462 = CARTESIAN_POINT ( 'NONE',  ( 0.000000000000000000, 16.00000000000000000, -151.2084999999999866 ) ) ;
#6463 = EDGE_CURVE ( 'NONE', #10472, #10488, #1335, .T. ) ;
#6464 = CARTESIAN_POINT ( 'NONE',  ( 7.978903285765468922, 24.28012938607335158, -152.0000000000000000 ) ) ;
#6465 = EDGE_CURVE ( 'NONE', #7697, #733, #9553, .T. ) ;
#6466 =( BOUNDED_CURVE ( )  B_SPLINE_CURVE ( 3, ( #9198, #1064, #6798, #4762 ),
 .UNSPECIFIED., .F., .F. ) 
 B_SPLINE_CURVE_WITH_KNOTS ( ( 4, 4 ),
 ( 5.497787143782139729, 6.283185307179590673 ),
 .UNSPECIFIED. ) 
 CURVE ( )  GEOMETRIC_REPRESENTATION_ITEM ( )  RATIONAL_B_SPLINE_CURVE ( ( 1.000000000000000000, 0.9492530216741910110, 0.9492530216741910110, 1.000000000000000000 ) ) 
 REPRESENTATION_ITEM ( '' )  );
#6467 = ORIENTED_EDGE ( 'NONE', *, *, #3681, .T. ) ;
#6468 = ORIENTED_EDGE ( 'NONE', *, *, #9228, .T. ) ;
#6469 = CARTESIAN_POINT ( 'NONE',  ( -1.000000000000000000, 33.20000000000000284, -17.00000000000000000 ) ) ;
#6470 = CARTESIAN_POINT ( 'NONE',  ( 0.000000000000000000, -18.45850000000000080, -10.95849999999999902 ) ) ;
#6471 = CARTESIAN_POINT ( 'NONE',  ( -1.500000000000000000, 29.80000000000000071, -143.5000000000000000 ) ) ;
#6472 = CARTESIAN_POINT ( 'NONE',  ( -9.248999599679699202, 29.80000000000000071, 0.000000000000000000 ) ) ;
#6473 = EDGE_CURVE ( 'NONE', #1514, #8740, #5398, .T. ) ;
#6474 = CARTESIAN_POINT ( 'NONE',  ( -6.912668828971306745, -27.10446103427556963, -151.9015776322529518 ) ) ;
#6475 = EDGE_CURVE ( 'NONE', #9052, #2786, #5173, .T. ) ;
#6476 = VECTOR ( 'NONE', #8625, 1000.000000000000000 ) ;
#6477 = CYLINDRICAL_SURFACE ( 'NONE', #2489, 2.458500000000000796 ) ;
#6478 = EDGE_LOOP ( 'NONE', ( #2980, #8962, #7533, #1424, #7361, #9558 ) ) ;
#6479 = EDGE_CURVE ( 'NONE', #10092, #4964, #6533, .T. ) ;
#6480 = ORIENTED_EDGE ( 'NONE', *, *, #10311, .T. ) ;
#6481 = ORIENTED_EDGE ( 'NONE', *, *, #6146, .T. ) ;
#6482 = CARTESIAN_POINT ( 'NONE',  ( 7.299999999999450040, 33.20000000000000284, -17.00000000000000000 ) ) ;
#6483 = DIRECTION ( 'NONE',  ( -0.8660254037842978203, -0.5000000000002440270, 0.000000000000000000 ) ) ;
#6484 = EDGE_LOOP ( 'NONE', ( #7337, #3806 ) ) ;
#6485 = CARTESIAN_POINT ( 'NONE',  ( -7.024989492759614151, -27.16912822875069011, -0.1272730524254467865 ) ) ;
#6486 = DIRECTION ( 'NONE',  ( 0.000000000000000000, 0.000000000000000000, 1.000000000000000000 ) ) ;
#6487 = FACE_OUTER_BOUND ( 'NONE', #6941, .T. ) ;
#6488 = DIRECTION ( 'NONE',  ( 1.000000000000000000, 0.000000000000000000, 0.000000000000000000 ) ) ;
#6489 = ORIENTED_EDGE ( 'NONE', *, *, #2015, .F. ) ;
#6490 = ORIENTED_EDGE ( 'NONE', *, *, #9392, .F. ) ;
#6491 = VERTEX_POINT ( 'NONE', #3042 ) ;
#6492 = CARTESIAN_POINT ( 'NONE',  ( 9.500000000000000000, 25.13397459621599950, -2.000000000000000000 ) ) ;
#6493 = AXIS2_PLACEMENT_3D ( 'NONE', #951, #4169, #3156 ) ;
#6494 = DIRECTION ( 'NONE',  ( 0.000000000000000000, 0.000000000000000000, 1.000000000000000000 ) ) ;
#6495 = DIRECTION ( 'NONE',  ( 1.000000000000000000, 0.000000000000000000, 0.000000000000000000 ) ) ;
#6496 = ORIENTED_EDGE ( 'NONE', *, *, #5720, .T. ) ;
#6497 = CARTESIAN_POINT ( 'NONE',  ( -4.030983766875084306, -26.35136306023699859, -148.0000000000000000 ) ) ;
#6498 = DIRECTION ( 'NONE',  ( 0.000000000000000000, 0.000000000000000000, -1.000000000000000000 ) ) ;
#6499 = LINE ( 'NONE', #4201, #5887 ) ;
#6500 = DIRECTION ( 'NONE',  ( -0.9961345290641322459, 0.08784076505916563193, 0.000000000000000000 ) ) ;
#6501 = CARTESIAN_POINT ( 'NONE',  ( 0.000000000000000000, 0.000000000000000000, 8.000000000000000000 ) ) ;
#6502 = CARTESIAN_POINT ( 'NONE',  ( -6.500000000000000888, -25.58941513667334888, -0.09519149603544072025 ) ) ;
#6503 = ORIENTED_EDGE ( 'NONE', *, *, #5022, .T. ) ;
#6504 = EDGE_CURVE ( 'NONE', #10046, #9902, #6701, .T. ) ;
#6505 = DIRECTION ( 'NONE',  ( 1.000000000000000000, 0.000000000000000000, 0.000000000000000000 ) ) ;
#6506 = EDGE_LOOP ( 'NONE', ( #4616, #5486, #9693, #1775, #7324, #410, #8250 ) ) ;
#6507 = DIRECTION ( 'NONE',  ( 0.000000000000000000, 1.000000000000000000, 0.000000000000000000 ) ) ;
#6508 = CARTESIAN_POINT ( 'NONE',  ( 6.500000000000000000, 26.86602540378400050, 0.000000000000000000 ) ) ;
#6509 = DIRECTION ( 'NONE',  ( 0.000000000000000000, -1.000000000000000000, 0.000000000000000000 ) ) ;
#6510 = CONICAL_SURFACE ( 'NONE', #4123, 3.499999999999999556, 0.7853981633974589371 ) ;
#6511 = VECTOR ( 'NONE', #6211, 1000.000000000000000 ) ;
#6512 = ORIENTED_EDGE ( 'NONE', *, *, #5720, .F. ) ;
#6513 = CIRCLE ( 'NONE', #9405, 1.719999999999999307 ) ;
#6514 = DIRECTION ( 'NONE',  ( 1.000000000000000000, 0.000000000000000000, 0.000000000000000000 ) ) ;
#6515 = EDGE_LOOP ( 'NONE', ( #3854, #4590, #719, #8011, #6602, #9506, #5345, #6572, #3470, #5842, #9255, #5163, #3061, #10175, #9360, #5898, #9519, #8592, #6425 ) ) ;
#6516 = CARTESIAN_POINT ( 'NONE',  ( -8.021096714234539959, -24.28012938607335158, 0.000000000000000000 ) ) ;
#6517 = DIRECTION ( 'NONE',  ( 0.8660254037842997077, -0.5000000000002408074, 0.000000000000000000 ) ) ;
#6518 = EDGE_CURVE ( 'NONE', #6040, #703, #7720, .T. ) ;
#6519 = LINE ( 'NONE', #9721, #4270 ) ;
#6520 = DIRECTION ( 'NONE',  ( 0.000000000000000000, 0.000000000000000000, 1.000000000000000000 ) ) ;
#6521 = DIRECTION ( 'NONE',  ( 1.000000000000000000, 0.000000000000000000, 0.000000000000000000 ) ) ;
#6522 = CIRCLE ( 'NONE', #4820, 4.000000000000305533 ) ;
#6523 = CARTESIAN_POINT ( 'NONE',  ( 11.79999999999944116, -16.00000000000000000, -8.500000000000000000 ) ) ;
#6524 = EDGE_CURVE ( 'NONE', #7416, #128, #1478, .T. ) ;
#6525 = ORIENTED_EDGE ( 'NONE', *, *, #3919, .F. ) ;
#6526 = VERTEX_POINT ( 'NONE', #6945 ) ;
#6527 = ORIENTED_EDGE ( 'NONE', *, *, #108, .F. ) ;
#6528 = DIRECTION ( 'NONE',  ( -1.000000000000000000, 0.000000000000000000, 0.000000000000000000 ) ) ;
#6529 = DIRECTION ( 'NONE',  ( 0.000000000000000000, 0.000000000000000000, -1.000000000000000000 ) ) ;
#6530 = EDGE_LOOP ( 'NONE', ( #3205, #9576, #5466, #252 ) ) ;
#6531 = DIRECTION ( 'NONE',  ( 0.000000000000000000, 0.000000000000000000, 1.000000000000000000 ) ) ;
#6532 = AXIS2_PLACEMENT_3D ( 'NONE', #10522, #7259, #8106 ) ;
#6533 = CIRCLE ( 'NONE', #8407, 1.720000000000000195 ) ;
#6534 = CARTESIAN_POINT ( 'NONE',  ( 8.350000000000278533, -29.50000000000000000, -17.00000000000000000 ) ) ;
#6535 = ADVANCED_FACE ( 'NONE', ( #10305 ), #4643, .T. ) ;
#6536 = FACE_OUTER_BOUND ( 'NONE', #2419, .T. ) ;
#6537 = CIRCLE ( 'NONE', #3977, 5.000000000000000000 ) ;
#6538 = EDGE_CURVE ( 'NONE', #6743, #1059, #1375, .T. ) ;
#6539 = DIRECTION ( 'NONE',  ( 0.000000000000000000, 0.000000000000000000, -1.000000000000000000 ) ) ;
#6540 = ORIENTED_EDGE ( 'NONE', *, *, #7503, .F. ) ;
#6541 = EDGE_LOOP ( 'NONE', ( #328, #8735, #6955, #6628 ) ) ;
#6542 = ORIENTED_EDGE ( 'NONE', *, *, #6851, .F. ) ;
#6543 = CARTESIAN_POINT ( 'NONE',  ( -7.100000000000609823, 30.00000000000000000, -17.00000000000000000 ) ) ;
#6544 = CARTESIAN_POINT ( 'NONE',  ( 8.000000000000000000, 27.73205080756900287, 0.000000000000000000 ) ) ;
#6545 = DIRECTION ( 'NONE',  ( 1.000000000000000000, 0.000000000000000000, 0.000000000000000000 ) ) ;
#6546 = VERTEX_POINT ( 'NONE', #7157 ) ;
#6547 = DIRECTION ( 'NONE',  ( 1.000000000000000000, 0.000000000000000000, 0.000000000000000000 ) ) ;
#6548 = DIRECTION ( 'NONE',  ( -1.000000000000000000, 0.000000000000000000, 0.000000000000000000 ) ) ;
#6549 = ADVANCED_FACE ( 'NONE', ( #9607 ), #2068, .T. ) ;
#6550 = CARTESIAN_POINT ( 'NONE',  ( 1.649999999999999911, 35.00000000000000000, -152.0010000000000048 ) ) ;
#6551 = CARTESIAN_POINT ( 'NONE',  ( 0.000000000000000000, 0.000000000000000000, 8.000000000000000000 ) ) ;
#6552 = ADVANCED_FACE ( 'NONE', ( #7901 ), #1426, .F. ) ;
#6553 = VECTOR ( 'NONE', #8518, 1000.000000000000000 ) ;
#6554 = DIRECTION ( 'NONE',  ( -1.000000000000000000, 0.000000000000000000, 0.000000000000000000 ) ) ;
#6555 = EDGE_CURVE ( 'NONE', #10180, #9480, #542, .T. ) ;
#6556 = VERTEX_POINT ( 'NONE', #2231 ) ;
#6557 = DIRECTION ( 'NONE',  ( 0.000000000000000000, 0.000000000000000000, 1.000000000000000000 ) ) ;
#6558 = ORIENTED_EDGE ( 'NONE', *, *, #9685, .F. ) ;
#6559 = DIRECTION ( 'NONE',  ( 0.000000000000000000, 0.000000000000000000, 1.000000000000000000 ) ) ;
#6560 = DIRECTION ( 'NONE',  ( 1.000000000000000000, 0.000000000000000000, 0.000000000000000000 ) ) ;
#6561 = ORIENTED_EDGE ( 'NONE', *, *, #10375, .F. ) ;
#6562 = CIRCLE ( 'NONE', #2452, 2.458500000000000796 ) ;
#6563 = LINE ( 'NONE', #1690, #4828 ) ;
#6564 = LINE ( 'NONE', #727, #4924 ) ;
#6565 = DIRECTION ( 'NONE',  ( -1.000000000000000000, 0.000000000000000000, 0.000000000000000000 ) ) ;
#6566 = VECTOR ( 'NONE', #6936, 1000.000000000000000 ) ;
#6567 = CIRCLE ( 'NONE', #5877, 5.049999999999999822 ) ;
#6568 = CIRCLE ( 'NONE', #1095, 4.000000000000305533 ) ;
#6569 = ORIENTED_EDGE ( 'NONE', *, *, #7382, .T. ) ;
#6570 = EDGE_CURVE ( 'NONE', #9157, #595, #5499, .T. ) ;
#6571 = CARTESIAN_POINT ( 'NONE',  ( -8.500000000000000000, -25.50000000000000000, -111.0000000000000000 ) ) ;
#6572 = ORIENTED_EDGE ( 'NONE', *, *, #8530, .F. ) ;
#6573 = AXIS2_PLACEMENT_3D ( 'NONE', #3271, #7385, #10497 ) ;
#6574 = CARTESIAN_POINT ( 'NONE',  ( -8.975010507240389401, -24.83087177124930989, -0.1272730524254416795 ) ) ;
#6575 = LINE ( 'NONE', #8979, #936 ) ;
#6576 = DIRECTION ( 'NONE',  ( 0.000000000000000000, 0.000000000000000000, 1.000000000000000000 ) ) ;
#6577 = AXIS2_PLACEMENT_3D ( 'NONE', #8415, #1999, #3552 ) ;
#6578 = DIRECTION ( 'NONE',  ( 0.000000000000000000, 0.000000000000000000, 1.000000000000000000 ) ) ;
#6579 = LINE ( 'NONE', #8126, #2356 ) ;
#6580 = B_SPLINE_CURVE_WITH_KNOTS ( 'NONE', 3,
 ( #2450, #3211, #7320, #2560, #37, #795, #9935, #1650, #5826, #5718, #9723, #2399, #5876, #9083, #6474, #145, #10587, #1754 ),
 .UNSPECIFIED., .F., .F.,
 ( 4, 2, 2, 2, 2, 2, 2, 2, 4 ),
 ( 0.000000000000000000, 0.1249999999999951150, 0.1874999999999971689, 0.2499999999999992228, 0.5000000000000061062, 0.6250000000000073275, 0.6875000000000086597, 0.7500000000000099920, 1.000000000000000000 ),
 .UNSPECIFIED. ) ;
#6581 = AXIS2_PLACEMENT_3D ( 'NONE', #5141, #207, #4239 ) ;
#6582 = FACE_OUTER_BOUND ( 'NONE', #6454, .T. ) ;
#6583 = VECTOR ( 'NONE', #7655, 1000.000000000000000 ) ;
#6584 = VECTOR ( 'NONE', #2867, 999.9999999999998863 ) ;
#6585 = CIRCLE ( 'NONE', #2824, 2.458500000000000796 ) ;
#6586 = ORIENTED_EDGE ( 'NONE', *, *, #10136, .F. ) ;
#6587 = EDGE_CURVE ( 'NONE', #10422, #5051, #463, .T. ) ;
#6588 = VERTEX_POINT ( 'NONE', #2926 ) ;
#6589 = ORIENTED_EDGE ( 'NONE', *, *, #2494, .F. ) ;
#6590 = CARTESIAN_POINT ( 'NONE',  ( 3.647273485673900417, 22.00000000000000000, 0.000000000000000000 ) ) ;
#6591 = FACE_OUTER_BOUND ( 'NONE', #8357, .T. ) ;
#6592 = ORIENTED_EDGE ( 'NONE', *, *, #4970, .F. ) ;
#6593 = CARTESIAN_POINT ( 'NONE',  ( 8.000000000000000000, -11.00000000000000000, -8.500000000000000000 ) ) ;
#6594 = EDGE_CURVE ( 'NONE', #733, #3231, #6191, .T. ) ;
#6595 = AXIS2_PLACEMENT_3D ( 'NONE', #5231, #7373, #8231 ) ;
#6596 = EDGE_CURVE ( 'NONE', #5104, #7276, #7374, .T. ) ;
#6597 = CYLINDRICAL_SURFACE ( 'NONE', #9962, 8.000000000000619949 ) ;
#6598 = ADVANCED_FACE ( 'NONE', ( #675 ), #4853, .F. ) ;
#6599 = CARTESIAN_POINT ( 'NONE',  ( -8.015521883131919267, -22.00000000000000000, -4.000000000000000000 ) ) ;
#6600 = ADVANCED_FACE ( 'NONE', ( #7354, #1530 ), #3999, .F. ) ;
#6601 = CARTESIAN_POINT ( 'NONE',  ( 8.809862577089464963, 24.73552632062991918, -151.8729281385454044 ) ) ;
#6602 = ORIENTED_EDGE ( 'NONE', *, *, #5022, .F. ) ;
#6603 = ORIENTED_EDGE ( 'NONE', *, *, #6792, .F. ) ;
#6604 = ORIENTED_EDGE ( 'NONE', *, *, #455, .T. ) ;
#6605 = CARTESIAN_POINT ( 'NONE',  ( -8.000000000000000000, -24.28000000000000114, 0.000000000000000000 ) ) ;
#6606 = SURFACE_SIDE_STYLE ('',( #3334 ) ) ;
#6607 = CARTESIAN_POINT ( 'NONE',  ( -7.050000000000560263, 33.20000000000000284, -135.0000000000000000 ) ) ;
#6608 = ORIENTED_EDGE ( 'NONE', *, *, #10528, .T. ) ;
#6609 = CARTESIAN_POINT ( 'NONE',  ( -1.200000000000553957, 32.99999999999945288, -152.0010000000000048 ) ) ;
#6610 = DIRECTION ( 'NONE',  ( -1.000000000000000000, 0.000000000000000000, 0.000000000000000000 ) ) ;
#6611 = EDGE_CURVE ( 'NONE', #6821, #3885, #2261, .T. ) ;
#6612 = DIRECTION ( 'NONE',  ( 0.000000000000000000, 0.000000000000000000, -1.000000000000000000 ) ) ;
#6613 = CARTESIAN_POINT ( 'NONE',  ( 2.458500000000006569, -16.66074916942605100, -10.95849999999999724 ) ) ;
#6614 = DIRECTION ( 'NONE',  ( 0.000000000000000000, 1.000000000000000000, 0.000000000000000000 ) ) ;
#6615 = AXIS2_PLACEMENT_3D ( 'NONE', #7113, #8013, #2348 ) ;
#6616 = CIRCLE ( 'NONE', #3522, 3.400000000000000355 ) ;
#6617 = ORIENTED_EDGE ( 'NONE', *, *, #8807, .T. ) ;
#6618 = CARTESIAN_POINT ( 'NONE',  ( 0.000000000000000000, 0.000000000000000000, 3.600000000000000089 ) ) ;
#6619 = ORIENTED_EDGE ( 'NONE', *, *, #2401, .T. ) ;
#6620 = EDGE_CURVE ( 'NONE', #9007, #10488, #22, .T. ) ;
#6621 = CARTESIAN_POINT ( 'NONE',  ( -8.500000000000000000, 25.50000000000000000, -31.00000000000000000 ) ) ;
#6622 = EDGE_LOOP ( 'NONE', ( #3009, #1289, #105, #769 ) ) ;
#6623 = CARTESIAN_POINT ( 'NONE',  ( 1.399999999999385958, 30.39999999999939817, -135.0000000000000000 ) ) ;
#6624 = FACE_BOUND ( 'NONE', #4818, .T. ) ;
#6625 = CIRCLE ( 'NONE', #10194, 4.799999999999450928 ) ;
#6626 = DIRECTION ( 'NONE',  ( 0.000000000000000000, 0.000000000000000000, -1.000000000000000000 ) ) ;
#6627 = CIRCLE ( 'NONE', #7301, 3.400000000000000355 ) ;
#6628 = ORIENTED_EDGE ( 'NONE', *, *, #10462, .F. ) ;
#6629 = FACE_BOUND ( 'NONE', #1942, .T. ) ;
#6630 = VERTEX_POINT ( 'NONE', #2438 ) ;
#6631 = CARTESIAN_POINT ( 'NONE',  ( 8.000000000000000000, 26.00000000000000000, 997.1339745962160350 ) ) ;
#6632 = CARTESIAN_POINT ( 'NONE',  ( 8.000000000000000000, 24.26794919243099713, -152.0000000000000000 ) ) ;
#6633 = CYLINDRICAL_SURFACE ( 'NONE', #1873, 4.283000000000009244 ) ;
#6634 = LINE ( 'NONE', #9885, #9938 ) ;
#6635 = DIRECTION ( 'NONE',  ( 1.000000000000000000, 0.000000000000000000, 0.000000000000000000 ) ) ;
#6636 = DIRECTION ( 'NONE',  ( 0.000000000000000000, 0.000000000000000000, -1.000000000000000000 ) ) ;
#6637 = VERTEX_POINT ( 'NONE', #7262 ) ;
#6638 = VERTEX_POINT ( 'NONE', #82 ) ;
#6639 = ORIENTED_EDGE ( 'NONE', *, *, #9451, .F. ) ;
#6640 = DIRECTION ( 'NONE',  ( 0.000000000000000000, 0.000000000000000000, -1.000000000000000000 ) ) ;
#6641 = DIRECTION ( 'NONE',  ( 0.000000000000000000, -1.000000000000000000, 0.000000000000000000 ) ) ;
#6642 = ORIENTED_EDGE ( 'NONE', *, *, #699, .F. ) ;
#6643 = FACE_OUTER_BOUND ( 'NONE', #7919, .T. ) ;
#6644 = EDGE_CURVE ( 'NONE', #1199, #8444, #6563, .T. ) ;
#6645 = FACE_OUTER_BOUND ( 'NONE', #1561, .T. ) ;
#6646 = CARTESIAN_POINT ( 'NONE',  ( -12.00000000000000000, 26.00000000000094857, 0.000000000000000000 ) ) ;
#6647 = CIRCLE ( 'NONE', #303, 5.200000000000559730 ) ;
#6648 = EDGE_CURVE ( 'NONE', #2544, #536, #5177, .T. ) ;
#6649 = CARTESIAN_POINT ( 'NONE',  ( 0.000000000000000000, -29.20849999999999724, -145.9584999999999866 ) ) ;
#6650 = VERTEX_POINT ( 'NONE', #10524 ) ;
#6651 = VERTEX_POINT ( 'NONE', #5703 ) ;
#6652 = ORIENTED_EDGE ( 'NONE', *, *, #5743, .F. ) ;
#6653 = CARTESIAN_POINT ( 'NONE',  ( 0.000000000000000000, -16.00000000000000000, -8.500000003456429809 ) ) ;
#6654 = CARTESIAN_POINT ( 'NONE',  ( 1.399999999999385958, 30.39999999999939817, -152.0010000000000048 ) ) ;
#6655 = DIRECTION ( 'NONE',  ( 0.000000000000000000, 0.000000000000000000, -1.000000000000000000 ) ) ;
#6656 = ADVANCED_FACE ( 'NONE', ( #2547 ), #9711, .F. ) ;
#6657 = ORIENTED_EDGE ( 'NONE', *, *, #9003, .F. ) ;
#6658 = CARTESIAN_POINT ( 'NONE',  ( 2.458500000000000352, 16.00000000000000000, 0.000000000000000000 ) ) ;
#6659 = AXIS2_PLACEMENT_3D ( 'NONE', #6674, #1587, #3459 ) ;
#6660 = DIRECTION ( 'NONE',  ( 0.9659258262890685343, -0.2588190451025199068, 0.000000000000000000 ) ) ;
#6661 = CARTESIAN_POINT ( 'NONE',  ( -9.478903285766058673, -25.12179440257400032, -152.0000000000000000 ) ) ;
#6662 = CARTESIAN_POINT ( 'NONE',  ( 2.114726455570119956, 26.96507328603669862, -135.0000000000000000 ) ) ;
#6663 = EDGE_CURVE ( 'NONE', #3488, #6638, #3349, .T. ) ;
#6664 = EDGE_LOOP ( 'NONE', ( #8015, #8845 ) ) ;
#6665 = CARTESIAN_POINT ( 'NONE',  ( -7.100000000000609823, 30.39999999999939817, -152.0010000000000048 ) ) ;
#6666 = ORIENTED_EDGE ( 'NONE', *, *, #721, .F. ) ;
#6667 = DIRECTION ( 'NONE',  ( 0.000000000000000000, 0.000000000000000000, -1.000000000000000000 ) ) ;
#6668 = VERTEX_POINT ( 'NONE', #8166 ) ;
#6669 = CARTESIAN_POINT ( 'NONE',  ( 0.000000000000000000, 13.54149999999999920, -8.500000000000000000 ) ) ;
#6670 = EDGE_CURVE ( 'NONE', #4624, #8833, #7410, .T. ) ;
#6671 = CARTESIAN_POINT ( 'NONE',  ( 6.500029744964849421, 26.70056920050461713, -151.9620625809106116 ) ) ;
#6672 = DIRECTION ( 'NONE',  ( 0.000000000000000000, 0.000000000000000000, 1.000000000000000000 ) ) ;
#6673 = EDGE_CURVE ( 'NONE', #8150, #10008, #2092, .T. ) ;
#6674 = CARTESIAN_POINT ( 'NONE',  ( -7.100000000000609823, 30.39999999999939817, -135.0000000000000000 ) ) ;
#6675 = VERTEX_POINT ( 'NONE', #5814 ) ;
#6676 = DIRECTION ( 'NONE',  ( 0.000000000000000000, 0.000000000000000000, -1.000000000000000000 ) ) ;
#6677 = CARTESIAN_POINT ( 'NONE',  ( -6.849948849415422814, -24.93182249945309792, -151.9129408000560204 ) ) ;
#6678 = DIRECTION ( 'NONE',  ( -1.000000000000000000, 0.000000000000000000, 0.000000000000000000 ) ) ;
#6679 = CARTESIAN_POINT ( 'NONE',  ( 8.021096714234520419, 27.71987061392670171, 0.000000000000000000 ) ) ;
#6680 =( BOUNDED_CURVE ( )  B_SPLINE_CURVE ( 3, ( #9177, #9973, #2653, #2808 ),
 .UNSPECIFIED., .F., .F. ) 
 B_SPLINE_CURVE_WITH_KNOTS ( ( 4, 4 ),
 ( 3.141592653589795336, 4.712388980384689674 ),
 .UNSPECIFIED. ) 
 CURVE ( )  GEOMETRIC_REPRESENTATION_ITEM ( )  RATIONAL_B_SPLINE_CURVE ( ( 1.000000000000000000, 0.8047378541243649375, 0.8047378541243649375, 1.000000000000000000 ) ) 
 REPRESENTATION_ITEM ( '' )  );
#6681 = DIRECTION ( 'NONE',  ( 1.000000000000000000, 0.000000000000000000, 0.000000000000000000 ) ) ;
#6682 = AXIS2_PLACEMENT_3D ( 'NONE', #7685, #344, #2876 ) ;
#6683 = EDGE_CURVE ( 'NONE', #8012, #3409, #4106, .T. ) ;
#6684 = EDGE_CURVE ( 'NONE', #6526, #7854, #9068, .T. ) ;
#6685 = ORIENTED_EDGE ( 'NONE', *, *, #634, .F. ) ;
#6686 = ORIENTED_EDGE ( 'NONE', *, *, #6398, .F. ) ;
#6687 = ORIENTED_EDGE ( 'NONE', *, *, #9913, .T. ) ;
#6688 = CYLINDRICAL_SURFACE ( 'NONE', #1300, 3.499999999999999556 ) ;
#6689 = DIRECTION ( 'NONE',  ( 0.000000000000000000, 0.000000000000000000, 1.000000000000000000 ) ) ;
#6690 = ORIENTED_EDGE ( 'NONE', *, *, #9134, .T. ) ;
#6691 = DIRECTION ( 'NONE',  ( 0.000000000000000000, 0.000000000000000000, 1.000000000000000000 ) ) ;
#6692 = DIRECTION ( 'NONE',  ( 1.000000000000000000, 0.000000000000000000, 0.000000000000000000 ) ) ;
#6693 = AXIS2_PLACEMENT_3D ( 'NONE', #3190, #4047, #9011 ) ;
#6694 = LINE ( 'NONE', #7653, #8110 ) ;
#6695 = ADVANCED_FACE ( 'NONE', ( #5651 ), #10292, .F. ) ;
#6696 = VECTOR ( 'NONE', #9882, 1000.000000000000000 ) ;
#6697 = VERTEX_POINT ( 'NONE', #2339 ) ;
#6698 = EDGE_LOOP ( 'NONE', ( #7172, #6713, #1913, #8084 ) ) ;
#6699 = EDGE_LOOP ( 'NONE', ( #1744, #6108, #6754, #9680 ) ) ;
#6700 = FACE_OUTER_BOUND ( 'NONE', #8105, .T. ) ;
#6701 = CIRCLE ( 'NONE', #7215, 3.000000000000000000 ) ;
#6702 = CARTESIAN_POINT ( 'NONE',  ( 9.500196563839168107, 25.72021459781613828, -151.8843511028574085 ) ) ;
#6703 = EDGE_LOOP ( 'NONE', ( #9531, #4006, #6589, #4767 ) ) ;
#6704 = CARTESIAN_POINT ( 'NONE',  ( 8.015521883131919267, 26.00000000000000000, -152.0000000000000000 ) ) ;
#6705 = CARTESIAN_POINT ( 'NONE',  ( 0.4999999999993789968, -25.50000000000000000, -121.0000000000000000 ) ) ;
#6706 = CARTESIAN_POINT ( 'NONE',  ( 7.999999999999699796, -30.00000000000000000, 0.000000000000000000 ) ) ;
#6707 = VECTOR ( 'NONE', #6507, 1000.000000000000000 ) ;
#6708 = FACE_OUTER_BOUND ( 'NONE', #4481, .T. ) ;
#6709 = AXIS2_PLACEMENT_3D ( 'NONE', #659, #4516, #1620 ) ;
#6710 = EDGE_LOOP ( 'NONE', ( #5567, #5480, #2306, #781 ) ) ;
#6711 = ORIENTED_EDGE ( 'NONE', *, *, #4076, .T. ) ;
#6712 = CARTESIAN_POINT ( 'NONE',  ( -2.756766064641392067, -18.75676606464142537, -9.220077978452874135 ) ) ;
#6713 = ORIENTED_EDGE ( 'NONE', *, *, #9336, .T. ) ;
#6714 = DIRECTION ( 'NONE',  ( -0.7071067811864980568, 0.000000000000000000, -0.7071067811865969777 ) ) ;
#6715 = SHAPE_DEFINITION_REPRESENTATION ( #9055, #4483 ) ;
#6716 = ORIENTED_EDGE ( 'NONE', *, *, #9897, .T. ) ;
#6717 = CARTESIAN_POINT ( 'NONE',  ( -2.114726455570119956, 26.96507328603669862, -135.0000000000000000 ) ) ;
#6718 = CIRCLE ( 'NONE', #2102, 8.000000000000619949 ) ;
#6719 = EDGE_CURVE ( 'NONE', #4560, #6675, #9021, .T. ) ;
#6720 = PLANE ( 'NONE',  #1823 ) ;
#6721 = EDGE_CURVE ( 'NONE', #7408, #9740, #4151, .T. ) ;
#6722 = DIRECTION ( 'NONE',  ( 1.000000000000000000, 0.000000000000000000, 0.000000000000000000 ) ) ;
#6723 = DIRECTION ( 'NONE',  ( -1.000000000000000000, 0.000000000000000000, 0.000000000000000000 ) ) ;
#6724 = EDGE_CURVE ( 'NONE', #1330, #6269, #3941, .T. ) ;
#6725 = EDGE_CURVE ( 'NONE', #9322, #158, #10483, .T. ) ;
#6726 = DIRECTION ( 'NONE',  ( -1.000000000000000000, 0.000000000000000000, 0.000000000000000000 ) ) ;
#6727 = EDGE_LOOP ( 'NONE', ( #3684, #3500, #1879, #801, #10221, #8537, #1889 ) ) ;
#6728 = CARTESIAN_POINT ( 'NONE',  ( -8.015521883131919267, -26.00000000000000000, -148.0000000000000000 ) ) ;
#6729 = DIRECTION ( 'NONE',  ( 0.000000000000000000, 0.000000000000000000, -1.000000000000000000 ) ) ;
#6730 = DIRECTION ( 'NONE',  ( 0.000000000000000000, 0.000000000000000000, 1.000000000000000000 ) ) ;
#6731 = CARTESIAN_POINT ( 'NONE',  ( 8.750000000000300204, 24.70096189432365108, -2.000000000000000000 ) ) ;
#6732 = LINE ( 'NONE', #5129, #638 ) ;
#6733 = AXIS2_PLACEMENT_3D ( 'NONE', #784, #6626, #8912 ) ;
#6734 = ADVANCED_FACE ( 'NONE', ( #942 ), #8374, .F. ) ;
#6735 = CONICAL_SURFACE ( 'NONE', #5893, 4.283000000000000362, 0.5235987755967884683 ) ;
#6736 = VERTEX_POINT ( 'NONE', #3608 ) ;
#6737 = AXIS2_PLACEMENT_3D ( 'NONE', #4437, #9350, #7746 ) ;
#6738 = ORIENTED_EDGE ( 'NONE', *, *, #2176, .T. ) ;
#6739 = ORIENTED_EDGE ( 'NONE', *, *, #7331, .T. ) ;
#6740 = CARTESIAN_POINT ( 'NONE',  ( 12.00000000000000000, 16.00000000000000000, -143.5000000000000000 ) ) ;
#6741 = CYLINDRICAL_SURFACE ( 'NONE', #9454, 8.000000000000611067 ) ;
#6742 = AXIS2_PLACEMENT_3D ( 'NONE', #9701, #1627, #9010 ) ;
#6743 = VERTEX_POINT ( 'NONE', #5226 ) ;
#6744 = DIRECTION ( 'NONE',  ( 0.000000000000000000, 0.000000000000000000, -1.000000000000000000 ) ) ;
#6745 = EDGE_CURVE ( 'NONE', #8687, #8776, #6537, .T. ) ;
#6746 = EDGE_CURVE ( 'NONE', #8446, #1218, #369, .T. ) ;
#6747 = AXIS2_PLACEMENT_3D ( 'NONE', #8889, #3425, #4338 ) ;
#6748 = EDGE_CURVE ( 'NONE', #4447, #7854, #135, .T. ) ;
#6749 = DIRECTION ( 'NONE',  ( 0.000000000000000000, 0.000000000000000000, 1.000000000000000000 ) ) ;
#6750 = CIRCLE ( 'NONE', #1284, 0.3999999999993869571 ) ;
#6751 = AXIS2_PLACEMENT_3D ( 'NONE', #3996, #6349, #6457 ) ;
#6752 = CARTESIAN_POINT ( 'NONE',  ( -7.299999999999450040, 32.99999999999945288, -17.00000000000000000 ) ) ;
#6753 = CARTESIAN_POINT ( 'NONE',  ( -9.500000000000000000, -25.13397459621599950, -2.000000000000000000 ) ) ;
#6754 = ORIENTED_EDGE ( 'NONE', *, *, #6290, .F. ) ;
#6755 = ORIENTED_EDGE ( 'NONE', *, *, #6344, .F. ) ;
#6756 = EDGE_LOOP ( 'NONE', ( #1209, #8355, #5544, #6592 ) ) ;
#6757 = LINE ( 'NONE', #1720, #7020 ) ;
#6758 = CIRCLE ( 'NONE', #6595, 0.2000000000005539014 ) ;
#6759 = DIRECTION ( 'NONE',  ( 1.224646799147351975E-16, 1.000000000000000000, 0.000000000000000000 ) ) ;
#6760 = PRODUCT_DEFINITION_SHAPE ( 'NONE', 'NONE',  #360 ) ;
#6761 = VERTEX_POINT ( 'NONE', #1039 ) ;
#6762 = DIRECTION ( 'NONE',  ( 1.000000000000000000, 0.000000000000000000, 0.000000000000000000 ) ) ;
#6763 = DIRECTION ( 'NONE',  ( 0.7071067811865550112, 0.000000000000000000, 0.7071067811865400232 ) ) ;
#6764 = FACE_OUTER_BOUND ( 'NONE', #5620, .T. ) ;
#6765 = PLANE ( 'NONE',  #6577 ) ;
#6766 = ORIENTED_EDGE ( 'NONE', *, *, #5350, .T. ) ;
#6767 = ORIENTED_EDGE ( 'NONE', *, *, #7903, .F. ) ;
#6768 = CARTESIAN_POINT ( 'NONE',  ( 5.688034792648439364, 1.909518315602344973, 7.799999999999999822 ) ) ;
#6769 = VERTEX_POINT ( 'NONE', #1096 ) ;
#6770 = CARTESIAN_POINT ( 'NONE',  ( -9.499999999998799183, -26.07089847370696134, -151.8729829407793090 ) ) ;
#6771 = VECTOR ( 'NONE', #7341, 1000.000000000000000 ) ;
#6772 = EDGE_LOOP ( 'NONE', ( #6208, #5813, #3215 ) ) ;
#6773 = DIRECTION ( 'NONE',  ( 0.000000000000000000, 0.000000000000000000, -1.000000000000000000 ) ) ;
#6774 = DIRECTION ( 'NONE',  ( -1.000000000000000000, 0.000000000000000000, 0.000000000000000000 ) ) ;
#6775 = AXIS2_PLACEMENT_3D ( 'NONE', #1500, #593, #7129 ) ;
#6776 = PLANE ( 'NONE',  #582 ) ;
#6777 = FACE_OUTER_BOUND ( 'NONE', #4639, .T. ) ;
#6778 = AXIS2_PLACEMENT_3D ( 'NONE', #2056, #4685, #5327 ) ;
#6779 = CONICAL_SURFACE ( 'NONE', #10366, 3.400000000000000355, 0.7853981633973783349 ) ;
#6780 = CARTESIAN_POINT ( 'NONE',  ( -3.250000000000000000, 16.00000000000000000, -152.0000000000000000 ) ) ;
#6781 = ORIENTED_EDGE ( 'NONE', *, *, #5668, .T. ) ;
#6782 = DIRECTION ( 'NONE',  ( 1.000000000000000000, 0.000000000000000000, 0.000000000000000000 ) ) ;
#6783 = CARTESIAN_POINT ( 'NONE',  ( -7.309864892146697990, -24.66640163404482067, -151.8729281351895395 ) ) ;
#6784 = VECTOR ( 'NONE', #5614, 1000.000000000000000 ) ;
#6785 = EDGE_CURVE ( 'NONE', #1717, #5758, #2952, .T. ) ;
#6786 = DIRECTION ( 'NONE',  ( 0.000000000000000000, 0.000000000000000000, -1.000000000000000000 ) ) ;
#6787 = CARTESIAN_POINT ( 'NONE',  ( -6.500002692080971478, -25.92832371693901194, -151.8729861951776741 ) ) ;
#6788 = DIRECTION ( 'NONE',  ( 0.000000000000000000, 0.000000000000000000, 1.000000000000000000 ) ) ;
#6789 = ADVANCED_FACE ( 'NONE', ( #10126 ), #4415, .F. ) ;
#6790 = VECTOR ( 'NONE', #3363, 1000.000000000000227 ) ;
#6791 = EDGE_LOOP ( 'NONE', ( #2687, #3037, #866, #10135, #10253, #2732, #9146 ) ) ;
#6792 = EDGE_CURVE ( 'NONE', #1028, #8268, #1912, .T. ) ;
#6793 = EDGE_LOOP ( 'NONE', ( #1926, #5032, #7900, #3997 ) ) ;
#6794 = ORIENTED_EDGE ( 'NONE', *, *, #7972, .T. ) ;
#6795 = DIRECTION ( 'NONE',  ( 0.000000000000000000, 0.000000000000000000, -1.000000000000000000 ) ) ;
#6796 = CARTESIAN_POINT ( 'NONE',  ( 9.500000000000000000, 25.13397459621599950, 0.000000000000000000 ) ) ;
#6797 = ORIENTED_EDGE ( 'NONE', *, *, #5629, .F. ) ;
#6798 = CARTESIAN_POINT ( 'NONE',  ( 0.6607491694260468895, -18.45850000000005053, -10.95850000000001678 ) ) ;
#6799 = DIRECTION ( 'NONE',  ( 1.000000000000000000, 0.000000000000000000, 0.000000000000000000 ) ) ;
#6800 = EDGE_CURVE ( 'NONE', #3278, #5294, #2436, .T. ) ;
#6801 = CARTESIAN_POINT ( 'NONE',  ( 7.299999999999450040, 32.99999999999945288, -152.0010000000000048 ) ) ;
#6802 = AXIS2_PLACEMENT_3D ( 'NONE', #5652, #7309, #1636 ) ;
#6803 = EDGE_CURVE ( 'NONE', #7806, #3981, #7051, .T. ) ;
#6804 = DIRECTION ( 'NONE',  ( 0.8660254037842707309, -0.5000000000002908784, 0.000000000000000000 ) ) ;
#6805 = LINE ( 'NONE', #10100, #758 ) ;
#6806 = EDGE_CURVE ( 'NONE', #3153, #5725, #5511, .T. ) ;
#6807 = LINE ( 'NONE', #2783, #4872 ) ;
#6808 = ORIENTED_EDGE ( 'NONE', *, *, #3350, .F. ) ;
#6809 = ORIENTED_EDGE ( 'NONE', *, *, #825, .T. ) ;
#6810 = EDGE_LOOP ( 'NONE', ( #42, #4307 ) ) ;
#6811 = DIRECTION ( 'NONE',  ( 0.000000000000000000, 0.000000000000000000, 1.000000000000000000 ) ) ;
#6812 = CARTESIAN_POINT ( 'NONE',  ( 9.499995005565569528, 26.56270346951856709, -151.9288366764024261 ) ) ;
#6813 = ORIENTED_EDGE ( 'NONE', *, *, #10437, .T. ) ;
#6814 = DIRECTION ( 'NONE',  ( -1.000000000000000000, 0.000000000000000000, 0.000000000000000000 ) ) ;
#6815 = AXIS2_PLACEMENT_3D ( 'NONE', #8104, #879, #9015 ) ;
#6816 = CARTESIAN_POINT ( 'NONE',  ( 9.500000000000000000, 26.86602540378400050, -2.000000000000000000 ) ) ;
#6817 = LINE ( 'NONE', #3437, #7419 ) ;
#6818 = VECTOR ( 'NONE', #4563, 999.9999999999998863 ) ;
#6819 = CARTESIAN_POINT ( 'NONE',  ( 9.248999599679699202, 29.80000000000000071, -148.0000000000000000 ) ) ;
#6820 = ORIENTED_EDGE ( 'NONE', *, *, #1594, .F. ) ;
#6821 = VERTEX_POINT ( 'NONE', #9176 ) ;
#6822 = CARTESIAN_POINT ( 'NONE',  ( 0.000000000000000000, 0.000000000000000000, -150.0000000000000000 ) ) ;
#6823 = CARTESIAN_POINT ( 'NONE',  ( -0.4999999999993919864, -17.49999999999940314, -121.0000000000000000 ) ) ;
#6824 = ORIENTED_EDGE ( 'NONE', *, *, #1428, .T. ) ;
#6825 = DIRECTION ( 'NONE',  ( -1.000000000000000000, 0.000000000000000000, 0.000000000000000000 ) ) ;
#6826 = DIRECTION ( 'NONE',  ( 0.000000000000000000, -1.000000000000000000, 0.000000000000000000 ) ) ;
#6827 = PLANE ( 'NONE',  #6401 ) ;
#6828 = CARTESIAN_POINT ( 'NONE',  ( 9.266792915339069125, 27.00069395761710922, -151.9388264722745703 ) ) ;
#6829 = CARTESIAN_POINT ( 'NONE',  ( -0.4999999999993919864, -25.50000000000000000, -31.00000000000000000 ) ) ;
#6830 = EDGE_CURVE ( 'NONE', #8576, #8528, #7467, .T. ) ;
#6831 = DIRECTION ( 'NONE',  ( 0.000000000000000000, 0.000000000000000000, -1.000000000000000000 ) ) ;
#6832 = ORIENTED_EDGE ( 'NONE', *, *, #7972, .F. ) ;
#6833 = CARTESIAN_POINT ( 'NONE',  ( 0.000000000000000000, -16.00000000000000000, -151.2084999999999866 ) ) ;
#6834 = FACE_OUTER_BOUND ( 'NONE', #4997, .T. ) ;
#6835 = CARTESIAN_POINT ( 'NONE',  ( -6.500004994442023509, -25.43729653050812445, -151.9288366763940132 ) ) ;
#6836 = DIRECTION ( 'NONE',  ( 1.000000000000000000, 0.000000000000000000, 0.000000000000000000 ) ) ;
#6837 = CIRCLE ( 'NONE', #686, 3.100000000000035172 ) ;
#6838 = EDGE_CURVE ( 'NONE', #6147, #6907, #552, .T. ) ;
#6839 = EDGE_LOOP ( 'NONE', ( #5634, #3985, #8726, #9311, #6617, #923 ) ) ;
#6840 = ORIENTED_EDGE ( 'NONE', *, *, #857, .F. ) ;
#6841 = CARTESIAN_POINT ( 'NONE',  ( -9.500000506710900794, -25.55495940534022381, -151.9102401632617330 ) ) ;
#6842 = LINE ( 'NONE', #10091, #7086 ) ;
#6843 = VERTEX_POINT ( 'NONE', #7623 ) ;
#6844 = FACE_OUTER_BOUND ( 'NONE', #4671, .T. ) ;
#6845 = DIRECTION ( 'NONE',  ( -1.000000000000000000, 0.000000000000000000, 0.000000000000000000 ) ) ;
#6846 = CARTESIAN_POINT ( 'NONE',  ( 5.688034792648439364, 1.909518315602344973, 8.000000000000000000 ) ) ;
#6847 = AXIS2_PLACEMENT_3D ( 'NONE', #8941, #7186, #10446 ) ;
#6848 = DIRECTION ( 'NONE',  ( 0.000000000000000000, -1.000000000000000000, 0.000000000000000000 ) ) ;
#6849 = PRODUCT_DEFINITION ( 'UNKNOWN', '', #4874, #1482 ) ;
#6850 = EDGE_CURVE ( 'NONE', #3185, #3660, #10466, .T. ) ;
#6851 = EDGE_CURVE ( 'NONE', #2151, #5959, #8414, .T. ) ;
#6852 = DIRECTION ( 'NONE',  ( 1.000000000000000000, 0.000000000000000000, 0.000000000000000000 ) ) ;
#6853 = DIRECTION ( 'NONE',  ( 0.000000000000000000, 0.000000000000000000, 1.000000000000000000 ) ) ;
#6854 = EDGE_LOOP ( 'NONE', ( #9447, #1432, #8513 ) ) ;
#6855 = EDGE_LOOP ( 'NONE', ( #1917, #10161, #2183, #4179, #3807 ) ) ;
#6856 = VERTEX_POINT ( 'NONE', #10077 ) ;
#6857 = CARTESIAN_POINT ( 'NONE',  ( 0.000000000000000000, 0.000000000000000000, 9.499999999999840128 ) ) ;
#6858 = CARTESIAN_POINT ( 'NONE',  ( -4.700000000000099654, 5.755839955992679956E-16, 8.599999999999999645 ) ) ;
#6859 = ORIENTED_EDGE ( 'NONE', *, *, #8791, .F. ) ;
#6860 = EDGE_CURVE ( 'NONE', #5945, #5201, #2748, .T. ) ;
#6861 = FACE_OUTER_BOUND ( 'NONE', #9658, .T. ) ;
#6862 = CARTESIAN_POINT ( 'NONE',  ( 0.000000000000000000, 18.45850000000000080, -8.500000000000000000 ) ) ;
#6863 = CARTESIAN_POINT ( 'NONE',  ( 2.458500000000000352, -16.00000000000000000, -10.95849999999999902 ) ) ;
#6864 = AXIS2_PLACEMENT_3D ( 'NONE', #7965, #5559, #897 ) ;
#6865 = EDGE_CURVE ( 'NONE', #5246, #2546, #9377, .T. ) ;
#6866 = VECTOR ( 'NONE', #844, 1000.000000000000000 ) ;
#6867 = ORIENTED_EDGE ( 'NONE', *, *, #2781, .F. ) ;
#6868 = ORIENTED_EDGE ( 'NONE', *, *, #3406, .T. ) ;
#6869 = CARTESIAN_POINT ( 'NONE',  ( 0.000000000000000000, 18.45850000000000080, -8.500000000000000000 ) ) ;
#6870 = FACE_OUTER_BOUND ( 'NONE', #5597, .T. ) ;
#6871 = ORIENTED_EDGE ( 'NONE', *, *, #9250, .T. ) ;
#6872 = DIRECTION ( 'NONE',  ( 0.000000000000000000, 0.000000000000000000, -1.000000000000000000 ) ) ;
#6873 = EDGE_CURVE ( 'NONE', #18, #9679, #2054, .T. ) ;
#6874 = EDGE_CURVE ( 'NONE', #1333, #10464, #5681, .T. ) ;
#6875 = FACE_OUTER_BOUND ( 'NONE', #1780, .T. ) ;
#6876 = AXIS2_PLACEMENT_3D ( 'NONE', #8909, #4797, #8056 ) ;
#6877 = CARTESIAN_POINT ( 'NONE',  ( 8.521560536540981445, 24.56907230860181457, -0.1267595575000182995 ) ) ;
#6878 = CARTESIAN_POINT ( 'NONE',  ( -7.999999999999699796, -30.00000000000000000, -17.00000000000000000 ) ) ;
#6879 = EDGE_CURVE ( 'NONE', #3029, #4796, #3030, .T. ) ;
#6880 = CARTESIAN_POINT ( 'NONE',  ( -1.500000000000000000, 20.30000000000605098, -143.5000000000000000 ) ) ;
#6881 = DIRECTION ( 'NONE',  ( -1.000000000000000000, 0.000000000000000000, 0.000000000000000000 ) ) ;
#6882 = ORIENTED_EDGE ( 'NONE', *, *, #3648, .T. ) ;
#6883 = CARTESIAN_POINT ( 'NONE',  ( -0.4999999999993789968, 25.50000000000000000, -111.0000000000000000 ) ) ;
#6884 = DIRECTION ( 'NONE',  ( 0.000000000000000000, 0.000000000000000000, -1.000000000000000000 ) ) ;
#6885 = FACE_OUTER_BOUND ( 'NONE', #8450, .T. ) ;
#6886 = CARTESIAN_POINT ( 'NONE',  ( -6.499900191503675373, -26.56169451173365914, -151.9315746644751073 ) ) ;
#6887 = CIRCLE ( 'NONE', #1785, 8.000000000000611067 ) ;
#6888 = CARTESIAN_POINT ( 'NONE',  ( 6.500000000000000000, 26.86602540378400050, -152.0000000000000000 ) ) ;
#6889 = AXIS2_PLACEMENT_3D ( 'NONE', #8729, #1400, #4672 ) ;
#6890 = EDGE_CURVE ( 'NONE', #618, #7937, #2602, .T. ) ;
#6891 = ORIENTED_EDGE ( 'NONE', *, *, #7562, .F. ) ;
#6892 = ORIENTED_EDGE ( 'NONE', *, *, #9778, .F. ) ;
#6893 = DIRECTION ( 'NONE',  ( -1.000000000000000000, 0.000000000000000000, 0.000000000000000000 ) ) ;
#6894 = CARTESIAN_POINT ( 'NONE',  ( -8.500000000000000000, 17.49999999999940314, -121.0000000000000000 ) ) ;
#6895 = ORIENTED_EDGE ( 'NONE', *, *, #10518, .T. ) ;
#6896 = DIRECTION ( 'NONE',  ( 1.000000000000000000, 0.000000000000000000, 0.000000000000000000 ) ) ;
#6897 = DIRECTION ( 'NONE',  ( 0.000000000000000000, 0.000000000000000000, -1.000000000000000000 ) ) ;
#6898 = DIRECTION ( 'NONE',  ( 0.000000000000000000, 0.000000000000000000, -1.000000000000000000 ) ) ;
#6899 = AXIS2_PLACEMENT_3D ( 'NONE', #5864, #5070, #6565 ) ;
#6900 = CARTESIAN_POINT ( 'NONE',  ( 0.000000000000000000, 0.000000000000000000, -2.000000000000000000 ) ) ;
#6901 = CARTESIAN_POINT ( 'NONE',  ( -8.015521883131919267, -22.00000000000000000, -148.0000000000000000 ) ) ;
#6902 = VECTOR ( 'NONE', #6320, 999.9999999999998863 ) ;
#6903 = EDGE_CURVE ( 'NONE', #4535, #3346, #2218, .T. ) ;
#6904 = AXIS2_PLACEMENT_3D ( 'NONE', #1851, #2011, #286 ) ;
#6905 = CARTESIAN_POINT ( 'NONE',  ( 12.00000000000000000, -26.00000000000000000, -17.00000000000000000 ) ) ;
#6906 = ORIENTED_EDGE ( 'NONE', *, *, #5002, .T. ) ;
#6907 = VERTEX_POINT ( 'NONE', #7943 ) ;
#6908 = VERTEX_POINT ( 'NONE', #3769 ) ;
#6909 = CARTESIAN_POINT ( 'NONE',  ( 3.010794155703800205E-16, -18.45850000000000080, -141.0414999999999850 ) ) ;
#6910 = CARTESIAN_POINT ( 'NONE',  ( 11.84999999999999964, 27.95825756949599850, -135.0000000000000000 ) ) ;
#6911 = EDGE_CURVE ( 'NONE', #7434, #8130, #10108, .T. ) ;
#6912 = CIRCLE ( 'NONE', #2299, 5.000000000000000000 ) ;
#6913 = EDGE_CURVE ( 'NONE', #2731, #10062, #7029, .T. ) ;
#6914 = ORIENTED_EDGE ( 'NONE', *, *, #3657, .F. ) ;
#6915 = AXIS2_PLACEMENT_3D ( 'NONE', #3896, #2273, #5750 ) ;
#6916 = CIRCLE ( 'NONE', #6411, 3.499999999999999556 ) ;
#6917 = CARTESIAN_POINT ( 'NONE',  ( 1.738422021547135099, -17.73842202154714798, -145.2384220215469952 ) ) ;
#6918 = EDGE_CURVE ( 'NONE', #4624, #8861, #5384, .T. ) ;
#6919 = CARTESIAN_POINT ( 'NONE',  ( 9.500000000000001776, 26.35425312670047759, -0.1031939313854598889 ) ) ;
#6920 = CARTESIAN_POINT ( 'NONE',  ( -2.458499999999998575, 14.55984404309426772, -145.9584999999998445 ) ) ;
#6921 = DIRECTION ( 'NONE',  ( 0.7071067811865420216, 8.659560562355000651E-17, 0.7071067811865531239 ) ) ;
#6922 = AXIS2_PLACEMENT_3D ( 'NONE', #4495, #2945, #9307 ) ;
#6923 = TOROIDAL_SURFACE ( 'NONE', #5724, 4.799999999999450040, 0.2000000000005540124 ) ;
#6924 = ORIENTED_EDGE ( 'NONE', *, *, #1933, .F. ) ;
#6925 = VERTEX_POINT ( 'NONE', #3825 ) ;
#6926 = CARTESIAN_POINT ( 'NONE',  ( -1.738422021547135099, -17.73842202154714798, -10.23842202154713910 ) ) ;
#6927 = EDGE_CURVE ( 'NONE', #1218, #8446, #5001, .T. ) ;
#6928 = LINE ( 'NONE', #5434, #6431 ) ;
#6929 = ORIENTED_EDGE ( 'NONE', *, *, #6874, .F. ) ;
#6930 = DIRECTION ( 'NONE',  ( 0.000000000000000000, 0.000000000000000000, -1.000000000000000000 ) ) ;
#6931 = EDGE_CURVE ( 'NONE', #7831, #2346, #723, .T. ) ;
#6932 = LINE ( 'NONE', #3077, #6949 ) ;
#6933 = DIRECTION ( 'NONE',  ( 0.000000000000000000, 0.000000000000000000, -1.000000000000000000 ) ) ;
#6934 = CARTESIAN_POINT ( 'NONE',  ( 6.500000000000000000, 25.13397459621599950, -152.0000000000000000 ) ) ;
#6935 = B_SPLINE_CURVE_WITH_KNOTS ( 'NONE', 3,
 ( #7694, #5943, #3629, #4330, #3686, #10150, #302, #6841, #9240, #5189, #6953 ),
 .UNSPECIFIED., .F., .F.,
 ( 4, 2, 1, 2, 2, 4 ),
 ( 0.000000000000000000, 0.2499999999999985012, 0.3749999999999870104, 0.4374999999999873990, 0.4999999999999877875, 1.000000000000000000 ),
 .UNSPECIFIED. ) ;
#6936 = DIRECTION ( 'NONE',  ( 0.000000000000000000, 0.000000000000000000, -1.000000000000000000 ) ) ;
#6937 = ADVANCED_FACE ( 'NONE', ( #1253 ), #2171, .T. ) ;
#6938 = AXIS2_PLACEMENT_3D ( 'NONE', #7620, #5859, #1792 ) ;
#6939 = CARTESIAN_POINT ( 'NONE',  ( -6.280000000000000249, -26.00000000000000000, 0.000000000000000000 ) ) ;
#6940 = CARTESIAN_POINT ( 'NONE',  ( -8.500000000000000000, -25.50000000000000000, -31.00000000000000000 ) ) ;
#6941 = EDGE_LOOP ( 'NONE', ( #724, #152 ) ) ;
#6942 = CARTESIAN_POINT ( 'NONE',  ( -1.449999999999445954, 33.40000000000054570, -17.00000000000000000 ) ) ;
#6943 = CARTESIAN_POINT ( 'NONE',  ( 8.500000000000000000, 17.49999999999940314, -121.0000000000000000 ) ) ;
#6944 = DIRECTION ( 'NONE',  ( 1.000000000000000000, 0.000000000000000000, 0.000000000000000000 ) ) ;
#6945 = CARTESIAN_POINT ( 'NONE',  ( 6.500000000000000000, 26.86602540378400050, -2.000000000000000000 ) ) ;
#6946 = DIRECTION ( 'NONE',  ( 0.8660254037842989305, 0.5000000000002420286, 0.000000000000000000 ) ) ;
#6947 = CONICAL_SURFACE ( 'NONE', #1127, 2.000000000000000000, 1.047197551196318299 ) ;
#6948 = AXIS2_PLACEMENT_3D ( 'NONE', #3527, #1488, #9449 ) ;
#6949 = VECTOR ( 'NONE', #2112, 1000.000000000000000 ) ;
#6950 = ORIENTED_EDGE ( 'NONE', *, *, #8236, .T. ) ;
#6951 = VERTEX_POINT ( 'NONE', #385 ) ;
#6952 = EDGE_LOOP ( 'NONE', ( #209, #5321, #831, #5191, #2676, #1405 ) ) ;
#6953 = CARTESIAN_POINT ( 'NONE',  ( -9.500000000000000000, -26.00000000000000000, -151.8729829407770069 ) ) ;
#6954 = CARTESIAN_POINT ( 'NONE',  ( 0.000000000000000000, 16.00000000000000000, -31.00000000000000000 ) ) ;
#6955 = ORIENTED_EDGE ( 'NONE', *, *, #7982, .F. ) ;
#6956 = CARTESIAN_POINT ( 'NONE',  ( 0.000000000000000000, -29.20849999999999724, -10.95849999999999902 ) ) ;
#6957 = CARTESIAN_POINT ( 'NONE',  ( 9.500000000000000000, 25.13397459621599950, -150.0000000000000000 ) ) ;
#6958 = VECTOR ( 'NONE', #10563, 1000.000000000000000 ) ;
#6959 = FACE_OUTER_BOUND ( 'NONE', #9105, .T. ) ;
#6960 = EDGE_CURVE ( 'NONE', #1395, #1380, #38, .T. ) ;
#6961 = DIRECTION ( 'NONE',  ( 0.000000000000000000, 0.000000000000000000, -1.000000000000000000 ) ) ;
#6962 = ORIENTED_EDGE ( 'NONE', *, *, #7061, .T. ) ;
#6963 = EDGE_LOOP ( 'NONE', ( #9509, #3876, #4192, #3172 ) ) ;
#6964 = ORIENTED_EDGE ( 'NONE', *, *, #7845, .T. ) ;
#6965 = CYLINDRICAL_SURFACE ( 'NONE', #8842, 10.00000000000000000 ) ;
#6966 = AXIS2_PLACEMENT_3D ( 'NONE', #5290, #9235, #4430 ) ;
#6967 = ORIENTED_EDGE ( 'NONE', *, *, #7209, .T. ) ;
#6968 = CARTESIAN_POINT ( 'NONE',  ( 12.00000000000000000, -26.00000000000000000, -152.0000000000000000 ) ) ;
#6969 = EDGE_LOOP ( 'NONE', ( #3250, #4573, #2984, #4485 ) ) ;
#6970 = DIRECTION ( 'NONE',  ( -1.000000000000000000, 0.000000000000000000, 0.000000000000000000 ) ) ;
#6971 = DIRECTION ( 'NONE',  ( -1.000000000000000000, 0.000000000000000000, 0.000000000000000000 ) ) ;
#6972 = FACE_OUTER_BOUND ( 'NONE', #2964, .T. ) ;
#6973 = DIRECTION ( 'NONE',  ( -0.000000000000000000, 1.000000000000000000, 0.000000000000000000 ) ) ;
#6974 = ORIENTED_EDGE ( 'NONE', *, *, #2144, .T. ) ;
#6975 = EDGE_LOOP ( 'NONE', ( #9497, #3869, #1672, #2388, #8765, #7055, #7870 ) ) ;
#6976 = LINE ( 'NONE', #5531, #8246 ) ;
#6977 = CARTESIAN_POINT ( 'NONE',  ( -8.000000000000000000, -16.00000000000000000, -8.500000000000000000 ) ) ;
#6978 = ORIENTED_EDGE ( 'NONE', *, *, #5752, .T. ) ;
#6979 = FACE_OUTER_BOUND ( 'NONE', #7447, .T. ) ;
#6980 = DIRECTION ( 'NONE',  ( 0.000000000000000000, 0.000000000000000000, 1.000000000000000000 ) ) ;
#6981 = DIRECTION ( 'NONE',  ( -1.000000000000000000, 0.000000000000000000, 0.000000000000000000 ) ) ;
#6982 = DIRECTION ( 'NONE',  ( 1.000000000000000000, 0.000000000000000000, 0.000000000000000000 ) ) ;
#6983 = ADVANCED_FACE ( 'NONE', ( #2969 ), #7784, .F. ) ;
#6984 = DIRECTION ( 'NONE',  ( 0.8660254037844328234, 0.000000000000000000, 0.5000000000000099920 ) ) ;
#6985 = DIRECTION ( 'NONE',  ( -0.8660254037842997077, 0.5000000000002408074, 0.000000000000000000 ) ) ;
#6986 = ORIENTED_EDGE ( 'NONE', *, *, #527, .F. ) ;
#6987 = ORIENTED_EDGE ( 'NONE', *, *, #6911, .T. ) ;
#6988 = ADVANCED_FACE ( 'NONE', ( #7090 ), #7387, .F. ) ;
#6989 = DIRECTION ( 'NONE',  ( 0.000000000000000000, 0.000000000000000000, -1.000000000000000000 ) ) ;
#6990 = FACE_OUTER_BOUND ( 'NONE', #5884, .T. ) ;
#6991 = DIRECTION ( 'NONE',  ( 0.000000000000000000, 0.000000000000000000, 1.000000000000000000 ) ) ;
#6992 = CARTESIAN_POINT ( 'NONE',  ( 8.000000000000000000, 26.00000000000000000, -152.0000000000000000 ) ) ;
#6993 = ADVANCED_FACE ( 'NONE', ( #6979 ), #9142, .F. ) ;
#6994 = ORIENTED_EDGE ( 'NONE', *, *, #10578, .F. ) ;
#6995 = CIRCLE ( 'NONE', #10590, 2.458500000000002572 ) ;
#6996 = ORIENTED_EDGE ( 'NONE', *, *, #5563, .F. ) ;
#6997 = ORIENTED_EDGE ( 'NONE', *, *, #7715, .T. ) ;
#6998 = DIRECTION ( 'NONE',  ( -1.000000000000000000, 0.000000000000000000, 0.000000000000000000 ) ) ;
#6999 = DIRECTION ( 'NONE',  ( 1.000000000000000000, 0.000000000000000000, 0.000000000000000000 ) ) ;
#7000 = DIRECTION ( 'NONE',  ( 0.000000000000000000, -1.000000000000000000, 0.000000000000000000 ) ) ;
#7001 = DIRECTION ( 'NONE',  ( 1.000000000000000000, 0.000000000000000000, 0.000000000000000000 ) ) ;
#7002 = CARTESIAN_POINT ( 'NONE',  ( -9.500000000000000000, -26.86602540378400050, -150.0000000000000000 ) ) ;
#7003 = EDGE_CURVE ( 'NONE', #7560, #10088, #3892, .T. ) ;
#7004 = CARTESIAN_POINT ( 'NONE',  ( 2.458500000000000352, 16.00000000000000000, 0.000000000000000000 ) ) ;
#7005 = LINE ( 'NONE', #10266, #9289 ) ;
#7006 = ADVANCED_FACE ( 'NONE', ( #8529 ), #2862, .F. ) ;
#7007 = CARTESIAN_POINT ( 'NONE',  ( 0.000000000000000000, -30.00000000000000000, 0.000000000000000000 ) ) ;
#7008 = ORIENTED_EDGE ( 'NONE', *, *, #7123, .F. ) ;
#7009 = EDGE_LOOP ( 'NONE', ( #529, #1186, #6813, #3689, #7994, #9173, #5843 ) ) ;
#7010 = ORIENTED_EDGE ( 'NONE', *, *, #9541, .F. ) ;
#7011 = CARTESIAN_POINT ( 'NONE',  ( 7.100000000000609823, 30.39999999999939817, -135.0000000000000000 ) ) ;
#7012 = ORIENTED_EDGE ( 'NONE', *, *, #10040, .T. ) ;
#7013 = CYLINDRICAL_SURFACE ( 'NONE', #2203, 4.000000000000305533 ) ;
#7014 = ORIENTED_EDGE ( 'NONE', *, *, #1232, .F. ) ;
#7015 = DIRECTION ( 'NONE',  ( 1.000000000000000000, 0.000000000000000000, 0.000000000000000000 ) ) ;
#7016 = CONICAL_SURFACE ( 'NONE', #4636, 3.400000000000000355, 0.7853981633973783349 ) ;
#7017 = CARTESIAN_POINT ( 'NONE',  ( 0.000000000000000000, 0.000000000000000000, 8.599999999999999645 ) ) ;
#7018 = LINE ( 'NONE', #1401, #1951 ) ;
#7019 = CARTESIAN_POINT ( 'NONE',  ( 0.000000000000000000, -30.00000000000000000, -11.75000000000000000 ) ) ;
#7020 = VECTOR ( 'NONE', #1880, 1000.000000000000114 ) ;
#7021 = VECTOR ( 'NONE', #6086, 1000.000000000000000 ) ;
#7022 = EDGE_CURVE ( 'NONE', #5780, #4464, #6388, .T. ) ;
#7023 = ORIENTED_EDGE ( 'NONE', *, *, #5679, .F. ) ;
#7024 = ORIENTED_EDGE ( 'NONE', *, *, #7359, .T. ) ;
#7025 = ORIENTED_EDGE ( 'NONE', *, *, #1772, .F. ) ;
#7026 = DIRECTION ( 'NONE',  ( -1.000000000000000000, 0.000000000000000000, 0.000000000000000000 ) ) ;
#7027 = CARTESIAN_POINT ( 'NONE',  ( -9.500000000000000000, -25.15833498349994812, 0.000000000000000000 ) ) ;
#7028 = EDGE_LOOP ( 'NONE', ( #3553, #9466, #10269, #1695 ) ) ;
#7029 = LINE ( 'NONE', #6177, #3624 ) ;
#7030 = CARTESIAN_POINT ( 'NONE',  ( 6.500000000000000000, 25.15833498349999786, -152.0000000000000000 ) ) ;
#7031 = VECTOR ( 'NONE', #9718, 1000.000000000000000 ) ;
#7032 = DIRECTION ( 'NONE',  ( 1.000000000000000000, 0.000000000000000000, 0.000000000000000000 ) ) ;
#7033 = PLANE ( 'NONE',  #7268 ) ;
#7034 = VECTOR ( 'NONE', #9751, 1000.000000000000114 ) ;
#7035 = CYLINDRICAL_SURFACE ( 'NONE', #3489, 5.000000000000000888 ) ;
#7036 = ADVANCED_FACE ( 'NONE', ( #3940 ), #2269, .F. ) ;
#7037 = FACE_OUTER_BOUND ( 'NONE', #7858, .T. ) ;
#7038 = AXIS2_PLACEMENT_3D ( 'NONE', #1577, #4849, #6559 ) ;
#7039 = CARTESIAN_POINT ( 'NONE',  ( -1.250000000000614175, 35.00000000000000000, -135.0000000000000000 ) ) ;
#7040 = VERTEX_POINT ( 'NONE', #9647 ) ;
#7041 = EDGE_LOOP ( 'NONE', ( #2718, #5808, #7112 ) ) ;
#7042 = EDGE_CURVE ( 'NONE', #1904, #6288, #2326, .T. ) ;
#7043 = FACE_OUTER_BOUND ( 'NONE', #8419, .T. ) ;
#7044 = DIRECTION ( 'NONE',  ( 1.000000000000000000, 0.000000000000000000, 0.000000000000000000 ) ) ;
#7045 = AXIS2_PLACEMENT_3D ( 'NONE', #8125, #4969, #4117 ) ;
#7046 = ORIENTED_EDGE ( 'NONE', *, *, #9803, .T. ) ;
#7047 = DIRECTION ( 'NONE',  ( 0.000000000000000000, 0.000000000000000000, 1.000000000000000000 ) ) ;
#7048 = EDGE_CURVE ( 'NONE', #1148, #3141, #2378, .T. ) ;
#7049 = CYLINDRICAL_SURFACE ( 'NONE', #6112, 2.458499999999974595 ) ;
#7050 = EDGE_CURVE ( 'NONE', #9373, #9440, #66, .T. ) ;
#7051 = CIRCLE ( 'NONE', #29, 13.99999999999323919 ) ;
#7052 = VERTEX_POINT ( 'NONE', #10455 ) ;
#7053 = AXIS2_PLACEMENT_3D ( 'NONE', #1025, #214, #7610 ) ;
#7054 = ORIENTED_EDGE ( 'NONE', *, *, #6524, .F. ) ;
#7055 = ORIENTED_EDGE ( 'NONE', *, *, #4522, .T. ) ;
#7056 = CARTESIAN_POINT ( 'NONE',  ( -9.248999599679699202, 29.80000000000000071, -152.0000000000000000 ) ) ;
#7057 = LINE ( 'NONE', #7695, #225 ) ;
#7058 = EDGE_LOOP ( 'NONE', ( #7977, #3174, #6994, #4193 ) ) ;
#7059 = DIRECTION ( 'NONE',  ( 0.000000000000000000, 0.000000000000000000, -1.000000000000000000 ) ) ;
#7060 = DIRECTION ( 'NONE',  ( 0.000000000000000000, 0.000000000000000000, -1.000000000000000000 ) ) ;
#7061 = EDGE_CURVE ( 'NONE', #7173, #3216, #3283, .T. ) ;
#7062 = CARTESIAN_POINT ( 'NONE',  ( 9.478903285766069331, 26.87820559742599968, 0.000000000000000000 ) ) ;
#7063 = AXIS2_PLACEMENT_3D ( 'NONE', #122, #5059, #2737 ) ;
#7064 = DIRECTION ( 'NONE',  ( 1.000000000000000000, 0.000000000000000000, 0.000000000000000000 ) ) ;
#7065 = EDGE_CURVE ( 'NONE', #7997, #3097, #5746, .T. ) ;
#7066 = DIRECTION ( 'NONE',  ( 0.000000000000000000, 0.000000000000000000, -1.000000000000000000 ) ) ;
#7067 = VERTEX_POINT ( 'NONE', #4945 ) ;
#7068 = ORIENTED_EDGE ( 'NONE', *, *, #10482, .T. ) ;
#7069 = VERTEX_POINT ( 'NONE', #1521 ) ;
#7070 = FACE_OUTER_BOUND ( 'NONE', #9065, .T. ) ;
#7071 = VECTOR ( 'NONE', #3693, 1000.000000000000000 ) ;
#7072 = EDGE_LOOP ( 'NONE', ( #7024, #813, #221, #5955 ) ) ;
#7073 = PLANE ( 'NONE',  #9710 ) ;
#7074 = EDGE_CURVE ( 'NONE', #6951, #6377, #7396, .T. ) ;
#7075 = ORIENTED_EDGE ( 'NONE', *, *, #5288, .F. ) ;
#7076 = CARTESIAN_POINT ( 'NONE',  ( 2.458500000000001684, -16.66074916942605100, -145.9584999999999582 ) ) ;
#7077 = CIRCLE ( 'NONE', #5540, 1.500000000000000666 ) ;
#7078 = CIRCLE ( 'NONE', #7584, 3.100000000000000533 ) ;
#7079 = CIRCLE ( 'NONE', #405, 0.3999999999993869571 ) ;
#7080 = CARTESIAN_POINT ( 'NONE',  ( 9.248999599679699202, 29.80000000000000071, -17.00000000000000000 ) ) ;
#7081 = ORIENTED_EDGE ( 'NONE', *, *, #7109, .F. ) ;
#7082 = VERTEX_POINT ( 'NONE', #9008 ) ;
#7083 = ORIENTED_EDGE ( 'NONE', *, *, #3078, .T. ) ;
#7084 = AXIS2_PLACEMENT_3D ( 'NONE', #5270, #8522, #3438 ) ;
#7085 = PLANE ( 'NONE',  #5004 ) ;
#7086 = VECTOR ( 'NONE', #414, 999.9999999999998863 ) ;
#7087 = DIRECTION ( 'NONE',  ( 1.000000000000000000, 0.000000000000000000, 0.000000000000000000 ) ) ;
#7088 = VERTEX_POINT ( 'NONE', #7246 ) ;
#7089 = VECTOR ( 'NONE', #9317, 1000.000000000000000 ) ;
#7090 = FACE_OUTER_BOUND ( 'NONE', #4962, .T. ) ;
#7091 = CARTESIAN_POINT ( 'NONE',  ( 8.000000000000000000, 27.73205080756900287, -150.0000000000000000 ) ) ;
#7092 = AXIS2_PLACEMENT_3D ( 'NONE', #9167, #7459, #2584 ) ;
#7093 = CARTESIAN_POINT ( 'NONE',  ( 8.500000000000000000, 17.49999999999940314, -121.0000000000000000 ) ) ;
#7094 = CARTESIAN_POINT ( 'NONE',  ( 8.264408579640942776, 27.57954181154927653, -151.9284522877536006 ) ) ;
#7095 = CONICAL_SURFACE ( 'NONE', #243, 1732.050807568955179, 1.047197551196617171 ) ;
#7096 = AXIS2_PLACEMENT_3D ( 'NONE', #4778, #1204, #7729 ) ;
#7097 = DIRECTION ( 'NONE',  ( -1.000000000000000000, 0.000000000000000000, 0.000000000000000000 ) ) ;
#7098 = AXIS2_PLACEMENT_3D ( 'NONE', #8860, #4210, #9817 ) ;
#7099 = DIRECTION ( 'NONE',  ( -1.000000000000000000, 0.000000000000000000, 0.000000000000000000 ) ) ;
#7100 = DIRECTION ( 'NONE',  ( 0.000000000000000000, 0.000000000000000000, 1.000000000000000000 ) ) ;
#7101 = VERTEX_POINT ( 'NONE', #6497 ) ;
#7102 = DIRECTION ( 'NONE',  ( 0.000000000000000000, 0.000000000000000000, 1.000000000000000000 ) ) ;
#7103 = DIRECTION ( 'NONE',  ( 0.000000000000000000, 0.000000000000000000, 1.000000000000000000 ) ) ;
#7104 = ORIENTED_EDGE ( 'NONE', *, *, #5232, .T. ) ;
#7105 = CIRCLE ( 'NONE', #2975, 3.999999999998715694 ) ;
#7106 = DIRECTION ( 'NONE',  ( 0.000000000000000000, 0.000000000000000000, 1.000000000000000000 ) ) ;
#7107 = DIRECTION ( 'NONE',  ( 0.000000000000000000, 0.000000000000000000, -1.000000000000000000 ) ) ;
#7108 = EDGE_CURVE ( 'NONE', #10440, #6074, #7297, .T. ) ;
#7109 = EDGE_CURVE ( 'NONE', #5246, #5546, #7543, .T. ) ;
#7110 = VERTEX_POINT ( 'NONE', #9699 ) ;
#7111 = ORIENTED_EDGE ( 'NONE', *, *, #667, .F. ) ;
#7112 = ORIENTED_EDGE ( 'NONE', *, *, #5632, .F. ) ;
#7113 = CARTESIAN_POINT ( 'NONE',  ( -1.200000000000553957, 32.99999999999945288, -17.00000000000000000 ) ) ;
#7114 = CARTESIAN_POINT ( 'NONE',  ( -1.738422021547135099, -17.73842202154714798, -141.7615779784529764 ) ) ;
#7115 = ADVANCED_FACE ( 'NONE', ( #770 ), #9503, .F. ) ;
#7116 = ORIENTED_EDGE ( 'NONE', *, *, #6324, .T. ) ;
#7117 = LINE ( 'NONE', #2294, #4470 ) ;
#7118 = DIRECTION ( 'NONE',  ( 0.000000000000000000, 0.000000000000000000, -1.000000000000000000 ) ) ;
#7119 = AXIS2_PLACEMENT_3D ( 'NONE', #9589, #2910, #3767 ) ;
#7120 = VECTOR ( 'NONE', #2936, 1000.000000000000000 ) ;
#7121 = CARTESIAN_POINT ( 'NONE',  ( -7.999999999999699796, -30.00000000000000000, -4.000000000000000000 ) ) ;
#7122 = CIRCLE ( 'NONE', #8486, 0.3999999999993869571 ) ;
#7123 = EDGE_CURVE ( 'NONE', #7783, #6442, #4619, .T. ) ;
#7124 = EDGE_CURVE ( 'NONE', #8446, #9557, #8151, .T. ) ;
#7125 = DIRECTION ( 'NONE',  ( 0.8660254037842993746, 0.5000000000002412515, 0.000000000000000000 ) ) ;
#7126 = ORIENTED_EDGE ( 'NONE', *, *, #7287, .F. ) ;
#7127 = ORIENTED_EDGE ( 'NONE', *, *, #10382, .T. ) ;
#7128 = ORIENTED_EDGE ( 'NONE', *, *, #6258, .T. ) ;
#7129 = DIRECTION ( 'NONE',  ( 0.000000000000000000, 0.000000000000000000, 1.000000000000000000 ) ) ;
#7130 = DIRECTION ( 'NONE',  ( 0.000000000000000000, 0.000000000000000000, 1.000000000000000000 ) ) ;
#7131 = ORIENTED_EDGE ( 'NONE', *, *, #3913, .T. ) ;
#7132 = CARTESIAN_POINT ( 'NONE',  ( -7.249999999999710454, -27.29903810567634892, -2.000000000000000000 ) ) ;
#7133 = EDGE_CURVE ( 'NONE', #3219, #656, #9325, .T. ) ;
#7134 = VECTOR ( 'NONE', #581, 1000.000000000000000 ) ;
#7135 = ORIENTED_EDGE ( 'NONE', *, *, #1338, .F. ) ;
#7136 = CARTESIAN_POINT ( 'NONE',  ( 2.205642239911655533, -17.27120180318257781, -145.7056422399114410 ) ) ;
#7137 = EDGE_CURVE ( 'NONE', #3934, #7622, #872, .T. ) ;
#7138 = DIRECTION ( 'NONE',  ( 0.000000000000000000, 0.000000000000000000, -1.000000000000000000 ) ) ;
#7139 = DIRECTION ( 'NONE',  ( 1.000000000000000000, 0.000000000000000000, 0.000000000000000000 ) ) ;
#7140 = AXIS2_PLACEMENT_3D ( 'NONE', #7481, #5663, #1910 ) ;
#7141 = ORIENTED_EDGE ( 'NONE', *, *, #5501, .F. ) ;
#7142 = ORIENTED_EDGE ( 'NONE', *, *, #1294, .T. ) ;
#7143 = ORIENTED_EDGE ( 'NONE', *, *, #9714, .F. ) ;
#7144 = DIRECTION ( 'NONE',  ( 0.000000000000000000, 0.000000000000000000, -1.000000000000000000 ) ) ;
#7145 = CARTESIAN_POINT ( 'NONE',  ( -9.500000000000000000, -26.84166501650005188, 0.000000000000000000 ) ) ;
#7146 = ORIENTED_EDGE ( 'NONE', *, *, #2010, .T. ) ;
#7147 = CARTESIAN_POINT ( 'NONE',  ( -7.249999999999710454, -24.70096189432365108, -2.000000000000000000 ) ) ;
#7148 = DIRECTION ( 'NONE',  ( -1.000000000000000000, 0.000000000000000000, 0.000000000000000000 ) ) ;
#7149 = CARTESIAN_POINT ( 'NONE',  ( -7.021560395670779720, -24.83285156137663563, -0.1267595446035250650 ) ) ;
#7150 = CARTESIAN_POINT ( 'NONE',  ( -9.350000000000001421, 35.00000000000000000, -135.0000000000000000 ) ) ;
#7151 = EDGE_CURVE ( 'NONE', #2647, #10361, #1831, .T. ) ;
#7152 = CARTESIAN_POINT ( 'NONE',  ( -12.00000000000000000, -16.00000000000000000, -8.500000000000000000 ) ) ;
#7153 = DIRECTION ( 'NONE',  ( 0.000000000000000000, 0.000000000000000000, 1.000000000000000000 ) ) ;
#7154 = ORIENTED_EDGE ( 'NONE', *, *, #6785, .T. ) ;
#7155 = LINE ( 'NONE', #3948, #9761 ) ;
#7156 = EDGE_LOOP ( 'NONE', ( #506, #1773 ) ) ;
#7157 = CARTESIAN_POINT ( 'NONE',  ( -4.030983766875089636, -26.35136306023699859, -4.000000000000000000 ) ) ;
#7158 = DIRECTION ( 'NONE',  ( 0.000000000000000000, 0.000000000000000000, -1.000000000000000000 ) ) ;
#7159 = EDGE_CURVE ( 'NONE', #1168, #2517, #2514, .T. ) ;
#7160 = CIRCLE ( 'NONE', #7493, 0.5000000000006370460 ) ;
#7161 = CIRCLE ( 'NONE', #7490, 3.249999999999999556 ) ;
#7162 = ORIENTED_EDGE ( 'NONE', *, *, #8159, .T. ) ;
#7163 = VERTEX_POINT ( 'NONE', #9402 ) ;
#7164 = EDGE_LOOP ( 'NONE', ( #6997, #1248, #4166, #380 ) ) ;
#7165 = CARTESIAN_POINT ( 'NONE',  ( -8.000000000000000000, -26.00000000000000000, 0.000000000000000000 ) ) ;
#7166 = DIRECTION ( 'NONE',  ( -0.000000000000000000, 1.000000000000000000, 0.000000000000000000 ) ) ;
#7167 = ORIENTED_EDGE ( 'NONE', *, *, #4203, .F. ) ;
#7168 = CARTESIAN_POINT ( 'NONE',  ( 1.250000000000611955, 34.60000000000059828, -17.00000000000000000 ) ) ;
#7169 = LINE ( 'NONE', #6202, #6451 ) ;
#7170 = AXIS2_PLACEMENT_3D ( 'NONE', #8222, #894, #7631 ) ;
#7171 = DIRECTION ( 'NONE',  ( -1.000000000000000000, 0.000000000000000000, 0.000000000000000000 ) ) ;
#7172 = ORIENTED_EDGE ( 'NONE', *, *, #7519, .F. ) ;
#7173 = VERTEX_POINT ( 'NONE', #6957 ) ;
#7174 = ORIENTED_EDGE ( 'NONE', *, *, #8068, .F. ) ;
#7175 = CARTESIAN_POINT ( 'NONE',  ( 11.84999999999999964, 27.04174243050399795, -135.0000000000000000 ) ) ;
#7176 = DIRECTION ( 'NONE',  ( 0.000000000000000000, 0.000000000000000000, 1.000000000000000000 ) ) ;
#7177 = EDGE_LOOP ( 'NONE', ( #6467, #6121 ) ) ;
#7178 = DIRECTION ( 'NONE',  ( 0.000000000000000000, 0.000000000000000000, 1.000000000000000000 ) ) ;
#7179 = ORIENTED_EDGE ( 'NONE', *, *, #4760, .T. ) ;
#7180 = ADVANCED_FACE ( 'NONE', ( #2777 ), #1175, .F. ) ;
#7181 = EDGE_CURVE ( 'NONE', #3301, #140, #1982, .T. ) ;
#7182 = FACE_OUTER_BOUND ( 'NONE', #9517, .T. ) ;
#7183 = EDGE_CURVE ( 'NONE', #7611, #674, #356, .T. ) ;
#7184 = PLANE ( 'NONE',  #10145 ) ;
#7185 = CARTESIAN_POINT ( 'NONE',  ( 2.458500000000000352, 16.00000000000000000, -6.041500000000000092 ) ) ;
#7186 = DIRECTION ( 'NONE',  ( 0.000000000000000000, 0.000000000000000000, 1.000000000000000000 ) ) ;
#7187 = ORIENTED_EDGE ( 'NONE', *, *, #4906, .T. ) ;
#7188 = ORIENTED_EDGE ( 'NONE', *, *, #8361, .T. ) ;
#7189 = VERTEX_POINT ( 'NONE', #8607 ) ;
#7190 = EDGE_CURVE ( 'NONE', #4041, #4514, #2098, .T. ) ;
#7191 = AXIS2_PLACEMENT_3D ( 'NONE', #4497, #2037, #4662 ) ;
#7192 = CARTESIAN_POINT ( 'NONE',  ( 7.999999999999699796, -26.00000000000000000, -17.00000000000000000 ) ) ;
#7193 = CARTESIAN_POINT ( 'NONE',  ( -8.143486546960454930, -24.35080175849727624, -151.9620123383800774 ) ) ;
#7194 = VERTEX_POINT ( 'NONE', #7650 ) ;
#7195 = CARTESIAN_POINT ( 'NONE',  ( -11.84999999999999964, 27.04174243050399795, -135.0000000000000000 ) ) ;
#7196 = CONICAL_SURFACE ( 'NONE', #2060, 2.458500000000000352, 0.7853981633974490562 ) ;
#7197 = EDGE_CURVE ( 'NONE', #5546, #4954, #3117, .T. ) ;
#7198 = DIRECTION ( 'NONE',  ( 0.000000000000000000, 0.000000000000000000, -1.000000000000000000 ) ) ;
#7199 = FACE_OUTER_BOUND ( 'NONE', #5322, .T. ) ;
#7200 = SURFACE_SIDE_STYLE ('',( #668 ) ) ;
#7201 = LINE ( 'NONE', #2226, #3775 ) ;
#7202 = VERTEX_POINT ( 'NONE', #309 ) ;
#7203 = ADVANCED_FACE ( 'NONE', ( #261 ), #8397, .T. ) ;
#7204 = ADVANCED_FACE ( 'NONE', ( #9303 ), #2834, .F. ) ;
#7205 = CARTESIAN_POINT ( 'NONE',  ( -2.000000000000000000, 0.000000000000000000, -145.0000000000000000 ) ) ;
#7206 = DIRECTION ( 'NONE',  ( 0.000000000000000000, 0.000000000000000000, 1.000000000000000000 ) ) ;
#7207 = ORIENTED_EDGE ( 'NONE', *, *, #7183, .F. ) ;
#7208 = DIRECTION ( 'NONE',  ( 1.000000000000000000, 0.000000000000000000, 0.000000000000000000 ) ) ;
#7209 = EDGE_CURVE ( 'NONE', #9568, #9322, #7482, .T. ) ;
#7210 = DIRECTION ( 'NONE',  ( -0.8660254037842886055, -0.5000000000002597922, 0.000000000000000000 ) ) ;
#7211 = CIRCLE ( 'NONE', #706, 2.000000000000000000 ) ;
#7212 =( BOUNDED_CURVE ( )  B_SPLINE_CURVE ( 3, ( #7185, #2961, #6219, #603 ),
 .UNSPECIFIED., .F., .F. ) 
 B_SPLINE_CURVE_WITH_KNOTS ( ( 4, 4 ),
 ( 0.000000000000000000, 1.570796326794895004 ),
 .UNSPECIFIED. ) 
 CURVE ( )  GEOMETRIC_REPRESENTATION_ITEM ( )  RATIONAL_B_SPLINE_CURVE ( ( 1.000000000000000000, 0.8047378541243649375, 0.8047378541243649375, 1.000000000000000000 ) ) 
 REPRESENTATION_ITEM ( '' )  );
#7213 = CIRCLE ( 'NONE', #2594, 2.458500000000024777 ) ;
#7214 = ORIENTED_EDGE ( 'NONE', *, *, #431, .F. ) ;
#7215 = AXIS2_PLACEMENT_3D ( 'NONE', #2985, #8709, #5340 ) ;
#7216 = EDGE_LOOP ( 'NONE', ( #8462, #2064 ) ) ;
#7217 = VERTEX_POINT ( 'NONE', #2680 ) ;
#7218 = DIRECTION ( 'NONE',  ( 0.000000000000000000, 0.000000000000000000, -1.000000000000000000 ) ) ;
#7219 = DIRECTION ( 'NONE',  ( -0.000000000000000000, 1.000000000000000000, 0.000000000000000000 ) ) ;
#7220 = AXIS2_PLACEMENT_3D ( 'NONE', #10181, #10352, #8641 ) ;
#7221 = DIRECTION ( 'NONE',  ( -0.8660254037842978203, -0.5000000000002440270, 0.000000000000000000 ) ) ;
#7222 = STYLED_ITEM ( 'NONE', ( #4835 ), #1611 ) ;
#7223 = VERTEX_POINT ( 'NONE', #5993 ) ;
#7224 = VERTEX_POINT ( 'NONE', #5948 ) ;
#7225 = ORIENTED_EDGE ( 'NONE', *, *, #10462, .T. ) ;
#7226 = ORIENTED_EDGE ( 'NONE', *, *, #5754, .F. ) ;
#7227 = CARTESIAN_POINT ( 'NONE',  ( -6.500000000000000000, -25.13397459621599950, -2.000000000000000000 ) ) ;
#7228 = DIRECTION ( 'NONE',  ( 0.000000000000000000, 0.000000000000000000, 1.000000000000000000 ) ) ;
#7229 = VERTEX_POINT ( 'NONE', #8553 ) ;
#7230 = DIRECTION ( 'NONE',  ( 0.000000000000000000, 0.000000000000000000, 1.000000000000000000 ) ) ;
#7231 = ORIENTED_EDGE ( 'NONE', *, *, #9502, .T. ) ;
#7232 = FACE_OUTER_BOUND ( 'NONE', #815, .T. ) ;
#7233 = DIRECTION ( 'NONE',  ( 1.000000000000000000, 0.000000000000000000, 0.000000000000000000 ) ) ;
#7234 = EDGE_CURVE ( 'NONE', #7223, #6223, #1226, .T. ) ;
#7235 = LINE ( 'NONE', #6380, #2135 ) ;
#7236 = VECTOR ( 'NONE', #323, 1000.000000000000000 ) ;
#7237 = ADVANCED_FACE ( 'NONE', ( #5139 ), #10210, .F. ) ;
#7238 = CARTESIAN_POINT ( 'NONE',  ( -7.999999999999699796, -26.00000000000000000, -135.0000000000000000 ) ) ;
#7239 = ORIENTED_EDGE ( 'NONE', *, *, #4959, .F. ) ;
#7240 = ORIENTED_EDGE ( 'NONE', *, *, #6093, .T. ) ;
#7241 = EDGE_LOOP ( 'NONE', ( #5555, #8055, #1566 ) ) ;
#7242 = EDGE_CURVE ( 'NONE', #6675, #4566, #4335, .T. ) ;
#7243 = CARTESIAN_POINT ( 'NONE',  ( 0.4999999999993789968, -25.50000000000000000, -121.0000000000000000 ) ) ;
#7244 = EDGE_CURVE ( 'NONE', #7389, #10502, #1921, .T. ) ;
#7245 = ORIENTED_EDGE ( 'NONE', *, *, #3006, .T. ) ;
#7246 = CARTESIAN_POINT ( 'NONE',  ( 12.00000000000000000, -26.00000000000000000, 0.000000000000000000 ) ) ;
#7247 = VECTOR ( 'NONE', #7130, 1000.000000000000000 ) ;
#7248 = CARTESIAN_POINT ( 'NONE',  ( 9.350000000000001421, 35.00000000000000000, -135.0000000000000000 ) ) ;
#7249 = VECTOR ( 'NONE', #6259, 1000.000000000000000 ) ;
#7250 = CARTESIAN_POINT ( 'NONE',  ( 2.205642239911661306, -17.27120180318257781, -141.2943577600882747 ) ) ;
#7251 = DIRECTION ( 'NONE',  ( -0.8660254037842890495, -0.5000000000002590150, 0.000000000000000000 ) ) ;
#7252 = CARTESIAN_POINT ( 'NONE',  ( -12.00000000000000000, -16.00000000000000000, -13.50000000000000000 ) ) ;
#7253 = EDGE_CURVE ( 'NONE', #2758, #4461, #5937, .T. ) ;
#7254 = AXIS2_PLACEMENT_3D ( 'NONE', #9299, #6999, #6151 ) ;
#7255 = CIRCLE ( 'NONE', #6742, 3.999999999998709477 ) ;
#7256 = FACE_OUTER_BOUND ( 'NONE', #1632, .T. ) ;
#7257 = ORIENTED_EDGE ( 'NONE', *, *, #6719, .T. ) ;
#7258 = EDGE_CURVE ( 'NONE', #5848, #3055, #10479, .T. ) ;
#7259 = DIRECTION ( 'NONE',  ( 0.000000000000000000, 0.000000000000000000, -1.000000000000000000 ) ) ;
#7260 = EDGE_LOOP ( 'NONE', ( #3590, #10021, #5517 ) ) ;
#7261 = AXIS2_PLACEMENT_3D ( 'NONE', #2816, #10033, #10134 ) ;
#7262 = CARTESIAN_POINT ( 'NONE',  ( -1.500000000000000000, 19.80000000000000071, -4.717000000006040139 ) ) ;
#7263 = LINE ( 'NONE', #4107, #9521 ) ;
#7264 = CARTESIAN_POINT ( 'NONE',  ( 7.492767122731077478, 24.56075958478941956, -151.8877686763514134 ) ) ;
#7265 = EDGE_CURVE ( 'NONE', #1833, #4939, #4226, .T. ) ;
#7266 = CIRCLE ( 'NONE', #7775, 6.000000000000000000 ) ;
#7267 = ORIENTED_EDGE ( 'NONE', *, *, #3247, .F. ) ;
#7268 = AXIS2_PLACEMENT_3D ( 'NONE', #3033, #6293, #10294 ) ;
#7269 = ORIENTED_EDGE ( 'NONE', *, *, #4393, .F. ) ;
#7270 = LINE ( 'NONE', #10582, #192 ) ;
#7271 = DIRECTION ( 'NONE',  ( -0.08784076505916560418, -0.9961345290641321348, 0.000000000000000000 ) ) ;
#7272 = DIRECTION ( 'NONE',  ( 0.000000000000000000, 0.000000000000000000, -1.000000000000000000 ) ) ;
#7273 = DIRECTION ( 'NONE',  ( 0.000000000000000000, 0.000000000000000000, 1.000000000000000000 ) ) ;
#7274 = FACE_BOUND ( 'NONE', #5912, .T. ) ;
#7275 = CARTESIAN_POINT ( 'NONE',  ( -1.500000000000000000, 19.80000000000000071, -143.5000000000000000 ) ) ;
#7276 = VERTEX_POINT ( 'NONE', #521 ) ;
#7277 = ORIENTED_EDGE ( 'NONE', *, *, #810, .T. ) ;
#7278 = ORIENTED_EDGE ( 'NONE', *, *, #4030, .F. ) ;
#7279 = DIRECTION ( 'NONE',  ( 1.000000000000000000, 0.000000000000000000, 0.000000000000000000 ) ) ;
#7280 = DIRECTION ( 'NONE',  ( 1.000000000000000000, 0.000000000000000000, 0.000000000000000000 ) ) ;
#7281 = ORIENTED_EDGE ( 'NONE', *, *, #8264, .F. ) ;
#7282 = DIRECTION ( 'NONE',  ( 0.000000000000000000, 0.000000000000000000, 1.000000000000000000 ) ) ;
#7283 = VECTOR ( 'NONE', #9681, 1000.000000000000114 ) ;
#7284 = DIRECTION ( 'NONE',  ( 0.000000000000000000, 0.000000000000000000, 1.000000000000000000 ) ) ;
#7285 = VECTOR ( 'NONE', #4367, 999.9999999999998863 ) ;
#7286 = CARTESIAN_POINT ( 'NONE',  ( 1.250000000000611955, 35.00000000000000000, -135.0000000000000000 ) ) ;
#7287 = EDGE_CURVE ( 'NONE', #1668, #3354, #2940, .T. ) ;
#7288 = CARTESIAN_POINT ( 'NONE',  ( 8.233230169944835808, 24.40257830935921746, -151.9388264150932173 ) ) ;
#7289 = ORIENTED_EDGE ( 'NONE', *, *, #10112, .T. ) ;
#7290 = VERTEX_POINT ( 'NONE', #1539 ) ;
#7291 = ORIENTED_EDGE ( 'NONE', *, *, #10238, .T. ) ;
#7292 = DIRECTION ( 'NONE',  ( 0.9961345290641322459, -0.08784076505916552091, 0.000000000000000000 ) ) ;
#7293 = AXIS2_PLACEMENT_3D ( 'NONE', #5691, #8950, #7343 ) ;
#7294 = CARTESIAN_POINT ( 'NONE',  ( 8.750000000000291323, 27.29903810567634892, -150.0000000000000000 ) ) ;
#7295 = DIRECTION ( 'NONE',  ( 0.000000000000000000, 0.000000000000000000, -1.000000000000000000 ) ) ;
#7296 = ORIENTED_EDGE ( 'NONE', *, *, #785, .T. ) ;
#7297 = LINE ( 'NONE', #1567, #118 ) ;
#7298 = CARTESIAN_POINT ( 'NONE',  ( 0.000000000000000000, 16.00000000000000000, -0.7915000000000259606 ) ) ;
#7299 = CARTESIAN_POINT ( 'NONE',  ( -4.500000000000000000, -26.00000000000000000, -3.899999999999999911 ) ) ;
#7300 = CARTESIAN_POINT ( 'NONE',  ( 1.250000000000614175, 35.00000000000000000, -135.0000000000000000 ) ) ;
#7301 = AXIS2_PLACEMENT_3D ( 'NONE', #9660, #7798, #4594 ) ;
#7302 = DIRECTION ( 'NONE',  ( 1.000000000000000000, 0.000000000000000000, 0.000000000000000000 ) ) ;
#7303 = CARTESIAN_POINT ( 'NONE',  ( -2.458500000000000352, 16.00000000000000000, -141.0414999999999850 ) ) ;
#7304 = EDGE_LOOP ( 'NONE', ( #3730, #6739, #1975, #1498, #2371 ) ) ;
#7305 = CARTESIAN_POINT ( 'NONE',  ( -0.4999999999993789968, 17.49999999999940314, -111.0000000000000000 ) ) ;
#7306 = CIRCLE ( 'NONE', #4403, 3.100000000000000533 ) ;
#7307 = ORIENTED_EDGE ( 'NONE', *, *, #1675, .F. ) ;
#7308 = DIRECTION ( 'NONE',  ( -1.000000000000000000, 0.000000000000000000, 0.000000000000000000 ) ) ;
#7309 = DIRECTION ( 'NONE',  ( 0.000000000000000000, 0.000000000000000000, 1.000000000000000000 ) ) ;
#7310 = EDGE_CURVE ( 'NONE', #6374, #8548, #6625, .T. ) ;
#7311 = CARTESIAN_POINT ( 'NONE',  ( -1.500000000000000000, 28.47151703059009975, -143.5000000000000000 ) ) ;
#7312 = ORIENTED_EDGE ( 'NONE', *, *, #2104, .F. ) ;
#7313 = DIRECTION ( 'NONE',  ( 0.000000000000000000, 0.000000000000000000, -1.000000000000000000 ) ) ;
#7314 = ORIENTED_EDGE ( 'NONE', *, *, #8681, .T. ) ;
#7315 = DIRECTION ( 'NONE',  ( 0.000000000000000000, 0.000000000000000000, 1.000000000000000000 ) ) ;
#7316 = CARTESIAN_POINT ( 'NONE',  ( 8.000000000001291411, 26.00000000000094857, -148.0000000000000000 ) ) ;
#7317 = DIRECTION ( 'NONE',  ( -1.000000000000000000, 0.000000000000000000, 0.000000000000000000 ) ) ;
#7318 = CYLINDRICAL_SURFACE ( 'NONE', #3452, 0.3999999999993869571 ) ;
#7319 = EDGE_CURVE ( 'NONE', #9679, #1514, #10262, .T. ) ;
#7320 = CARTESIAN_POINT ( 'NONE',  ( -7.856513453011610082, -27.64919824148297067, -151.9620123383701298 ) ) ;
#7321 = AXIS2_PLACEMENT_3D ( 'NONE', #2464, #7178, #8242 ) ;
#7322 = LINE ( 'NONE', #10481, #7609 ) ;
#7323 = ORIENTED_EDGE ( 'NONE', *, *, #9096, .F. ) ;
#7324 = ORIENTED_EDGE ( 'NONE', *, *, #7558, .F. ) ;
#7325 = ORIENTED_EDGE ( 'NONE', *, *, #877, .T. ) ;
#7326 = DIRECTION ( 'NONE',  ( 0.000000000000000000, 0.000000000000000000, -1.000000000000000000 ) ) ;
#7327 = LINE ( 'NONE', #804, #3314 ) ;
#7328 = EDGE_LOOP ( 'NONE', ( #2883, #9412, #5820, #2263 ) ) ;
#7329 = DIRECTION ( 'NONE',  ( -1.000000000000000000, 3.751159154633074911E-16, 0.000000000000000000 ) ) ;
#7330 = EDGE_CURVE ( 'NONE', #8838, #10061, #9672, .T. ) ;
#7331 = EDGE_CURVE ( 'NONE', #8892, #4560, #7169, .T. ) ;
#7332 = LINE ( 'NONE', #3270, #4852 ) ;
#7333 = DIRECTION ( 'NONE',  ( 0.000000000000000000, 1.000000000000000000, 0.000000000000000000 ) ) ;
#7334 = LINE ( 'NONE', #4088, #7600 ) ;
#7335 = ORIENTED_EDGE ( 'NONE', *, *, #7022, .F. ) ;
#7336 = VERTEX_POINT ( 'NONE', #4808 ) ;
#7337 = ORIENTED_EDGE ( 'NONE', *, *, #583, .T. ) ;
#7338 = CARTESIAN_POINT ( 'NONE',  ( -9.478903285766058673, -26.87820559742599968, 0.000000000000000000 ) ) ;
#7339 = VECTOR ( 'NONE', #10477, 1000.000000000000000 ) ;
#7340 = LINE ( 'NONE', #6910, #2769 ) ;
#7341 = DIRECTION ( 'NONE',  ( -1.000000000000000000, 0.000000000000000000, 0.000000000000000000 ) ) ;
#7342 = ORIENTED_EDGE ( 'NONE', *, *, #2562, .F. ) ;
#7343 = DIRECTION ( 'NONE',  ( -1.000000000000000000, 0.000000000000000000, 0.000000000000000000 ) ) ;
#7344 = LINE ( 'NONE', #8258, #3704 ) ;
#7345 = APPLICATION_CONTEXT ( 'automotive_design' ) ;
#7346 = CARTESIAN_POINT ( 'NONE',  ( -1.500000000000000000, 28.47151703059009975, -143.5000000000000000 ) ) ;
#7347 = DIRECTION ( 'NONE',  ( 0.4999999999986918797, 6.123233995720738601E-17, -0.8660254037851938813 ) ) ;
#7348 = ADVANCED_FACE ( 'NONE', ( #8770 ), #7810, .T. ) ;
#7349 = DIRECTION ( 'NONE',  ( 0.000000000000000000, 0.000000000000000000, -1.000000000000000000 ) ) ;
#7350 = CYLINDRICAL_SURFACE ( 'NONE', #8693, 0.3999999999993869571 ) ;
#7351 = ORIENTED_EDGE ( 'NONE', *, *, #4073, .F. ) ;
#7352 = DIRECTION ( 'NONE',  ( 1.000000000000000000, 0.000000000000000000, 0.000000000000000000 ) ) ;
#7353 = VERTEX_POINT ( 'NONE', #9455 ) ;
#7354 = FACE_BOUND ( 'NONE', #5990, .T. ) ;
#7355 = FACE_OUTER_BOUND ( 'NONE', #9866, .T. ) ;
#7356 = FACE_OUTER_BOUND ( 'NONE', #8257, .T. ) ;
#7357 = CIRCLE ( 'NONE', #5654, 5.049999999999998934 ) ;
#7358 = EDGE_CURVE ( 'NONE', #4677, #10203, #3102, .T. ) ;
#7359 = EDGE_CURVE ( 'NONE', #6697, #10008, #3800, .T. ) ;
#7360 = CIRCLE ( 'NONE', #2922, 1.719999999999999307 ) ;
#7361 = ORIENTED_EDGE ( 'NONE', *, *, #7629, .F. ) ;
#7362 = CARTESIAN_POINT ( 'NONE',  ( -2.458500000000000352, -16.00000000000000000, -141.0414999999999850 ) ) ;
#7363 = ORIENTED_EDGE ( 'NONE', *, *, #768, .F. ) ;
#7364 = ADVANCED_FACE ( 'NONE', ( #3960 ), #5461, .F. ) ;
#7365 = CARTESIAN_POINT ( 'NONE',  ( 3.750000000000000000, -7.250000000000000000, -150.6715170305899960 ) ) ;
#7366 = LINE ( 'NONE', #3253, #411 ) ;
#7367 = EDGE_CURVE ( 'NONE', #9686, #6556, #5408, .T. ) ;
#7368 = LINE ( 'NONE', #2350, #3244 ) ;
#7369 = CARTESIAN_POINT ( 'NONE',  ( 0.000000000000000000, 13.54149999999999920, -8.500000000000000000 ) ) ;
#7370 = CARTESIAN_POINT ( 'NONE',  ( -8.000000000000000000, -26.00000000000000000, -150.0000000000000000 ) ) ;
#7371 = EDGE_CURVE ( 'NONE', #595, #8926, #5931, .T. ) ;
#7372 = CONICAL_SURFACE ( 'NONE', #8743, 4.283000000000009244, 0.5235987755967803636 ) ;
#7373 = DIRECTION ( 'NONE',  ( 0.000000000000000000, 1.000000000000000000, 0.000000000000000000 ) ) ;
#7374 = CIRCLE ( 'NONE', #2761, 2.458500000000000352 ) ;
#7375 = VERTEX_POINT ( 'NONE', #4605 ) ;
#7376 = ORIENTED_EDGE ( 'NONE', *, *, #9590, .F. ) ;
#7377 = ORIENTED_EDGE ( 'NONE', *, *, #3866, .F. ) ;
#7378 = CARTESIAN_POINT ( 'NONE',  ( -9.478903285766058673, -25.12179440257400032, 0.000000000000000000 ) ) ;
#7379 = LINE ( 'NONE', #1709, #2295 ) ;
#7380 = EDGE_LOOP ( 'NONE', ( #4487, #4909, #5293, #6316, #642, #9376 ) ) ;
#7381 = CARTESIAN_POINT ( 'NONE',  ( 6.500000000000000000, 26.00000000000000000, -151.8729829407770069 ) ) ;
#7382 = EDGE_CURVE ( 'NONE', #1947, #4665, #3159, .T. ) ;
#7383 = AXIS2_PLACEMENT_3D ( 'NONE', #9120, #7514, #9923 ) ;
#7384 = CARTESIAN_POINT ( 'NONE',  ( 0.000000000000000000, 0.000000000000000000, -150.0000000000000000 ) ) ;
#7385 = DIRECTION ( 'NONE',  ( -1.000000000000000000, 0.000000000000000000, 0.000000000000000000 ) ) ;
#7386 = ADVANCED_FACE ( 'NONE', ( #4715 ), #4656, .T. ) ;
#7387 = CONICAL_SURFACE ( 'NONE', #1413, 3.000000000000000000, 0.7853981633974532750 ) ;
#7388 = DIRECTION ( 'NONE',  ( 1.000000000000000000, 0.000000000000000000, 0.000000000000000000 ) ) ;
#7389 = VERTEX_POINT ( 'NONE', #2353 ) ;
#7390 = EDGE_LOOP ( 'NONE', ( #467, #9639, #8601, #8836 ) ) ;
#7391 = ORIENTED_EDGE ( 'NONE', *, *, #7989, .T. ) ;
#7392 = DIRECTION ( 'NONE',  ( 0.000000000000000000, 0.000000000000000000, 1.000000000000000000 ) ) ;
#7393 = LINE ( 'NONE', #1670, #1069 ) ;
#7394 = DIRECTION ( 'NONE',  ( -1.000000000000000000, 0.000000000000000000, 0.000000000000000000 ) ) ;
#7395 = ORIENTED_EDGE ( 'NONE', *, *, #8498, .F. ) ;
#7396 = LINE ( 'NONE', #8044, #277 ) ;
#7397 = B_SPLINE_CURVE_WITH_KNOTS ( 'NONE', 3,
 ( #1517, #2422, #4143, #8946, #8254, #4093 ),
 .UNSPECIFIED., .F., .F.,
 ( 4, 2, 4 ),
 ( 0.000000000000000000, 0.5000000000000000000, 1.000000000000000000 ),
 .UNSPECIFIED. ) ;
#7398 = FACE_OUTER_BOUND ( 'NONE', #5033, .T. ) ;
#7399 = DIRECTION ( 'NONE',  ( 0.000000000000000000, 0.000000000000000000, -1.000000000000000000 ) ) ;
#7400 = CYLINDRICAL_SURFACE ( 'NONE', #9612, 8.000000000000619949 ) ;
#7401 = CIRCLE ( 'NONE', #3299, 0.2000000000005539014 ) ;
#7402 = FACE_OUTER_BOUND ( 'NONE', #9425, .T. ) ;
#7403 = ORIENTED_EDGE ( 'NONE', *, *, #8772, .F. ) ;
#7404 = DIRECTION ( 'NONE',  ( -1.000000000000000000, 0.000000000000000000, 0.000000000000000000 ) ) ;
#7405 = ORIENTED_EDGE ( 'NONE', *, *, #7662, .T. ) ;
#7406 = CARTESIAN_POINT ( 'NONE',  ( 8.000000000000000000, 24.26794919243099713, -2.000000000000000000 ) ) ;
#7407 = SHAPE_DEFINITION_REPRESENTATION ( #2305, #5586 ) ;
#7408 = VERTEX_POINT ( 'NONE', #5564 ) ;
#7409 = VECTOR ( 'NONE', #4001, 1000.000000000000000 ) ;
#7410 = LINE ( 'NONE', #3951, #8756 ) ;
#7411 = CARTESIAN_POINT ( 'NONE',  ( 2.205642239911665747, -17.27120180318257781, -6.294357760088340470 ) ) ;
#7412 = CARTESIAN_POINT ( 'NONE',  ( 2.458500000000000352, 16.00000000000000000, -31.00000000000000000 ) ) ;
#7413 = AXIS2_PLACEMENT_3D ( 'NONE', #6880, #9086, #1756 ) ;
#7414 = VECTOR ( 'NONE', #2099, 1000.000000000000000 ) ;
#7415 = AXIS2_PLACEMENT_3D ( 'NONE', #4263, #4468, #6722 ) ;
#7416 = VERTEX_POINT ( 'NONE', #8825 ) ;
#7417 = CARTESIAN_POINT ( 'NONE',  ( -11.60629780968142022, 27.73049591386089929, -135.0000000000000000 ) ) ;
#7418 = VERTEX_POINT ( 'NONE', #1493 ) ;
#7419 = VECTOR ( 'NONE', #2796, 1000.000000000000000 ) ;
#7420 = CARTESIAN_POINT ( 'NONE',  ( 0.4999999999993789968, -17.49999999999940314, -121.0000000000000000 ) ) ;
#7421 = LINE ( 'NONE', #2661, #2304 ) ;
#7422 = DIRECTION ( 'NONE',  ( 0.000000000000000000, -1.000000000000000000, 0.000000000000000000 ) ) ;
#7423 = AXIS2_PLACEMENT_3D ( 'NONE', #4409, #4355, #5214 ) ;
#7424 = DIRECTION ( 'NONE',  ( 0.000000000000000000, 1.000000000000000000, 0.000000000000000000 ) ) ;
#7425 =( BOUNDED_CURVE ( )  B_SPLINE_CURVE ( 3, ( #9148, #9043, #7592, #7487 ),
 .UNSPECIFIED., .F., .F. ) 
 B_SPLINE_CURVE_WITH_KNOTS ( ( 4, 4 ),
 ( 0.000000000000000000, 0.7853981633974469467 ),
 .UNSPECIFIED. ) 
 CURVE ( )  GEOMETRIC_REPRESENTATION_ITEM ( )  RATIONAL_B_SPLINE_CURVE ( ( 1.000000000000000000, 0.9492530216741910110, 0.9492530216741910110, 1.000000000000000000 ) ) 
 REPRESENTATION_ITEM ( '' )  );
#7426 = VECTOR ( 'NONE', #7271, 1000.000000000000114 ) ;
#7427 = CARTESIAN_POINT ( 'NONE',  ( 8.350000000000278533, -29.50000000000000000, -17.00000000000000000 ) ) ;
#7428 = EDGE_CURVE ( 'NONE', #7536, #1199, #798, .T. ) ;
#7429 = VECTOR ( 'NONE', #1018, 1000.000000000000000 ) ;
#7430 = CARTESIAN_POINT ( 'NONE',  ( 8.000000000000000000, 26.00000000000000000, -152.0000000000000000 ) ) ;
#7431 = AXIS2_PLACEMENT_3D ( 'NONE', #7987, #1459, #438 ) ;
#7432 = CIRCLE ( 'NONE', #2481, 6.000000000000000000 ) ;
#7433 = EDGE_CURVE ( 'NONE', #8404, #2935, #10537, .T. ) ;
#7434 = VERTEX_POINT ( 'NONE', #8923 ) ;
#7435 = ORIENTED_EDGE ( 'NONE', *, *, #10235, .T. ) ;
#7436 = ORIENTED_EDGE ( 'NONE', *, *, #3073, .T. ) ;
#7437 = LINE ( 'NONE', #9147, #10172 ) ;
#7438 = DIRECTION ( 'NONE',  ( 0.000000000000000000, -1.000000000000000000, 0.000000000000000000 ) ) ;
#7439 = EDGE_LOOP ( 'NONE', ( #9801, #491, #9585, #2264 ) ) ;
#7440 = CARTESIAN_POINT ( 'NONE',  ( 6.521096714233939551, 26.87820559742599968, -152.0000000000000000 ) ) ;
#7441 = DIRECTION ( 'NONE',  ( -0.4999999999986918797, 0.000000000000000000, -0.8660254037851938813 ) ) ;
#7442 = EDGE_CURVE ( 'NONE', #9601, #8012, #846, .T. ) ;
#7443 = LINE ( 'NONE', #8301, #5553 ) ;
#7444 = B_SPLINE_CURVE_WITH_KNOTS ( 'NONE', 3,
 ( #7027, #7782, #3718, #2109, #9375, #7145 ),
 .UNSPECIFIED., .F., .F.,
 ( 4, 2, 4 ),
 ( 0.000000000000000000, 0.5000000000000000000, 1.000000000000000000 ),
 .UNSPECIFIED. ) ;
#7445 = EDGE_CURVE ( 'NONE', #6223, #7067, #7983, .T. ) ;
#7446 = LINE ( 'NONE', #1986, #598 ) ;
#7447 = EDGE_LOOP ( 'NONE', ( #6820, #291, #5325, #8162 ) ) ;
#7448 = EDGE_LOOP ( 'NONE', ( #533, #5261, #9192, #4289 ) ) ;
#7449 = EDGE_LOOP ( 'NONE', ( #662, #5, #3673, #2491 ) ) ;
#7450 = FACE_OUTER_BOUND ( 'NONE', #2250, .T. ) ;
#7451 = FACE_OUTER_BOUND ( 'NONE', #3542, .T. ) ;
#7452 = VECTOR ( 'NONE', #8987, 1000.000000000000114 ) ;
#7453 = DIRECTION ( 'NONE',  ( -1.000000000000000000, 0.000000000000000000, 0.000000000000000000 ) ) ;
#7454 = ORIENTED_EDGE ( 'NONE', *, *, #9579, .T. ) ;
#7455 = ADVANCED_FACE ( 'NONE', ( #4225, #2610, #738, #4014, #7274, #4868 ), #4171, .F. ) ;
#7456 = DIRECTION ( 'NONE',  ( -0.5000000000002420286, -0.8660254037842989305, 0.000000000000000000 ) ) ;
#7457 = VECTOR ( 'NONE', #3659, 1000.000000000000000 ) ;
#7458 = CARTESIAN_POINT ( 'NONE',  ( -4.352726514326104912, -30.00000000000000000, -148.0000000000000000 ) ) ;
#7459 = DIRECTION ( 'NONE',  ( 0.5000000000002420286, 0.8660254037842989305, 0.000000000000000000 ) ) ;
#7460 = CIRCLE ( 'NONE', #6948, 5.200000000000559730 ) ;
#7461 = AXIS2_PLACEMENT_3D ( 'NONE', #4416, #5863, #388 ) ;
#7462 = ORIENTED_EDGE ( 'NONE', *, *, #6113, .F. ) ;
#7463 = CARTESIAN_POINT ( 'NONE',  ( -4.599999999999999645, -26.00000000000000000, -148.0000000000000000 ) ) ;
#7464 = EDGE_LOOP ( 'NONE', ( #7174, #9835, #9944, #4944 ) ) ;
#7465 = CARTESIAN_POINT ( 'NONE',  ( 8.032999999999999474, -7.250000000000000000, -152.0000000000000000 ) ) ;
#7466 = VERTEX_POINT ( 'NONE', #7427 ) ;
#7467 = LINE ( 'NONE', #3505, #3121 ) ;
#7468 = EDGE_CURVE ( 'NONE', #8263, #1239, #8671, .T. ) ;
#7469 = LINE ( 'NONE', #8910, #2186 ) ;
#7470 = VECTOR ( 'NONE', #1870, 1000.000000000000000 ) ;
#7471 = CARTESIAN_POINT ( 'NONE',  ( 7.854658731440252950, 24.35186201295837449, -151.9594681027655838 ) ) ;
#7472 = EDGE_CURVE ( 'NONE', #58, #7067, #6579, .T. ) ;
#7473 = VECTOR ( 'NONE', #10489, 1000.000000000000000 ) ;
#7474 = AXIS2_PLACEMENT_3D ( 'NONE', #1739, #2342, #5604 ) ;
#7475 = CARTESIAN_POINT ( 'NONE',  ( -5.590398646904000124, -1.545135259028854957, 8.000000000000000000 ) ) ;
#7476 = ORIENTED_EDGE ( 'NONE', *, *, #8155, .T. ) ;
#7477 = CARTESIAN_POINT ( 'NONE',  ( -11.84999999999999964, -29.50000000000000000, -135.0000000000000000 ) ) ;
#7478 = CARTESIAN_POINT ( 'NONE',  ( -6.762925089570766879, -24.98212852478602031, -151.9316872607656421 ) ) ;
#7479 = CARTESIAN_POINT ( 'NONE',  ( -8.015521883131919267, -26.00000000000000000, 0.000000000000000000 ) ) ;
#7480 = DIRECTION ( 'NONE',  ( 0.000000000000000000, 0.000000000000000000, 1.000000000000000000 ) ) ;
#7481 = CARTESIAN_POINT ( 'NONE',  ( 0.000000000000000000, 0.000000000000000000, -2.000000000000000000 ) ) ;
#7482 =( BOUNDED_CURVE ( )  B_SPLINE_CURVE ( 3, ( #5300, #9859, #1281, #4550 ),
 .UNSPECIFIED., .F., .F. ) 
 B_SPLINE_CURVE_WITH_KNOTS ( ( 4, 4 ),
 ( 0.000000000000000000, 0.7853981633974498333 ),
 .UNSPECIFIED. ) 
 CURVE ( )  GEOMETRIC_REPRESENTATION_ITEM ( )  RATIONAL_B_SPLINE_CURVE ( ( 1.000000000000000000, 0.9492530216741910110, 0.9492530216741910110, 1.000000000000000000 ) ) 
 REPRESENTATION_ITEM ( '' )  );
#7483 = EDGE_LOOP ( 'NONE', ( #3994, #6331, #10386, #4163, #2591, #10284, #2384 ) ) ;
#7484 = ORIENTED_EDGE ( 'NONE', *, *, #8702, .F. ) ;
#7485 = ORIENTED_EDGE ( 'NONE', *, *, #9387, .T. ) ;
#7486 = LINE ( 'NONE', #150, #6088 ) ;
#7487 = CARTESIAN_POINT ( 'NONE',  ( 1.738422021547135099, -17.73842202154714798, -141.7615779784529764 ) ) ;
#7488 = EDGE_LOOP ( 'NONE', ( #3756, #10110, #9591, #8073, #1815 ) ) ;
#7489 = DIRECTION ( 'NONE',  ( 0.000000000000000000, 0.000000000000000000, -1.000000000000000000 ) ) ;
#7490 = AXIS2_PLACEMENT_3D ( 'NONE', #4881, #3112, #6376 ) ;
#7491 = DIRECTION ( 'NONE',  ( 1.000000000000000000, 0.000000000000000000, 0.000000000000000000 ) ) ;
#7492 = DIRECTION ( 'NONE',  ( 1.000000000000000000, 0.000000000000000000, 0.000000000000000000 ) ) ;
#7493 = AXIS2_PLACEMENT_3D ( 'NONE', #5379, #4627, #3766 ) ;
#7494 = EDGE_CURVE ( 'NONE', #4349, #1303, #8156, .T. ) ;
#7495 = PLANE ( 'NONE',  #2990 ) ;
#7496 = ORIENTED_EDGE ( 'NONE', *, *, #289, .T. ) ;
#7497 = ORIENTED_EDGE ( 'NONE', *, *, #8429, .T. ) ;
#7498 = ORIENTED_EDGE ( 'NONE', *, *, #2620, .F. ) ;
#7499 = PLANE ( 'NONE',  #8220 ) ;
#7500 = CARTESIAN_POINT ( 'NONE',  ( 3.971223470242095654, -4.497708766627555477, 7.799999999999999822 ) ) ;
#7501 = EDGE_CURVE ( 'NONE', #3685, #2701, #8229, .T. ) ;
#7502 = ORIENTED_EDGE ( 'NONE', *, *, #6785, .F. ) ;
#7503 = EDGE_CURVE ( 'NONE', #7761, #8491, #6580, .T. ) ;
#7504 = DIRECTION ( 'NONE',  ( 0.000000000000000000, 1.000000000000000000, 0.000000000000000000 ) ) ;
#7505 = CARTESIAN_POINT ( 'NONE',  ( 8.000000000000000000, 26.00000000000000000, -148.1000000000000227 ) ) ;
#7506 = DIRECTION ( 'NONE',  ( -1.000000000000000000, 0.000000000000000000, 0.000000000000000000 ) ) ;
#7507 = CARTESIAN_POINT ( 'NONE',  ( 12.00000000000000000, 16.00000000000000000, -8.500000000000000000 ) ) ;
#7508 = CIRCLE ( 'NONE', #6493, 1.499999999999999556 ) ;
#7509 = ORIENTED_EDGE ( 'NONE', *, *, #2024, .F. ) ;
#7510 = DIRECTION ( 'NONE',  ( 0.000000000000000000, 0.000000000000000000, 1.000000000000000000 ) ) ;
#7511 = ORIENTED_EDGE ( 'NONE', *, *, #10578, .T. ) ;
#7512 = CARTESIAN_POINT ( 'NONE',  ( -9.350000000000001421, 35.00000000000000000, -135.0000000000000000 ) ) ;
#7513 = ORIENTED_EDGE ( 'NONE', *, *, #6475, .F. ) ;
#7514 = DIRECTION ( 'NONE',  ( 0.000000000000000000, 0.000000000000000000, -1.000000000000000000 ) ) ;
#7515 = EDGE_CURVE ( 'NONE', #1789, #544, #1151, .T. ) ;
#7516 = DIRECTION ( 'NONE',  ( 1.000000000000000000, 0.000000000000000000, 0.000000000000000000 ) ) ;
#7517 = DIRECTION ( 'NONE',  ( 0.000000000000000000, 0.000000000000000000, 1.000000000000000000 ) ) ;
#7518 = DIRECTION ( 'NONE',  ( 1.000000000000000000, 0.000000000000000000, 0.000000000000000000 ) ) ;
#7519 = EDGE_CURVE ( 'NONE', #3950, #9953, #9775, .T. ) ;
#7520 = ADVANCED_FACE ( 'NONE', ( #2512 ), #953, .T. ) ;
#7521 = CARTESIAN_POINT ( 'NONE',  ( 0.000000000000000000, 0.000000000000000000, 9.394203811574740826 ) ) ;
#7522 = ORIENTED_EDGE ( 'NONE', *, *, #1163, .T. ) ;
#7523 = EDGE_CURVE ( 'NONE', #5294, #5393, #2665, .T. ) ;
#7524 = DIRECTION ( 'NONE',  ( 0.000000000000000000, 1.000000000000000000, 0.000000000000000000 ) ) ;
#7525 = CARTESIAN_POINT ( 'NONE',  ( -1.649999999999999911, 33.20000000000000284, -135.0000000000000000 ) ) ;
#7526 = CARTESIAN_POINT ( 'NONE',  ( 2.458500000000000352, -16.00000000000000000, -6.041500000000000092 ) ) ;
#7527 = CARTESIAN_POINT ( 'NONE',  ( 8.524989567790569822, 27.42894793928316943, -0.1272730651319783080 ) ) ;
#7528 = DIRECTION ( 'NONE',  ( 0.000000000000000000, -1.000000000000000000, 0.000000000000000000 ) ) ;
#7529 = VECTOR ( 'NONE', #1776, 1000.000000000000000 ) ;
#7530 = AXIS2_PLACEMENT_3D ( 'NONE', #9188, #6786, #10037 ) ;
#7531 = EDGE_LOOP ( 'NONE', ( #3291, #7618, #2503, #7395 ) ) ;
#7532 = EDGE_LOOP ( 'NONE', ( #7852, #8679, #9159, #1329, #2999 ) ) ;
#7533 = ORIENTED_EDGE ( 'NONE', *, *, #6913, .T. ) ;
#7534 = CARTESIAN_POINT ( 'NONE',  ( 11.50000000000000000, 26.00000000000000000, -148.1000000000000227 ) ) ;
#7535 = CARTESIAN_POINT ( 'NONE',  ( -6.500000000000000000, -26.86602540378400050, -150.0000000000000000 ) ) ;
#7536 = VERTEX_POINT ( 'NONE', #2069 ) ;
#7537 = DIRECTION ( 'NONE',  ( 0.000000000000000000, 0.000000000000000000, -1.000000000000000000 ) ) ;
#7538 = CARTESIAN_POINT ( 'NONE',  ( 7.978903285765479581, 27.71987061392670171, -152.0000000000000000 ) ) ;
#7539 = AXIS2_PLACEMENT_3D ( 'NONE', #6833, #7577, #1857 ) ;
#7540 = PLANE ( 'NONE',  #6047 ) ;
#7541 = CIRCLE ( 'NONE', #3468, 0.3999999999993869571 ) ;
#7542 = PLANE ( 'NONE',  #9649 ) ;
#7543 =( BOUNDED_CURVE ( )  B_SPLINE_CURVE ( 3, ( #1673, #1625, #4042, #3186 ),
 .UNSPECIFIED., .F., .F. ) 
 B_SPLINE_CURVE_WITH_KNOTS ( ( 4, 4 ),
 ( 0.000000000000000000, 1.570796326794895004 ),
 .UNSPECIFIED. ) 
 CURVE ( )  GEOMETRIC_REPRESENTATION_ITEM ( )  RATIONAL_B_SPLINE_CURVE ( ( 1.000000000000000000, 0.8047378541243649375, 0.8047378541243649375, 1.000000000000000000 ) ) 
 REPRESENTATION_ITEM ( '' )  );
#7544 = AXIS2_PLACEMENT_3D ( 'NONE', #5759, #8211, #5008 ) ;
#7545 = DIRECTION ( 'NONE',  ( 0.000000000000000000, 0.000000000000000000, 1.000000000000000000 ) ) ;
#7546 = ORIENTED_EDGE ( 'NONE', *, *, #6255, .F. ) ;
#7547 = ORIENTED_EDGE ( 'NONE', *, *, #1703, .F. ) ;
#7548 = ORIENTED_EDGE ( 'NONE', *, *, #889, .F. ) ;
#7549 = CYLINDRICAL_SURFACE ( 'NONE', #8386, 2.458500000000024777 ) ;
#7550 = VECTOR ( 'NONE', #5547, 1000.000000000000000 ) ;
#7551 = DIRECTION ( 'NONE',  ( 0.000000000000000000, 0.000000000000000000, -1.000000000000000000 ) ) ;
#7552 = ORIENTED_EDGE ( 'NONE', *, *, #8772, .T. ) ;
#7553 = CARTESIAN_POINT ( 'NONE',  ( -1.250000000000614175, 35.00000000000000000, -17.00000000000000000 ) ) ;
#7554 = CARTESIAN_POINT ( 'NONE',  ( 0.5329999999999890381, 7.250000000000000000, -150.6715170305899960 ) ) ;
#7555 = DIRECTION ( 'NONE',  ( -1.000000000000000000, 1.224646799147351482E-16, 0.000000000000000000 ) ) ;
#7556 = AXIS2_PLACEMENT_3D ( 'NONE', #6127, #7726, #550 ) ;
#7557 = CARTESIAN_POINT ( 'NONE',  ( 8.000000000000000000, 26.00000000000000000, -150.0000000000000000 ) ) ;
#7558 = EDGE_CURVE ( 'NONE', #6491, #8078, #7687, .T. ) ;
#7559 = AXIS2_PLACEMENT_3D ( 'NONE', #4246, #5055, #10010 ) ;
#7560 = VERTEX_POINT ( 'NONE', #6144 ) ;
#7561 = VERTEX_POINT ( 'NONE', #8542 ) ;
#7562 = EDGE_CURVE ( 'NONE', #7082, #4065, #7306, .T. ) ;
#7563 = CARTESIAN_POINT ( 'NONE',  ( -2.458500000000000352, 16.00000000000000000, -6.041500000000000092 ) ) ;
#7564 = VERTEX_POINT ( 'NONE', #6888 ) ;
#7565 = LINE ( 'NONE', #8476, #1638 ) ;
#7566 = VERTEX_POINT ( 'NONE', #7582 ) ;
#7567 = DIRECTION ( 'NONE',  ( 0.000000000000000000, 0.000000000000000000, 1.000000000000000000 ) ) ;
#7568 = DIRECTION ( 'NONE',  ( 0.000000000000000000, 0.000000000000000000, -1.000000000000000000 ) ) ;
#7569 = VECTOR ( 'NONE', #8153, 1000.000000000000000 ) ;
#7570 = DIRECTION ( 'NONE',  ( 1.000000000000000000, 0.000000000000000000, 0.000000000000000000 ) ) ;
#7571 = CARTESIAN_POINT ( 'NONE',  ( 9.478903285766069331, 26.87820559742599968, -152.0000000000000000 ) ) ;
#7572 = ADVANCED_FACE ( 'NONE', ( #1164 ), #1055, .F. ) ;
#7573 = EDGE_CURVE ( 'NONE', #3488, #7224, #2522, .T. ) ;
#7574 = VECTOR ( 'NONE', #5355, 1000.000000000000114 ) ;
#7575 = FACE_OUTER_BOUND ( 'NONE', #86, .T. ) ;
#7576 = ORIENTED_EDGE ( 'NONE', *, *, #7468, .F. ) ;
#7577 = DIRECTION ( 'NONE',  ( 0.000000000000000000, 0.000000000000000000, -1.000000000000000000 ) ) ;
#7578 = DIRECTION ( 'NONE',  ( 0.000000000000000000, 0.000000000000000000, -1.000000000000000000 ) ) ;
#7579 = CARTESIAN_POINT ( 'NONE',  ( 12.00000000000000000, -30.00000000000000000, 0.000000000000000000 ) ) ;
#7580 = CARTESIAN_POINT ( 'NONE',  ( 0.000000000000000000, -13.54149999999999920, -8.500000000000000000 ) ) ;
#7581 = VECTOR ( 'NONE', #7630, 999.9999999999998863 ) ;
#7582 = CARTESIAN_POINT ( 'NONE',  ( -1.449999999999445954, 33.20000000000000284, -17.00000000000000000 ) ) ;
#7583 = ADVANCED_FACE ( 'NONE', ( #4272 ), #9183, .F. ) ;
#7584 = AXIS2_PLACEMENT_3D ( 'NONE', #4667, #9785, #10596 ) ;
#7585 = CIRCLE ( 'NONE', #7757, 0.3999999999993869571 ) ;
#7586 = VECTOR ( 'NONE', #2490, 1000.000000000000000 ) ;
#7587 = ORIENTED_EDGE ( 'NONE', *, *, #7445, .T. ) ;
#7588 = AXIS2_PLACEMENT_3D ( 'NONE', #4602, #471, #3796 ) ;
#7589 = ORIENTED_EDGE ( 'NONE', *, *, #2354, .F. ) ;
#7590 = ORIENTED_EDGE ( 'NONE', *, *, #1165, .T. ) ;
#7591 = DIRECTION ( 'NONE',  ( 0.000000000000000000, 1.000000000000000000, 0.000000000000000000 ) ) ;
#7592 = CARTESIAN_POINT ( 'NONE',  ( 1.271201803182600454, -18.20564223991167552, -141.2943577600882747 ) ) ;
#7593 = CIRCLE ( 'NONE', #2637, 1.958499999993984941 ) ;
#7594 = ORIENTED_EDGE ( 'NONE', *, *, #8901, .T. ) ;
#7595 = CARTESIAN_POINT ( 'NONE',  ( -8.000000000000000000, -16.00000000000000000, -8.500000000000000000 ) ) ;
#7596 = DIRECTION ( 'NONE',  ( 0.000000000000000000, 0.000000000000000000, 1.000000000000000000 ) ) ;
#7597 = CARTESIAN_POINT ( 'NONE',  ( -3.647273485673900417, -22.00000000000000000, 0.000000000000000000 ) ) ;
#7598 = CIRCLE ( 'NONE', #3321, 2.458500000000002572 ) ;
#7599 = CARTESIAN_POINT ( 'NONE',  ( 12.00000000000000000, 16.00000000000000000, -8.500000000000000000 ) ) ;
#7600 = VECTOR ( 'NONE', #6539, 1000.000000000000000 ) ;
#7601 = CIRCLE ( 'NONE', #1797, 0.5000000000006405987 ) ;
#7602 = CARTESIAN_POINT ( 'NONE',  ( 0.000000000000000000, -30.00000000000000000, -143.5000000000000000 ) ) ;
#7603 = B_SPLINE_CURVE_WITH_KNOTS ( 'NONE', 3,
 ( #9030, #3462, #4966, #9079, #8225, #1749 ),
 .UNSPECIFIED., .F., .F.,
 ( 4, 2, 4 ),
 ( 0.000000000000000000, 0.5000000000000000000, 1.000000000000000000 ),
 .UNSPECIFIED. ) ;
#7604 = DIRECTION ( 'NONE',  ( 0.000000000000000000, -1.000000000000000000, 0.000000000000000000 ) ) ;
#7605 = ORIENTED_EDGE ( 'NONE', *, *, #2929, .T. ) ;
#7606 = VERTEX_POINT ( 'NONE', #249 ) ;
#7607 = ORIENTED_EDGE ( 'NONE', *, *, #6721, .T. ) ;
#7608 = DIRECTION ( 'NONE',  ( 0.8660254037842886055, 0.5000000000002597922, 0.000000000000000000 ) ) ;
#7609 = VECTOR ( 'NONE', #8875, 1000.000000000000000 ) ;
#7610 = DIRECTION ( 'NONE',  ( -1.000000000000000000, 0.000000000000000000, 0.000000000000000000 ) ) ;
#7611 = VERTEX_POINT ( 'NONE', #9393 ) ;
#7612 = DIRECTION ( 'NONE',  ( 0.000000000000000000, 0.000000000000000000, 1.000000000000000000 ) ) ;
#7613 = DIRECTION ( 'NONE',  ( 0.000000000000000000, 0.000000000000000000, 1.000000000000000000 ) ) ;
#7614 = DIRECTION ( 'NONE',  ( 0.000000000000000000, 0.000000000000000000, 1.000000000000000000 ) ) ;
#7615 = EDGE_CURVE ( 'NONE', #5505, #4846, #8499, .T. ) ;
#7616 = LINE ( 'NONE', #7669, #2812 ) ;
#7617 = ORIENTED_EDGE ( 'NONE', *, *, #7003, .F. ) ;
#7618 = ORIENTED_EDGE ( 'NONE', *, *, #2471, .T. ) ;
#7619 = DIRECTION ( 'NONE',  ( 0.000000000000000000, 1.000000000000000000, 0.000000000000000000 ) ) ;
#7620 = CARTESIAN_POINT ( 'NONE',  ( 12.05000000000064020, 27.50000000000000000, -135.0000000000000000 ) ) ;
#7621 = CIRCLE ( 'NONE', #3019, 1.720000000000000195 ) ;
#7622 = VERTEX_POINT ( 'NONE', #1861 ) ;
#7623 = CARTESIAN_POINT ( 'NONE',  ( -1.500000000000000000, 29.80000000000000071, -148.5499999999999829 ) ) ;
#7624 = LINE ( 'NONE', #5118, #4736 ) ;
#7625 = AXIS2_PLACEMENT_3D ( 'NONE', #8665, #9507, #6198 ) ;
#7626 = DIRECTION ( 'NONE',  ( -1.000000000000000000, 0.000000000000000000, 0.000000000000000000 ) ) ;
#7627 = DIRECTION ( 'NONE',  ( 0.000000000000000000, 0.000000000000000000, -1.000000000000000000 ) ) ;
#7628 = AXIS2_PLACEMENT_3D ( 'NONE', #3663, #9924, #6774 ) ;
#7629 = EDGE_CURVE ( 'NONE', #7052, #8620, #2022, .T. ) ;
#7630 = DIRECTION ( 'NONE',  ( 0.8660254037842978203, -0.5000000000002440270, 0.000000000000000000 ) ) ;
#7631 = DIRECTION ( 'NONE',  ( 1.000000000000000000, 0.000000000000000000, 0.000000000000000000 ) ) ;
#7632 = ORIENTED_EDGE ( 'NONE', *, *, #560, .T. ) ;
#7633 = DIRECTION ( 'NONE',  ( -0.8660254037842886055, -0.5000000000002597922, 0.000000000000000000 ) ) ;
#7634 = CARTESIAN_POINT ( 'NONE',  ( -11.84999999999999964, 27.04174243050399795, -17.00000000000000000 ) ) ;
#7635 = DIRECTION ( 'NONE',  ( 0.000000000000000000, 0.000000000000000000, -1.000000000000000000 ) ) ;
#7636 = CARTESIAN_POINT ( 'NONE',  ( -6.499989648450416269, -26.70005180992626137, -151.9619484887839178 ) ) ;
#7637 = EDGE_CURVE ( 'NONE', #5271, #6074, #5185, .T. ) ;
#7638 = EDGE_CURVE ( 'NONE', #571, #1547, #5601, .T. ) ;
#7639 = CARTESIAN_POINT ( 'NONE',  ( 8.000000000001291411, 26.00000000000094857, -17.00000000000000000 ) ) ;
#7640 = AXIS2_PLACEMENT_3D ( 'NONE', #1427, #3148, #566 ) ;
#7641 = EDGE_CURVE ( 'NONE', #8504, #1547, #5263, .T. ) ;
#7642 = ORIENTED_EDGE ( 'NONE', *, *, #10375, .T. ) ;
#7643 = ADVANCED_FACE ( 'NONE', ( #191 ), #10142, .F. ) ;
#7644 = VERTEX_POINT ( 'NONE', #2764 ) ;
#7645 = DIRECTION ( 'NONE',  ( 0.000000000000000000, 0.000000000000000000, -1.000000000000000000 ) ) ;
#7646 = DIRECTION ( 'NONE',  ( 0.000000000000000000, 0.000000000000000000, -1.000000000000000000 ) ) ;
#7647 = ORIENTED_EDGE ( 'NONE', *, *, #4240, .T. ) ;
#7648 = FACE_OUTER_BOUND ( 'NONE', #3239, .T. ) ;
#7649 = DIRECTION ( 'NONE',  ( 0.000000000000000000, 0.000000000000000000, -1.000000000000000000 ) ) ;
#7650 = CARTESIAN_POINT ( 'NONE',  ( -9.458499999999999019, 0.000000000000000000, 2.000000000000000000 ) ) ;
#7651 = EDGE_CURVE ( 'NONE', #8504, #4536, #6732, .T. ) ;
#7652 = DIRECTION ( 'NONE',  ( 0.000000000000000000, 0.000000000000000000, 1.000000000000000000 ) ) ;
#7653 = CARTESIAN_POINT ( 'NONE',  ( 9.500000000000000000, 25.13397459621599950, -150.0000000000000000 ) ) ;
#7654 = ADVANCED_FACE ( 'NONE', ( #297, #7739, #3571 ), #9290, .F. ) ;
#7655 = DIRECTION ( 'NONE',  ( 0.000000000000000000, -0.7071067811865485719, -0.7071067811865465735 ) ) ;
#7656 = EDGE_CURVE ( 'NONE', #8461, #10120, #9989, .T. ) ;
#7657 = ORIENTED_EDGE ( 'NONE', *, *, #8886, .T. ) ;
#7658 = ORIENTED_EDGE ( 'NONE', *, *, #4250, .T. ) ;
#7659 = ORIENTED_EDGE ( 'NONE', *, *, #8643, .T. ) ;
#7660 = DIRECTION ( 'NONE',  ( 0.000000000000000000, 0.000000000000000000, -1.000000000000000000 ) ) ;
#7661 = CARTESIAN_POINT ( 'NONE',  ( 8.500000000000000000, -25.50000000000000000, -31.00000000000000000 ) ) ;
#7662 = EDGE_CURVE ( 'NONE', #4349, #5848, #1325, .T. ) ;
#7663 = ORIENTED_EDGE ( 'NONE', *, *, #1299, .F. ) ;
#7664 = CARTESIAN_POINT ( 'NONE',  ( 0.000000000000000000, -13.54149999999999920, -143.5000000000000000 ) ) ;
#7665 = AXIS2_PLACEMENT_3D ( 'NONE', #9966, #4304, #5913 ) ;
#7666 = CARTESIAN_POINT ( 'NONE',  ( 8.000000000000000000, 26.00000000000000000, -0.3999999999999810374 ) ) ;
#7667 = CARTESIAN_POINT ( 'NONE',  ( -0.4999999999993789968, -17.49999999999940314, -111.0000000000000000 ) ) ;
#7668 = CIRCLE ( 'NONE', #310, 0.2000000000005539014 ) ;
#7669 = CARTESIAN_POINT ( 'NONE',  ( -1.500000000000000000, 28.47151703059009975, -139.2170000000000130 ) ) ;
#7670 = ORIENTED_EDGE ( 'NONE', *, *, #5073, .F. ) ;
#7671 = ORIENTED_EDGE ( 'NONE', *, *, #5921, .T. ) ;
#7672 = DIRECTION ( 'NONE',  ( 0.000000000000000000, 0.000000000000000000, -1.000000000000000000 ) ) ;
#7673 = FACE_BOUND ( 'NONE', #3850, .T. ) ;
#7674 = AXIS2_PLACEMENT_3D ( 'NONE', #1000, #7313, #4265 ) ;
#7675 = ORIENTED_EDGE ( 'NONE', *, *, #5143, .F. ) ;
#7676 = CARTESIAN_POINT ( 'NONE',  ( 2.756766064641383185, -18.75676606464140050, -142.7799220215469234 ) ) ;
#7677 = ADVANCED_FACE ( 'NONE', ( #8710 ), #1267, .T. ) ;
#7678 = DIRECTION ( 'NONE',  ( -1.000000000000000000, 0.000000000000000000, 0.000000000000000000 ) ) ;
#7679 = CARTESIAN_POINT ( 'NONE',  ( 0.000000000000000000, 0.000000000000000000, 30.00000000000000000 ) ) ;
#7680 = DIRECTION ( 'NONE',  ( 0.000000000000000000, 0.000000000000000000, -1.000000000000000000 ) ) ;
#7681 = CARTESIAN_POINT ( 'NONE',  ( -11.79999999999944116, -16.00000000000000000, -13.70000000000056062 ) ) ;
#7682 = ORIENTED_EDGE ( 'NONE', *, *, #10005, .F. ) ;
#7683 = DIRECTION ( 'NONE',  ( 0.000000000000000000, 0.000000000000000000, -1.000000000000000000 ) ) ;
#7684 = LINE ( 'NONE', #9442, #1969 ) ;
#7685 = CARTESIAN_POINT ( 'NONE',  ( -1.500000000000000000, 28.47151703059009975, -143.5000000000000000 ) ) ;
#7686 = CARTESIAN_POINT ( 'NONE',  ( 8.000000000000000000, 26.00000000000000000, -152.0000000000000000 ) ) ;
#7687 = LINE ( 'NONE', #4323, #6282 ) ;
#7688 = EDGE_CURVE ( 'NONE', #2377, #2110, #6627, .T. ) ;
#7689 = EDGE_CURVE ( 'NONE', #1987, #3029, #2928, .T. ) ;
#7690 = EDGE_CURVE ( 'NONE', #8880, #5147, #6458, .T. ) ;
#7691 = CIRCLE ( 'NONE', #3092, 1.500000000000000666 ) ;
#7692 = EDGE_LOOP ( 'NONE', ( #9615, #802, #3705, #3627, #989, #1342, #6054, #6160 ) ) ;
#7693 = EDGE_LOOP ( 'NONE', ( #3752, #7116, #1932, #1106 ) ) ;
#7694 = CARTESIAN_POINT ( 'NONE',  ( -9.500000000000000000, -25.15833498349994812, -152.0000000000000000 ) ) ;
#7695 = CARTESIAN_POINT ( 'NONE',  ( -8.750000000000291323, -24.70096189432365108, -150.0000000000000000 ) ) ;
#7696 = ADVANCED_FACE ( 'NONE', ( #8658 ), #7902, .F. ) ;
#7697 = VERTEX_POINT ( 'NONE', #2283 ) ;
#7698 = CARTESIAN_POINT ( 'NONE',  ( 12.00000000000000000, -16.00000000000000000, -3.299999999999444711 ) ) ;
#7699 = CARTESIAN_POINT ( 'NONE',  ( 0.000000000000000000, -29.50000000000000000, 0.000000000000000000 ) ) ;
#7700 = DIRECTION ( 'NONE',  ( -1.000000000000000000, 0.000000000000000000, 0.000000000000000000 ) ) ;
#7701 = AXIS2_PLACEMENT_3D ( 'NONE', #7238, #4885, #8083 ) ;
#7702 = CARTESIAN_POINT ( 'NONE',  ( 4.700000000000099654, 0.000000000000000000, 8.599999999999999645 ) ) ;
#7703 = CARTESIAN_POINT ( 'NONE',  ( -12.00000000000000000, -16.00000000000000000, -6.041500000000000092 ) ) ;
#7704 = ADVANCED_FACE ( 'NONE', ( #464 ), #5549, .F. ) ;
#7705 = AXIS2_PLACEMENT_3D ( 'NONE', #203, #355, #2832 ) ;
#7706 = PLANE ( 'NONE',  #4453 ) ;
#7707 = EDGE_LOOP ( 'NONE', ( #9063, #2827, #6241, #10204, #1447, #7708 ) ) ;
#7708 = ORIENTED_EDGE ( 'NONE', *, *, #7331, .F. ) ;
#7709 = EDGE_LOOP ( 'NONE', ( #3753, #4642, #7351, #1641 ) ) ;
#7710 = CARTESIAN_POINT ( 'NONE',  ( 0.000000000000000000, -16.00000000000000000, -12.49999999999396039 ) ) ;
#7711 = DIRECTION ( 'NONE',  ( 0.000000000000000000, 0.000000000000000000, 1.000000000000000000 ) ) ;
#7712 = ORIENTED_EDGE ( 'NONE', *, *, #34, .F. ) ;
#7713 = CIRCLE ( 'NONE', #4811, 4.799999999999450928 ) ;
#7714 = CARTESIAN_POINT ( 'NONE',  ( -1.500000000000000000, 29.80000000000000071, -4.217000000000000526 ) ) ;
#7715 = EDGE_CURVE ( 'NONE', #3126, #441, #5451, .T. ) ;
#7716 = LINE ( 'NONE', #1836, #5719 ) ;
#7717 = CARTESIAN_POINT ( 'NONE',  ( -8.000000000000000000, -26.00000000000000000, -152.0000000000000000 ) ) ;
#7718 = DIRECTION ( 'NONE',  ( -1.000000000000000000, 0.000000000000000000, 0.000000000000000000 ) ) ;
#7719 = AXIS2_PLACEMENT_3D ( 'NONE', #9285, #3461, #4376 ) ;
#7720 = CIRCLE ( 'NONE', #4142, 4.136184427528459828 ) ;
#7721 = ORIENTED_EDGE ( 'NONE', *, *, #3653, .T. ) ;
#7722 = ORIENTED_EDGE ( 'NONE', *, *, #3913, .F. ) ;
#7723 = LINE ( 'NONE', #382, #1170 ) ;
#7724 = DIRECTION ( 'NONE',  ( 0.000000000000000000, -1.000000000000000000, 0.000000000000000000 ) ) ;
#7725 = EDGE_LOOP ( 'NONE', ( #5469, #7877, #5832, #9818 ) ) ;
#7726 = DIRECTION ( 'NONE',  ( 0.000000000000000000, 0.000000000000000000, 1.000000000000000000 ) ) ;
#7727 = CARTESIAN_POINT ( 'NONE',  ( -2.458500000000000352, 16.00000000000000000, 0.000000000000000000 ) ) ;
#7728 = CARTESIAN_POINT ( 'NONE',  ( 9.478903285766079989, 25.12179440257405005, 0.000000000000000000 ) ) ;
#7729 = DIRECTION ( 'NONE',  ( 0.000000000000000000, 0.000000000000000000, 1.000000000000000000 ) ) ;
#7730 = CIRCLE ( 'NONE', #2096, 5.000000000000000888 ) ;
#7731 = DIRECTION ( 'NONE',  ( -1.000000000000000000, 0.000000000000000000, 0.000000000000000000 ) ) ;
#7732 = CIRCLE ( 'NONE', #1052, 13.99999999999323919 ) ;
#7733 = CARTESIAN_POINT ( 'NONE',  ( -8.200000000000549960, -16.00000000000000000, -8.500000000000000000 ) ) ;
#7734 = ORIENTED_EDGE ( 'NONE', *, *, #4362, .T. ) ;
#7735 = CARTESIAN_POINT ( 'NONE',  ( -2.458500000000000352, -16.00000000000000000, -141.0414999999999850 ) ) ;
#7736 = DIRECTION ( 'NONE',  ( 0.000000000000000000, 0.000000000000000000, -1.000000000000000000 ) ) ;
#7737 = FACE_OUTER_BOUND ( 'NONE', #5831, .T. ) ;
#7738 = CARTESIAN_POINT ( 'NONE',  ( -6.499994615838112111, -26.14282902381185636, -151.8729764495679717 ) ) ;
#7739 = FACE_BOUND ( 'NONE', #3045, .T. ) ;
#7740 = ADVANCED_FACE ( 'NONE', ( #7849 ), #807, .F. ) ;
#7741 = CIRCLE ( 'NONE', #2442, 4.000000000000305533 ) ;
#7742 = EDGE_LOOP ( 'NONE', ( #8201, #2038, #8389 ) ) ;
#7743 = ORIENTED_EDGE ( 'NONE', *, *, #10118, .F. ) ;
#7744 = VERTEX_POINT ( 'NONE', #9444 ) ;
#7745 = DIRECTION ( 'NONE',  ( -1.000000000000000000, 0.000000000000000000, 0.000000000000000000 ) ) ;
#7746 = DIRECTION ( 'NONE',  ( 0.000000000000000000, 1.000000000000000000, 0.000000000000000000 ) ) ;
#7747 = ORIENTED_EDGE ( 'NONE', *, *, #5563, .T. ) ;
#7748 = FACE_BOUND ( 'NONE', #3955, .T. ) ;
#7749 = AXIS2_PLACEMENT_3D ( 'NONE', #103, #5886, #4181 ) ;
#7750 = CARTESIAN_POINT ( 'NONE',  ( -7.249999999999390710, 35.00000000000000000, -135.0000000000000000 ) ) ;
#7751 = CIRCLE ( 'NONE', #5195, 10.00000000000000000 ) ;
#7752 = LINE ( 'NONE', #2890, #229 ) ;
#7753 = DIRECTION ( 'NONE',  ( -0.5000000000002374767, 0.8660254037843015951, 0.000000000000000000 ) ) ;
#7754 = STYLED_ITEM ( 'NONE', ( #9598 ), #5035 ) ;
#7755 = EDGE_CURVE ( 'NONE', #6769, #9175, #1661, .T. ) ;
#7756 = AXIS2_PLACEMENT_3D ( 'NONE', #151, #9997, #10049 ) ;
#7757 = AXIS2_PLACEMENT_3D ( 'NONE', #2328, #3894, #7032 ) ;
#7758 = DIRECTION ( 'NONE',  ( 0.000000000000000000, 0.000000000000000000, -1.000000000000000000 ) ) ;
#7759 = EDGE_LOOP ( 'NONE', ( #4559, #2088, #5860, #2589, #4905 ) ) ;
#7760 = EDGE_LOOP ( 'NONE', ( #3557, #2911, #9077, #8624 ) ) ;
#7761 = VERTEX_POINT ( 'NONE', #3905 ) ;
#7762 = CARTESIAN_POINT ( 'NONE',  ( 0.4999999999993919864, 25.50000000000000000, -121.0000000000000000 ) ) ;
#7763 = AXIS2_PLACEMENT_3D ( 'NONE', #5334, #4316, #8590 ) ;
#7764 = VERTEX_POINT ( 'NONE', #6410 ) ;
#7765 = FACE_OUTER_BOUND ( 'NONE', #6478, .T. ) ;
#7766 = TOROIDAL_SURFACE ( 'NONE', #8792, 5.200000000000559730, 0.2000000000005540124 ) ;
#7767 = EDGE_LOOP ( 'NONE', ( #629, #6243 ) ) ;
#7768 = VECTOR ( 'NONE', #5390, 1000.000000000000000 ) ;
#7769 = EDGE_CURVE ( 'NONE', #1576, #10422, #10249, .T. ) ;
#7770 = AXIS2_PLACEMENT_3D ( 'NONE', #1278, #352, #6199 ) ;
#7771 = CARTESIAN_POINT ( 'NONE',  ( 8.000000000000000000, 24.26794919243099713, -2.000000000000000000 ) ) ;
#7772 = DIRECTION ( 'NONE',  ( 0.000000000000000000, 0.000000000000000000, -1.000000000000000000 ) ) ;
#7773 = CARTESIAN_POINT ( 'NONE',  ( -1.738422021547135099, -17.73842202154714798, -145.2384220215472226 ) ) ;
#7774 = DIRECTION ( 'NONE',  ( -1.000000000000000000, 0.000000000000000000, 0.000000000000000000 ) ) ;
#7775 = AXIS2_PLACEMENT_3D ( 'NONE', #1126, #4397, #156 ) ;
#7776 = ADVANCED_FACE ( 'NONE', ( #3043 ), #7990, .F. ) ;
#7777 = VECTOR ( 'NONE', #2160, 1000.000000000000000 ) ;
#7778 = EDGE_LOOP ( 'NONE', ( #8252, #6840, #9522, #5435, #5670 ) ) ;
#7779 = ORIENTED_EDGE ( 'NONE', *, *, #8232, .T. ) ;
#7780 = DIRECTION ( 'NONE',  ( 0.000000000000000000, 0.000000000000000000, 1.000000000000000000 ) ) ;
#7781 = ADVANCED_FACE ( 'NONE', ( #3952 ), #7049, .F. ) ;
#7782 = CARTESIAN_POINT ( 'NONE',  ( -9.499999999999998224, -25.45780995612801689, -0.08460786494310006123 ) ) ;
#7783 = VERTEX_POINT ( 'NONE', #2128 ) ;
#7784 = CYLINDRICAL_SURFACE ( 'NONE', #2778, 2.458500000000000352 ) ;
#7785 = DIRECTION ( 'NONE',  ( 0.000000000000000000, 0.000000000000000000, 1.000000000000000000 ) ) ;
#7786 = CARTESIAN_POINT ( 'NONE',  ( 8.015521883131919267, 22.00000000000000000, -148.0000000000000000 ) ) ;
#7787 = LINE ( 'NONE', #8700, #6584 ) ;
#7788 = CIRCLE ( 'NONE', #1985, 1.720000000000000195 ) ;
#7789 = CARTESIAN_POINT ( 'NONE',  ( 2.458500000000000352, 16.00000000000000000, -151.2084999999999866 ) ) ;
#7790 = EDGE_LOOP ( 'NONE', ( #2576, #4449, #10216, #921 ) ) ;
#7791 = ORIENTED_EDGE ( 'NONE', *, *, #8219, .F. ) ;
#7792 = EDGE_CURVE ( 'NONE', #5336, #2857, #10364, .T. ) ;
#7793 = CARTESIAN_POINT ( 'NONE',  ( 7.999999999999699796, -26.00000000000000000, 0.000000000000000000 ) ) ;
#7794 = DIRECTION ( 'NONE',  ( 1.000000000000000000, 0.000000000000000000, 0.000000000000000000 ) ) ;
#7795 = DIRECTION ( 'NONE',  ( -0.7071067811865480168, 8.659560562354939021E-17, 0.7071067811865470176 ) ) ;
#7796 = VECTOR ( 'NONE', #7660, 1000.000000000000000 ) ;
#7797 = EDGE_CURVE ( 'NONE', #7290, #9618, #9555, .T. ) ;
#7798 = DIRECTION ( 'NONE',  ( 0.000000000000000000, 0.000000000000000000, -1.000000000000000000 ) ) ;
#7799 = CIRCLE ( 'NONE', #3192, 0.3999999999993869571 ) ;
#7800 = AXIS2_PLACEMENT_3D ( 'NONE', #4946, #3134, #6389 ) ;
#7801 = ORIENTED_EDGE ( 'NONE', *, *, #362, .F. ) ;
#7802 = ORIENTED_EDGE ( 'NONE', *, *, #4914, .F. ) ;
#7803 = ORIENTED_EDGE ( 'NONE', *, *, #226, .F. ) ;
#7804 = DIRECTION ( 'NONE',  ( 1.000000000000000000, 0.000000000000000000, 0.000000000000000000 ) ) ;
#7805 = CARTESIAN_POINT ( 'NONE',  ( 3.010794155703800205E-16, -29.20849999999999724, -6.041500000000000092 ) ) ;
#7806 = VERTEX_POINT ( 'NONE', #5500 ) ;
#7807 = CARTESIAN_POINT ( 'NONE',  ( -4.500000000000000000, -26.00000000000000000, -149.1339745962199856 ) ) ;
#7808 = DIRECTION ( 'NONE',  ( -1.000000000000000000, 0.000000000000000000, 0.000000000000000000 ) ) ;
#7809 = DIRECTION ( 'NONE',  ( 1.000000000000000000, 0.000000000000000000, 0.000000000000000000 ) ) ;
#7810 = CONICAL_SURFACE ( 'NONE', #3203, 5.799999999999999822, 0.7853981633974524978 ) ;
#7811 = EDGE_CURVE ( 'NONE', #4056, #3029, #8759, .T. ) ;
#7812 = DIRECTION ( 'NONE',  ( 0.000000000000000000, 0.000000000000000000, 1.000000000000000000 ) ) ;
#7813 = CONICAL_SURFACE ( 'NONE', #2837, 1.720000000000000195, 1.047197551196586307 ) ;
#7814 = CARTESIAN_POINT ( 'NONE',  ( -8.000000000000000000, -26.00000000000000000, -152.0000000000000000 ) ) ;
#7815 = ORIENTED_EDGE ( 'NONE', *, *, #697, .F. ) ;
#7816 = ORIENTED_EDGE ( 'NONE', *, *, #8292, .F. ) ;
#7817 = EDGE_LOOP ( 'NONE', ( #6171, #7879, #8004, #415 ) ) ;
#7818 = CARTESIAN_POINT ( 'NONE',  ( -1.000000000000000000, 30.39999999999939817, -17.00000000000000000 ) ) ;
#7819 = VECTOR ( 'NONE', #1376, 1000.000000000000000 ) ;
#7820 = ORIENTED_EDGE ( 'NONE', *, *, #10382, .F. ) ;
#7821 = LINE ( 'NONE', #6115, #1345 ) ;
#7822 = ORIENTED_EDGE ( 'NONE', *, *, #3440, .T. ) ;
#7823 = CARTESIAN_POINT ( 'NONE',  ( -9.150051150584406656, -27.06817750054596416, -151.9129408000555657 ) ) ;
#7824 = CARTESIAN_POINT ( 'NONE',  ( -8.015521883131919267, -26.00000000000000000, 0.000000000000000000 ) ) ;
#7825 = DIRECTION ( 'NONE',  ( 0.8660254037843069241, 0.5000000000002280398, 0.000000000000000000 ) ) ;
#7826 = ADVANCED_FACE ( 'NONE', ( #6624, #9874 ), #2499, .F. ) ;
#7827 = CARTESIAN_POINT ( 'NONE',  ( 8.000000000000000000, 26.00000000000000000, -151.6000000000000227 ) ) ;
#7828 = EDGE_CURVE ( 'NONE', #656, #265, #1143, .T. ) ;
#7829 = ADVANCED_FACE ( 'NONE', ( #7355 ), #783, .F. ) ;
#7830 = ORIENTED_EDGE ( 'NONE', *, *, #5526, .T. ) ;
#7831 = VERTEX_POINT ( 'NONE', #2550 ) ;
#7832 = EDGE_LOOP ( 'NONE', ( #3857, #2394, #2424, #7111 ) ) ;
#7833 = EDGE_CURVE ( 'NONE', #7110, #9268, #4060, .T. ) ;
#7834 = PLANE ( 'NONE',  #2028 ) ;
#7835 = FACE_OUTER_BOUND ( 'NONE', #6406, .T. ) ;
#7836 = EDGE_LOOP ( 'NONE', ( #4625, #1184, #7377, #10591 ) ) ;
#7837 = CARTESIAN_POINT ( 'NONE',  ( -12.00000000000000000, 16.00000000000000000, -141.0414999999999850 ) ) ;
#7838 = CARTESIAN_POINT ( 'NONE',  ( 0.000000000000000000, 16.00000000000000000, 0.000000000000000000 ) ) ;
#7839 = CIRCLE ( 'NONE', #138, 0.5000000000006353806 ) ;
#7840 = CARTESIAN_POINT ( 'NONE',  ( -6.521096714233939551, -25.12179440257400032, 0.000000000000000000 ) ) ;
#7841 = CARTESIAN_POINT ( 'NONE',  ( 8.629378818651099792, 27.36859758815566224, -151.8757310935312717 ) ) ;
#7842 = FACE_OUTER_BOUND ( 'NONE', #10473, .T. ) ;
#7843 = CARTESIAN_POINT ( 'NONE',  ( -12.00000000000000000, 16.00000000000000000, -145.9584999999999866 ) ) ;
#7844 = ORIENTED_EDGE ( 'NONE', *, *, #8830, .F. ) ;
#7845 = EDGE_CURVE ( 'NONE', #8393, #1559, #5815, .T. ) ;
#7846 = ORIENTED_EDGE ( 'NONE', *, *, #10311, .F. ) ;
#7847 = FACE_OUTER_BOUND ( 'NONE', #5519, .T. ) ;
#7848 = CARTESIAN_POINT ( 'NONE',  ( 0.000000000000000000, 16.00000000000000000, -31.00000000000000000 ) ) ;
#7849 = FACE_OUTER_BOUND ( 'NONE', #10347, .T. ) ;
#7850 = EDGE_CURVE ( 'NONE', #265, #1789, #7469, .T. ) ;
#7851 = EDGE_CURVE ( 'NONE', #1333, #8929, #1582, .T. ) ;
#7852 = ORIENTED_EDGE ( 'NONE', *, *, #9846, .F. ) ;
#7853 = VECTOR ( 'NONE', #93, 1000.000000000000000 ) ;
#7854 = VERTEX_POINT ( 'NONE', #6508 ) ;
#7855 = VERTEX_POINT ( 'NONE', #886 ) ;
#7856 = CARTESIAN_POINT ( 'NONE',  ( -9.500000000000000000, -26.86602540378400050, -152.0000000000000000 ) ) ;
#7857 = FACE_OUTER_BOUND ( 'NONE', #709, .T. ) ;
#7858 = EDGE_LOOP ( 'NONE', ( #10425, #9446, #1398, #8716, #10089 ) ) ;
#7859 = DIRECTION ( 'NONE',  ( 0.000000000000000000, 0.000000000000000000, 1.000000000000000000 ) ) ;
#7860 = CARTESIAN_POINT ( 'NONE',  ( 0.000000000000000000, 0.000000000000000000, 8.000000000000000000 ) ) ;
#7861 = LINE ( 'NONE', #3802, #7574 ) ;
#7862 = DIRECTION ( 'NONE',  ( 0.000000000000000000, 0.000000000000000000, -1.000000000000000000 ) ) ;
#7863 = DIRECTION ( 'NONE',  ( 0.000000000000000000, 0.000000000000000000, -1.000000000000000000 ) ) ;
#7864 = ORIENTED_EDGE ( 'NONE', *, *, #5742, .F. ) ;
#7865 = ORIENTED_EDGE ( 'NONE', *, *, #8816, .F. ) ;
#7866 = VERTEX_POINT ( 'NONE', #8271 ) ;
#7867 = CARTESIAN_POINT ( 'NONE',  ( 0.000000000000000000, 18.45850000000000080, -8.500000000000000000 ) ) ;
#7868 = ORIENTED_EDGE ( 'NONE', *, *, #8314, .F. ) ;
#7869 = CARTESIAN_POINT ( 'NONE',  ( -7.500000000000000000, 30.00000000000000000, -135.0000000000000000 ) ) ;
#7870 = ORIENTED_EDGE ( 'NONE', *, *, #387, .F. ) ;
#7871 = DIRECTION ( 'NONE',  ( 0.000000000000000000, 0.000000000000000000, -1.000000000000000000 ) ) ;
#7872 = AXIS2_PLACEMENT_3D ( 'NONE', #2657, #5927, #8378 ) ;
#7873 = CARTESIAN_POINT ( 'NONE',  ( 11.50000000000000000, 26.00000000000000000, -149.1339745962199856 ) ) ;
#7874 = FACE_OUTER_BOUND ( 'NONE', #6446, .T. ) ;
#7875 = AXIS2_PLACEMENT_3D ( 'NONE', #4334, #6691, #1919 ) ;
#7876 = VECTOR ( 'NONE', #4269, 1000.000000000000114 ) ;
#7877 = ORIENTED_EDGE ( 'NONE', *, *, #5291, .T. ) ;
#7878 = ORIENTED_EDGE ( 'NONE', *, *, #6136, .F. ) ;
#7879 = ORIENTED_EDGE ( 'NONE', *, *, #7515, .F. ) ;
#7880 = DIRECTION ( 'NONE',  ( 0.000000000000000000, 0.000000000000000000, 1.000000000000000000 ) ) ;
#7881 = LINE ( 'NONE', #2267, #3520 ) ;
#7882 = EDGE_LOOP ( 'NONE', ( #1431, #3643, #7081, #8998, #9473 ) ) ;
#7883 = DIRECTION ( 'NONE',  ( -1.000000000000000000, 0.000000000000000000, 0.000000000000000000 ) ) ;
#7884 = LINE ( 'NONE', #10407, #1304 ) ;
#7885 = CIRCLE ( 'NONE', #8059, 0.2000000000005541234 ) ;
#7886 = DIRECTION ( 'NONE',  ( 0.000000000000000000, 0.000000000000000000, 1.000000000000000000 ) ) ;
#7887 = DIRECTION ( 'NONE',  ( 1.000000000000000000, 0.000000000000000000, 0.000000000000000000 ) ) ;
#7888 = EDGE_CURVE ( 'NONE', #10546, #9397, #10258, .T. ) ;
#7889 = AXIS2_PLACEMENT_3D ( 'NONE', #4170, #4012, #7273 ) ;
#7890 = DIRECTION ( 'NONE',  ( 0.000000000000000000, 0.000000000000000000, 1.000000000000000000 ) ) ;
#7891 = EDGE_CURVE ( 'NONE', #8235, #4499, #8971, .T. ) ;
#7892 =( BOUNDED_CURVE ( )  B_SPLINE_CURVE ( 3, ( #6862, #4297, #1081, #5909 ),
 .UNSPECIFIED., .F., .F. ) 
 B_SPLINE_CURVE_WITH_KNOTS ( ( 4, 4 ),
 ( 4.712388980384689674, 6.283185307179590673 ),
 .UNSPECIFIED. ) 
 CURVE ( )  GEOMETRIC_REPRESENTATION_ITEM ( )  RATIONAL_B_SPLINE_CURVE ( ( 1.000000000000000000, 0.8047378541243649375, 0.8047378541243649375, 1.000000000000000000 ) ) 
 REPRESENTATION_ITEM ( '' )  );
#7893 = FACE_OUTER_BOUND ( 'NONE', #2152, .T. ) ;
#7894 = VECTOR ( 'NONE', #4057, 999.9999999999998863 ) ;
#7895 = DIRECTION ( 'NONE',  ( 0.5000000000002383649, 0.8660254037843011510, 0.000000000000000000 ) ) ;
#7896 = ORIENTED_EDGE ( 'NONE', *, *, #9144, .T. ) ;
#7897 = DIRECTION ( 'NONE',  ( 0.000000000000000000, 0.000000000000000000, 1.000000000000000000 ) ) ;
#7898 = DIRECTION ( 'NONE',  ( 0.000000000000000000, -1.000000000000000000, 0.000000000000000000 ) ) ;
#7899 = AXIS2_PLACEMENT_3D ( 'NONE', #6623, #5603, #5762 ) ;
#7900 = ORIENTED_EDGE ( 'NONE', *, *, #72, .T. ) ;
#7901 = FACE_OUTER_BOUND ( 'NONE', #9505, .T. ) ;
#7902 = CYLINDRICAL_SURFACE ( 'NONE', #9513, 2.458500000000000352 ) ;
#7903 = EDGE_CURVE ( 'NONE', #9351, #4035, #6564, .T. ) ;
#7904 = AXIS2_PLACEMENT_3D ( 'NONE', #782, #4059, #3242 ) ;
#7905 = EDGE_CURVE ( 'NONE', #703, #8776, #7263, .T. ) ;
#7906 = ORIENTED_EDGE ( 'NONE', *, *, #568, .F. ) ;
#7907 = ORIENTED_EDGE ( 'NONE', *, *, #4935, .F. ) ;
#7908 = ORIENTED_EDGE ( 'NONE', *, *, #7003, .T. ) ;
#7909 = DIRECTION ( 'NONE',  ( 0.000000000000000000, 0.000000000000000000, 1.000000000000000000 ) ) ;
#7910 = DIRECTION ( 'NONE',  ( 1.000000000000000000, 0.000000000000000000, 0.000000000000000000 ) ) ;
#7911 = VERTEX_POINT ( 'NONE', #3198 ) ;
#7912 = FACE_OUTER_BOUND ( 'NONE', #7790, .T. ) ;
#7913 = EDGE_CURVE ( 'NONE', #1008, #1034, #8164, .T. ) ;
#7914 = DIRECTION ( 'NONE',  ( 1.000000000000000000, 0.000000000000000000, 0.000000000000000000 ) ) ;
#7915 = AXIS2_PLACEMENT_3D ( 'NONE', #5266, #7504, #8411 ) ;
#7916 = FACE_OUTER_BOUND ( 'NONE', #10, .T. ) ;
#7917 = CARTESIAN_POINT ( 'NONE',  ( 6.500000000000000000, 25.13397459621599950, 0.000000000000000000 ) ) ;
#7918 = EDGE_LOOP ( 'NONE', ( #4837, #9197, #9655, #9829 ) ) ;
#7919 = EDGE_LOOP ( 'NONE', ( #2361, #2078, #8237, #7952 ) ) ;
#7920 = ORIENTED_EDGE ( 'NONE', *, *, #7124, .F. ) ;
#7921 = PLANE ( 'NONE',  #5069 ) ;
#7922 = DIRECTION ( 'NONE',  ( -1.000000000000000000, 0.000000000000000000, 0.000000000000000000 ) ) ;
#7923 = VECTOR ( 'NONE', #10098, 1000.000000000000000 ) ;
#7924 = ORIENTED_EDGE ( 'NONE', *, *, #6594, .F. ) ;
#7925 = CARTESIAN_POINT ( 'NONE',  ( 0.000000000000000000, 0.000000000000000000, 30.00000000000000000 ) ) ;
#7926 = EDGE_CURVE ( 'NONE', #267, #1343, #5438, .T. ) ;
#7927 = ORIENTED_EDGE ( 'NONE', *, *, #7151, .F. ) ;
#7928 = DIRECTION ( 'NONE',  ( 0.000000000000000000, 0.000000000000000000, 1.000000000000000000 ) ) ;
#7929 = AXIS2_PLACEMENT_3D ( 'NONE', #2513, #5779, #1704 ) ;
#7930 = AXIS2_PLACEMENT_3D ( 'NONE', #7824, #8630, #6971 ) ;
#7931 = CARTESIAN_POINT ( 'NONE',  ( -6.500000000000000000, -26.00000000000000000, -2.000000000000000000 ) ) ;
#7932 = CIRCLE ( 'NONE', #10320, 1.719999999999999307 ) ;
#7933 = DIRECTION ( 'NONE',  ( 0.8660254037842978203, -0.5000000000002440270, 0.000000000000000000 ) ) ;
#7934 = CONICAL_SURFACE ( 'NONE', #5042, 3.100000000000000533, 0.7853981633974617127 ) ;
#7935 = EDGE_LOOP ( 'NONE', ( #1190, #1732, #2039, #2212 ) ) ;
#7936 = ORIENTED_EDGE ( 'NONE', *, *, #4716, .T. ) ;
#7937 = VERTEX_POINT ( 'NONE', #1691 ) ;
#7938 = AXIS2_PLACEMENT_3D ( 'NONE', #8747, #1418, #8002 ) ;
#7939 = CARTESIAN_POINT ( 'NONE',  ( -8.000000000000000000, -26.00000000000000000, -0.3999999999999810374 ) ) ;
#7940 = AXIS2_PLACEMENT_3D ( 'NONE', #5125, #1803, #1051 ) ;
#7941 = FACE_OUTER_BOUND ( 'NONE', #4876, .T. ) ;
#7942 = ORIENTED_EDGE ( 'NONE', *, *, #4236, .F. ) ;
#7943 = CARTESIAN_POINT ( 'NONE',  ( 6.280000000000000249, 26.00000000000000000, -152.0000000000000000 ) ) ;
#7944 = DIRECTION ( 'NONE',  ( 0.000000000000000000, -1.000000000000000000, 0.000000000000000000 ) ) ;
#7945 = CIRCLE ( 'NONE', #1282, 3.499999999999720224 ) ;
#7946 = DIRECTION ( 'NONE',  ( -0.3420201433256728762, 4.188538737677043534E-17, 0.9396926207859067626 ) ) ;
#7947 = CARTESIAN_POINT ( 'NONE',  ( -10.00000000000000000, 0.000000000000000000, 1.458499999999999908 ) ) ;
#7948 = AXIS2_PLACEMENT_3D ( 'NONE', #9278, #8377, #6723 ) ;
#7949 = CARTESIAN_POINT ( 'NONE',  ( 9.248999599679699202, 29.80000000000000071, -148.0000000000000000 ) ) ;
#7950 = VECTOR ( 'NONE', #3783, 1000.000000000000000 ) ;
#7951 = DIRECTION ( 'NONE',  ( 0.5000000000002420286, -0.8660254037842989305, 0.000000000000000000 ) ) ;
#7952 = ORIENTED_EDGE ( 'NONE', *, *, #9873, .F. ) ;
#7953 = CARTESIAN_POINT ( 'NONE',  ( 0.000000000000000000, 0.000000000000000000, -31.00000000000000000 ) ) ;
#7954 = DIRECTION ( 'NONE',  ( 0.000000000000000000, 0.000000000000000000, -1.000000000000000000 ) ) ;
#7955 = ORIENTED_EDGE ( 'NONE', *, *, #7963, .T. ) ;
#7956 = VECTOR ( 'NONE', #3163, 1000.000000000000000 ) ;
#7957 = CARTESIAN_POINT ( 'NONE',  ( 8.500000000000000000, 25.50000000000000000, -121.0000000000000000 ) ) ;
#7958 = DIRECTION ( 'NONE',  ( 0.000000000000000000, 0.000000000000000000, 1.000000000000000000 ) ) ;
#7959 = ADVANCED_FACE ( 'NONE', ( #3296, #83 ), #4958, .F. ) ;
#7960 = ORIENTED_EDGE ( 'NONE', *, *, #3149, .F. ) ;
#7961 = EDGE_CURVE ( 'NONE', #8235, #10088, #10032, .T. ) ;
#7962 = ORIENTED_EDGE ( 'NONE', *, *, #5305, .T. ) ;
#7963 = EDGE_CURVE ( 'NONE', #9850, #9967, #1647, .T. ) ;
#7964 = ORIENTED_EDGE ( 'NONE', *, *, #9583, .F. ) ;
#7965 = CARTESIAN_POINT ( 'NONE',  ( 0.000000000000000000, -16.00000000000000000, -12.49999999999396039 ) ) ;
#7966 = PLANE ( 'NONE',  #4867 ) ;
#7967 = ORIENTED_EDGE ( 'NONE', *, *, #3326, .T. ) ;
#7968 = CARTESIAN_POINT ( 'NONE',  ( 11.40000000000000036, 26.00000000000000000, -148.0000000000000000 ) ) ;
#7969 = DIRECTION ( 'NONE',  ( -1.000000000000000000, 0.000000000000000000, 0.000000000000000000 ) ) ;
#7970 = CONICAL_SURFACE ( 'NONE', #2501, 3.100000000000000533, 0.7853981633974617127 ) ;
#7971 = CIRCLE ( 'NONE', #623, 2.458499999999974595 ) ;
#7972 = EDGE_CURVE ( 'NONE', #6951, #5546, #6680, .T. ) ;
#7973 = AXIS2_PLACEMENT_3D ( 'NONE', #8093, #4097, #873 ) ;
#7974 = EDGE_CURVE ( 'NONE', #2786, #1330, #2751, .T. ) ;
#7975 = EDGE_LOOP ( 'NONE', ( #10020, #6337, #2095, #4230 ) ) ;
#7976 = VERTEX_POINT ( 'NONE', #3609 ) ;
#7977 = ORIENTED_EDGE ( 'NONE', *, *, #6960, .F. ) ;
#7978 = DIRECTION ( 'NONE',  ( 0.000000000000000000, 0.000000000000000000, 1.000000000000000000 ) ) ;
#7979 = CARTESIAN_POINT ( 'NONE',  ( -1.000000000000000000, 30.39999999999939817, -17.00000000000000000 ) ) ;
#7980 = ORIENTED_EDGE ( 'NONE', *, *, #2768, .F. ) ;
#7981 = FACE_OUTER_BOUND ( 'NONE', #3313, .T. ) ;
#7982 = EDGE_CURVE ( 'NONE', #9262, #2358, #9169, .T. ) ;
#7983 = CIRCLE ( 'NONE', #3366, 0.3999999999993869571 ) ;
#7984 = EDGE_LOOP ( 'NONE', ( #958, #9981, #8478 ) ) ;
#7985 = DIRECTION ( 'NONE',  ( -1.000000000000000000, 0.000000000000000000, 0.000000000000000000 ) ) ;
#7986 = FACE_OUTER_BOUND ( 'NONE', #6698, .T. ) ;
#7987 = CARTESIAN_POINT ( 'NONE',  ( -12.00000000000000000, -22.00000000000000000, -152.0000000000000000 ) ) ;
#7988 = EDGE_CURVE ( 'NONE', #4734, #1505, #1150, .T. ) ;
#7989 = EDGE_CURVE ( 'NONE', #3278, #4022, #5920, .T. ) ;
#7990 = CONICAL_SURFACE ( 'NONE', #3374, 1.720000000000000195, 1.047197551202454502 ) ;
#7991 = EDGE_CURVE ( 'NONE', #128, #9256, #2008, .T. ) ;
#7992 = VERTEX_POINT ( 'NONE', #1097 ) ;
#7993 = ORIENTED_EDGE ( 'NONE', *, *, #3517, .F. ) ;
#7994 = ORIENTED_EDGE ( 'NONE', *, *, #5350, .F. ) ;
#7995 = DIRECTION ( 'NONE',  ( -1.000000000000000000, 0.000000000000000000, 0.000000000000000000 ) ) ;
#7996 = CARTESIAN_POINT ( 'NONE',  ( -12.00000000000000000, -16.00000000000000000, -143.5000000000000000 ) ) ;
#7997 = VERTEX_POINT ( 'NONE', #8375 ) ;
#7998 = CARTESIAN_POINT ( 'NONE',  ( -8.500000000000000000, -25.50000000000000000, -31.00000000000000000 ) ) ;
#7999 = CARTESIAN_POINT ( 'NONE',  ( -1.500000000000000000, 20.30000000000605098, -4.717000000006040139 ) ) ;
#8000 = CARTESIAN_POINT ( 'NONE',  ( 8.000000000000000000, 26.00000000000000000, -0.3999999999999810374 ) ) ;
#8001 = CARTESIAN_POINT ( 'NONE',  ( 8.412825712845238613, 27.49388691842191434, -151.9015776216668030 ) ) ;
#8002 = DIRECTION ( 'NONE',  ( 0.000000000000000000, 0.000000000000000000, -1.000000000000000000 ) ) ;
#8003 = LINE ( 'NONE', #1474, #10087 ) ;
#8004 = ORIENTED_EDGE ( 'NONE', *, *, #233, .T. ) ;
#8005 = CARTESIAN_POINT ( 'NONE',  ( -6.500000000000000000, -26.00000000000000000, -2.000000000000000000 ) ) ;
#8006 = ORIENTED_EDGE ( 'NONE', *, *, #2659, .F. ) ;
#8007 = ADVANCED_FACE ( 'NONE', ( #5277 ), #4052, .T. ) ;
#8008 = DIRECTION ( 'NONE',  ( 0.000000000000000000, 0.000000000000000000, 1.000000000000000000 ) ) ;
#8009 = DIRECTION ( 'NONE',  ( 0.000000000000000000, 0.000000000000000000, -1.000000000000000000 ) ) ;
#8010 = CIRCLE ( 'NONE', #4086, 6.000000000000000000 ) ;
#8011 = ORIENTED_EDGE ( 'NONE', *, *, #5881, .T. ) ;
#8012 = VERTEX_POINT ( 'NONE', #4310 ) ;
#8013 = DIRECTION ( 'NONE',  ( 0.000000000000000000, 0.000000000000000000, -1.000000000000000000 ) ) ;
#8014 = CARTESIAN_POINT ( 'NONE',  ( 6.500000000000000000, 25.13397459621599950, 0.000000000000000000 ) ) ;
#8015 = ORIENTED_EDGE ( 'NONE', *, *, #8033, .T. ) ;
#8016 = DIRECTION ( 'NONE',  ( 0.000000000000000000, -1.000000000000000000, 0.000000000000000000 ) ) ;
#8017 = ADVANCED_FACE ( 'NONE', ( #5068, #6875 ), #1850, .T. ) ;
#8018 = DIRECTION ( 'NONE',  ( -1.000000000000000000, 0.000000000000000000, 0.000000000000000000 ) ) ;
#8019 = CIRCLE ( 'NONE', #7674, 1.499999999999999556 ) ;
#8020 = EDGE_CURVE ( 'NONE', #8861, #2358, #7624, .T. ) ;
#8021 = CARTESIAN_POINT ( 'NONE',  ( -8.015521883131919267, -26.00000000000000000, -4.000000000000000000 ) ) ;
#8022 = ADVANCED_FACE ( 'NONE', ( #3451 ), #6720, .F. ) ;
#8023 = ADVANCED_FACE ( 'NONE', ( #10027 ), #5245, .F. ) ;
#8024 = ORIENTED_EDGE ( 'NONE', *, *, #3254, .F. ) ;
#8025 = ORIENTED_EDGE ( 'NONE', *, *, #5307, .T. ) ;
#8026 = VERTEX_POINT ( 'NONE', #9275 ) ;
#8027 = CARTESIAN_POINT ( 'NONE',  ( -12.00000000000000000, 16.00000000000000000, -141.0414999999999850 ) ) ;
#8028 = DIRECTION ( 'NONE',  ( 1.000000000000000000, 0.000000000000000000, 0.000000000000000000 ) ) ;
#8029 = ORIENTED_EDGE ( 'NONE', *, *, #1163, .F. ) ;
#8030 = DIRECTION ( 'NONE',  ( 1.000000000000000000, 0.000000000000000000, 0.000000000000000000 ) ) ;
#8031 = ORIENTED_EDGE ( 'NONE', *, *, #10050, .F. ) ;
#8032 = CARTESIAN_POINT ( 'NONE',  ( 12.00000000000000000, -16.00000000000000000, -143.5000000000000000 ) ) ;
#8033 = EDGE_CURVE ( 'NONE', #2110, #2377, #6616, .T. ) ;
#8034 = CARTESIAN_POINT ( 'NONE',  ( -1.500000000000000000, 19.80000000000000071, -12.28299999999395986 ) ) ;
#8035 = PLANE ( 'NONE',  #8634 ) ;
#8036 = EDGE_CURVE ( 'NONE', #1451, #2965, #1994, .T. ) ;
#8037 = CARTESIAN_POINT ( 'NONE',  ( 8.350043717725890602, 24.46993798640704654, -151.9129407172322033 ) ) ;
#8038 = ORIENTED_EDGE ( 'NONE', *, *, #3737, .T. ) ;
#8039 = ORIENTED_EDGE ( 'NONE', *, *, #3410, .T. ) ;
#8040 = ORIENTED_EDGE ( 'NONE', *, *, #6851, .T. ) ;
#8041 = CARTESIAN_POINT ( 'NONE',  ( 11.79999999999944116, -16.00000000000000000, -8.500000000000000000 ) ) ;
#8042 = CARTESIAN_POINT ( 'NONE',  ( 0.000000000000000000, 0.000000000000000000, 8.599999999999999645 ) ) ;
#8043 = EDGE_LOOP ( 'NONE', ( #6604, #3022, #7962, #7896, #3430, #3958, #9347, #7240, #8928, #8370, #6382, #6152, #8627 ) ) ;
#8044 = CARTESIAN_POINT ( 'NONE',  ( 12.00000000000000000, 16.00000000000000000, -145.9584999999999866 ) ) ;
#8045 = EDGE_CURVE ( 'NONE', #9284, #6374, #9676, .T. ) ;
#8046 = DIRECTION ( 'NONE',  ( 1.000000000000000000, 0.000000000000000000, 0.000000000000000000 ) ) ;
#8047 = CARTESIAN_POINT ( 'NONE',  ( -1.200000000000553957, 32.99999999999945288, -135.0000000000000000 ) ) ;
#8048 = DIRECTION ( 'NONE',  ( 0.000000000000000000, 0.000000000000000000, 1.000000000000000000 ) ) ;
#8049 = AXIS2_PLACEMENT_3D ( 'NONE', #6653, #7392, #4941 ) ;
#8050 = AXIS2_PLACEMENT_3D ( 'NONE', #9933, #10085, #4428 ) ;
#8051 = LINE ( 'NONE', #6452, #6060 ) ;
#8052 = PLANE ( 'NONE',  #9 ) ;
#8053 = EDGE_LOOP ( 'NONE', ( #3075, #9396, #9362, #1407 ) ) ;
#8054 = DIRECTION ( 'NONE',  ( -1.000000000000000000, 0.000000000000000000, 0.000000000000000000 ) ) ;
#8055 = ORIENTED_EDGE ( 'NONE', *, *, #3574, .F. ) ;
#8056 = DIRECTION ( 'NONE',  ( 0.000000000000000000, -1.000000000000000000, 0.000000000000000000 ) ) ;
#8057 = CARTESIAN_POINT ( 'NONE',  ( 6.500023202265326816, 26.54589656123411956, -151.9282106845762144 ) ) ;
#8058 = FACE_OUTER_BOUND ( 'NONE', #678, .T. ) ;
#8059 = AXIS2_PLACEMENT_3D ( 'NONE', #6942, #2065, #6782 ) ;
#8060 = ORIENTED_EDGE ( 'NONE', *, *, #7833, .T. ) ;
#8061 = VECTOR ( 'NONE', #36, 1000.000000000000000 ) ;
#8062 = ORIENTED_EDGE ( 'NONE', *, *, #5424, .F. ) ;
#8063 = CARTESIAN_POINT ( 'NONE',  ( 0.000000000000000000, -18.45850000000000080, -145.9584999999999866 ) ) ;
#8064 = CARTESIAN_POINT ( 'NONE',  ( 0.000000000000000000, 0.000000000000000000, 3.600000000000000089 ) ) ;
#8065 = CARTESIAN_POINT ( 'NONE',  ( -12.00000000000000000, -16.00000000000000000, -143.5000000000000000 ) ) ;
#8066 = CARTESIAN_POINT ( 'NONE',  ( 8.000000000000310862, 26.00000000000000000, -4.000000000000000000 ) ) ;
#8067 = DIRECTION ( 'NONE',  ( 0.8660254037842978203, -0.5000000000002440270, 0.000000000000000000 ) ) ;
#8068 = EDGE_CURVE ( 'NONE', #5235, #6637, #5925, .T. ) ;
#8069 = AXIS2_PLACEMENT_3D ( 'NONE', #175, #9223, #3449 ) ;
#8070 = DIRECTION ( 'NONE',  ( 0.000000000000000000, 0.000000000000000000, 1.000000000000000000 ) ) ;
#8071 = AXIS2_PLACEMENT_3D ( 'NONE', #5205, #5903, #1832 ) ;
#8072 = ORIENTED_EDGE ( 'NONE', *, *, #5105, .T. ) ;
#8073 = ORIENTED_EDGE ( 'NONE', *, *, #835, .T. ) ;
#8074 = ORIENTED_EDGE ( 'NONE', *, *, #9355, .F. ) ;
#8075 = ORIENTED_EDGE ( 'NONE', *, *, #87, .T. ) ;
#8076 = FACE_BOUND ( 'NONE', #6515, .T. ) ;
#8077 = DIRECTION ( 'NONE',  ( -1.000000000000000000, 0.000000000000000000, 0.000000000000000000 ) ) ;
#8078 = VERTEX_POINT ( 'NONE', #551 ) ;
#8079 = AXIS2_PLACEMENT_3D ( 'NONE', #3861, #3912, #9510 ) ;
#8080 = CARTESIAN_POINT ( 'NONE',  ( -7.478439463458860459, -27.43092769139809661, -0.1267595574999732244 ) ) ;
#8081 = DIRECTION ( 'NONE',  ( 1.000000000000000000, 0.000000000000000000, 0.000000000000000000 ) ) ;
#8082 = CARTESIAN_POINT ( 'NONE',  ( -12.00000000000000000, -16.00000000000000000, -6.041500000000000092 ) ) ;
#8083 = DIRECTION ( 'NONE',  ( 1.000000000000000000, 0.000000000000000000, 0.000000000000000000 ) ) ;
#8084 = ORIENTED_EDGE ( 'NONE', *, *, #10235, .F. ) ;
#8085 = ORIENTED_EDGE ( 'NONE', *, *, #10428, .T. ) ;
#8086 = EDGE_LOOP ( 'NONE', ( #3329, #7589, #3379, #7980 ) ) ;
#8087 = CARTESIAN_POINT ( 'NONE',  ( -2.458500000000000352, -16.00000000000000000, -10.95849999999999902 ) ) ;
#8088 = EDGE_CURVE ( 'NONE', #6556, #5602, #6932, .T. ) ;
#8089 = CARTESIAN_POINT ( 'NONE',  ( -9.054515337856960500, -24.87663877744299867, -151.8962886825682119 ) ) ;
#8090 = ORIENTED_EDGE ( 'NONE', *, *, #4587, .F. ) ;
#8091 = CARTESIAN_POINT ( 'NONE',  ( 0.000000000000000000, 0.000000000000000000, -152.0000000000000000 ) ) ;
#8092 = VECTOR ( 'NONE', #7438, 1000.000000000000000 ) ;
#8093 = CARTESIAN_POINT ( 'NONE',  ( 8.000000000000000000, 26.00000000000000000, -3.899999999999999911 ) ) ;
#8094 = APPLICATION_CONTEXT ( 'automotive_design' ) ;
#8095 = AXIS2_PLACEMENT_3D ( 'NONE', #9825, #26, #9875 ) ;
#8096 = DIRECTION ( 'NONE',  ( 1.000000000000000000, 0.000000000000000000, 0.000000000000000000 ) ) ;
#8097 = CARTESIAN_POINT ( 'NONE',  ( 1.738422021547139984, -17.73842202154714798, -10.23842202154713910 ) ) ;
#8098 = CYLINDRICAL_SURFACE ( 'NONE', #409, 13.99999999999321965 ) ;
#8099 = VECTOR ( 'NONE', #1385, 1000.000000000000000 ) ;
#8100 = AXIS2_PLACEMENT_3D ( 'NONE', #127, #7349, #774 ) ;
#8101 = EDGE_CURVE ( 'NONE', #5856, #7866, #7122, .T. ) ;
#8102 = VECTOR ( 'NONE', #304, 1000.000000000000000 ) ;
#8103 = AXIS2_PLACEMENT_3D ( 'NONE', #4417, #3508, #5119 ) ;
#8104 = CARTESIAN_POINT ( 'NONE',  ( 0.000000000000000000, 0.000000000000000000, 3.600000000000000089 ) ) ;
#8105 = EDGE_LOOP ( 'NONE', ( #6512, #546, #4021, #3460, #5608, #10484 ) ) ;
#8106 = DIRECTION ( 'NONE',  ( -0.5000000000002338130, -0.8660254037843035935, 0.000000000000000000 ) ) ;
#8107 = APPLICATION_PROTOCOL_DEFINITION ( 'draft international standard', 'automotive_design', 1998, #2284 ) ;
#8108 = ORIENTED_EDGE ( 'NONE', *, *, #560, .F. ) ;
#8109 = DIRECTION ( 'NONE',  ( 1.000000000000000000, 0.000000000000000000, 0.000000000000000000 ) ) ;
#8110 = VECTOR ( 'NONE', #9899, 1000.000000000000000 ) ;
#8111 = CIRCLE ( 'NONE', #3849, 5.200000000000559730 ) ;
#8112 = CIRCLE ( 'NONE', #7948, 1.499999999999999556 ) ;
#8113 =( BOUNDED_CURVE ( )  B_SPLINE_CURVE ( 3, ( #6252, #5660, #3099, #1436 ),
 .UNSPECIFIED., .F., .F. ) 
 B_SPLINE_CURVE_WITH_KNOTS ( ( 4, 4 ),
 ( 5.497787143782139729, 6.283185307179590673 ),
 .UNSPECIFIED. ) 
 CURVE ( )  GEOMETRIC_REPRESENTATION_ITEM ( )  RATIONAL_B_SPLINE_CURVE ( ( 1.000000000000000000, 0.9492530216741910110, 0.9492530216741910110, 1.000000000000000000 ) ) 
 REPRESENTATION_ITEM ( '' )  );
#8114 = CONICAL_SURFACE ( 'NONE', #3335, 1.720000000000000195, 1.047197551196586307 ) ;
#8115 = DIRECTION ( 'NONE',  ( 1.000000000000000000, -3.751159154633074911E-16, 0.000000000000000000 ) ) ;
#8116 = ADVANCED_FACE ( 'NONE', ( #6179, #5385, #2270 ), #5488, .T. ) ;
#8117 = EDGE_LOOP ( 'NONE', ( #3261, #6414, #8561, #1697, #908, #9206, #6967 ) ) ;
#8118 = CIRCLE ( 'NONE', #9313, 4.000000000000305533 ) ;
#8119 = DIRECTION ( 'NONE',  ( 0.8660254037842978203, -0.5000000000002440270, 0.000000000000000000 ) ) ;
#8120 = EDGE_LOOP ( 'NONE', ( #5086, #4191, #549, #6686, #4952 ) ) ;
#8121 = EDGE_CURVE ( 'NONE', #5315, #4041, #6128, .T. ) ;
#8122 = CARTESIAN_POINT ( 'NONE',  ( 9.500000000000000000, 26.86602540378400050, -150.0000000000000000 ) ) ;
#8123 = LINE ( 'NONE', #4805, #2130 ) ;
#8124 = LINE ( 'NONE', #8175, #7339 ) ;
#8125 = CARTESIAN_POINT ( 'NONE',  ( 8.000000000000000000, 26.00000000000000000, -150.0000000000000000 ) ) ;
#8126 = CARTESIAN_POINT ( 'NONE',  ( -6.850000000000000533, 35.00000000000000000, -135.0000000000000000 ) ) ;
#8127 = PLANE ( 'NONE',  #8438 ) ;
#8128 = ORIENTED_EDGE ( 'NONE', *, *, #422, .F. ) ;
#8129 = VERTEX_POINT ( 'NONE', #1311 ) ;
#8130 = VERTEX_POINT ( 'NONE', #2173 ) ;
#8131 = CARTESIAN_POINT ( 'NONE',  ( 3.647273485673900417, 22.00000000000000000, -4.000000000000000000 ) ) ;
#8132 = DIRECTION ( 'NONE',  ( 0.000000000000000000, 0.000000000000000000, -1.000000000000000000 ) ) ;
#8133 = VECTOR ( 'NONE', #6227, 999.9999999999998863 ) ;
#8134 = ORIENTED_EDGE ( 'NONE', *, *, #6146, .F. ) ;
#8135 = DIRECTION ( 'NONE',  ( -3.751159154633074911E-16, -1.000000000000000000, 0.000000000000000000 ) ) ;
#8136 = ADVANCED_FACE ( 'NONE', ( #4741 ), #2864, .F. ) ;
#8137 = AXIS2_PLACEMENT_3D ( 'NONE', #8882, #2154, #3871 ) ;
#8138 = FACE_OUTER_BOUND ( 'NONE', #7448, .T. ) ;
#8139 = AXIS2_PLACEMENT_3D ( 'NONE', #5172, #1201, #5227 ) ;
#8140 = PLANE ( 'NONE',  #5721 ) ;
#8141 = VECTOR ( 'NONE', #7506, 1000.000000000000000 ) ;
#8142 = PLANE ( 'NONE',  #9472 ) ;
#8143 = ORIENTED_EDGE ( 'NONE', *, *, #1116, .F. ) ;
#8144 = ORIENTED_EDGE ( 'NONE', *, *, #3826, .F. ) ;
#8145 = ORIENTED_EDGE ( 'NONE', *, *, #7494, .T. ) ;
#8146 = CARTESIAN_POINT ( 'NONE',  ( -2.114726455570119956, 26.96507328603669862, -17.00000000000000000 ) ) ;
#8147 = AXIS2_PLACEMENT_3D ( 'NONE', #6609, #4489, #7808 ) ;
#8148 = CARTESIAN_POINT ( 'NONE',  ( -1.449999999999445954, 33.20000000000000284, -135.0000000000000000 ) ) ;
#8149 = CARTESIAN_POINT ( 'NONE',  ( 11.84999999999999964, -29.50000000000000000, -135.0000000000000000 ) ) ;
#8150 = VERTEX_POINT ( 'NONE', #9378 ) ;
#8151 = LINE ( 'NONE', #11, #2000 ) ;
#8152 = EDGE_CURVE ( 'NONE', #703, #6651, #3888, .T. ) ;
#8153 = DIRECTION ( 'NONE',  ( 0.000000000000000000, 0.000000000000000000, -1.000000000000000000 ) ) ;
#8154 = CARTESIAN_POINT ( 'NONE',  ( -8.000000000000000000, -26.00000000000000000, -2.866025403784399739 ) ) ;
#8155 = EDGE_CURVE ( 'NONE', #8268, #1028, #2343, .T. ) ;
#8156 = CIRCLE ( 'NONE', #10378, 1.499999999999999556 ) ;
#8157 = CARTESIAN_POINT ( 'NONE',  ( 0.000000000000000000, 0.000000000000000000, 30.00000000000000000 ) ) ;
#8158 = EDGE_CURVE ( 'NONE', #3604, #4796, #4555, .T. ) ;
#8159 = EDGE_CURVE ( 'NONE', #9310, #4211, #1468, .T. ) ;
#8160 = EDGE_CURVE ( 'NONE', #10502, #4964, #3827, .T. ) ;
#8161 = CARTESIAN_POINT ( 'NONE',  ( -11.54999999999999893, 27.50000000000000000, -135.0000000000000000 ) ) ;
#8162 = ORIENTED_EDGE ( 'NONE', *, *, #1165, .F. ) ;
#8163 = DIRECTION ( 'NONE',  ( 0.000000000000000000, 1.000000000000000000, 0.000000000000000000 ) ) ;
#8164 = CIRCLE ( 'NONE', #2695, 2.458500000000000352 ) ;
#8165 = ORIENTED_EDGE ( 'NONE', *, *, #2074, .T. ) ;
#8166 = CARTESIAN_POINT ( 'NONE',  ( -1.500000000000000000, 28.47151703059499539, -4.217000000000000526 ) ) ;
#8167 = CARTESIAN_POINT ( 'NONE',  ( 6.500000000001199929, 26.14308567723274379, -151.8729829407793090 ) ) ;
#8168 = CARTESIAN_POINT ( 'NONE',  ( 7.125126457587513507, 24.77305216501637375, -151.8730948150223412 ) ) ;
#8169 = EDGE_CURVE ( 'NONE', #6147, #5561, #5437, .T. ) ;
#8170 = ORIENTED_EDGE ( 'NONE', *, *, #6154, .T. ) ;
#8171 = PLANE ( 'NONE',  #315 ) ;
#8172 = EDGE_LOOP ( 'NONE', ( #4722, #3641 ) ) ;
#8173 = CARTESIAN_POINT ( 'NONE',  ( 6.521096714233939551, 26.87820559742599968, -152.0000000000000000 ) ) ;
#8174 = LINE ( 'NONE', #4115, #9296 ) ;
#8175 = CARTESIAN_POINT ( 'NONE',  ( -6.850000000000000533, 33.20000000000000284, -135.0000000000000000 ) ) ;
#8176 = DIRECTION ( 'NONE',  ( 0.000000000000000000, 0.000000000000000000, -1.000000000000000000 ) ) ;
#8177 = CARTESIAN_POINT ( 'NONE',  ( 6.500000000000000000, 25.13397459621599950, -2.000000000000000000 ) ) ;
#8178 = VECTOR ( 'NONE', #5520, 1000.000000000000000 ) ;
#8179 = EDGE_CURVE ( 'NONE', #8078, #1635, #7884, .T. ) ;
#8180 = AXIS2_PLACEMENT_3D ( 'NONE', #3173, #7282, #4932 ) ;
#8181 = CARTESIAN_POINT ( 'NONE',  ( -8.200000000000549960, -16.00000000000000000, -8.500000000000000000 ) ) ;
#8182 = ADVANCED_FACE ( 'NONE', ( #6339 ), #1254, .F. ) ;
#8183 = ORIENTED_EDGE ( 'NONE', *, *, #10379, .T. ) ;
#8184 = ORIENTED_EDGE ( 'NONE', *, *, #6009, .T. ) ;
#8185 = ORIENTED_EDGE ( 'NONE', *, *, #4523, .T. ) ;
#8186 = CARTESIAN_POINT ( 'NONE',  ( 9.500000000000000000, 26.86602540378400050, 0.000000000000000000 ) ) ;
#8187 = CIRCLE ( 'NONE', #2036, 3.999999999998716582 ) ;
#8188 = LINE ( 'NONE', #8344, #9804 ) ;
#8189 = VERTEX_POINT ( 'NONE', #3722 ) ;
#8190 = CARTESIAN_POINT ( 'NONE',  ( -7.978903285765479581, -27.71987061392665197, 0.000000000000000000 ) ) ;
#8191 = CARTESIAN_POINT ( 'NONE',  ( -9.500000000000000000, -26.86602540378400050, 0.000000000000000000 ) ) ;
#8192 = CARTESIAN_POINT ( 'NONE',  ( 0.000000000000000000, 16.00000000000000000, 0.000000000000000000 ) ) ;
#8193 = B_SPLINE_CURVE_WITH_KNOTS ( 'NONE', 3,
 ( #7538, #2724, #5193, #8452, #1981, #5836, #9945, #2619, #9302, #4184, #9150, #9896, #1124, #1821, #5091, #4282, #2569, #7440 ),
 .UNSPECIFIED., .F., .F.,
 ( 4, 2, 2, 2, 2, 2, 2, 2, 4 ),
 ( 0.000000000000000000, 0.1249999999999897582, 0.1874999999999899802, 0.2499999999999902300, 0.4999999999999985567, 0.6250000000000033307, 0.6875000000000048850, 0.7500000000000063283, 1.000000000000000000 ),
 .UNSPECIFIED. ) ;
#8194 = DIRECTION ( 'NONE',  ( 1.000000000000000000, -8.673617379883372829E-16, 0.000000000000000000 ) ) ;
#8195 = ORIENTED_EDGE ( 'NONE', *, *, #3326, .F. ) ;
#8196 = ORIENTED_EDGE ( 'NONE', *, *, #7123, .T. ) ;
#8197 = ORIENTED_EDGE ( 'NONE', *, *, #2679, .F. ) ;
#8198 = DIRECTION ( 'NONE',  ( 0.000000000000000000, 0.000000000000000000, 1.000000000000000000 ) ) ;
#8199 = DIRECTION ( 'NONE',  ( 0.000000000000000000, 1.000000000000000000, 0.000000000000000000 ) ) ;
#8200 = DIRECTION ( 'NONE',  ( 1.000000000000000000, 0.000000000000000000, 0.000000000000000000 ) ) ;
#8201 = ORIENTED_EDGE ( 'NONE', *, *, #1640, .F. ) ;
#8202 = DIRECTION ( 'NONE',  ( 0.000000000000000000, 0.000000000000000000, -1.000000000000000000 ) ) ;
#8203 = DIRECTION ( 'NONE',  ( 0.000000000000000000, 0.000000000000000000, 1.000000000000000000 ) ) ;
#8204 = CARTESIAN_POINT ( 'NONE',  ( 12.00000000000000000, 26.00000000000000000, -148.0000000000000000 ) ) ;
#8205 = CARTESIAN_POINT ( 'NONE',  ( -9.500000000000000000, -26.86602540378400050, -150.0000000000000000 ) ) ;
#8206 = DIRECTION ( 'NONE',  ( 1.000000000000000000, 0.000000000000000000, 0.000000000000000000 ) ) ;
#8207 = VECTOR ( 'NONE', #6268, 1000.000000000000000 ) ;
#8208 = EDGE_LOOP ( 'NONE', ( #2920, #6685, #1760, #3111 ) ) ;
#8209 = DIRECTION ( 'NONE',  ( -1.000000000000000000, 0.000000000000000000, 0.000000000000000000 ) ) ;
#8210 = ORIENTED_EDGE ( 'NONE', *, *, #9917, .T. ) ;
#8211 = DIRECTION ( 'NONE',  ( 0.000000000000000000, 0.000000000000000000, -1.000000000000000000 ) ) ;
#8212 = PRODUCT_CONTEXT ( 'NONE', #2284, 'mechanical' ) ;
#8213 = VERTEX_POINT ( 'NONE', #8644 ) ;
#8214 = ADVANCED_FACE ( 'NONE', ( #4583 ), #9431, .F. ) ;
#8215 = DIRECTION ( 'NONE',  ( 0.000000000000000000, 0.000000000000000000, 1.000000000000000000 ) ) ;
#8216 = DIRECTION ( 'NONE',  ( 1.000000000000000000, 0.000000000000000000, 0.000000000000000000 ) ) ;
#8217 = ADVANCED_FACE ( 'NONE', ( #10234 ), #3770, .F. ) ;
#8218 = LINE ( 'NONE', #4856, #2627 ) ;
#8219 = EDGE_CURVE ( 'NONE', #1987, #4349, #7344, .T. ) ;
#8220 = AXIS2_PLACEMENT_3D ( 'NONE', #6, #2530, #5796 ) ;
#8221 = ORIENTED_EDGE ( 'NONE', *, *, #6927, .F. ) ;
#8222 = CARTESIAN_POINT ( 'NONE',  ( 0.000000000000000000, 0.000000000000000000, 2.000000000000000000 ) ) ;
#8223 = ORIENTED_EDGE ( 'NONE', *, *, #1811, .F. ) ;
#8224 = DIRECTION ( 'NONE',  ( 1.000000000000000000, 0.000000000000000000, 0.000000000000000000 ) ) ;
#8225 = CARTESIAN_POINT ( 'NONE',  ( 6.781450238134349107, 27.02852077453446711, -0.08493428410449346821 ) ) ;
#8226 = DIRECTION ( 'NONE',  ( 0.000000000000000000, 1.000000000000000000, 0.000000000000000000 ) ) ;
#8227 = DIRECTION ( 'NONE',  ( 1.000000000000000000, 0.000000000000000000, 0.000000000000000000 ) ) ;
#8228 = EDGE_CURVE ( 'NONE', #9157, #6317, #5079, .T. ) ;
#8229 = LINE ( 'NONE', #9033, #6790 ) ;
#8230 = CIRCLE ( 'NONE', #5664, 5.000000000000000000 ) ;
#8231 = DIRECTION ( 'NONE',  ( 0.000000000000000000, 0.000000000000000000, 1.000000000000000000 ) ) ;
#8232 = EDGE_CURVE ( 'NONE', #4065, #7082, #8829, .T. ) ;
#8233 = AXIS2_PLACEMENT_3D ( 'NONE', #7686, #1054, #4321 ) ;
#8234 =( BOUNDED_CURVE ( )  B_SPLINE_CURVE ( 3, ( #3562, #10130, #4370, #5175 ),
 .UNSPECIFIED., .F., .F. ) 
 B_SPLINE_CURVE_WITH_KNOTS ( ( 4, 4 ),
 ( 3.141592653589795336, 4.712388980384689674 ),
 .UNSPECIFIED. ) 
 CURVE ( )  GEOMETRIC_REPRESENTATION_ITEM ( )  RATIONAL_B_SPLINE_CURVE ( ( 1.000000000000000000, 0.8047378541243649375, 0.8047378541243649375, 1.000000000000000000 ) ) 
 REPRESENTATION_ITEM ( '' )  );
#8235 = VERTEX_POINT ( 'NONE', #4839 ) ;
#8236 = EDGE_CURVE ( 'NONE', #3965, #4474, #6264, .T. ) ;
#8237 = ORIENTED_EDGE ( 'NONE', *, *, #8813, .F. ) ;
#8238 = ORIENTED_EDGE ( 'NONE', *, *, #6725, .T. ) ;
#8239 = PLANE ( 'NONE',  #3212 ) ;
#8240 = DIRECTION ( 'NONE',  ( 0.000000000000000000, 1.000000000000000000, 0.000000000000000000 ) ) ;
#8241 = EDGE_LOOP ( 'NONE', ( #5624, #7391, #1074, #3758, #197, #9547, #10162 ) ) ;
#8242 = DIRECTION ( 'NONE',  ( 1.000000000000000000, 0.000000000000000000, 0.000000000000000000 ) ) ;
#8243 = AXIS2_PLACEMENT_3D ( 'NONE', #9550, #5545, #5496 ) ;
#8244 = AXIS2_PLACEMENT_3D ( 'NONE', #4365, #5919, #2593 ) ;
#8245 = CARTESIAN_POINT ( 'NONE',  ( -9.220121364029951749, -27.02761340960183389, -0.08442158543722333430 ) ) ;
#8246 = VECTOR ( 'NONE', #1463, 1000.000000000000227 ) ;
#8247 = DIRECTION ( 'NONE',  ( 1.000000000000000000, 0.000000000000000000, 0.000000000000000000 ) ) ;
#8248 = CARTESIAN_POINT ( 'NONE',  ( 12.00000000000000000, -26.00000000000000000, -135.0000000000000000 ) ) ;
#8249 = ADVANCED_FACE ( 'NONE', ( #771 ), #9749, .T. ) ;
#8250 = ORIENTED_EDGE ( 'NONE', *, *, #2601, .T. ) ;
#8251 = ORIENTED_EDGE ( 'NONE', *, *, #8351, .T. ) ;
#8252 = ORIENTED_EDGE ( 'NONE', *, *, #5144, .F. ) ;
#8253 = DIRECTION ( 'NONE',  ( 9.293161478447019041E-17, -1.000000000000000000, 0.000000000000000000 ) ) ;
#8254 = CARTESIAN_POINT ( 'NONE',  ( 6.500000000000000000, 25.45830645248635449, -0.08474813541866667299 ) ) ;
#8255 = CARTESIAN_POINT ( 'NONE',  ( 8.000000000000000000, 26.00000000000000000, 0.000000000000000000 ) ) ;
#8256 = CIRCLE ( 'NONE', #2276, 5.049999999999999822 ) ;
#8257 = EDGE_LOOP ( 'NONE', ( #4980, #8664, #8145, #5346, #1527 ) ) ;
#8258 = CARTESIAN_POINT ( 'NONE',  ( -9.500000000000000000, -25.13397459621599950, -150.0000000000000000 ) ) ;
#8259 = DIRECTION ( 'NONE',  ( 0.000000000000000000, 1.000000000000000000, 0.000000000000000000 ) ) ;
#8260 = LINE ( 'NONE', #9702, #5862 ) ;
#8261 = VECTOR ( 'NONE', #4032, 1000.000000000000114 ) ;
#8262 = DIRECTION ( 'NONE',  ( 1.000000000000000000, 0.000000000000000000, 0.000000000000000000 ) ) ;
#8263 = VERTEX_POINT ( 'NONE', #7195 ) ;
#8264 = EDGE_CURVE ( 'NONE', #4954, #7911, #1888, .T. ) ;
#8265 = DIRECTION ( 'NONE',  ( 1.000000000000000000, 0.000000000000000000, 0.000000000000000000 ) ) ;
#8266 = ORIENTED_EDGE ( 'NONE', *, *, #10586, .T. ) ;
#8267 = DIRECTION ( 'NONE',  ( 0.000000000000000000, 0.000000000000000000, 1.000000000000000000 ) ) ;
#8268 = VERTEX_POINT ( 'NONE', #10564 ) ;
#8269 = CONICAL_SURFACE ( 'NONE', #9792, 2.458500000000000352, 0.7853981633974490562 ) ;
#8270 = CARTESIAN_POINT ( 'NONE',  ( 1.738422021547135099, -17.73842202154714798, -141.7615779784529764 ) ) ;
#8271 = CARTESIAN_POINT ( 'NONE',  ( 1.649999999999999911, 34.60000000000059828, -135.0000000000000000 ) ) ;
#8272 = FACE_OUTER_BOUND ( 'NONE', #8086, .T. ) ;
#8273 = AXIS2_PLACEMENT_3D ( 'NONE', #3138, #1471, #4531 ) ;
#8274 = CONICAL_SURFACE ( 'NONE', #1440, 1.720000000000000195, 1.047197551196586307 ) ;
#8275 = VECTOR ( 'NONE', #7946, 1000.000000000000227 ) ;
#8276 = AXIS2_PLACEMENT_3D ( 'NONE', #7681, #1047, #1855 ) ;
#8277 = DIRECTION ( 'NONE',  ( 0.000000000000000000, 0.000000000000000000, 1.000000000000000000 ) ) ;
#8278 = ORIENTED_EDGE ( 'NONE', *, *, #7050, .T. ) ;
#8279 = AXIS2_PLACEMENT_3D ( 'NONE', #3878, #4456, #2047 ) ;
#8280 = DIRECTION ( 'NONE',  ( 1.000000000000000000, 0.000000000000000000, 0.000000000000000000 ) ) ;
#8281 = CARTESIAN_POINT ( 'NONE',  ( -6.643495566473450964, -25.05113796323336928, -151.9620123774463423 ) ) ;
#8282 = DIRECTION ( 'NONE',  ( 0.000000000000000000, 0.000000000000000000, 1.000000000000000000 ) ) ;
#8283 = AXIS2_PLACEMENT_3D ( 'NONE', #1786, #9963, #8318 ) ;
#8284 = LINE ( 'NONE', #2398, #6866 ) ;
#8285 = VECTOR ( 'NONE', #461, 1000.000000000000000 ) ;
#8286 = CARTESIAN_POINT ( 'NONE',  ( 0.000000000000000000, -16.00000000000000000, -0.7915000000000169678 ) ) ;
#8287 = AXIS2_PLACEMENT_3D ( 'NONE', #9047, #4988, #8247 ) ;
#8288 = DIRECTION ( 'NONE',  ( 0.000000000000000000, 0.000000000000000000, 1.000000000000000000 ) ) ;
#8289 = EDGE_CURVE ( 'NONE', #6384, #8012, #8659, .T. ) ;
#8290 = AXIS2_PLACEMENT_3D ( 'NONE', #4585, #3725, #6982 ) ;
#8291 = ADVANCED_FACE ( 'NONE', ( #3943 ), #10456, .F. ) ;
#8292 = EDGE_CURVE ( 'NONE', #5770, #4390, #5693, .T. ) ;
#8293 = EDGE_LOOP ( 'NONE', ( #6186, #573, #1219, #9841, #7964, #6149 ) ) ;
#8294 = ORIENTED_EDGE ( 'NONE', *, *, #10173, .F. ) ;
#8295 = ORIENTED_EDGE ( 'NONE', *, *, #5807, .T. ) ;
#8296 = FACE_OUTER_BOUND ( 'NONE', #9208, .T. ) ;
#8297 = CARTESIAN_POINT ( 'NONE',  ( 1.399999999999385958, 30.00000000000000000, -135.0000000000000000 ) ) ;
#8298 = ORIENTED_EDGE ( 'NONE', *, *, #6281, .T. ) ;
#8299 = CARTESIAN_POINT ( 'NONE',  ( 6.500000000000000000, 25.15833498349994812, -152.0000000000000000 ) ) ;
#8300 = DIRECTION ( 'NONE',  ( 0.000000000000000000, 0.000000000000000000, -1.000000000000000000 ) ) ;
#8301 = CARTESIAN_POINT ( 'NONE',  ( -8.500000000000000000, 25.50000000000000000, -111.0000000000000000 ) ) ;
#8302 =( BOUNDED_CURVE ( )  B_SPLINE_CURVE ( 3, ( #3287, #6613, #5749, #8097 ),
 .UNSPECIFIED., .F., .F. ) 
 B_SPLINE_CURVE_WITH_KNOTS ( ( 4, 4 ),
 ( 0.000000000000000000, 0.7853981633974469467 ),
 .UNSPECIFIED. ) 
 CURVE ( )  GEOMETRIC_REPRESENTATION_ITEM ( )  RATIONAL_B_SPLINE_CURVE ( ( 1.000000000000000000, 0.9492530216741910110, 0.9492530216741910110, 1.000000000000000000 ) ) 
 REPRESENTATION_ITEM ( '' )  );
#8303 = AXIS2_PLACEMENT_3D ( 'NONE', #1251, #1409, #548 ) ;
#8304 = ADVANCED_FACE ( 'NONE', ( #10510 ), #1481, .F. ) ;
#8305 = LINE ( 'NONE', #5841, #1964 ) ;
#8306 = ORIENTED_EDGE ( 'NONE', *, *, #2013, .F. ) ;
#8307 = VERTEX_POINT ( 'NONE', #9860 ) ;
#8308 = ORIENTED_EDGE ( 'NONE', *, *, #7690, .F. ) ;
#8309 = CARTESIAN_POINT ( 'NONE',  ( 11.79999999999944116, -16.00000000000000000, -13.50000000000000000 ) ) ;
#8310 = CARTESIAN_POINT ( 'NONE',  ( -1.449999999999445954, 33.40000000000054570, -152.0010000000000048 ) ) ;
#8311 = AXIS2_PLACEMENT_3D ( 'NONE', #5419, #3109, #2251 ) ;
#8312 = VERTEX_POINT ( 'NONE', #9700 ) ;
#8313 = DIRECTION ( 'NONE',  ( 1.000000000000000000, 0.000000000000000000, 0.000000000000000000 ) ) ;
#8314 = EDGE_CURVE ( 'NONE', #2743, #8514, #3987, .T. ) ;
#8315 = DIRECTION ( 'NONE',  ( 0.000000000000000000, 0.000000000000000000, 1.000000000000000000 ) ) ;
#8316 = DIRECTION ( 'NONE',  ( 0.000000000000000000, 0.000000000000000000, 1.000000000000000000 ) ) ;
#8317 = ADVANCED_FACE ( 'NONE', ( #67 ), #1626, .T. ) ;
#8318 = DIRECTION ( 'NONE',  ( -1.000000000000000000, 0.000000000000000000, 0.000000000000000000 ) ) ;
#8319 = VECTOR ( 'NONE', #1434, 1000.000000000000000 ) ;
#8320 = EDGE_CURVE ( 'NONE', #10464, #7336, #2536, .T. ) ;
#8321 = AXIS2_PLACEMENT_3D ( 'NONE', #664, #4631, #10182 ) ;
#8322 = DIRECTION ( 'NONE',  ( 0.7071067811864980568, 8.659560562354328887E-17, -0.7071067811865969777 ) ) ;
#8323 = ORIENTED_EDGE ( 'NONE', *, *, #778, .T. ) ;
#8324 = DIRECTION ( 'NONE',  ( 0.000000000000000000, 0.000000000000000000, 1.000000000000000000 ) ) ;
#8325 = DIRECTION ( 'NONE',  ( 0.000000000000000000, 0.000000000000000000, 1.000000000000000000 ) ) ;
#8326 = ORIENTED_EDGE ( 'NONE', *, *, #3983, .T. ) ;
#8327 = DIRECTION ( 'NONE',  ( -1.000000000000000000, 0.000000000000000000, 0.000000000000000000 ) ) ;
#8328 = DIRECTION ( 'NONE',  ( 0.000000000000000000, 0.000000000000000000, -1.000000000000000000 ) ) ;
#8329 = AXIS2_PLACEMENT_3D ( 'NONE', #3720, #8741, #1411 ) ;
#8330 = CARTESIAN_POINT ( 'NONE',  ( -1.500000000000000000, 20.30000000000605098, -143.5000000000000000 ) ) ;
#8331 = CARTESIAN_POINT ( 'NONE',  ( -3.647273485673900417, -22.00000000000000000, 0.000000000000000000 ) ) ;
#8332 = AXIS2_PLACEMENT_3D ( 'NONE', #4644, #3736, #6352 ) ;
#8333 = CARTESIAN_POINT ( 'NONE',  ( -0.4999999999993789968, -25.50000000000000000, -111.0000000000000000 ) ) ;
#8334 = EDGE_LOOP ( 'NONE', ( #3471, #8144, #1356, #3920, #6892, #1060, #2204, #2372, #2157, #3181, #2227, #6666, #2362, #5739, #147, #1706, #10346, #4438, #2248 ) ) ;
#8335 = LINE ( 'NONE', #1963, #2756 ) ;
#8336 = LINE ( 'NONE', #1858, #8616 ) ;
#8337 = LINE ( 'NONE', #7579, #2411 ) ;
#8338 = CARTESIAN_POINT ( 'NONE',  ( -6.500030921695348241, -25.64510169551390106, -151.8968182586537807 ) ) ;
#8339 = DIRECTION ( 'NONE',  ( 0.000000000000000000, 0.000000000000000000, -1.000000000000000000 ) ) ;
#8340 = VERTEX_POINT ( 'NONE', #9009 ) ;
#8341 = ORIENTED_EDGE ( 'NONE', *, *, #1045, .F. ) ;
#8342 = VERTEX_POINT ( 'NONE', #4147 ) ;
#8343 = CARTESIAN_POINT ( 'NONE',  ( 8.000000000000000000, 24.26794919243099713, -150.0000000000000000 ) ) ;
#8344 = CARTESIAN_POINT ( 'NONE',  ( -6.500000000000000000, -26.86602540378400050, -152.0000000000000000 ) ) ;
#8345 = ORIENTED_EDGE ( 'NONE', *, *, #7891, .F. ) ;
#8346 = LINE ( 'NONE', #1868, #5354 ) ;
#8347 = DIRECTION ( 'NONE',  ( -0.5000000000002338130, -0.8660254037843035935, 0.000000000000000000 ) ) ;
#8348 = AXIS2_PLACEMENT_3D ( 'NONE', #9415, #485, #2954 ) ;
#8349 = ADVANCED_FACE ( 'NONE', ( #7398 ), #5801, .F. ) ;
#8350 = LINE ( 'NONE', #4284, #394 ) ;
#8351 = EDGE_CURVE ( 'NONE', #7806, #4535, #1522, .T. ) ;
#8352 = DIRECTION ( 'NONE',  ( 0.000000000000000000, 0.000000000000000000, -1.000000000000000000 ) ) ;
#8353 = EDGE_CURVE ( 'NONE', #5294, #5147, #1930, .T. ) ;
#8354 = DIRECTION ( 'NONE',  ( 1.000000000000000000, 0.000000000000000000, 0.000000000000000000 ) ) ;
#8355 = ORIENTED_EDGE ( 'NONE', *, *, #9151, .F. ) ;
#8356 = ORIENTED_EDGE ( 'NONE', *, *, #4647, .T. ) ;
#8357 = EDGE_LOOP ( 'NONE', ( #3357, #5066, #1235, #8977 ) ) ;
#8358 = DIRECTION ( 'NONE',  ( 0.000000000000000000, 0.000000000000000000, -1.000000000000000000 ) ) ;
#8359 = LINE ( 'NONE', #162, #3465 ) ;
#8360 = ORIENTED_EDGE ( 'NONE', *, *, #2286, .T. ) ;
#8361 = EDGE_CURVE ( 'NONE', #656, #8838, #1485, .T. ) ;
#8362 = DIRECTION ( 'NONE',  ( 0.000000000000000000, 0.000000000000000000, 1.000000000000000000 ) ) ;
#8363 = ADVANCED_FACE ( 'NONE', ( #3388 ), #4199, .F. ) ;
#8364 = CARTESIAN_POINT ( 'NONE',  ( 7.299999999999450040, 33.20000000000000284, -17.00000000000000000 ) ) ;
#8365 = DIRECTION ( 'NONE',  ( 0.000000000000000000, 0.000000000000000000, 1.000000000000000000 ) ) ;
#8366 = FACE_OUTER_BOUND ( 'NONE', #6703, .T. ) ;
#8367 = VECTOR ( 'NONE', #3304, 999.9999999999998863 ) ;
#8368 = EDGE_LOOP ( 'NONE', ( #9207, #2403 ) ) ;
#8369 = CARTESIAN_POINT ( 'NONE',  ( 9.500000000000000000, 25.13397459621599950, -152.0000000000000000 ) ) ;
#8370 = ORIENTED_EDGE ( 'NONE', *, *, #9264, .T. ) ;
#8371 = EDGE_CURVE ( 'NONE', #9440, #7101, #9164, .T. ) ;
#8372 = CARTESIAN_POINT ( 'NONE',  ( 0.000000000000000000, 0.000000000000000000, -145.0000000000000000 ) ) ;
#8373 = ORIENTED_EDGE ( 'NONE', *, *, #5734, .T. ) ;
#8374 = CYLINDRICAL_SURFACE ( 'NONE', #1922, 2.458500000000000796 ) ;
#8375 = CARTESIAN_POINT ( 'NONE',  ( 8.015521883131919267, 22.00000000000000000, -4.000000000000000000 ) ) ;
#8376 = FACE_OUTER_BOUND ( 'NONE', #2493, .T. ) ;
#8377 = DIRECTION ( 'NONE',  ( 0.000000000000000000, 0.000000000000000000, -1.000000000000000000 ) ) ;
#8378 = DIRECTION ( 'NONE',  ( -1.000000000000000000, 0.000000000000000000, 0.000000000000000000 ) ) ;
#8379 = ORIENTED_EDGE ( 'NONE', *, *, #6092, .T. ) ;
#8380 = CARTESIAN_POINT ( 'NONE',  ( -9.719999999999998863, -26.00000000000000000, -152.0000000000000000 ) ) ;
#8381 = LINE ( 'NONE', #2606, #237 ) ;
#8382 = CARTESIAN_POINT ( 'NONE',  ( 8.000000000000000000, 26.00000000000000000, -4.000000000000000000 ) ) ;
#8383 = DIRECTION ( 'NONE',  ( 0.000000000000000000, 0.000000000000000000, 1.000000000000000000 ) ) ;
#8385 = AXIS2_PLACEMENT_3D ( 'NONE', #2277, #4746, #6402 ) ;
#8384 = DIRECTION ( 'NONE',  ( 0.000000000000000000, 0.000000000000000000, -1.000000000000000000 ) ) ;
#8386 = AXIS2_PLACEMENT_3D ( 'NONE', #2578, #9955, #8358 ) ;
#8387 = CIRCLE ( 'NONE', #4972, 3.400000000000000355 ) ;
#8388 = ORIENTED_EDGE ( 'NONE', *, *, #3085, .T. ) ;
#8389 = ORIENTED_EDGE ( 'NONE', *, *, #69, .T. ) ;
#8390 = EDGE_LOOP ( 'NONE', ( #1597, #5530, #3868, #3654 ) ) ;
#8391 = CARTESIAN_POINT ( 'NONE',  ( -6.500000000000000000, -26.86602540378400050, -152.0000000000000000 ) ) ;
#8392 = DIRECTION ( 'NONE',  ( 1.000000000000000000, 3.710638451287289914E-16, 0.000000000000000000 ) ) ;
#8393 = VERTEX_POINT ( 'NONE', #272 ) ;
#8394 = PLANE ( 'NONE',  #2072 ) ;
#8395 = CARTESIAN_POINT ( 'NONE',  ( 8.000000000001291411, 26.00000000000094857, -17.00000000000000000 ) ) ;
#8396 = EDGE_CURVE ( 'NONE', #9351, #140, #5363, .T. ) ;
#8397 = CYLINDRICAL_SURFACE ( 'NONE', #6104, 4.100000000000000533 ) ;
#8398 = VECTOR ( 'NONE', #3567, 1000.000000000000000 ) ;
#8399 = DIRECTION ( 'NONE',  ( 1.000000000000000000, 0.000000000000000000, 0.000000000000000000 ) ) ;
#8400 = CARTESIAN_POINT ( 'NONE',  ( 8.000000000000000000, 26.00000000000000000, 997.1339745962160350 ) ) ;
#8401 = AXIS2_PLACEMENT_3D ( 'NONE', #9707, #829, #8054 ) ;
#8402 = LINE ( 'NONE', #6649, #6583 ) ;
#8403 = ORIENTED_EDGE ( 'NONE', *, *, #4205, .T. ) ;
#8404 = VERTEX_POINT ( 'NONE', #5907 ) ;
#8405 = ORIENTED_EDGE ( 'NONE', *, *, #6124, .T. ) ;
#8406 = FACE_OUTER_BOUND ( 'NONE', #8591, .T. ) ;
#8407 = AXIS2_PLACEMENT_3D ( 'NONE', #6351, #7106, #3904 ) ;
#8408 = CARTESIAN_POINT ( 'NONE',  ( 9.499954190382576158, 26.33701485561459776, -151.8944892668104956 ) ) ;
#8409 = ORIENTED_EDGE ( 'NONE', *, *, #1594, .T. ) ;
#8410 = ADVANCED_FACE ( 'NONE', ( #5106, #1934 ), #5209, .T. ) ;
#8411 = DIRECTION ( 'NONE',  ( -1.000000000000000000, 0.000000000000000000, 0.000000000000000000 ) ) ;
#8412 = CARTESIAN_POINT ( 'NONE',  ( 9.500000000000007105, 26.69574731236494358, -0.04122476511452670411 ) ) ;
#8413 = CARTESIAN_POINT ( 'NONE',  ( 0.000000000000000000, 0.000000000000000000, -2.000000000000000000 ) ) ;
#8414 = CIRCLE ( 'NONE', #8069, 8.000000000000619949 ) ;
#8415 = CARTESIAN_POINT ( 'NONE',  ( 9.350000000000001421, 35.00000000000000000, -135.0000000000000000 ) ) ;
#8416 = AXIS2_PLACEMENT_3D ( 'NONE', #547, #1358, #3822 ) ;
#8417 = EDGE_CURVE ( 'NONE', #6743, #10472, #732, .T. ) ;
#8418 = ORIENTED_EDGE ( 'NONE', *, *, #7689, .T. ) ;
#8419 = EDGE_LOOP ( 'NONE', ( #9044, #3145, #9895 ) ) ;
#8420 = ORIENTED_EDGE ( 'NONE', *, *, #8442, .F. ) ;
#8421 = PLANE ( 'NONE',  #661 ) ;
#8422 = LINE ( 'NONE', #4413, #9766 ) ;
#8423 = EDGE_LOOP ( 'NONE', ( #6652, #610, #4813, #3939 ) ) ;
#8424 = CARTESIAN_POINT ( 'NONE',  ( -3.750000000000000000, 7.250000000000000000, -145.5000000000000000 ) ) ;
#8425 = CARTESIAN_POINT ( 'NONE',  ( -8.200000000000549960, -16.00000000000000000, -3.700000000000555289 ) ) ;
#8426 = VECTOR ( 'NONE', #1884, 1000.000000000000000 ) ;
#8427 = CARTESIAN_POINT ( 'NONE',  ( 0.000000000000000000, 0.000000000000000000, -150.0000000000000000 ) ) ;
#8428 = LINE ( 'NONE', #4264, #4195 ) ;
#8429 = EDGE_CURVE ( 'NONE', #1034, #6951, #4351, .T. ) ;
#8430 = CONICAL_SURFACE ( 'NONE', #219, 1732.050807568955179, 1.047197551196617171 ) ;
#8431 = FACE_OUTER_BOUND ( 'NONE', #4411, .T. ) ;
#8432 = ORIENTED_EDGE ( 'NONE', *, *, #6261, .T. ) ;
#8433 = EDGE_CURVE ( 'NONE', #4574, #5155, #2636, .T. ) ;
#8434 = CARTESIAN_POINT ( 'NONE',  ( -12.00000000000000000, 26.00000000000094857, -135.0000000000000000 ) ) ;
#8435 = CARTESIAN_POINT ( 'NONE',  ( 9.500000000000000000, 25.13397459621599950, -2.000000000000000000 ) ) ;
#8436 = CARTESIAN_POINT ( 'NONE',  ( 4.036001841876315055, -4.255952592457059147, 7.935661521442809452 ) ) ;
#8437 = CARTESIAN_POINT ( 'NONE',  ( -6.500045809614125147, -25.66298514439811740, -151.8944892668106945 ) ) ;
#8438 = AXIS2_PLACEMENT_3D ( 'NONE', #7275, #10589, #3259 ) ;
#8439 = DIRECTION ( 'NONE',  ( 1.000000000000000000, 0.000000000000000000, 0.000000000000000000 ) ) ;
#8440 = VECTOR ( 'NONE', #4687, 999.9999999999998863 ) ;
#8441 = EDGE_CURVE ( 'NONE', #9967, #3015, #3817, .T. ) ;
#8442 = EDGE_CURVE ( 'NONE', #3886, #7040, #7401, .T. ) ;
#8443 = EDGE_CURVE ( 'NONE', #4331, #7336, #7741, .T. ) ;
#8444 = VERTEX_POINT ( 'NONE', #7553 ) ;
#8445 = AXIS2_PLACEMENT_3D ( 'NONE', #6042, #7646, #1332 ) ;
#8446 = VERTEX_POINT ( 'NONE', #9316 ) ;
#8447 = CARTESIAN_POINT ( 'NONE',  ( -1.500000000000000000, 20.30000000000605098, -8.500000000000000000 ) ) ;
#8448 = DIRECTION ( 'NONE',  ( 0.000000000000000000, 0.000000000000000000, -1.000000000000000000 ) ) ;
#8449 = AXIS2_PLACEMENT_3D ( 'NONE', #7505, #10168, #6063 ) ;
#8450 = EDGE_LOOP ( 'NONE', ( #7906, #3793, #8306, #1009 ) ) ;
#8451 = CARTESIAN_POINT ( 'NONE',  ( -8.000000000000000000, -26.00000000000000000, -152.0000000000000000 ) ) ;
#8452 = CARTESIAN_POINT ( 'NONE',  ( 7.766769830072990821, 27.59742169065528827, -151.9388264151000101 ) ) ;
#8453 = DIRECTION ( 'NONE',  ( -0.2588190451025245697, -0.9659258262890672020, 0.000000000000000000 ) ) ;
#8454 = CIRCLE ( 'NONE', #4701, 3.999999999998715694 ) ;
#8455 = CARTESIAN_POINT ( 'NONE',  ( 8.000000000000000000, -16.00000000000000000, -8.500000000000000000 ) ) ;
#8456 = TOROIDAL_SURFACE ( 'NONE', #5216, 4.799999999999450040, 0.2000000000005540124 ) ;
#8457 = VECTOR ( 'NONE', #7933, 999.9999999999998863 ) ;
#8458 = LINE ( 'NONE', #9204, #7429 ) ;
#8459 = FACE_OUTER_BOUND ( 'NONE', #6839, .T. ) ;
#8460 = ORIENTED_EDGE ( 'NONE', *, *, #6518, .T. ) ;
#8461 = VERTEX_POINT ( 'NONE', #1137 ) ;
#8462 = ORIENTED_EDGE ( 'NONE', *, *, #1757, .T. ) ;
#8463 = DIRECTION ( 'NONE',  ( -0.8660254037842989305, 0.5000000000002420286, 0.000000000000000000 ) ) ;
#8464 = EDGE_CURVE ( 'NONE', #8675, #5883, #915, .T. ) ;
#8465 = AXIS2_PLACEMENT_3D ( 'NONE', #10212, #7862, #10159 ) ;
#8466 = CARTESIAN_POINT ( 'NONE',  ( 1.649999999999999911, 33.40000000000054570, -17.00000000000000000 ) ) ;
#8467 = VERTEX_POINT ( 'NONE', #2582 ) ;
#8468 = CARTESIAN_POINT ( 'NONE',  ( 3.010794155703800205E-16, -18.45850000000000080, -6.041500000000000092 ) ) ;
#8469 = FACE_OUTER_BOUND ( 'NONE', #9907, .T. ) ;
#8470 = CARTESIAN_POINT ( 'NONE',  ( -5.688034792648450022, -1.909518315602325211, 8.000000000000000000 ) ) ;
#8471 = FACE_OUTER_BOUND ( 'NONE', #9321, .T. ) ;
#8472 = ORIENTED_EDGE ( 'NONE', *, *, #7888, .T. ) ;
#8473 = ORIENTED_EDGE ( 'NONE', *, *, #5935, .F. ) ;
#8474 = DIRECTION ( 'NONE',  ( 1.000000000000000000, 0.000000000000000000, 0.000000000000000000 ) ) ;
#8475 = ADVANCED_FACE ( 'NONE', ( #3548 ), #1030, .T. ) ;
#8476 = CARTESIAN_POINT ( 'NONE',  ( -12.00000000000000000, 26.00000000000094857, -135.0000000000000000 ) ) ;
#8477 = CIRCLE ( 'NONE', #8303, 4.000000000000305533 ) ;
#8478 = ORIENTED_EDGE ( 'NONE', *, *, #5176, .T. ) ;
#8479 = DIRECTION ( 'NONE',  ( 0.000000000000000000, 0.000000000000000000, -1.000000000000000000 ) ) ;
#8480 = EDGE_CURVE ( 'NONE', #4233, #169, #6263, .T. ) ;
#8481 = DIRECTION ( 'NONE',  ( 0.000000000000000000, 0.000000000000000000, 1.000000000000000000 ) ) ;
#8482 = VECTOR ( 'NONE', #4546, 1000.000000000000000 ) ;
#8483 = EDGE_CURVE ( 'NONE', #6637, #4461, #8935, .T. ) ;
#8484 = PLANE ( 'NONE',  #4869 ) ;
#8485 = CARTESIAN_POINT ( 'NONE',  ( -2.458500000000000352, 16.00000000000000000, -145.9584999999999866 ) ) ;
#8486 = AXIS2_PLACEMENT_3D ( 'NONE', #612, #9593, #1412 ) ;
#8487 = EDGE_CURVE ( 'NONE', #9322, #6743, #2643, .T. ) ;
#8488 = CARTESIAN_POINT ( 'NONE',  ( -6.500000000000000000, -25.15833498349994812, 0.000000000000000000 ) ) ;
#8489 = EDGE_CURVE ( 'NONE', #5235, #6668, #10167, .T. ) ;
#8490 = DIRECTION ( 'NONE',  ( 0.000000000000000000, 0.000000000000000000, 1.000000000000000000 ) ) ;
#8491 = VERTEX_POINT ( 'NONE', #8629 ) ;
#8492 = LINE ( 'NONE', #8538, #535 ) ;
#8493 = CARTESIAN_POINT ( 'NONE',  ( -7.050000000000560263, 33.40000000000054570, -152.0010000000000048 ) ) ;
#8494 = AXIS2_PLACEMENT_3D ( 'NONE', #10376, #3051, #10427 ) ;
#8495 = CYLINDRICAL_SURFACE ( 'NONE', #5151, 4.000000000000305533 ) ;
#8496 = LINE ( 'NONE', #1213, #1573 ) ;
#8497 = CARTESIAN_POINT ( 'NONE',  ( 6.500000000000000000, 26.86602540378400050, -150.0000000000000000 ) ) ;
#8498 = EDGE_CURVE ( 'NONE', #974, #8687, #9527, .T. ) ;
#8499 = CIRCLE ( 'NONE', #3901, 3.999999999998705036 ) ;
#8500 = ORIENTED_EDGE ( 'NONE', *, *, #6145, .F. ) ;
#8501 = ORIENTED_EDGE ( 'NONE', *, *, #10396, .F. ) ;
#8502 = CARTESIAN_POINT ( 'NONE',  ( -2.458500000000000352, 16.00000000000000000, -31.00000000000000000 ) ) ;
#8503 = LINE ( 'NONE', #5405, #8959 ) ;
#8504 = VERTEX_POINT ( 'NONE', #1295 ) ;
#8505 = DIRECTION ( 'NONE',  ( 0.000000000000000000, 0.000000000000000000, 1.000000000000000000 ) ) ;
#8506 = DIRECTION ( 'NONE',  ( 1.000000000000000000, 0.000000000000000000, 0.000000000000000000 ) ) ;
#8507 = EDGE_CURVE ( 'NONE', #1341, #6668, #3645, .T. ) ;
#8508 = CARTESIAN_POINT ( 'NONE',  ( 6.521096714233930669, 25.12179440257400032, 0.000000000000000000 ) ) ;
#8509 = LINE ( 'NONE', #9305, #7923 ) ;
#8510 = CARTESIAN_POINT ( 'NONE',  ( 1.449999999999445954, 33.40000000000054570, -152.0010000000000048 ) ) ;
#8511 = DIRECTION ( 'NONE',  ( 0.000000000000000000, 0.000000000000000000, 1.000000000000000000 ) ) ;
#8512 = ORIENTED_EDGE ( 'NONE', *, *, #10459, .F. ) ;
#8513 = ORIENTED_EDGE ( 'NONE', *, *, #3853, .T. ) ;
#8514 = VERTEX_POINT ( 'NONE', #4506 ) ;
#8515 = DIRECTION ( 'NONE',  ( 1.000000000000000000, 0.000000000000000000, 0.000000000000000000 ) ) ;
#8516 = DIRECTION ( 'NONE',  ( 0.000000000000000000, -1.000000000000000000, 0.000000000000000000 ) ) ;
#8517 = ORIENTED_EDGE ( 'NONE', *, *, #3275, .F. ) ;
#8518 = DIRECTION ( 'NONE',  ( 0.000000000000000000, 1.000000000000000000, 0.000000000000000000 ) ) ;
#8519 = AXIS2_PLACEMENT_3D ( 'NONE', #7192, #10451, #1408 ) ;
#8520 = DIRECTION ( 'NONE',  ( 0.000000000000000000, 0.000000000000000000, -1.000000000000000000 ) ) ;
#8521 = LINE ( 'NONE', #2694, #8141 ) ;
#8522 = DIRECTION ( 'NONE',  ( -1.000000000000000000, 0.000000000000000000, 0.000000000000000000 ) ) ;
#8523 = ORIENTED_EDGE ( 'NONE', *, *, #5952, .T. ) ;
#8524 = ORIENTED_EDGE ( 'NONE', *, *, #2298, .T. ) ;
#8525 = CARTESIAN_POINT ( 'NONE',  ( 6.500000000000000000, 25.13397459621599950, -150.0000000000000000 ) ) ;
#8526 = DIRECTION ( 'NONE',  ( 0.000000000000000000, 0.000000000000000000, 1.000000000000000000 ) ) ;
#8527 = AXIS2_PLACEMENT_3D ( 'NONE', #7521, #8976, #9828 ) ;
#8528 = VERTEX_POINT ( 'NONE', #2851 ) ;
#8529 = FACE_OUTER_BOUND ( 'NONE', #6963, .T. ) ;
#8530 = EDGE_CURVE ( 'NONE', #6907, #10546, #9276, .T. ) ;
#8531 = DIRECTION ( 'NONE',  ( 0.000000000000000000, 1.000000000000000000, 0.000000000000000000 ) ) ;
#8532 = CARTESIAN_POINT ( 'NONE',  ( -3.647273485673900417, -22.00000000000000000, -152.0000000000000000 ) ) ;
#8533 = LINE ( 'NONE', #9227, #4540 ) ;
#8534 = CARTESIAN_POINT ( 'NONE',  ( -2.458500000000000352, -16.00000000000000000, -145.9584999999999866 ) ) ;
#8535 = EDGE_CURVE ( 'NONE', #3409, #1730, #374, .T. ) ;
#8536 = DIRECTION ( 'NONE',  ( 1.000000000000000000, 0.000000000000000000, 0.000000000000000000 ) ) ;
#8537 = ORIENTED_EDGE ( 'NONE', *, *, #5476, .F. ) ;
#8538 = CARTESIAN_POINT ( 'NONE',  ( -2.458500000000000352, 16.00000000000000000, 0.000000000000000000 ) ) ;
#8539 = DIRECTION ( 'NONE',  ( 1.000000000000000000, 0.000000000000000000, 0.000000000000000000 ) ) ;
#8540 = DIRECTION ( 'NONE',  ( 1.000000000000000000, 0.000000000000000000, 0.000000000000000000 ) ) ;
#8541 = CARTESIAN_POINT ( 'NONE',  ( -8.000000000000000000, -26.00000000000000000, 0.000000000000000000 ) ) ;
#8542 = CARTESIAN_POINT ( 'NONE',  ( -5.590398646904000124, -1.545135259028854957, 8.000000000000000000 ) ) ;
#8543 = EDGE_CURVE ( 'NONE', #5785, #7466, #2158, .T. ) ;
#8544 = CIRCLE ( 'NONE', #3953, 5.000000000000000000 ) ;
#8545 = ORIENTED_EDGE ( 'NONE', *, *, #2727, .T. ) ;
#8546 = ORIENTED_EDGE ( 'NONE', *, *, #1378, .F. ) ;
#8547 = ADVANCED_FACE ( 'NONE', ( #10277 ), #6117, .F. ) ;
#8548 = VERTEX_POINT ( 'NONE', #3706 ) ;
#8549 = DIRECTION ( 'NONE',  ( 0.000000000000000000, 0.000000000000000000, 1.000000000000000000 ) ) ;
#8550 = CARTESIAN_POINT ( 'NONE',  ( 8.000000000000000000, -16.00000000000000000, -11.50000000000000000 ) ) ;
#8551 = ORIENTED_EDGE ( 'NONE', *, *, #4366, .T. ) ;
#8552 = DIRECTION ( 'NONE',  ( 0.000000000000000000, 0.000000000000000000, 1.000000000000000000 ) ) ;
#8553 = CARTESIAN_POINT ( 'NONE',  ( -9.500000000000000000, -25.15833498349994812, 0.000000000000000000 ) ) ;
#8554 = VECTOR ( 'NONE', #2370, 1000.000000000000000 ) ;
#8555 = EDGE_CURVE ( 'NONE', #2742, #1718, #9367, .T. ) ;
#8556 = DIRECTION ( 'NONE',  ( 0.000000000000000000, 0.000000000000000000, -1.000000000000000000 ) ) ;
#8557 = CARTESIAN_POINT ( 'NONE',  ( 5.688034792648439364, 1.909518315602344973, 3.600000000000000089 ) ) ;
#8558 = ADVANCED_FACE ( 'NONE', ( #5425 ), #433, .F. ) ;
#8559 = DIRECTION ( 'NONE',  ( 0.5000000000002420286, -0.8660254037842989305, 0.000000000000000000 ) ) ;
#8560 = EDGE_LOOP ( 'NONE', ( #591, #9163 ) ) ;
#8561 = ORIENTED_EDGE ( 'NONE', *, *, #3210, .T. ) ;
#8562 = ORIENTED_EDGE ( 'NONE', *, *, #7913, .T. ) ;
#8563 = DIRECTION ( 'NONE',  ( 0.000000000000000000, 0.000000000000000000, -1.000000000000000000 ) ) ;
#8564 = ORIENTED_EDGE ( 'NONE', *, *, #1231, .T. ) ;
#8565 = DIRECTION ( 'NONE',  ( -1.000000000000000000, 0.000000000000000000, 0.000000000000000000 ) ) ;
#8566 = ORIENTED_EDGE ( 'NONE', *, *, #9554, .F. ) ;
#8567 = VECTOR ( 'NONE', #5352, 1000.000000000000000 ) ;
#8568 = DIRECTION ( 'NONE',  ( 0.000000000000000000, 1.000000000000000000, 0.000000000000000000 ) ) ;
#8569 = CARTESIAN_POINT ( 'NONE',  ( 9.350000000000001421, 35.00000000000000000, -135.0000000000000000 ) ) ;
#8570 = CARTESIAN_POINT ( 'NONE',  ( -2.458500000000003904, -16.66074916942603323, -145.9584999999998161 ) ) ;
#8571 = DIRECTION ( 'NONE',  ( 1.000000000000000000, 0.000000000000000000, 0.000000000000000000 ) ) ;
#8572 = B_SPLINE_CURVE_WITH_KNOTS ( 'NONE', 3,
 ( #7381, #9787, #5731, #48, #9842, #3584, #153, #1015, #5992, #8299 ),
 .UNSPECIFIED., .F., .F.,
 ( 4, 2, 2, 2, 4 ),
 ( 0.000000000000000000, 0.2499999999999792388, 0.3749999999999728550, 0.4999999999999664713, 1.000000000000000000 ),
 .UNSPECIFIED. ) ;
#8573 = ADVANCED_FACE ( 'NONE', ( #3815 ), #8773, .F. ) ;
#8574 = AXIS2_PLACEMENT_3D ( 'NONE', #6246, #9443, #8656 ) ;
#8575 = ADVANCED_FACE ( 'NONE', ( #2901 ), #3322, .F. ) ;
#8576 = VERTEX_POINT ( 'NONE', #4933 ) ;
#8577 = ORIENTED_EDGE ( 'NONE', *, *, #2015, .T. ) ;
#8578 = FACE_OUTER_BOUND ( 'NONE', #90, .T. ) ;
#8579 = CARTESIAN_POINT ( 'NONE',  ( -8.000000000000000000, -26.00000000000000000, 0.000000000000000000 ) ) ;
#8580 = ORIENTED_EDGE ( 'NONE', *, *, #7615, .F. ) ;
#8581 = DIRECTION ( 'NONE',  ( 0.000000000000000000, 0.000000000000000000, 1.000000000000000000 ) ) ;
#8582 = DIRECTION ( 'NONE',  ( 1.000000000000000000, 0.000000000000000000, 0.000000000000000000 ) ) ;
#8583 = CARTESIAN_POINT ( 'NONE',  ( -6.500000000000000000, -26.26138665108034687, -0.1270170592245051799 ) ) ;
#8584 = CARTESIAN_POINT ( 'NONE',  ( -4.352726514326100471, -30.00000000000000000, -152.0000000000000000 ) ) ;
#8585 = AXIS2_PLACEMENT_3D ( 'NONE', #6174, #6334, #7880 ) ;
#8586 = CARTESIAN_POINT ( 'NONE',  ( 2.000000000000000000, 2.449293598294695074E-16, -152.0000000000000000 ) ) ;
#8587 = EDGE_CURVE ( 'NONE', #6317, #9157, #3146, .T. ) ;
#8588 = CARTESIAN_POINT ( 'NONE',  ( -8.000000000000000000, -24.26794919243099713, -150.0000000000000000 ) ) ;
#8589 = VECTOR ( 'NONE', #7537, 1000.000000000000000 ) ;
#8590 = DIRECTION ( 'NONE',  ( -1.000000000000000000, 0.000000000000000000, 0.000000000000000000 ) ) ;
#8591 = EDGE_LOOP ( 'NONE', ( #1273, #5454, #8298, #2308 ) ) ;
#8592 = ORIENTED_EDGE ( 'NONE', *, *, #2998, .F. ) ;
#8593 = FACE_OUTER_BOUND ( 'NONE', #948, .T. ) ;
#8594 = DIRECTION ( 'NONE',  ( 1.000000000000000000, 0.000000000000000000, 0.000000000000000000 ) ) ;
#8595 = CARTESIAN_POINT ( 'NONE',  ( 0.000000000000000000, -16.00000000000000000, -0.7915000000000169678 ) ) ;
#8596 = CARTESIAN_POINT ( 'NONE',  ( -6.500000000000000000, -25.13397459621599950, -150.0000000000000000 ) ) ;
#8597 = DIRECTION ( 'NONE',  ( 0.000000000000000000, 0.000000000000000000, 1.000000000000000000 ) ) ;
#8598 = AXIS2_PLACEMENT_3D ( 'NONE', #3597, #6008, #8313 ) ;
#8599 = ORIENTED_EDGE ( 'NONE', *, *, #3064, .T. ) ;
#8600 = EDGE_LOOP ( 'NONE', ( #2992, #4695 ) ) ;
#8601 = ORIENTED_EDGE ( 'NONE', *, *, #10251, .T. ) ;
#8602 = DIRECTION ( 'NONE',  ( 0.000000000000000000, 0.000000000000000000, -1.000000000000000000 ) ) ;
#8603 = DIRECTION ( 'NONE',  ( -0.9659258262890673130, 0.2588190451025246253, 0.000000000000000000 ) ) ;
#8604 = ORIENTED_EDGE ( 'NONE', *, *, #7828, .T. ) ;
#8605 = CARTESIAN_POINT ( 'NONE',  ( -8.000000000000000000, -26.00000000000000000, -148.0000000000000000 ) ) ;
#8606 = VECTOR ( 'NONE', #10224, 999.9999999999998863 ) ;
#8607 = CARTESIAN_POINT ( 'NONE',  ( -4.100000000000000533, 0.000000000000000000, 8.599999999999999645 ) ) ;
#8608 = TOROIDAL_SURFACE ( 'NONE', #9627, 4.700000000000099654, 0.6000000000000998979 ) ;
#8609 = ADVANCED_FACE ( 'NONE', ( #3973 ), #6436, .T. ) ;
#8610 = DIRECTION ( 'NONE',  ( -1.000000000000000000, 0.000000000000000000, 0.000000000000000000 ) ) ;
#8611 = ADVANCED_FACE ( 'NONE', ( #8138 ), #4824, .T. ) ;
#8612 = CYLINDRICAL_SURFACE ( 'NONE', #251, 3.999999999998710365 ) ;
#8613 = ADVANCED_FACE ( 'NONE', ( #4775 ), #10552, .F. ) ;
#8614 = EDGE_CURVE ( 'NONE', #1819, #5683, #2316, .T. ) ;
#8615 = CIRCLE ( 'NONE', #9294, 2.458499999999974595 ) ;
#8616 = VECTOR ( 'NONE', #5713, 1000.000000000000000 ) ;
#8617 = VECTOR ( 'NONE', #10458, 1000.000000000000000 ) ;
#8618 = DIRECTION ( 'NONE',  ( 1.000000000000000000, 0.000000000000000000, 0.000000000000000000 ) ) ;
#8619 = ORIENTED_EDGE ( 'NONE', *, *, #9095, .F. ) ;
#8620 = VERTEX_POINT ( 'NONE', #3223 ) ;
#8621 = EDGE_LOOP ( 'NONE', ( #6330, #8580, #2106, #4830, #322 ) ) ;
#8622 = LINE ( 'NONE', #3755, #9499 ) ;
#8623 = VECTOR ( 'NONE', #10190, 999.9999999999998863 ) ;
#8624 = ORIENTED_EDGE ( 'NONE', *, *, #8489, .F. ) ;
#8625 = DIRECTION ( 'NONE',  ( 0.000000000000000000, 0.000000000000000000, -1.000000000000000000 ) ) ;
#8626 = AXIS2_PLACEMENT_3D ( 'NONE', #376, #436, #3708 ) ;
#8627 = ORIENTED_EDGE ( 'NONE', *, *, #7519, .T. ) ;
#8628 = VECTOR ( 'NONE', #6921, 999.9999999999998863 ) ;
#8629 = CARTESIAN_POINT ( 'NONE',  ( -6.521096714233930669, -26.87820559742599968, -152.0000000000000000 ) ) ;
#8630 = DIRECTION ( 'NONE',  ( 0.000000000000000000, 0.000000000000000000, -1.000000000000000000 ) ) ;
#8631 = DIRECTION ( 'NONE',  ( 0.000000000000000000, 0.000000000000000000, -1.000000000000000000 ) ) ;
#8632 = DIRECTION ( 'NONE',  ( -1.000000000000000000, 0.000000000000000000, 0.000000000000000000 ) ) ;
#8633 = ADVANCED_FACE ( 'NONE', ( #7232 ), #10495, .F. ) ;
#8634 = AXIS2_PLACEMENT_3D ( 'NONE', #8841, #2318, #3120 ) ;
#8635 = ORIENTED_EDGE ( 'NONE', *, *, #7755, .T. ) ;
#8636 = ORIENTED_EDGE ( 'NONE', *, *, #3251, .T. ) ;
#8637 = ORIENTED_EDGE ( 'NONE', *, *, #7833, .F. ) ;
#8638 = CARTESIAN_POINT ( 'NONE',  ( -8.000000000000000000, -24.26794919243099713, 0.000000000000000000 ) ) ;
#8639 = CARTESIAN_POINT ( 'NONE',  ( -8.000000000000000000, -26.00000000000000000, -4.000000000000000000 ) ) ;
#8640 = ORIENTED_EDGE ( 'NONE', *, *, #3440, .F. ) ;
#8641 = DIRECTION ( 'NONE',  ( 1.000000000000000000, 0.000000000000000000, 0.000000000000000000 ) ) ;
#8642 = EDGE_CURVE ( 'NONE', #8847, #2451, #9114, .T. ) ;
#8643 = EDGE_CURVE ( 'NONE', #10203, #7353, #752, .T. ) ;
#8644 = CARTESIAN_POINT ( 'NONE',  ( 8.500000000000000000, 17.49999999999940314, -121.0000000000000000 ) ) ;
#8645 = PLANE ( 'NONE',  #1603 ) ;
#8646 = CARTESIAN_POINT ( 'NONE',  ( -1.449999999999445954, 33.40000000000054570, -135.0000000000000000 ) ) ;
#8647 = ADVANCED_FACE ( 'NONE', ( #6378 ), #6597, .T. ) ;
#8648 = LINE ( 'NONE', #10411, #4530 ) ;
#8649 = VECTOR ( 'NONE', #6714, 1000.000000000000000 ) ;
#8650 = DIRECTION ( 'NONE',  ( 1.000000000000000000, 0.000000000000000000, 0.000000000000000000 ) ) ;
#8651 = DIRECTION ( 'NONE',  ( 0.000000000000000000, 0.000000000000000000, -1.000000000000000000 ) ) ;
#8652 = ORIENTED_EDGE ( 'NONE', *, *, #6555, .T. ) ;
#8653 = ORIENTED_EDGE ( 'NONE', *, *, #9988, .T. ) ;
#8654 = DIRECTION ( 'NONE',  ( 0.000000000000000000, 0.000000000000000000, -1.000000000000000000 ) ) ;
#8655 = CARTESIAN_POINT ( 'NONE',  ( -7.735591420346571212, -24.42045818846364469, -151.9284522877480015 ) ) ;
#8656 = DIRECTION ( 'NONE',  ( -1.000000000000000000, 0.000000000000000000, 0.000000000000000000 ) ) ;
#8657 = CIRCLE ( 'NONE', #8818, 2.458499999999974595 ) ;
#8658 = FACE_OUTER_BOUND ( 'NONE', #4484, .T. ) ;
#8659 = CIRCLE ( 'NONE', #452, 1.500000000000001110 ) ;
#8660 = VECTOR ( 'NONE', #4354, 1000.000000000000000 ) ;
#8661 = VECTOR ( 'NONE', #3862, 1000.000000000000000 ) ;
#8662 = EDGE_LOOP ( 'NONE', ( #301, #3631, #8793, #1499 ) ) ;
#8663 = ORIENTED_EDGE ( 'NONE', *, *, #10290, .F. ) ;
#8664 = ORIENTED_EDGE ( 'NONE', *, *, #168, .T. ) ;
#8665 = CARTESIAN_POINT ( 'NONE',  ( 0.000000000000000000, -30.00000000000000000, -143.5000000000000000 ) ) ;
#8666 = CARTESIAN_POINT ( 'NONE',  ( -7.299999999999450040, 33.20000000000000284, -135.0000000000000000 ) ) ;
#8667 = ORIENTED_EDGE ( 'NONE', *, *, #8480, .T. ) ;
#8668 = DIRECTION ( 'NONE',  ( -1.000000000000000000, 0.000000000000000000, 0.000000000000000000 ) ) ;
#8669 = CARTESIAN_POINT ( 'NONE',  ( 0.000000000000000000, 16.00000000000000000, 0.000000000000000000 ) ) ;
#8670 = CARTESIAN_POINT ( 'NONE',  ( 7.100000000000609823, 30.00000000000000000, -135.0000000000000000 ) ) ;
#8671 = CIRCLE ( 'NONE', #2865, 0.5000000000006370460 ) ;
#8672 = CARTESIAN_POINT ( 'NONE',  ( -7.978903285765479581, -24.28012938607335158, -152.0000000000000000 ) ) ;
#8673 = CARTESIAN_POINT ( 'NONE',  ( 4.068859615986540668, -4.133325710054085000, 8.000000000000000000 ) ) ;
#8674 = EDGE_LOOP ( 'NONE', ( #7143, #3947, #4803, #10531 ) ) ;
#8675 = VERTEX_POINT ( 'NONE', #1457 ) ;
#8676 = ORIENTED_EDGE ( 'NONE', *, *, #5047, .F. ) ;
#8677 = LINE ( 'NONE', #3170, #6435 ) ;
#8678 = AXIS2_PLACEMENT_3D ( 'NONE', #10078, #7568, #7516 ) ;
#8679 = ORIENTED_EDGE ( 'NONE', *, *, #2534, .F. ) ;
#8680 = FACE_OUTER_BOUND ( 'NONE', #2211, .T. ) ;
#8681 = EDGE_CURVE ( 'NONE', #3925, #2217, #808, .T. ) ;
#8682 = ORIENTED_EDGE ( 'NONE', *, *, #3687, .T. ) ;
#8683 = DIRECTION ( 'NONE',  ( 0.000000000000000000, 0.000000000000000000, 1.000000000000000000 ) ) ;
#8684 = EDGE_CURVE ( 'NONE', #3660, #3965, #1606, .T. ) ;
#8685 = CARTESIAN_POINT ( 'NONE',  ( -1.500000000000000000, 20.30000000000605098, -8.500000000000000000 ) ) ;
#8686 = DIRECTION ( 'NONE',  ( 1.000000000000000000, 0.000000000000000000, 0.000000000000000000 ) ) ;
#8687 = VERTEX_POINT ( 'NONE', #4084 ) ;
#8688 = ORIENTED_EDGE ( 'NONE', *, *, #7258, .F. ) ;
#8689 = ORIENTED_EDGE ( 'NONE', *, *, #9085, .F. ) ;
#8690 = CARTESIAN_POINT ( 'NONE',  ( 0.000000000000000000, 0.000000000000000000, -2.000000000000000000 ) ) ;
#8691 = EDGE_CURVE ( 'NONE', #4954, #3642, #7332, .T. ) ;
#8692 = FACE_OUTER_BOUND ( 'NONE', #8117, .T. ) ;
#8693 = AXIS2_PLACEMENT_3D ( 'NONE', #6665, #5646, #8209 ) ;
#8694 = ORIENTED_EDGE ( 'NONE', *, *, #1554, .T. ) ;
#8695 = DIRECTION ( 'NONE',  ( -1.000000000000000000, 0.000000000000000000, 0.000000000000000000 ) ) ;
#8696 = CARTESIAN_POINT ( 'NONE',  ( -12.00000000000000000, -16.00000000000000000, -8.500000000000000000 ) ) ;
#8697 = AXIS2_PLACEMENT_3D ( 'NONE', #6968, #5470, #2899 ) ;
#8698 = CARTESIAN_POINT ( 'NONE',  ( 1.738422021547135099, -17.73842202154714798, -145.2384220215469952 ) ) ;
#8699 = EDGE_CURVE ( 'NONE', #4939, #7466, #10597, .T. ) ;
#8700 = CARTESIAN_POINT ( 'NONE',  ( -1.500000000000000000, 28.47151703059499539, -4.217000000000000526 ) ) ;
#8701 = LINE ( 'NONE', #1367, #9642 ) ;
#8702 = EDGE_CURVE ( 'NONE', #10300, #2743, #4728, .T. ) ;
#8703 = DIRECTION ( 'NONE',  ( -1.000000000000000000, 0.000000000000000000, 0.000000000000000000 ) ) ;
#8704 = DIRECTION ( 'NONE',  ( -0.8660254037842989305, 0.5000000000002420286, 0.000000000000000000 ) ) ;
#8705 = ORIENTED_EDGE ( 'NONE', *, *, #362, .T. ) ;
#8706 = DIRECTION ( 'NONE',  ( 0.000000000000000000, -1.000000000000000000, 0.000000000000000000 ) ) ;
#8707 =( NAMED_UNIT ( * ) SI_UNIT ( $, .STERADIAN. ) SOLID_ANGLE_UNIT ( ) );
#8708 = ORIENTED_EDGE ( 'NONE', *, *, #6890, .F. ) ;
#8709 = DIRECTION ( 'NONE',  ( -1.000000000000000000, 0.000000000000000000, 0.000000000000000000 ) ) ;
#8710 = FACE_OUTER_BOUND ( 'NONE', #5058, .T. ) ;
#8711 = VERTEX_POINT ( 'NONE', #3928 ) ;
#8712 = ORIENTED_EDGE ( 'NONE', *, *, #5242, .T. ) ;
#8713 = EDGE_LOOP ( 'NONE', ( #7128, #10594, #8072, #8432, #8024, #1862 ) ) ;
#8714 = DIRECTION ( 'NONE',  ( 1.000000000000000000, 0.000000000000000000, 0.000000000000000000 ) ) ;
#8715 = DIRECTION ( 'NONE',  ( 0.000000000000000000, 0.000000000000000000, -1.000000000000000000 ) ) ;
#8716 = ORIENTED_EDGE ( 'NONE', *, *, #10377, .T. ) ;
#8717 = CARTESIAN_POINT ( 'NONE',  ( 12.05000000000064020, 27.50000000000000000, -17.00000000000000000 ) ) ;
#8718 = DIRECTION ( 'NONE',  ( 0.000000000000000000, 0.000000000000000000, 1.000000000000000000 ) ) ;
#8719 = DIRECTION ( 'NONE',  ( 0.000000000000000000, -1.000000000000000000, 0.000000000000000000 ) ) ;
#8720 = ADVANCED_FACE ( 'NONE', ( #7182 ), #5696, .T. ) ;
#8721 = DIRECTION ( 'NONE',  ( 0.000000000000000000, 0.000000000000000000, 1.000000000000000000 ) ) ;
#8722 = ORIENTED_EDGE ( 'NONE', *, *, #1513, .F. ) ;
#8723 = VERTEX_POINT ( 'NONE', #4237 ) ;
#8724 = ORIENTED_EDGE ( 'NONE', *, *, #7991, .T. ) ;
#8725 = CARTESIAN_POINT ( 'NONE',  ( 8.000000000000000000, 29.10000000000000142, -152.0000000000000000 ) ) ;
#8726 = ORIENTED_EDGE ( 'NONE', *, *, #7133, .F. ) ;
#8727 = DIRECTION ( 'NONE',  ( 1.000000000000000000, 0.000000000000000000, 0.000000000000000000 ) ) ;
#8728 = ORIENTED_EDGE ( 'NONE', *, *, #10442, .F. ) ;
#8729 = CARTESIAN_POINT ( 'NONE',  ( 0.000000000000000000, 0.000000000000000000, 8.599999999999999645 ) ) ;
#8730 = AXIS2_PLACEMENT_3D ( 'NONE', #3778, #3036, #7895 ) ;
#8731 = FACE_OUTER_BOUND ( 'NONE', #7760, .T. ) ;
#8732 = DIRECTION ( 'NONE',  ( 1.000000000000000000, 0.000000000000000000, 0.000000000000000000 ) ) ;
#8733 = CIRCLE ( 'NONE', #9236, 2.000000000000000000 ) ;
#8734 = EDGE_LOOP ( 'NONE', ( #7509, #8223, #3418 ) ) ;
#8735 = ORIENTED_EDGE ( 'NONE', *, *, #6324, .F. ) ;
#8736 = ORIENTED_EDGE ( 'NONE', *, *, #7181, .T. ) ;
#8737 = ADVANCED_FACE ( 'NONE', ( #4186 ), #8430, .F. ) ;
#8738 = CARTESIAN_POINT ( 'NONE',  ( -7.100000000000609823, 30.39999999999939817, -17.00000000000000000 ) ) ;
#8739 = CARTESIAN_POINT ( 'NONE',  ( 9.500000000000000000, 26.86602540378400050, 0.000000000000000000 ) ) ;
#8740 = VERTEX_POINT ( 'NONE', #155 ) ;
#8741 = DIRECTION ( 'NONE',  ( 0.000000000000000000, 0.000000000000000000, -1.000000000000000000 ) ) ;
#8742 = DIRECTION ( 'NONE',  ( 0.000000000000000000, -1.000000000000000000, 0.000000000000000000 ) ) ;
#8743 = AXIS2_PLACEMENT_3D ( 'NONE', #3154, #2290, #574 ) ;
#8744 = LINE ( 'NONE', #7786, #1612 ) ;
#8745 = CARTESIAN_POINT ( 'NONE',  ( 8.537824229932267528, 27.42153066924725024, -151.8842233084688473 ) ) ;
#8746 = CIRCLE ( 'NONE', #7889, 3.249999999999999556 ) ;
#8747 = CARTESIAN_POINT ( 'NONE',  ( -7.500000000000000000, 30.00000000000000000, -152.0010000000000048 ) ) ;
#8748 = EDGE_CURVE ( 'NONE', #9480, #7040, #4336, .T. ) ;
#8749 = ADVANCED_FACE ( 'NONE', ( #6645 ), #7540, .F. ) ;
#8750 = B_SPLINE_CURVE_WITH_KNOTS ( 'NONE', 3,
 ( #10031, #336, #3509, #997 ),
 .UNSPECIFIED., .F., .F.,
 ( 4, 4 ),
 ( 0.000000000000000000, 0.0004269752087343269800 ),
 .UNSPECIFIED. ) ;
#8751 = AXIS2_PLACEMENT_3D ( 'NONE', #561, #7102, #3838 ) ;
#8752 = CARTESIAN_POINT ( 'NONE',  ( 8.021096714234520419, 27.71987061392670171, 0.000000000000000000 ) ) ;
#8753 = ORIENTED_EDGE ( 'NONE', *, *, #5073, .T. ) ;
#8754 = CARTESIAN_POINT ( 'NONE',  ( 8.000000000000000000, 26.00000000000000000, -148.0000000000000000 ) ) ;
#8755 = CARTESIAN_POINT ( 'NONE',  ( 6.500000000000000000, 26.84166501650005188, -152.0000000000000000 ) ) ;
#8756 = VECTOR ( 'NONE', #10468, 1000.000000000000000 ) ;
#8757 = ORIENTED_EDGE ( 'NONE', *, *, #4773, .F. ) ;
#8758 = CARTESIAN_POINT ( 'NONE',  ( -2.458500000000000352, 16.00000000000000000, -0.7915000000000259606 ) ) ;
#8759 = LINE ( 'NONE', #4702, #1495 ) ;
#8760 = VECTOR ( 'NONE', #10064, 1000.000000000000000 ) ;
#8761 = EDGE_CURVE ( 'NONE', #10062, #8620, #9046, .T. ) ;
#8762 = EDGE_CURVE ( 'NONE', #9965, #2451, #9099, .T. ) ;
#8763 = VERTEX_POINT ( 'NONE', #1712 ) ;
#8764 = VERTEX_POINT ( 'NONE', #1016 ) ;
#8765 = ORIENTED_EDGE ( 'NONE', *, *, #677, .T. ) ;
#8766 = CARTESIAN_POINT ( 'NONE',  ( 8.500000000000000000, -17.49999999999940314, -31.00000000000000000 ) ) ;
#8767 = DIRECTION ( 'NONE',  ( 0.000000000000000000, 0.000000000000000000, -1.000000000000000000 ) ) ;
#8768 = ORIENTED_EDGE ( 'NONE', *, *, #7472, .F. ) ;
#8769 = CARTESIAN_POINT ( 'NONE',  ( 0.000000000000000000, 0.000000000000000000, -150.0000000000000000 ) ) ;
#8770 = FACE_OUTER_BOUND ( 'NONE', #6756, .T. ) ;
#8771 = EDGE_CURVE ( 'NONE', #5811, #2669, #312, .T. ) ;
#8772 = EDGE_CURVE ( 'NONE', #3484, #8990, #5878, .T. ) ;
#8773 = TOROIDAL_SURFACE ( 'NONE', #6889, 4.700000000000099654, 0.6000000000000998979 ) ;
#8774 = PLANE ( 'NONE',  #10141 ) ;
#8775 = ADVANCED_FACE ( 'NONE', ( #109 ), #8269, .F. ) ;
#8776 = VERTEX_POINT ( 'NONE', #10001 ) ;
#8777 = ORIENTED_EDGE ( 'NONE', *, *, #3258, .F. ) ;
#8778 = ORIENTED_EDGE ( 'NONE', *, *, #7472, .T. ) ;
#8779 = DIRECTION ( 'NONE',  ( -1.000000000000000000, 0.000000000000000000, 0.000000000000000000 ) ) ;
#8780 = CARTESIAN_POINT ( 'NONE',  ( -8.000000000000000000, -27.73205080756900287, -152.0000000000000000 ) ) ;
#8781 = CIRCLE ( 'NONE', #9456, 4.283000000000009244 ) ;
#8782 = ORIENTED_EDGE ( 'NONE', *, *, #6570, .T. ) ;
#8783 = DIRECTION ( 'NONE',  ( 1.000000000000000000, 0.000000000000000000, 0.000000000000000000 ) ) ;
#8784 = EDGE_LOOP ( 'NONE', ( #4610, #6619, #5430, #6906 ) ) ;
#8785 = DIRECTION ( 'NONE',  ( 1.000000000000000000, 0.000000000000000000, 0.000000000000000000 ) ) ;
#8786 = CIRCLE ( 'NONE', #926, 4.100000000000000533 ) ;
#8787 = AXIS2_PLACEMENT_3D ( 'NONE', #1080, #4251, #5211 ) ;
#8788 = CARTESIAN_POINT ( 'NONE',  ( -7.299999999999450040, 33.20000000000000284, -17.00000000000000000 ) ) ;
#8789 = AXIS2_PLACEMENT_3D ( 'NONE', #822, #4897, #8096 ) ;
#8790 = CARTESIAN_POINT ( 'NONE',  ( 0.000000000000000000, -29.20849999999999724, -143.5000000000000000 ) ) ;
#8791 = EDGE_CURVE ( 'NONE', #6743, #7992, #9247, .T. ) ;
#8792 = AXIS2_PLACEMENT_3D ( 'NONE', #1193, #9528, #4620 ) ;
#8793 = ORIENTED_EDGE ( 'NONE', *, *, #5344, .T. ) ;
#8794 = ORIENTED_EDGE ( 'NONE', *, *, #4110, .F. ) ;
#8795 = ORIENTED_EDGE ( 'NONE', *, *, #4314, .F. ) ;
#8796 = AXIS2_PLACEMENT_3D ( 'NONE', #878, #1574, #9012 ) ;
#8797 = FACE_OUTER_BOUND ( 'NONE', #484, .T. ) ;
#8798 = VECTOR ( 'NONE', #2349, 1000.000000000000000 ) ;
#8799 = LINE ( 'NONE', #609, #9327 ) ;
#8800 = ORIENTED_EDGE ( 'NONE', *, *, #7209, .F. ) ;
#8801 = DIRECTION ( 'NONE',  ( 0.000000000000000000, 0.000000000000000000, 1.000000000000000000 ) ) ;
#8802 = CIRCLE ( 'NONE', #4706, 0.2000000000005539014 ) ;
#8803 = CARTESIAN_POINT ( 'NONE',  ( -4.100000000000000533, 5.021051876504150343E-16, 9.499999999999840128 ) ) ;
#8804 = DIRECTION ( 'NONE',  ( 0.000000000000000000, 0.000000000000000000, 1.000000000000000000 ) ) ;
#8805 = PLANE ( 'NONE',  #8273 ) ;
#8806 = PRODUCT_DEFINITION_FORMATION_WITH_SPECIFIED_SOURCE ( 'ANY', '', #4020, .NOT_KNOWN. ) ;
#8807 = EDGE_CURVE ( 'NONE', #7644, #6017, #5950, .T. ) ;
#8808 = LINE ( 'NONE', #558, #3260 ) ;
#8809 = ORIENTED_EDGE ( 'NONE', *, *, #2790, .T. ) ;
#8810 = PLANE ( 'NONE',  #9246 ) ;
#8811 = VERTEX_POINT ( 'NONE', #9898 ) ;
#8812 = CARTESIAN_POINT ( 'NONE',  ( 0.000000000000000000, -13.54149999999999920, -143.5000000000000000 ) ) ;
#8813 = EDGE_CURVE ( 'NONE', #5711, #3354, #7751, .T. ) ;
#8814 = CARTESIAN_POINT ( 'NONE',  ( 7.500000000000000000, 30.00000000000000000, -135.0000000000000000 ) ) ;
#8815 = EDGE_CURVE ( 'NONE', #2217, #7217, #371, .T. ) ;
#8816 = EDGE_CURVE ( 'NONE', #4727, #4280, #8350, .T. ) ;
#8817 = ORIENTED_EDGE ( 'NONE', *, *, #7501, .F. ) ;
#8818 = AXIS2_PLACEMENT_3D ( 'NONE', #4501, #9363, #8563 ) ;
#8819 = ORIENTED_EDGE ( 'NONE', *, *, #2219, .T. ) ;
#8820 = CARTESIAN_POINT ( 'NONE',  ( 7.500000000000000000, 33.20000000000000284, -17.00000000000000000 ) ) ;
#8821 = DIRECTION ( 'NONE',  ( 0.000000000000000000, 0.000000000000000000, 1.000000000000000000 ) ) ;
#8822 = ORIENTED_EDGE ( 'NONE', *, *, #10442, .T. ) ;
#8823 = CARTESIAN_POINT ( 'NONE',  ( 8.000000000000000000, 26.00000000000000000, -152.0000000000000000 ) ) ;
#8824 = ADVANCED_FACE ( 'NONE', ( #205 ), #3478, .F. ) ;
#8825 = CARTESIAN_POINT ( 'NONE',  ( -6.500000000000000000, -25.13397459621599950, -150.0000000000000000 ) ) ;
#8826 = EDGE_CURVE ( 'NONE', #8985, #2629, #9202, .T. ) ;
#8827 = CIRCLE ( 'NONE', #9674, 3.250000000000000000 ) ;
#8828 = LINE ( 'NONE', #3962, #4882 ) ;
#8829 = CIRCLE ( 'NONE', #5753, 3.100000000000000533 ) ;
#8830 = EDGE_CURVE ( 'NONE', #6317, #8926, #3534, .T. ) ;
#8831 = ORIENTED_EDGE ( 'NONE', *, *, #2598, .F. ) ;
#8832 = ORIENTED_EDGE ( 'NONE', *, *, #2345, .T. ) ;
#8833 = VERTEX_POINT ( 'NONE', #10158 ) ;
#8834 = CARTESIAN_POINT ( 'NONE',  ( -7.500000000000000000, 33.20000000000000284, -135.0000000000000000 ) ) ;
#8835 = DIRECTION ( 'NONE',  ( 1.000000000000000000, 0.000000000000000000, 0.000000000000000000 ) ) ;
#8836 = ORIENTED_EDGE ( 'NONE', *, *, #7310, .F. ) ;
#8837 = DIRECTION ( 'NONE',  ( 0.000000000000000000, 1.000000000000000000, 0.000000000000000000 ) ) ;
#8838 = VERTEX_POINT ( 'NONE', #1228 ) ;
#8839 = DIRECTION ( 'NONE',  ( -1.000000000000000000, 0.000000000000000000, 0.000000000000000000 ) ) ;
#8840 = DIRECTION ( 'NONE',  ( 0.000000000000000000, 0.000000000000000000, -1.000000000000000000 ) ) ;
#8841 = CARTESIAN_POINT ( 'NONE',  ( 6.500000000000000000, 26.86602540378400050, -150.0000000000000000 ) ) ;
#8842 = AXIS2_PLACEMENT_3D ( 'NONE', #10217, #5362, #6162 ) ;
#8843 = AXIS2_PLACEMENT_3D ( 'NONE', #24, #5013, #5704 ) ;
#8844 = DIRECTION ( 'NONE',  ( 0.000000000000000000, 0.000000000000000000, -1.000000000000000000 ) ) ;
#8845 = ORIENTED_EDGE ( 'NONE', *, *, #7688, .T. ) ;
#8846 = ORIENTED_EDGE ( 'NONE', *, *, #7183, .T. ) ;
#8847 = VERTEX_POINT ( 'NONE', #5605 ) ;
#8848 = DIRECTION ( 'NONE',  ( 0.000000000000000000, 0.000000000000000000, -1.000000000000000000 ) ) ;
#8849 = DIRECTION ( 'NONE',  ( 0.000000000000000000, 0.000000000000000000, 1.000000000000000000 ) ) ;
#8850 = ORIENTED_EDGE ( 'NONE', *, *, #6424, .T. ) ;
#8851 = CARTESIAN_POINT ( 'NONE',  ( -8.000000000000000000, -30.00000000000000000, -148.0000000000000000 ) ) ;
#8852 = DIRECTION ( 'NONE',  ( 1.000000000000000000, 0.000000000000000000, 0.000000000000000000 ) ) ;
#8853 = PLANE ( 'NONE',  #756 ) ;
#8854 = CARTESIAN_POINT ( 'NONE',  ( -2.458500000000000352, -16.00000000000000000, -10.95849999999999902 ) ) ;
#8855 = SURFACE_STYLE_USAGE ( .BOTH. , #7200 ) ;
#8856 = PLANE ( 'NONE',  #517 ) ;
#8857 = ORIENTED_EDGE ( 'NONE', *, *, #8543, .T. ) ;
#8858 = EDGE_CURVE ( 'NONE', #2155, #6925, #3828, .T. ) ;
#8859 = LINE ( 'NONE', #132, #2766 ) ;
#8860 = CARTESIAN_POINT ( 'NONE',  ( 0.000000000000000000, 0.000000000000000000, 0.000000000000000000 ) ) ;
#8861 = VERTEX_POINT ( 'NONE', #419 ) ;
#8862 = CIRCLE ( 'NONE', #9540, 3.400000000000000355 ) ;
#8863 = CARTESIAN_POINT ( 'NONE',  ( -12.00000000000000000, -22.00000000000000000, 0.000000000000000000 ) ) ;
#8864 = CARTESIAN_POINT ( 'NONE',  ( 6.500002191736243162, 26.46085640741270240, -151.9128861127795460 ) ) ;
#8865 = UNCERTAINTY_MEASURE_WITH_UNIT (LENGTH_MEASURE( 1.000000000000000082E-05 ), #3949, 'distance_accuracy_value', 'NONE');
#8866 = LINE ( 'NONE', #1178, #7071 ) ;
#8867 = CONICAL_SURFACE ( 'NONE', #4255, 2.000000000000000000, 1.047197551196318299 ) ;
#8868 = ORIENTED_EDGE ( 'NONE', *, *, #4004, .T. ) ;
#8869 = ORIENTED_EDGE ( 'NONE', *, *, #6570, .F. ) ;
#8870 = CARTESIAN_POINT ( 'NONE',  ( -1.738422021547135099, -17.73842202154714798, -145.2384220215472226 ) ) ;
#8871 = CARTESIAN_POINT ( 'NONE',  ( 7.500000000000000000, 32.99999999999945288, -17.00000000000000000 ) ) ;
#8872 = DIRECTION ( 'NONE',  ( 1.000000000000000000, 0.000000000000000000, 0.000000000000000000 ) ) ;
#8873 = DIRECTION ( 'NONE',  ( -1.000000000000000000, 0.000000000000000000, 0.000000000000000000 ) ) ;
#8874 = DIRECTION ( 'NONE',  ( 0.000000000000000000, 0.000000000000000000, -1.000000000000000000 ) ) ;
#8875 = DIRECTION ( 'NONE',  ( 0.000000000000000000, 1.000000000000000000, 0.000000000000000000 ) ) ;
#8876 = AXIS2_PLACEMENT_3D ( 'NONE', #4806, #8282, #9773 ) ;
#8877 = EDGE_CURVE ( 'NONE', #1635, #1118, #8509, .T. ) ;
#8878 = ORIENTED_EDGE ( 'NONE', *, *, #2413, .F. ) ;
#8879 = EDGE_LOOP ( 'NONE', ( #8128, #7670, #2774, #9414 ) ) ;
#8880 = VERTEX_POINT ( 'NONE', #1532 ) ;
#8881 = VERTEX_POINT ( 'NONE', #1983 ) ;
#8882 = CARTESIAN_POINT ( 'NONE',  ( -8.000000000000000000, -26.00000000000000000, -152.0000000000000000 ) ) ;
#8883 = CARTESIAN_POINT ( 'NONE',  ( 0.000000000000000000, 0.000000000000000000, -150.0000000000000000 ) ) ;
#8884 = ORIENTED_EDGE ( 'NONE', *, *, #7371, .T. ) ;
#8885 = CARTESIAN_POINT ( 'NONE',  ( -9.248999599679699202, 29.80000000000000071, -17.00000000000000000 ) ) ;
#8886 = EDGE_CURVE ( 'NONE', #7566, #1576, #7752, .T. ) ;
#8887 = DIRECTION ( 'NONE',  ( 1.000000000000000000, 0.000000000000000000, 0.000000000000000000 ) ) ;
#8888 = EDGE_CURVE ( 'NONE', #8990, #3484, #6562, .T. ) ;
#8889 = CARTESIAN_POINT ( 'NONE',  ( 12.05000000000064020, 27.50000000000000000, -135.0000000000000000 ) ) ;
#8890 = DIRECTION ( 'NONE',  ( -0.000000000000000000, 1.000000000000000000, 0.000000000000000000 ) ) ;
#8891 = ORIENTED_EDGE ( 'NONE', *, *, #6684, .T. ) ;
#8892 = VERTEX_POINT ( 'NONE', #3749 ) ;
#8893 = ORIENTED_EDGE ( 'NONE', *, *, #4700, .T. ) ;
#8894 = FACE_OUTER_BOUND ( 'NONE', #658, .T. ) ;
#8895 = CARTESIAN_POINT ( 'NONE',  ( -8.082933091281111260, -24.31583063500689335, -151.9798273196486207 ) ) ;
#8896 = ORIENTED_EDGE ( 'NONE', *, *, #5143, .T. ) ;
#8897 = DIRECTION ( 'NONE',  ( 0.000000000000000000, 1.000000000000000000, 0.000000000000000000 ) ) ;
#8898 = DIRECTION ( 'NONE',  ( 0.000000000000000000, -1.000000000000000000, 0.000000000000000000 ) ) ;
#8899 = CARTESIAN_POINT ( 'NONE',  ( 6.500000000000000000, 26.00000000000000000, -151.8729829407770069 ) ) ;
#8900 = DIRECTION ( 'NONE',  ( 1.000000000000000000, 0.000000000000000000, 0.000000000000000000 ) ) ;
#8901 = EDGE_CURVE ( 'NONE', #7101, #1048, #8866, .T. ) ;
#8902 = VECTOR ( 'NONE', #10139, 1000.000000000000000 ) ;
#8903 = DIRECTION ( 'NONE',  ( 0.000000000000000000, 0.000000000000000000, 1.000000000000000000 ) ) ;
#8904 = ADVANCED_FACE ( 'NONE', ( #524 ), #8608, .F. ) ;
#8905 = CARTESIAN_POINT ( 'NONE',  ( -6.500000000000000000, -25.30425268763508484, -0.04122476511453000009 ) ) ;
#8906 = ORIENTED_EDGE ( 'NONE', *, *, #1974, .T. ) ;
#8907 = PLANE ( 'NONE',  #7038 ) ;
#8908 = ORIENTED_EDGE ( 'NONE', *, *, #8916, .F. ) ;
#8909 = CARTESIAN_POINT ( 'NONE',  ( 8.000000000000000000, 27.72000000000000242, 0.000000000000000000 ) ) ;
#8910 = CARTESIAN_POINT ( 'NONE',  ( 2.458500000000000352, -16.00000000000000000, 0.000000000000000000 ) ) ;
#8911 = AXIS2_PLACEMENT_3D ( 'NONE', #354, #10052, #3583 ) ;
#8912 = DIRECTION ( 'NONE',  ( -1.000000000000000000, 0.000000000000000000, 0.000000000000000000 ) ) ;
#8913 = AXIS2_PLACEMENT_3D ( 'NONE', #5648, #3195, #5700 ) ;
#8914 = VERTEX_POINT ( 'NONE', #2083 ) ;
#8915 = AXIS2_PLACEMENT_3D ( 'NONE', #8823, #3101, #9401 ) ;
#8916 = EDGE_CURVE ( 'NONE', #5844, #5336, #7861, .T. ) ;
#8917 = CARTESIAN_POINT ( 'NONE',  ( 8.000000000000310862, 26.00000000000000000, -4.000000000000000000 ) ) ;
#8918 = EDGE_LOOP ( 'NONE', ( #9218, #1466 ) ) ;
#8919 = CARTESIAN_POINT ( 'NONE',  ( 7.500000000000000000, 32.99999999999945288, -135.0000000000000000 ) ) ;
#8920 = DIRECTION ( 'NONE',  ( 0.000000000000000000, 0.000000000000000000, -1.000000000000000000 ) ) ;
#8921 = LINE ( 'NONE', #2448, #5657 ) ;
#8922 = CARTESIAN_POINT ( 'NONE',  ( -9.248999599679699202, 29.80000000000000071, -4.000000000000000000 ) ) ;
#8923 = CARTESIAN_POINT ( 'NONE',  ( 0.4999999999993789968, -25.50000000000000000, -111.0000000000000000 ) ) ;
#8924 = VECTOR ( 'NONE', #6408, 999.9999999999998863 ) ;
#8925 = DIRECTION ( 'NONE',  ( 1.000000000000000000, 0.000000000000000000, 0.000000000000000000 ) ) ;
#8926 = VERTEX_POINT ( 'NONE', #729 ) ;
#8927 = ADVANCED_FACE ( 'NONE', ( #8058 ), #748, .F. ) ;
#8928 = ORIENTED_EDGE ( 'NONE', *, *, #3731, .T. ) ;
#8929 = VERTEX_POINT ( 'NONE', #3636 ) ;
#8930 = CARTESIAN_POINT ( 'NONE',  ( 7.050000000000549605, 33.20000000000000284, -135.0000000000000000 ) ) ;
#8931 = LINE ( 'NONE', #7979, #7247 ) ;
#8932 = ORIENTED_EDGE ( 'NONE', *, *, #8289, .F. ) ;
#8933 = CARTESIAN_POINT ( 'NONE',  ( 8.000000000000000000, 26.00000000000000000, -148.0000000000000000 ) ) ;
#8934 = EDGE_CURVE ( 'NONE', #3925, #2093, #1283, .T. ) ;
#8935 = CIRCLE ( 'NONE', #5016, 3.782999999993959417 ) ;
#8936 = EDGE_CURVE ( 'NONE', #10488, #6110, #5255, .T. ) ;
#8937 = DIRECTION ( 'NONE',  ( 0.000000000000000000, 0.000000000000000000, 1.000000000000000000 ) ) ;
#8938 = ADVANCED_FACE ( 'NONE', ( #2034 ), #5302, .T. ) ;
#8939 = DIRECTION ( 'NONE',  ( -1.000000000000000000, 0.000000000000000000, 0.000000000000000000 ) ) ;
#8940 = VECTOR ( 'NONE', #6804, 1000.000000000000000 ) ;
#8941 = CARTESIAN_POINT ( 'NONE',  ( 0.000000000000000000, 0.000000000000000000, 8.000000000000000000 ) ) ;
#8942 = ORIENTED_EDGE ( 'NONE', *, *, #4719, .F. ) ;
#8943 = ORIENTED_EDGE ( 'NONE', *, *, #8815, .F. ) ;
#8944 = ORIENTED_EDGE ( 'NONE', *, *, #4910, .T. ) ;
#8945 = DIRECTION ( 'NONE',  ( 0.000000000000000000, -1.000000000000000000, 0.000000000000000000 ) ) ;
#8946 = CARTESIAN_POINT ( 'NONE',  ( 6.499999999999999112, 25.73891962935413247, -0.1270871532055400377 ) ) ;
#8947 = DIRECTION ( 'NONE',  ( 1.000000000000000000, 0.000000000000000000, 0.000000000000000000 ) ) ;
#8948 = VECTOR ( 'NONE', #4471, 1000.000000000000000 ) ;
#8949 = ORIENTED_EDGE ( 'NONE', *, *, #1772, .T. ) ;
#8950 = DIRECTION ( 'NONE',  ( 0.000000000000000000, 0.000000000000000000, -1.000000000000000000 ) ) ;
#8951 = VECTOR ( 'NONE', #4486, 1000.000000000000000 ) ;
#8952 = CARTESIAN_POINT ( 'NONE',  ( -6.850000000000000533, 33.20000000000000284, -17.00000000000000000 ) ) ;
#8953 = VECTOR ( 'NONE', #3829, 1000.000000000000000 ) ;
#8954 = EDGE_CURVE ( 'NONE', #9052, #7783, #475, .T. ) ;
#8955 = CARTESIAN_POINT ( 'NONE',  ( 2.458499999999998575, 14.55984404309426772, -145.9584999999998445 ) ) ;
#8956 = FACE_OUTER_BOUND ( 'NONE', #9992, .T. ) ;
#8957 = CARTESIAN_POINT ( 'NONE',  ( -1.500000000000000000, 20.30000000000605098, -4.217000000000000526 ) ) ;
#8958 = AXIS2_PLACEMENT_3D ( 'NONE', #1033, #10018, #2641 ) ;
#8959 = VECTOR ( 'NONE', #3745, 1000.000000000000000 ) ;
#8960 = VECTOR ( 'NONE', #9166, 1000.000000000000000 ) ;
#8961 = CARTESIAN_POINT ( 'NONE',  ( 0.000000000000000000, 0.000000000000000000, -150.0000000000000000 ) ) ;
#8962 = ORIENTED_EDGE ( 'NONE', *, *, #713, .T. ) ;
#8963 = EDGE_CURVE ( 'NONE', #5621, #9175, #6390, .T. ) ;
#8964 = DIRECTION ( 'NONE',  ( 0.000000000000000000, 0.000000000000000000, 1.000000000000000000 ) ) ;
#8965 = DIRECTION ( 'NONE',  ( 0.000000000000000000, 0.000000000000000000, 1.000000000000000000 ) ) ;
#8966 = VERTEX_POINT ( 'NONE', #358 ) ;
#8967 = CARTESIAN_POINT ( 'NONE',  ( 6.850000000000000533, 33.20000000000000284, -17.00000000000000000 ) ) ;
#8968 = CIRCLE ( 'NONE', #4870, 0.2000000000005539014 ) ;
#8969 = EDGE_CURVE ( 'NONE', #9364, #6697, #5410, .T. ) ;
#8970 = AXIS2_PLACEMENT_3D ( 'NONE', #972, #7604, #10004 ) ;
#8971 = LINE ( 'NONE', #4798, #3551 ) ;
#8972 = AXIS2_PLACEMENT_3D ( 'NONE', #10226, #5525, #8632 ) ;
#8973 = CARTESIAN_POINT ( 'NONE',  ( 2.458500000000000352, -16.00000000000000000, -121.0000000000000000 ) ) ;
#8974 = VERTEX_POINT ( 'NONE', #1337 ) ;
#8975 = AXIS2_PLACEMENT_3D ( 'NONE', #7430, #4974, #453 ) ;
#8976 = DIRECTION ( 'NONE',  ( 0.000000000000000000, 0.000000000000000000, -1.000000000000000000 ) ) ;
#8977 = ORIENTED_EDGE ( 'NONE', *, *, #10592, .F. ) ;
#8978 = DIRECTION ( 'NONE',  ( 0.000000000000000000, 1.000000000000000000, 0.000000000000000000 ) ) ;
#8979 = CARTESIAN_POINT ( 'NONE',  ( -0.5329999999999890381, -7.250000000000000000, -152.0000000000000000 ) ) ;
#8980 = PLANE ( 'NONE',  #5982 ) ;
#8981 = FACE_OUTER_BOUND ( 'NONE', #10521, .T. ) ;
#8982 = CARTESIAN_POINT ( 'NONE',  ( 8.500000000000000000, -17.49999999999940314, -31.00000000000000000 ) ) ;
#8983 = DIRECTION ( 'NONE',  ( 1.000000000000000000, 0.000000000000000000, 0.000000000000000000 ) ) ;
#8984 = ORIENTED_EDGE ( 'NONE', *, *, #3139, .T. ) ;
#8985 = VERTEX_POINT ( 'NONE', #7062 ) ;
#8986 = ORIENTED_EDGE ( 'NONE', *, *, #3078, .F. ) ;
#8987 = DIRECTION ( 'NONE',  ( -0.08784076505916550703, -0.9961345290641321348, 0.000000000000000000 ) ) ;
#8988 = DIRECTION ( 'NONE',  ( -1.000000000000000000, 0.000000000000000000, 0.000000000000000000 ) ) ;
#8989 = AXIS2_PLACEMENT_3D ( 'NONE', #6977, #5484, #2967 ) ;
#8990 = VERTEX_POINT ( 'NONE', #6048 ) ;
#8991 = LINE ( 'NONE', #750, #5965 ) ;
#8992 = AXIS2_PLACEMENT_3D ( 'NONE', #1221, #6795, #10090 ) ;
#8993 = CARTESIAN_POINT ( 'NONE',  ( 7.050000000000549605, 33.40000000000054570, -152.0010000000000048 ) ) ;
#8994 = AXIS2_PLACEMENT_3D ( 'NONE', #7838, #6980, #498 ) ;
#8995 = CARTESIAN_POINT ( 'NONE',  ( 9.478903285766069331, 26.87820559742599968, -152.0000000000000000 ) ) ;
#8996 = EDGE_CURVE ( 'NONE', #2445, #5945, #2779, .T. ) ;
#8997 = FACE_OUTER_BOUND ( 'NONE', #2293, .T. ) ;
#8998 = ORIENTED_EDGE ( 'NONE', *, *, #6865, .T. ) ;
#8999 = ORIENTED_EDGE ( 'NONE', *, *, #6335, .F. ) ;
#9000 = ORIENTED_EDGE ( 'NONE', *, *, #1027, .F. ) ;
#9001 = CARTESIAN_POINT ( 'NONE',  ( 8.000000000000000000, 26.00000000000000000, -3.899999999999999911 ) ) ;
#9002 = VECTOR ( 'NONE', #9511, 1000.000000000000000 ) ;
#9003 = EDGE_CURVE ( 'NONE', #4536, #9448, #8781, .T. ) ;
#9004 = CYLINDRICAL_SURFACE ( 'NONE', #9100, 0.3999999999993869571 ) ;
#9005 = DIRECTION ( 'NONE',  ( -1.000000000000000000, 0.000000000000000000, 0.000000000000000000 ) ) ;
#9006 = EDGE_CURVE ( 'NONE', #9815, #8504, #2971, .T. ) ;
#9007 = VERTEX_POINT ( 'NONE', #8973 ) ;
#9008 = CARTESIAN_POINT ( 'NONE',  ( -4.899999999999999467, -26.00000000000000000, -152.0000000000000000 ) ) ;
#9009 = CARTESIAN_POINT ( 'NONE',  ( 8.032999999999999474, -7.250000000000000000, -150.6715170305899960 ) ) ;
#9010 = DIRECTION ( 'NONE',  ( -1.000000000000000000, 0.000000000000000000, 0.000000000000000000 ) ) ;
#9011 = DIRECTION ( 'NONE',  ( 1.000000000000000000, 0.000000000000000000, 0.000000000000000000 ) ) ;
#9012 = DIRECTION ( 'NONE',  ( 0.000000000000000000, 0.000000000000000000, -1.000000000000000000 ) ) ;
#9013 = EDGE_CURVE ( 'NONE', #6403, #7418, #5027, .T. ) ;
#9014 = ORIENTED_EDGE ( 'NONE', *, *, #6267, .F. ) ;
#9015 = DIRECTION ( 'NONE',  ( 1.000000000000000000, 0.000000000000000000, 0.000000000000000000 ) ) ;
#9016 = EDGE_LOOP ( 'NONE', ( #6383, #5250, #3125, #5465 ) ) ;
#9017 = ADVANCED_FACE ( 'NONE', ( #837 ), #9925, .T. ) ;
#9018 = CARTESIAN_POINT ( 'NONE',  ( 7.978903285765479581, 27.71987061392670171, -152.0000000000000000 ) ) ;
#9019 =( NAMED_UNIT ( * ) PLANE_ANGLE_UNIT ( ) SI_UNIT ( $, .RADIAN. ) );
#9020 = ORIENTED_EDGE ( 'NONE', *, *, #5767, .F. ) ;
#9021 = LINE ( 'NONE', #8863, #1745 ) ;
#9022 = EDGE_CURVE ( 'NONE', #10105, #2040, #3481, .T. ) ;
#9023 = DIRECTION ( 'NONE',  ( -0.8660254037842978203, 0.5000000000002440270, 0.000000000000000000 ) ) ;
#9024 = CARTESIAN_POINT ( 'NONE',  ( -6.500000000000000000, -26.86602540378400050, -150.0000000000000000 ) ) ;
#9025 = ADVANCED_FACE ( 'NONE', ( #8272 ), #4961, .F. ) ;
#9026 = ORIENTED_EDGE ( 'NONE', *, *, #1181, .T. ) ;
#9027 = DIRECTION ( 'NONE',  ( 0.000000000000000000, 0.000000000000000000, 1.000000000000000000 ) ) ;
#9028 = ORIENTED_EDGE ( 'NONE', *, *, #10171, .F. ) ;
#9029 = CARTESIAN_POINT ( 'NONE',  ( 12.00000000000000000, 16.00000000000000000, -143.5000000000000000 ) ) ;
#9030 = CARTESIAN_POINT ( 'NONE',  ( 7.978903285765479581, 27.71987061392670171, 0.000000000000000000 ) ) ;
#9031 = DIRECTION ( 'NONE',  ( 0.000000000000000000, -1.000000000000000000, 0.000000000000000000 ) ) ;
#9032 = LINE ( 'NONE', #8922, #6357 ) ;
#9033 = CARTESIAN_POINT ( 'NONE',  ( -9.500000000000000000, -25.13397459621599950, 0.000000000000000000 ) ) ;
#9034 = VECTOR ( 'NONE', #9867, 1000.000000000000000 ) ;
#9035 = CIRCLE ( 'NONE', #8180, 4.136184427528459828 ) ;
#9036 = CARTESIAN_POINT ( 'NONE',  ( 8.021096714234529301, 24.28012938607335158, -152.0000000000000000 ) ) ;
#9037 = EDGE_CURVE ( 'NONE', #5671, #6215, #4325, .T. ) ;
#9038 = ORIENTED_EDGE ( 'NONE', *, *, #1216, .F. ) ;
#9039 = ORIENTED_EDGE ( 'NONE', *, *, #2332, .F. ) ;
#9040 = ORIENTED_EDGE ( 'NONE', *, *, #3716, .T. ) ;
#9041 = DIRECTION ( 'NONE',  ( 0.000000000000000000, 0.000000000000000000, -1.000000000000000000 ) ) ;
#9042 = AXIS2_PLACEMENT_3D ( 'NONE', #7007, #6207, #2150 ) ;
#9043 = CARTESIAN_POINT ( 'NONE',  ( 0.6607491694260458903, -18.45850000000005053, -141.0414999999999850 ) ) ;
#9044 = ORIENTED_EDGE ( 'NONE', *, *, #2623, .F. ) ;
#9045 = CARTESIAN_POINT ( 'NONE',  ( -6.521096714233920011, -26.87820559742594639, 0.000000000000000000 ) ) ;
#9046 = LINE ( 'NONE', #5043, #2285 ) ;
#9047 = CARTESIAN_POINT ( 'NONE',  ( 8.000000000000000000, 26.00000000000000000, 0.000000000000000000 ) ) ;
#9048 = EDGE_CURVE ( 'NONE', #6630, #8129, #4510, .T. ) ;
#9049 = CARTESIAN_POINT ( 'NONE',  ( 12.00000000000000000, -30.00000000000000000, -152.0000000000000000 ) ) ;
#9050 = ORIENTED_EDGE ( 'NONE', *, *, #448, .F. ) ;
#9051 = ORIENTED_EDGE ( 'NONE', *, *, #5305, .F. ) ;
#9052 = VERTEX_POINT ( 'NONE', #7412 ) ;
#9053 = DIRECTION ( 'NONE',  ( 0.000000000000000000, -1.000000000000000000, 0.000000000000000000 ) ) ;
#9054 = DIRECTION ( 'NONE',  ( 1.000000000000000000, 0.000000000000000000, 0.000000000000000000 ) ) ;
#9055 = PRODUCT_DEFINITION_SHAPE ( 'NONE', 'NONE',  #6849 ) ;
#9056 = LINE ( 'NONE', #8149, #6771 ) ;
#9057 = VERTEX_POINT ( 'NONE', #5653 ) ;
#9058 = CARTESIAN_POINT ( 'NONE',  ( -12.00000000000000000, 26.00000000000094857, -152.0000000000000000 ) ) ;
#9059 = DIRECTION ( 'NONE',  ( 0.000000000000000000, 0.000000000000000000, 1.000000000000000000 ) ) ;
#9060 = DIRECTION ( 'NONE',  ( -0.8660254037842886055, -0.5000000000002597922, 0.000000000000000000 ) ) ;
#9061 = FACE_OUTER_BOUND ( 'NONE', #4739, .T. ) ;
#9062 = CIRCLE ( 'NONE', #7191, 1.500000000000000666 ) ;
#9063 = ORIENTED_EDGE ( 'NONE', *, *, #2209, .T. ) ;
#9064 = CARTESIAN_POINT ( 'NONE',  ( -6.500000000000000000, -25.15833498349994812, 0.000000000000000000 ) ) ;
#9065 = EDGE_LOOP ( 'NONE', ( #5220, #6228 ) ) ;
#9066 = CARTESIAN_POINT ( 'NONE',  ( -1.500000000000000000, 29.80000000000000071, -147.7829999999999870 ) ) ;
#9067 = ORIENTED_EDGE ( 'NONE', *, *, #9687, .F. ) ;
#9068 = LINE ( 'NONE', #9819, #6365 ) ;
#9069 = CARTESIAN_POINT ( 'NONE',  ( 6.500031402844350659, 26.59723240358291108, -151.9389061366782698 ) ) ;
#9070 = ADVANCED_FACE ( 'NONE', ( #7356 ), #5372, .F. ) ;
#9071 = EDGE_CURVE ( 'NONE', #1370, #5505, #8218, .T. ) ;
#9072 = DIRECTION ( 'NONE',  ( 0.000000000000000000, 0.000000000000000000, 1.000000000000000000 ) ) ;
#9073 = EDGE_CURVE ( 'NONE', #2307, #883, #2118, .T. ) ;
#9074 = VECTOR ( 'NONE', #10164, 1000.000000000000000 ) ;
#9075 = ORIENTED_EDGE ( 'NONE', *, *, #87, .F. ) ;
#9076 = DIRECTION ( 'NONE',  ( 0.000000000000000000, 0.000000000000000000, 1.000000000000000000 ) ) ;
#9077 = ORIENTED_EDGE ( 'NONE', *, *, #8507, .T. ) ;
#9078 = CYLINDRICAL_SURFACE ( 'NONE', #5333, 2.458499999999974595 ) ;
#9079 = CARTESIAN_POINT ( 'NONE',  ( 7.024989492759453391, 27.16912822875059774, -0.1272730524253967987 ) ) ;
#9080 = VECTOR ( 'NONE', #4604, 1000.000000000000000 ) ;
#9081 = LINE ( 'NONE', #843, #8367 ) ;
#9082 = DIRECTION ( 'NONE',  ( 0.000000000000000000, 0.000000000000000000, -1.000000000000000000 ) ) ;
#9083 = CARTESIAN_POINT ( 'NONE',  ( -6.945484662171950596, -27.12336122257326920, -151.8962886825634939 ) ) ;
#9084 = CIRCLE ( 'NONE', #3450, 4.000000000000305533 ) ;
#9085 = EDGE_CURVE ( 'NONE', #6269, #7783, #6277, .T. ) ;
#9086 = DIRECTION ( 'NONE',  ( 0.000000000000000000, -1.000000000000000000, 0.000000000000000000 ) ) ;
#9087 = CIRCLE ( 'NONE', #2084, 3.782999999993959417 ) ;
#9088 = ORIENTED_EDGE ( 'NONE', *, *, #9022, .F. ) ;
#9089 = ORIENTED_EDGE ( 'NONE', *, *, #110, .T. ) ;
#9090 = VERTEX_POINT ( 'NONE', #9024 ) ;
#9091 = DIRECTION ( 'NONE',  ( 0.8660254037855547038, 1.060575238726271767E-16, -0.4999999999980669352 ) ) ;
#9092 = LINE ( 'NONE', #1062, #4002 ) ;
#9093 = EDGE_LOOP ( 'NONE', ( #2262, #7846, #7291, #6766, #7960, #4500 ) ) ;
#9094 = DIRECTION ( 'NONE',  ( 0.000000000000000000, 0.000000000000000000, -1.000000000000000000 ) ) ;
#9095 = EDGE_CURVE ( 'NONE', #7336, #3950, #6568, .T. ) ;
#9096 = EDGE_CURVE ( 'NONE', #8444, #5602, #7079, .T. ) ;
#9097 = AXIS2_PLACEMENT_3D ( 'NONE', #6075, #5861, #8327 ) ;
#9098 = ADVANCED_FACE ( 'NONE', ( #8376 ), #5199, .F. ) ;
#9099 = LINE ( 'NONE', #967, #919 ) ;
#9100 = AXIS2_PLACEMENT_3D ( 'NONE', #6654, #817, #2532 ) ;
#9101 = CARTESIAN_POINT ( 'NONE',  ( -8.015521883131919267, -22.00000000000000000, 0.000000000000000000 ) ) ;
#9102 = AXIS2_PLACEMENT_3D ( 'NONE', #10317, #6363, #7218 ) ;
#9103 = CYLINDRICAL_SURFACE ( 'NONE', #8970, 2.458500000000024777 ) ;
#9104 = EDGE_LOOP ( 'NONE', ( #3483, #2861, #3166, #6924 ) ) ;
#9105 = EDGE_LOOP ( 'NONE', ( #9230, #4651, #5727, #828 ) ) ;
#9106 = ORIENTED_EDGE ( 'NONE', *, *, #4608, .F. ) ;
#9107 = CARTESIAN_POINT ( 'NONE',  ( 4.335090188609795447, 29.80000000000000071, -152.0000000000000000 ) ) ;
#9108 = CARTESIAN_POINT ( 'NONE',  ( 9.500000000000000000, 25.15833498349994812, -152.0000000000000000 ) ) ;
#9109 = DIRECTION ( 'NONE',  ( 0.000000000000000000, -1.000000000000000000, 0.000000000000000000 ) ) ;
#9110 = VERTEX_POINT ( 'NONE', #390 ) ;
#9111 = DIRECTION ( 'NONE',  ( 0.000000000000000000, 0.000000000000000000, 1.000000000000000000 ) ) ;
#9112 = DIRECTION ( 'NONE',  ( 0.000000000000000000, -1.000000000000000000, 0.000000000000000000 ) ) ;
#9113 = CARTESIAN_POINT ( 'NONE',  ( -0.4999999999993789968, 17.49999999999940314, -121.0000000000000000 ) ) ;
#9114 = CIRCLE ( 'NONE', #3998, 1.719999999999999307 ) ;
#9115 = DIRECTION ( 'NONE',  ( 0.000000000000000000, 0.000000000000000000, -1.000000000000000000 ) ) ;
#9116 = CARTESIAN_POINT ( 'NONE',  ( -6.499999999999998224, -25.82524040449589720, -0.1227181489377600632 ) ) ;
#9117 = ORIENTED_EDGE ( 'NONE', *, *, #1430, .T. ) ;
#9118 = CARTESIAN_POINT ( 'NONE',  ( 0.000000000000000000, 16.00000000000000000, 0.000000000000000000 ) ) ;
#9119 = ORIENTED_EDGE ( 'NONE', *, *, #4910, .F. ) ;
#9120 = CARTESIAN_POINT ( 'NONE',  ( 8.000000000000000000, 26.00000000000000000, -0.3999999999999810374 ) ) ;
#9121 = CARTESIAN_POINT ( 'NONE',  ( -6.500000000000000000, -25.13397459621599950, -152.0000000000000000 ) ) ;
#9122 = DIRECTION ( 'NONE',  ( 0.000000000000000000, 0.000000000000000000, -1.000000000000000000 ) ) ;
#9123 = DIRECTION ( 'NONE',  ( -0.000000000000000000, 1.000000000000000000, 0.000000000000000000 ) ) ;
#9124 = CONICAL_SURFACE ( 'NONE', #402, 3.499999999999999556, 0.7853981633974589371 ) ;
#9125 = AXIS2_PLACEMENT_3D ( 'NONE', #10084, #4377, #7794 ) ;
#9126 = EDGE_CURVE ( 'NONE', #7622, #4624, #10144, .T. ) ;
#9127 = CIRCLE ( 'NONE', #68, 3.999999999998716582 ) ;
#9128 = AXIS2_PLACEMENT_3D ( 'NONE', #6138, #1156, #4534 ) ;
#9129 = CARTESIAN_POINT ( 'NONE',  ( -4.500000000000000000, -26.00000000000000000, -151.6000000000000227 ) ) ;
#9130 = EDGE_LOOP ( 'NONE', ( #5467, #2630, #2932, #5503 ) ) ;
#9131 = EDGE_CURVE ( 'NONE', #10421, #9741, #7932, .T. ) ;
#9132 = CARTESIAN_POINT ( 'NONE',  ( 8.015521883131919267, 22.00000000000000000, 0.000000000000000000 ) ) ;
#9133 = DIRECTION ( 'NONE',  ( -1.000000000000000000, 0.000000000000000000, 0.000000000000000000 ) ) ;
#9134 = EDGE_CURVE ( 'NONE', #1547, #571, #9979, .T. ) ;
#9135 = CARTESIAN_POINT ( 'NONE',  ( 4.068859615986540668, -4.133325710054085000, 8.000000000000000000 ) ) ;
#9136 = CIRCLE ( 'NONE', #8100, 1.499999999999999556 ) ;
#9137 = CARTESIAN_POINT ( 'NONE',  ( -6.499999375694749837, -25.58996911656979023, -151.9047067593614599 ) ) ;
#9138 = CIRCLE ( 'NONE', #9125, 4.000000000000305533 ) ;
#9139 = CARTESIAN_POINT ( 'NONE',  ( -7.249999999999390710, 34.60000000000059828, -135.0000000000000000 ) ) ;
#9140 = EDGE_CURVE ( 'NONE', #3628, #1374, #1141, .T. ) ;
#9141 = AXIS2_PLACEMENT_3D ( 'NONE', #1339, #2838, #6105 ) ;
#9142 = CONICAL_SURFACE ( 'NONE', #8329, 4.283000000000000362, 0.5235987755967884683 ) ;
#9143 = ORIENTED_EDGE ( 'NONE', *, *, #5474, .F. ) ;
#9144 = EDGE_CURVE ( 'NONE', #6434, #1048, #2655, .T. ) ;
#9145 = EDGE_LOOP ( 'NONE', ( #9677, #329, #10244, #2278 ) ) ;
#9146 = ORIENTED_EDGE ( 'NONE', *, *, #8179, .T. ) ;
#9147 = CARTESIAN_POINT ( 'NONE',  ( 9.500000000000000000, 26.00000000000000000, -150.0000000000000000 ) ) ;
#9148 = CARTESIAN_POINT ( 'NONE',  ( 3.010794155703800205E-16, -18.45850000000000080, -141.0414999999999850 ) ) ;
#9149 = ORIENTED_EDGE ( 'NONE', *, *, #5536, .T. ) ;
#9150 = CARTESIAN_POINT ( 'NONE',  ( 7.129449088653254663, 27.22935682180167660, -151.8757310996184060 ) ) ;
#9151 = EDGE_CURVE ( 'NONE', #1236, #9759, #2462, .T. ) ;
#9152 = CARTESIAN_POINT ( 'NONE',  ( -8.281450277182003106, -27.56955541427437240, -0.08493429684268329061 ) ) ;
#9153 = CARTESIAN_POINT ( 'NONE',  ( 1.000000000000000000, 30.39999999999939817, -17.00000000000000000 ) ) ;
#9154 = ADVANCED_FACE ( 'NONE', ( #2057 ), #6776, .F. ) ;
#9155 = CIRCLE ( 'NONE', #7119, 0.2000000000005539014 ) ;
#9156 = DIRECTION ( 'NONE',  ( -1.000000000000000000, 0.000000000000000000, 0.000000000000000000 ) ) ;
#9157 = VERTEX_POINT ( 'NONE', #5328 ) ;
#9158 = ORIENTED_EDGE ( 'NONE', *, *, #7991, .F. ) ;
#9159 = ORIENTED_EDGE ( 'NONE', *, *, #1414, .F. ) ;
#9160 = CARTESIAN_POINT ( 'NONE',  ( -12.00000000000000000, 26.00000000000094857, -17.00000000000000000 ) ) ;
#9161 = DIRECTION ( 'NONE',  ( -1.000000000000000000, 1.224646799147351482E-16, 0.000000000000000000 ) ) ;
#9162 = VECTOR ( 'NONE', #8463, 1000.000000000000114 ) ;
#9163 = ORIENTED_EDGE ( 'NONE', *, *, #1933, .T. ) ;
#9164 = LINE ( 'NONE', #164, #1076 ) ;
#9165 = AXIS2_PLACEMENT_3D ( 'NONE', #9266, #4252, #7555 ) ;
#9166 = DIRECTION ( 'NONE',  ( 0.000000000000000000, 0.000000000000000000, 1.000000000000000000 ) ) ;
#9167 = CARTESIAN_POINT ( 'NONE',  ( 6.500000000000000000, 25.13397459621599950, -150.0000000000000000 ) ) ;
#9168 = CARTESIAN_POINT ( 'NONE',  ( 6.500000000000000000, 26.86602540378400050, -150.0000000000000000 ) ) ;
#9169 = CIRCLE ( 'NONE', #7628, 8.000000000000611067 ) ;
#9170 = EDGE_LOOP ( 'NONE', ( #705, #9767, #5136, #3607, #215, #6416, #4460, #492, #9727, #6126, #4359, #7083, #1979, #4575, #5375 ) ) ;
#9171 = ORIENTED_EDGE ( 'NONE', *, *, #7891, .T. ) ;
#9172 = CARTESIAN_POINT ( 'NONE',  ( 1.649999999999999911, 33.40000000000054570, -135.0000000000000000 ) ) ;
#9173 = ORIENTED_EDGE ( 'NONE', *, *, #10241, .T. ) ;
#9174 = CARTESIAN_POINT ( 'NONE',  ( 4.335090188609795447, 29.80000000000000071, -152.0000000000000000 ) ) ;
#9175 = VERTEX_POINT ( 'NONE', #5278 ) ;
#9176 = CARTESIAN_POINT ( 'NONE',  ( 8.500000000000000000, -17.49999999999940314, -121.0000000000000000 ) ) ;
#9177 = CARTESIAN_POINT ( 'NONE',  ( 2.458500000000000352, 16.00000000000000000, -145.9584999999999866 ) ) ;
#9178 = DIRECTION ( 'NONE',  ( -0.5000000000002420286, 0.8660254037842989305, 0.000000000000000000 ) ) ;
#9179 = LINE ( 'NONE', #1852, #5054 ) ;
#9180 = B_SPLINE_CURVE_WITH_KNOTS ( 'NONE', 3,
 ( #4055, #17, #9116, #1790, #4953, #2383, #6502, #3345, #8905, #9064 ),
 .UNSPECIFIED., .F., .F.,
 ( 4, 1, 1, 2, 2, 4 ),
 ( 0.000000000000000000, 0.2499999999999851230, 0.3749999999999776845, 0.4374999999999799050, 0.4999999999999821254, 1.000000000000000000 ),
 .UNSPECIFIED. ) ;
#9181 = ADVANCED_FACE ( 'NONE', ( #4312 ), #6827, .T. ) ;
#9182 = CIRCLE ( 'NONE', #5411, 1.500000000000000666 ) ;
#9183 = CONICAL_SURFACE ( 'NONE', #6966, 1.720000000000000195, 1.047197551202454502 ) ;
#9184 = DIRECTION ( 'NONE',  ( -1.000000000000000000, 0.000000000000000000, 0.000000000000000000 ) ) ;
#9185 = ORIENTED_EDGE ( 'NONE', *, *, #2086, .T. ) ;
#9186 = DIRECTION ( 'NONE',  ( 0.000000000000000000, 0.000000000000000000, 1.000000000000000000 ) ) ;
#9187 = CARTESIAN_POINT ( 'NONE',  ( -12.00000000000000000, 16.00000000000000000, -10.95849999999999902 ) ) ;
#9188 = CARTESIAN_POINT ( 'NONE',  ( -8.000000000000000000, -26.00000000000000000, -2.000000000000000000 ) ) ;
#9189 = CARTESIAN_POINT ( 'NONE',  ( 9.220121364030125832, 27.02761340960173442, -0.08442158543717330488 ) ) ;
#9190 = DIRECTION ( 'NONE',  ( 1.000000000000000000, 0.000000000000000000, 0.000000000000000000 ) ) ;
#9191 = ORIENTED_EDGE ( 'NONE', *, *, #7792, .F. ) ;
#9192 = ORIENTED_EDGE ( 'NONE', *, *, #7573, .F. ) ;
#9193 = ORIENTED_EDGE ( 'NONE', *, *, #2548, .T. ) ;
#9194 = CARTESIAN_POINT ( 'NONE',  ( 0.000000000000000000, -16.00000000000000000, 0.000000000000000000 ) ) ;
#9195 = AXIS2_PLACEMENT_3D ( 'NONE', #4155, #9814, #2588 ) ;
#9196 = CARTESIAN_POINT ( 'NONE',  ( -0.4999999999993919864, -17.49999999999940314, -31.00000000000000000 ) ) ;
#9197 = ORIENTED_EDGE ( 'NONE', *, *, #9006, .F. ) ;
#9198 = CARTESIAN_POINT ( 'NONE',  ( 1.738422021547139984, -17.73842202154714798, -10.23842202154713910 ) ) ;
#9199 = CARTESIAN_POINT ( 'NONE',  ( -6.500000000000000000, -26.86602540378400050, -150.0000000000000000 ) ) ;
#9200 = CARTESIAN_POINT ( 'NONE',  ( -6.500000000000000000, -26.00000000000000000, -150.0000000000000000 ) ) ;
#9201 = AXIS2_PLACEMENT_3D ( 'NONE', #913, #1711, #8030 ) ;
#9202 = LINE ( 'NONE', #5140, #8940 ) ;
#9203 = ADVANCED_FACE ( 'NONE', ( #1900 ), #9292, .F. ) ;
#9204 = CARTESIAN_POINT ( 'NONE',  ( 4.500000000000000000, 26.00000000000000000, -0.3999999999999810374 ) ) ;
#9205 = DIRECTION ( 'NONE',  ( 0.000000000000000000, 0.000000000000000000, 1.000000000000000000 ) ) ;
#9206 = ORIENTED_EDGE ( 'NONE', *, *, #2921, .T. ) ;
#9207 = ORIENTED_EDGE ( 'NONE', *, *, #6927, .T. ) ;
#9208 = EDGE_LOOP ( 'NONE', ( #10351, #5619, #8388, #1736 ) ) ;
#9209 = FACE_OUTER_BOUND ( 'NONE', #9849, .T. ) ;
#9210 = FACE_OUTER_BOUND ( 'NONE', #8662, .T. ) ;
#9211 = EDGE_LOOP ( 'NONE', ( #1585, #6929, #5309, #8619 ) ) ;
#9212 = ADVANCED_FACE ( 'NONE', ( #2752 ), #5975, .F. ) ;
#9213 = CARTESIAN_POINT ( 'NONE',  ( -9.417066976203871675, -26.91390680739742436, -151.9798273416638494 ) ) ;
#9214 = CARTESIAN_POINT ( 'NONE',  ( 9.500000000000000000, 26.84166501650005188, 0.000000000000000000 ) ) ;
#9215 = CARTESIAN_POINT ( 'NONE',  ( -8.000000000000000000, -16.00000000000000000, -5.500000000000000000 ) ) ;
#9216 = CARTESIAN_POINT ( 'NONE',  ( 0.000000000000000000, -29.20849999999999724, -8.500000000000000000 ) ) ;
#9217 = TOROIDAL_SURFACE ( 'NONE', #4617, 3.782999999993959861, 0.5000000000060269567 ) ;
#9218 = ORIENTED_EDGE ( 'NONE', *, *, #10096, .T. ) ;
#9219 = ORIENTED_EDGE ( 'NONE', *, *, #10050, .T. ) ;
#9220 = CARTESIAN_POINT ( 'NONE',  ( 4.599999999999999645, 26.00000000000000000, -4.000000000000000000 ) ) ;
#9221 = CARTESIAN_POINT ( 'NONE',  ( 6.850000000000000533, 34.60000000000059828, -135.0000000000000000 ) ) ;
#9222 = EDGE_LOOP ( 'NONE', ( #5583, #2846, #6895, #9871 ) ) ;
#9223 = DIRECTION ( 'NONE',  ( 0.000000000000000000, 0.000000000000000000, -1.000000000000000000 ) ) ;
#9224 = ADVANCED_FACE ( 'NONE', ( #10079 ), #8484, .F. ) ;
#9225 = CARTESIAN_POINT ( 'NONE',  ( -8.000000000000000000, -26.00000000000000000, -4.000000000000000000 ) ) ;
#9226 = DIRECTION ( 'NONE',  ( 1.000000000000000000, 0.000000000000000000, 0.000000000000000000 ) ) ;
#9227 = CARTESIAN_POINT ( 'NONE',  ( 2.458500000000000352, 16.00000000000000000, 0.000000000000000000 ) ) ;
#9228 = EDGE_CURVE ( 'NONE', #2346, #1370, #9127, .T. ) ;
#9229 = DIRECTION ( 'NONE',  ( 0.000000000000000000, 0.000000000000000000, -1.000000000000000000 ) ) ;
#9230 = ORIENTED_EDGE ( 'NONE', *, *, #3006, .F. ) ;
#9231 = DIRECTION ( 'NONE',  ( 0.000000000000000000, -1.000000000000000000, 0.000000000000000000 ) ) ;
#9232 = PLANE ( 'NONE',  #4013 ) ;
#9233 = CARTESIAN_POINT ( 'NONE',  ( 3.010794155703800205E-16, -29.20849999999999724, -6.041500000000000092 ) ) ;
#9234 = DIRECTION ( 'NONE',  ( 1.000000000000000000, 0.000000000000000000, 0.000000000000000000 ) ) ;
#9235 = DIRECTION ( 'NONE',  ( 0.000000000000000000, 0.000000000000000000, -1.000000000000000000 ) ) ;
#9236 = AXIS2_PLACEMENT_3D ( 'NONE', #4994, #4245, #4194 ) ;
#9237 = EDGE_CURVE ( 'NONE', #8847, #2451, #3297, .T. ) ;
#9238 = ORIENTED_EDGE ( 'NONE', *, *, #5095, .F. ) ;
#9239 = ORIENTED_EDGE ( 'NONE', *, *, #56, .F. ) ;
#9240 = CARTESIAN_POINT ( 'NONE',  ( -9.499995946312298045, -25.71815080482107518, -151.8844467015431690 ) ) ;
#9241 = CARTESIAN_POINT ( 'NONE',  ( 12.00000000000000000, -30.00000000000000000, -135.0000000000000000 ) ) ;
#9242 = EDGE_LOOP ( 'NONE', ( #960, #2614, #3797, #3228 ) ) ;
#9243 = LINE ( 'NONE', #4281, #5667 ) ;
#9244 = DIRECTION ( 'NONE',  ( 0.000000000000000000, 0.000000000000000000, 1.000000000000000000 ) ) ;
#9245 = CARTESIAN_POINT ( 'NONE',  ( 7.021560395670769061, 24.83285156137663918, -0.1267595446035250650 ) ) ;
#9246 = AXIS2_PLACEMENT_3D ( 'NONE', #2982, #7897, #1476 ) ;
#9247 = LINE ( 'NONE', #4337, #1259 ) ;
#9248 = CONICAL_SURFACE ( 'NONE', #7045, 1.499999999999999556, 1.047197551198829846 ) ;
#9249 = CARTESIAN_POINT ( 'NONE',  ( -0.4999999999993929856, 25.50000000000000000, -31.00000000000000000 ) ) ;
#9250 = EDGE_CURVE ( 'NONE', #7854, #5725, #2866, .T. ) ;
#9251 = CIRCLE ( 'NONE', #3622, 3.400000000000000355 ) ;
#9252 = ADVANCED_FACE ( 'NONE', ( #5387 ), #8645, .F. ) ;
#9253 = CARTESIAN_POINT ( 'NONE',  ( 8.200000000000549960, -16.00000000000000000, -8.500000000000000000 ) ) ;
#9254 = EDGE_LOOP ( 'NONE', ( #2575, #8850 ) ) ;
#9255 = ORIENTED_EDGE ( 'NONE', *, *, #4951, .T. ) ;
#9256 = VERTEX_POINT ( 'NONE', #613 ) ;
#9257 = CARTESIAN_POINT ( 'NONE',  ( -8.500000000000000000, -17.49999999999940314, -121.0000000000000000 ) ) ;
#9258 = AXIS2_PLACEMENT_3D ( 'NONE', #283, #1949, #230 ) ;
#9259 = LINE ( 'NONE', #5103, #8760 ) ;
#9260 = EDGE_CURVE ( 'NONE', #5113, #544, #9433, .T. ) ;
#9261 = ADVANCED_FACE ( 'NONE', ( #4632 ), #10236, .T. ) ;
#9262 = VERTEX_POINT ( 'NONE', #7093 ) ;
#9263 = DIRECTION ( 'NONE',  ( -0.8660254037842989305, 0.5000000000002420286, 0.000000000000000000 ) ) ;
#9264 = EDGE_CURVE ( 'NONE', #2153, #4331, #5592, .T. ) ;
#9265 = DIRECTION ( 'NONE',  ( 0.5000000000002338130, -0.8660254037843035935, 0.000000000000000000 ) ) ;
#9266 = CARTESIAN_POINT ( 'NONE',  ( -4.700000000000099654, 5.755839955992679956E-16, 9.394203811574740826 ) ) ;
#9267 = DIRECTION ( 'NONE',  ( -1.000000000000000000, -3.751159154633074911E-16, 0.000000000000000000 ) ) ;
#9268 = VERTEX_POINT ( 'NONE', #10354 ) ;
#9269 = ORIENTED_EDGE ( 'NONE', *, *, #1885, .T. ) ;
#9270 = FACE_OUTER_BOUND ( 'NONE', #9698, .T. ) ;
#9271 = CARTESIAN_POINT ( 'NONE',  ( -9.500185937031606187, -26.39045350185440597, -151.9017439546457808 ) ) ;
#9272 = ORIENTED_EDGE ( 'NONE', *, *, #5939, .F. ) ;
#9273 = CARTESIAN_POINT ( 'NONE',  ( -2.458500000000000352, 16.00000000000000000, -10.95849999999999902 ) ) ;
#9274 = EDGE_CURVE ( 'NONE', #9797, #3055, #9542, .T. ) ;
#9275 = CARTESIAN_POINT ( 'NONE',  ( -11.40000000000000036, -26.00000000000000000, -148.0000000000000000 ) ) ;
#9276 = CIRCLE ( 'NONE', #1425, 1.720000000000000195 ) ;
#9277 = CARTESIAN_POINT ( 'NONE',  ( -8.000000000000000000, -26.00000000000000000, -152.0000000000000000 ) ) ;
#9278 = CARTESIAN_POINT ( 'NONE',  ( 8.000000000000000000, 26.00000000000000000, -150.0000000000000000 ) ) ;
#9279 = DIRECTION ( 'NONE',  ( 0.2588190451025199068, 0.9659258262890685343, 0.000000000000000000 ) ) ;
#9280 = VECTOR ( 'NONE', #7898, 1000.000000000000000 ) ;
#9281 = EDGE_CURVE ( 'NONE', #5147, #8880, #7593, .T. ) ;
#9282 = AXIS2_PLACEMENT_3D ( 'NONE', #6900, #9512, #7809 ) ;
#9283 = LINE ( 'NONE', #5282, #3664 ) ;
#9284 = VERTEX_POINT ( 'NONE', #4584 ) ;
#9285 = CARTESIAN_POINT ( 'NONE',  ( -8.015521883131919267, -26.00000000000000000, -152.0000000000000000 ) ) ;
#9286 = CARTESIAN_POINT ( 'NONE',  ( -6.500000000000000000, -25.13397459621599950, 0.000000000000000000 ) ) ;
#9287 = DIRECTION ( 'NONE',  ( -1.000000000000000000, 0.000000000000000000, 0.000000000000000000 ) ) ;
#9288 = DIRECTION ( 'NONE',  ( 0.000000000000000000, 0.000000000000000000, 1.000000000000000000 ) ) ;
#9289 = VECTOR ( 'NONE', #9458, 1000.000000000000000 ) ;
#9290 = PLANE ( 'NONE',  #126 ) ;
#9291 = VECTOR ( 'NONE', #8988, 1000.000000000000000 ) ;
#9292 = CONICAL_SURFACE ( 'NONE', #4693, 1.499999999999999556, 1.047197551198829846 ) ;
#9293 = VECTOR ( 'NONE', #6119, 1000.000000000000000 ) ;
#9294 = AXIS2_PLACEMENT_3D ( 'NONE', #3081, #2330, #4689 ) ;
#9295 = ORIENTED_EDGE ( 'NONE', *, *, #1294, .F. ) ;
#9296 = VECTOR ( 'NONE', #7578, 1000.000000000000000 ) ;
#9297 = ORIENTED_EDGE ( 'NONE', *, *, #7629, .T. ) ;
#9298 = LINE ( 'NONE', #1120, #9843 ) ;
#9299 = CARTESIAN_POINT ( 'NONE',  ( 8.000000000000000000, -16.00000000000000000, -8.500000000000000000 ) ) ;
#9300 = ORIENTED_EDGE ( 'NONE', *, *, #10381, .F. ) ;
#9301 = DIRECTION ( 'NONE',  ( -1.000000000000000000, 0.000000000000000000, 0.000000000000000000 ) ) ;
#9302 = CARTESIAN_POINT ( 'NONE',  ( 7.374868588307288420, 27.37113652139007769, -151.8730948080371377 ) ) ;
#9303 = FACE_OUTER_BOUND ( 'NONE', #7975, .T. ) ;
#9304 = AXIS2_PLACEMENT_3D ( 'NONE', #2625, #3536, #8352 ) ;
#9305 = CARTESIAN_POINT ( 'NONE',  ( 8.000000000000000000, 27.73205080756900287, 0.000000000000000000 ) ) ;
#9306 =( GEOMETRIC_REPRESENTATION_CONTEXT ( 3 ) GLOBAL_UNCERTAINTY_ASSIGNED_CONTEXT ( ( #8865 ) ) GLOBAL_UNIT_ASSIGNED_CONTEXT ( ( #3949, #4795, #8707 ) ) REPRESENTATION_CONTEXT ( 'NONE', 'WORKASPACE' ) );
#9307 = DIRECTION ( 'NONE',  ( -1.000000000000000000, 0.000000000000000000, 0.000000000000000000 ) ) ;
#9308 = FACE_OUTER_BOUND ( 'NONE', #5781, .T. ) ;
#9309 = EDGE_LOOP ( 'NONE', ( #3577, #2287, #9795, #8196, #4138 ) ) ;
#9310 = VERTEX_POINT ( 'NONE', #9595 ) ;
#9311 = ORIENTED_EDGE ( 'NONE', *, *, #6069, .T. ) ;
#9312 = DIRECTION ( 'NONE',  ( 0.000000000000000000, 0.000000000000000000, 1.000000000000000000 ) ) ;
#9313 = AXIS2_PLACEMENT_3D ( 'NONE', #2148, #526, #3804 ) ;
#9314 = FACE_OUTER_BOUND ( 'NONE', #1828, .T. ) ;
#9315 = ORIENTED_EDGE ( 'NONE', *, *, #1835, .T. ) ;
#9316 = CARTESIAN_POINT ( 'NONE',  ( 0.5329999999999879279, 7.250000000000000000, -145.5000000000000000 ) ) ;
#9317 = DIRECTION ( 'NONE',  ( 0.000000000000000000, 0.000000000000000000, 1.000000000000000000 ) ) ;
#9318 = FACE_OUTER_BOUND ( 'NONE', #6297, .T. ) ;
#9319 = EDGE_CURVE ( 'NONE', #1148, #8764, #6052, .T. ) ;
#9320 = CARTESIAN_POINT ( 'NONE',  ( -2.458500000000000352, 16.00000000000000000, -141.0414999999999850 ) ) ;
#9321 = EDGE_LOOP ( 'NONE', ( #5076, #8944, #1520, #1001 ) ) ;
#9322 = VERTEX_POINT ( 'NONE', #8698 ) ;
#9323 = EDGE_CURVE ( 'NONE', #7389, #8740, #2549, .T. ) ;
#9324 = DIRECTION ( 'NONE',  ( 0.000000000000000000, 0.000000000000000000, 1.000000000000000000 ) ) ;
#9325 =( BOUNDED_CURVE ( )  B_SPLINE_CURVE ( 3, ( #9592, #1467, #4740, #3133 ),
 .UNSPECIFIED., .F., .F. ) 
 B_SPLINE_CURVE_WITH_KNOTS ( ( 4, 4 ),
 ( 5.497787143782139729, 7.068583470577039840 ),
 .UNSPECIFIED. ) 
 CURVE ( )  GEOMETRIC_REPRESENTATION_ITEM ( )  RATIONAL_B_SPLINE_CURVE ( ( 1.000000000000000000, 0.8047378541243649375, 0.8047378541243649375, 1.000000000000000000 ) ) 
 REPRESENTATION_ITEM ( '' )  );
#9326 = DIRECTION ( 'NONE',  ( 1.000000000000000000, 0.000000000000000000, 0.000000000000000000 ) ) ;
#9327 = VECTOR ( 'NONE', #9535, 1000.000000000000000 ) ;
#9328 = EDGE_LOOP ( 'NONE', ( #5429, #367 ) ) ;
#9329 = DIRECTION ( 'NONE',  ( 0.000000000000000000, 1.000000000000000000, 0.000000000000000000 ) ) ;
#9330 = DIRECTION ( 'NONE',  ( 0.000000000000000000, 1.000000000000000000, 0.000000000000000000 ) ) ;
#9331 = VECTOR ( 'NONE', #6998, 1000.000000000000000 ) ;
#9332 = CARTESIAN_POINT ( 'NONE',  ( 8.975010507240558155, 24.83087177124940581, -0.1272730524253918027 ) ) ;
#9333 = DIRECTION ( 'NONE',  ( -1.000000000000000000, 0.000000000000000000, 0.000000000000000000 ) ) ;
#9334 = AXIS2_PLACEMENT_3D ( 'NONE', #7999, #2913, #10353 ) ;
#9335 = DIRECTION ( 'NONE',  ( 0.7071067811865489050, 8.659560562354948882E-17, -0.7071067811865460184 ) ) ;
#9336 = EDGE_CURVE ( 'NONE', #3950, #1333, #8744, .T. ) ;
#9337 = DIRECTION ( 'NONE',  ( 1.000000000000000000, 0.000000000000000000, 0.000000000000000000 ) ) ;
#9338 = VERTEX_POINT ( 'NONE', #1364 ) ;
#9339 = EDGE_CURVE ( 'NONE', #6040, #8687, #450, .T. ) ;
#9340 = CARTESIAN_POINT ( 'NONE',  ( 1.738422021547139984, -17.73842202154714798, -10.23842202154713910 ) ) ;
#9341 = LINE ( 'NONE', #8435, #8285 ) ;
#9342 = VECTOR ( 'NONE', #6155, 999.9999999999998863 ) ;
#9343 = CARTESIAN_POINT ( 'NONE',  ( -12.00000000000000000, -16.00000000000000000, -3.500000000000000000 ) ) ;
#9344 = DIRECTION ( 'NONE',  ( 0.8660254037842978203, 0.5000000000002440270, 0.000000000000000000 ) ) ;
#9345 = CARTESIAN_POINT ( 'NONE',  ( -8.000000000000000000, -27.73205080756900287, -150.0000000000000000 ) ) ;
#9346 = EDGE_CURVE ( 'NONE', #6546, #1947, #553, .T. ) ;
#9347 = ORIENTED_EDGE ( 'NONE', *, *, #8314, .T. ) ;
#9348 = ORIENTED_EDGE ( 'NONE', *, *, #1465, .T. ) ;
#9349 = CARTESIAN_POINT ( 'NONE',  ( -9.500000000000000000, -26.86602540378400050, -2.000000000000000000 ) ) ;
#9350 = DIRECTION ( 'NONE',  ( 1.000000000000000000, 0.000000000000000000, 0.000000000000000000 ) ) ;
#9351 = VERTEX_POINT ( 'NONE', #3032 ) ;
#9352 = DIRECTION ( 'NONE',  ( 1.000000000000000000, 0.000000000000000000, 0.000000000000000000 ) ) ;
#9353 = DIRECTION ( 'NONE',  ( -1.000000000000000000, 0.000000000000000000, 0.000000000000000000 ) ) ;
#9354 = CARTESIAN_POINT ( 'NONE',  ( 7.978903285765468922, 24.28012938607335158, 0.000000000000000000 ) ) ;
#9355 = EDGE_CURVE ( 'NONE', #3346, #6638, #7585, .T. ) ;
#9356 = CARTESIAN_POINT ( 'NONE',  ( 8.000000000000000000, 26.00000000000000000, -152.0000000000000000 ) ) ;
#9357 = DIRECTION ( 'NONE',  ( 0.000000000000000000, 0.000000000000000000, 1.000000000000000000 ) ) ;
#9358 = ADVANCED_FACE ( 'NONE', ( #6341 ), #2805, .T. ) ;
#9359 = LINE ( 'NONE', #7917, #5482 ) ;
#9360 = ORIENTED_EDGE ( 'NONE', *, *, #1183, .F. ) ;
#9361 = ORIENTED_EDGE ( 'NONE', *, *, #4442, .T. ) ;
#9362 = ORIENTED_EDGE ( 'NONE', *, *, #10482, .F. ) ;
#9363 = DIRECTION ( 'NONE',  ( 1.000000000000000000, 0.000000000000000000, 0.000000000000000000 ) ) ;
#9364 = VERTEX_POINT ( 'NONE', #2271 ) ;
#9365 = DIRECTION ( 'NONE',  ( 0.000000000000000000, 0.000000000000000000, 1.000000000000000000 ) ) ;
#9366 = VERTEX_POINT ( 'NONE', #6180 ) ;
#9367 = LINE ( 'NONE', #10339, #6038 ) ;
#9368 = AXIS2_PLACEMENT_3D ( 'NONE', #6822, #7510, #8474 ) ;
#9369 = CARTESIAN_POINT ( 'NONE',  ( -9.500000000000000000, -26.86602540378400050, -2.000000000000000000 ) ) ;
#9370 = LINE ( 'NONE', #7873, #2473 ) ;
#9371 = DIRECTION ( 'NONE',  ( 1.000000000000000000, 0.000000000000000000, 0.000000000000000000 ) ) ;
#9372 = VERTEX_POINT ( 'NONE', #2114 ) ;
#9373 = VERTEX_POINT ( 'NONE', #5537 ) ;
#9374 = CARTESIAN_POINT ( 'NONE',  ( 7.500000000000000000, 30.39999999999939817, -17.00000000000000000 ) ) ;
#9375 = CARTESIAN_POINT ( 'NONE',  ( -9.500000000000001776, -26.54169354751345722, -0.08474813541872333600 ) ) ;
#9376 = ORIENTED_EDGE ( 'NONE', *, *, #1681, .T. ) ;
#9377 = LINE ( 'NONE', #7837, #3458 ) ;
#9378 = CARTESIAN_POINT ( 'NONE',  ( 1.000000000000000000, 30.39999999999939817, -135.0000000000000000 ) ) ;
#9379 = DIRECTION ( 'NONE',  ( 0.000000000000000000, 0.000000000000000000, -1.000000000000000000 ) ) ;
#9380 = DIRECTION ( 'NONE',  ( 0.000000000000000000, 0.000000000000000000, -1.000000000000000000 ) ) ;
#9381 = CARTESIAN_POINT ( 'NONE',  ( 8.350000000000278533, -29.50000000000000000, -135.0000000000000000 ) ) ;
#9382 =( BOUNDED_CURVE ( )  B_SPLINE_CURVE ( 3, ( #7362, #89, #2555, #947 ),
 .UNSPECIFIED., .F., .F. ) 
 B_SPLINE_CURVE_WITH_KNOTS ( ( 4, 4 ),
 ( 3.141592653589795336, 4.712388980384689674 ),
 .UNSPECIFIED. ) 
 CURVE ( )  GEOMETRIC_REPRESENTATION_ITEM ( )  RATIONAL_B_SPLINE_CURVE ( ( 1.000000000000000000, 0.8047378541243649375, 0.8047378541243649375, 1.000000000000000000 ) ) 
 REPRESENTATION_ITEM ( '' )  );
#9383 = DIRECTION ( 'NONE',  ( 0.000000000000000000, 0.000000000000000000, -1.000000000000000000 ) ) ;
#9384 = DIRECTION ( 'NONE',  ( -6.870191984066599420E-16, -1.000000000000000000, 0.000000000000000000 ) ) ;
#9385 = ORIENTED_EDGE ( 'NONE', *, *, #9587, .T. ) ;
#9386 = ORIENTED_EDGE ( 'NONE', *, *, #4914, .T. ) ;
#9387 = EDGE_CURVE ( 'NONE', #9850, #9965, #665, .T. ) ;
#9388 = DIRECTION ( 'NONE',  ( -1.000000000000000000, 0.000000000000000000, 0.000000000000000000 ) ) ;
#9389 = DIRECTION ( 'NONE',  ( 0.000000000000000000, 0.000000000000000000, 1.000000000000000000 ) ) ;
#9390 = DIRECTION ( 'NONE',  ( 0.000000000000000000, 0.000000000000000000, -1.000000000000000000 ) ) ;
#9391 = CARTESIAN_POINT ( 'NONE',  ( -8.000000000001291411, 26.00000000000094857, -152.0000000000000000 ) ) ;
#9392 = EDGE_CURVE ( 'NONE', #4447, #10006, #6229, .T. ) ;
#9393 = CARTESIAN_POINT ( 'NONE',  ( 5.590398646903969926, 1.545135259028805219, 8.000000000000000000 ) ) ;
#9394 = EDGE_CURVE ( 'NONE', #10488, #158, #799, .T. ) ;
#9395 = ORIENTED_EDGE ( 'NONE', *, *, #3104, .T. ) ;
#9396 = ORIENTED_EDGE ( 'NONE', *, *, #19, .T. ) ;
#9397 = VERTEX_POINT ( 'NONE', #8899 ) ;
#9398 = CYLINDRICAL_SURFACE ( 'NONE', #8992, 0.3999999999993869571 ) ;
#9399 = LINE ( 'NONE', #9241, #8102 ) ;
#9400 = ORIENTED_EDGE ( 'NONE', *, *, #1026, .T. ) ;
#9401 = DIRECTION ( 'NONE',  ( -1.000000000000000000, 0.000000000000000000, 0.000000000000000000 ) ) ;
#9402 = CARTESIAN_POINT ( 'NONE',  ( -2.458500000000000352, -16.00000000000000000, -141.0414999999999850 ) ) ;
#9403 = EDGE_CURVE ( 'NONE', #4519, #10422, #2131, .T. ) ;
#9404 = CARTESIAN_POINT ( 'NONE',  ( 0.000000000000000000, 0.000000000000000000, 9.394203811574740826 ) ) ;
#9405 = AXIS2_PLACEMENT_3D ( 'NONE', #4921, #1112, #1859 ) ;
#9406 = CARTESIAN_POINT ( 'NONE',  ( -6.500000000000000000, -26.86602540378400050, -2.000000000000000000 ) ) ;
#9407 = ADVANCED_FACE ( 'NONE', ( #931 ), #9806, .F. ) ;
#9408 = DIRECTION ( 'NONE',  ( 0.000000000000000000, 0.000000000000000000, -1.000000000000000000 ) ) ;
#9409 = EDGE_CURVE ( 'NONE', #1381, #1058, #1571, .T. ) ;
#9410 = VERTEX_POINT ( 'NONE', #7299 ) ;
#9411 = ORIENTED_EDGE ( 'NONE', *, *, #5962, .T. ) ;
#9412 = ORIENTED_EDGE ( 'NONE', *, *, #10171, .T. ) ;
#9413 = CARTESIAN_POINT ( 'NONE',  ( -4.232999999999999652, 0.000000000000000000, 30.00000000000000000 ) ) ;
#9414 = ORIENTED_EDGE ( 'NONE', *, *, #5967, .F. ) ;
#9415 = CARTESIAN_POINT ( 'NONE',  ( 12.00000000000000000, -16.00000000000000000, -8.500000000000000000 ) ) ;
#9416 = EDGE_CURVE ( 'NONE', #10449, #6925, #6499, .T. ) ;
#9417 = ORIENTED_EDGE ( 'NONE', *, *, #4512, .F. ) ;
#9418 = DIRECTION ( 'NONE',  ( 0.000000000000000000, 0.000000000000000000, -1.000000000000000000 ) ) ;
#9419 = CARTESIAN_POINT ( 'NONE',  ( 0.000000000000000000, 0.000000000000000000, -150.0000000000000000 ) ) ;
#9420 = CYLINDRICAL_SURFACE ( 'NONE', #8279, 4.283000000000000362 ) ;
#9421 = CARTESIAN_POINT ( 'NONE',  ( 1.649999999999999911, 33.20000000000000284, -152.0010000000000048 ) ) ;
#9422 = VECTOR ( 'NONE', #10415, 1000.000000000000000 ) ;
#9423 = VECTOR ( 'NONE', #7480, 1000.000000000000000 ) ;
#9424 = ORIENTED_EDGE ( 'NONE', *, *, #2716, .F. ) ;
#9425 = EDGE_LOOP ( 'NONE', ( #3485, #9386, #4358, #114 ) ) ;
#9426 = EDGE_LOOP ( 'NONE', ( #9269, #1624 ) ) ;
#9427 = CARTESIAN_POINT ( 'NONE',  ( -8.500000000000000000, 25.50000000000000000, -121.0000000000000000 ) ) ;
#9428 = FACE_OUTER_BOUND ( 'NONE', #2230, .T. ) ;
#9429 = ORIENTED_EDGE ( 'NONE', *, *, #5630, .F. ) ;
#9430 = DIRECTION ( 'NONE',  ( 0.000000000000000000, 0.000000000000000000, 1.000000000000000000 ) ) ;
#9431 = CYLINDRICAL_SURFACE ( 'NONE', #8994, 2.458500000000000352 ) ;
#9432 = AXIS2_PLACEMENT_3D ( 'NONE', #9659, #2498, #6460 ) ;
#9433 = LINE ( 'NONE', #9650, #4015 ) ;
#9434 = DIRECTION ( 'NONE',  ( 0.000000000000000000, 0.000000000000000000, -1.000000000000000000 ) ) ;
#9435 = CARTESIAN_POINT ( 'NONE',  ( 8.000000000000000000, 27.73205080756900287, -152.0000000000000000 ) ) ;
#9436 = DIRECTION ( 'NONE',  ( -0.7071067811865550112, 8.659560562355019140E-17, 0.7071067811865400232 ) ) ;
#9437 = VECTOR ( 'NONE', #10374, 1000.000000000000000 ) ;
#9438 = CARTESIAN_POINT ( 'NONE',  ( -1.000000000000000000, 32.99999999999945288, -135.0000000000000000 ) ) ;
#9439 = ORIENTED_EDGE ( 'NONE', *, *, #3236, .T. ) ;
#9440 = VERTEX_POINT ( 'NONE', #7458 ) ;
#9441 = DIRECTION ( 'NONE',  ( 0.000000000000000000, -1.000000000000000000, 0.000000000000000000 ) ) ;
#9442 = CARTESIAN_POINT ( 'NONE',  ( -8.032999999999999474, 7.250000000000000000, -152.0000000000000000 ) ) ;
#9443 = DIRECTION ( 'NONE',  ( 0.000000000000000000, 0.000000000000000000, -1.000000000000000000 ) ) ;
#9444 = CARTESIAN_POINT ( 'NONE',  ( -8.750000000000291323, -27.29903810567634892, -2.000000000000000000 ) ) ;
#9445 = ADVANCED_FACE ( 'NONE', ( #10512 ), #8853, .F. ) ;
#9446 = ORIENTED_EDGE ( 'NONE', *, *, #3311, .F. ) ;
#9447 = ORIENTED_EDGE ( 'NONE', *, *, #4051, .F. ) ;
#9448 = VERTEX_POINT ( 'NONE', #4098 ) ;
#9449 = DIRECTION ( 'NONE',  ( 0.000000000000000000, 0.000000000000000000, -1.000000000000000000 ) ) ;
#9450 = LINE ( 'NONE', #8666, #4517 ) ;
#9451 = EDGE_CURVE ( 'NONE', #7911, #6951, #2303, .T. ) ;
#9452 = EDGE_LOOP ( 'NONE', ( #5038, #8108, #964, #2238 ) ) ;
#9453 = DIRECTION ( 'NONE',  ( 0.000000000000000000, 0.000000000000000000, -1.000000000000000000 ) ) ;
#9454 = AXIS2_PLACEMENT_3D ( 'NONE', #9196, #1866, #2519 ) ;
#9455 = CARTESIAN_POINT ( 'NONE',  ( -8.021096714234529301, -24.28012938607335158, -152.0000000000000000 ) ) ;
#9456 = AXIS2_PLACEMENT_3D ( 'NONE', #7311, #3245, #9122 ) ;
#9457 = DIRECTION ( 'NONE',  ( 1.000000000000000000, 0.000000000000000000, 0.000000000000000000 ) ) ;
#9458 = DIRECTION ( 'NONE',  ( 0.000000000000000000, 0.000000000000000000, -1.000000000000000000 ) ) ;
#9459 = CIRCLE ( 'NONE', #5378, 2.458500000000000796 ) ;
#9460 = EDGE_CURVE ( 'NONE', #9448, #4536, #930, .T. ) ;
#9461 = VECTOR ( 'NONE', #8767, 1000.000000000000000 ) ;
#9462 = AXIS2_PLACEMENT_3D ( 'NONE', #1523, #6660, #9910 ) ;
#9463 = EDGE_CURVE ( 'NONE', #4650, #9967, #3234, .T. ) ;
#9464 = FACE_BOUND ( 'NONE', #8560, .T. ) ;
#9465 = ORIENTED_EDGE ( 'NONE', *, *, #8464, .T. ) ;
#9466 = ORIENTED_EDGE ( 'NONE', *, *, #392, .F. ) ;
#9467 = ORIENTED_EDGE ( 'NONE', *, *, #52, .T. ) ;
#9468 = CARTESIAN_POINT ( 'NONE',  ( 8.000000000000000000, 24.26794919243099713, -152.0000000000000000 ) ) ;
#9469 = ORIENTED_EDGE ( 'NONE', *, *, #8877, .T. ) ;
#9470 = LINE ( 'NONE', #2156, #1176 ) ;
#9471 = AXIS2_PLACEMENT_3D ( 'NONE', #9791, #4729, #5735 ) ;
#9472 = AXIS2_PLACEMENT_3D ( 'NONE', #3328, #3933, #7388 ) ;
#9473 = ORIENTED_EDGE ( 'NONE', *, *, #5121, .T. ) ;
#9474 = AXIS2_PLACEMENT_3D ( 'NONE', #5760, #8965, #1634 ) ;
#9475 = DIRECTION ( 'NONE',  ( 0.000000000000000000, -1.000000000000000000, 0.000000000000000000 ) ) ;
#9476 = ADVANCED_FACE ( 'NONE', ( #9750 ), #13, .F. ) ;
#9477 = DIRECTION ( 'NONE',  ( -1.000000000000000000, 0.000000000000000000, 0.000000000000000000 ) ) ;
#9478 = FACE_OUTER_BOUND ( 'NONE', #1087, .T. ) ;
#9479 = AXIS2_PLACEMENT_3D ( 'NONE', #2035, #5303, #7753 ) ;
#9480 = VERTEX_POINT ( 'NONE', #9807 ) ;
#9481 = ORIENTED_EDGE ( 'NONE', *, *, #2750, .T. ) ;
#9482 = ORIENTED_EDGE ( 'NONE', *, *, #5176, .F. ) ;
#9483 = PLANE ( 'NONE',  #1752 ) ;
#9484 = CARTESIAN_POINT ( 'NONE',  ( 9.500000000000000000, 25.13397459621599950, -2.000000000000000000 ) ) ;
#9485 = ORIENTED_EDGE ( 'NONE', *, *, #4959, .T. ) ;
#9486 = CARTESIAN_POINT ( 'NONE',  ( -3.750000000000000000, 7.250000000000000000, -145.5000000000000000 ) ) ;
#9487 = DIRECTION ( 'NONE',  ( -0.8660254037842989305, -0.5000000000002420286, 0.000000000000000000 ) ) ;
#9488 = CARTESIAN_POINT ( 'NONE',  ( -4.352726514326100471, -30.00000000000000000, -4.000000000000000000 ) ) ;
#9489 = CARTESIAN_POINT ( 'NONE',  ( 6.521096714233930669, 26.87820559742599968, 0.000000000000000000 ) ) ;
#9490 = DIRECTION ( 'NONE',  ( 0.000000000000000000, 0.000000000000000000, 1.000000000000000000 ) ) ;
#9491 = CONICAL_SURFACE ( 'NONE', #4896, 1.720000000000000195, 1.047197551202454502 ) ;
#9492 = CYLINDRICAL_SURFACE ( 'NONE', #2169, 6.000000000000000000 ) ;
#9493 = DIRECTION ( 'NONE',  ( 0.000000000000000000, -0.7071067811865420216, -0.7071067811865531239 ) ) ;
#9494 = VERTEX_POINT ( 'NONE', #2487 ) ;
#9495 = ORIENTED_EDGE ( 'NONE', *, *, #10029, .T. ) ;
#9496 = DIRECTION ( 'NONE',  ( 0.000000000000000000, 0.000000000000000000, 1.000000000000000000 ) ) ;
#9497 = ORIENTED_EDGE ( 'NONE', *, *, #477, .F. ) ;
#9498 = CARTESIAN_POINT ( 'NONE',  ( 12.00000000000000000, -16.00000000000000000, -145.9584999999999866 ) ) ;
#9499 = VECTOR ( 'NONE', #6811, 1000.000000000000000 ) ;
#9500 = CARTESIAN_POINT ( 'NONE',  ( 0.000000000000000000, 16.00000000000000000, 0.000000000000000000 ) ) ;
#9501 = AXIS2_PLACEMENT_3D ( 'NONE', #6231, #8801, #9539 ) ;
#9502 = EDGE_CURVE ( 'NONE', #6273, #4560, #7255, .T. ) ;
#9503 = CONICAL_SURFACE ( 'NONE', #7293, 1.719999999999999307, 1.047197551202452059 ) ;
#9504 = VERTEX_POINT ( 'NONE', #1677 ) ;
#9505 = EDGE_LOOP ( 'NONE', ( #2950, #4154, #3010, #927 ) ) ;
#9506 = ORIENTED_EDGE ( 'NONE', *, *, #5047, .T. ) ;
#9507 = DIRECTION ( 'NONE',  ( 0.000000000000000000, -1.000000000000000000, 0.000000000000000000 ) ) ;
#9508 = DIRECTION ( 'NONE',  ( 0.000000000000000000, 0.000000000000000000, 1.000000000000000000 ) ) ;
#9509 = ORIENTED_EDGE ( 'NONE', *, *, #2297, .F. ) ;
#9510 = DIRECTION ( 'NONE',  ( -1.000000000000000000, 0.000000000000000000, 0.000000000000000000 ) ) ;
#9511 = DIRECTION ( 'NONE',  ( 0.000000000000000000, 0.000000000000000000, -1.000000000000000000 ) ) ;
#9512 = DIRECTION ( 'NONE',  ( 0.000000000000000000, 0.000000000000000000, 1.000000000000000000 ) ) ;
#9513 = AXIS2_PLACEMENT_3D ( 'NONE', #9500, #3091, #2986 ) ;
#9514 = DIRECTION ( 'NONE',  ( 0.000000000000000000, 0.000000000000000000, 1.000000000000000000 ) ) ;
#9515 = EDGE_CURVE ( 'NONE', #5394, #9941, #124, .T. ) ;
#9516 = CARTESIAN_POINT ( 'NONE',  ( 8.000000000000000000, 26.00000000000000000, -150.0000000000000000 ) ) ;
#9517 = EDGE_LOOP ( 'NONE', ( #4859, #8460, #6371, #3337 ) ) ;
#9518 = ORIENTED_EDGE ( 'NONE', *, *, #5019, .F. ) ;
#9519 = ORIENTED_EDGE ( 'NONE', *, *, #971, .T. ) ;
#9520 = DIRECTION ( 'NONE',  ( 0.000000000000000000, 0.000000000000000000, 1.000000000000000000 ) ) ;
#9521 = VECTOR ( 'NONE', #10525, 1000.000000000000227 ) ;
#9522 = ORIENTED_EDGE ( 'NONE', *, *, #9515, .F. ) ;
#9523 = CYLINDRICAL_SURFACE ( 'NONE', #1854, 3.499999999999999556 ) ;
#9524 = VERTEX_POINT ( 'NONE', #4948 ) ;
#9525 = EDGE_CURVE ( 'NONE', #9601, #5315, #9861, .T. ) ;
#9526 = ADVANCED_FACE ( 'NONE', ( #5803 ), #3341, .F. ) ;
#9527 = LINE ( 'NONE', #5472, #6204 ) ;
#9528 = DIRECTION ( 'NONE',  ( -1.000000000000000000, 0.000000000000000000, 0.000000000000000000 ) ) ;
#9529 = CARTESIAN_POINT ( 'NONE',  ( 8.500000000000000000, 17.49999999999940314, -31.00000000000000000 ) ) ;
#9530 = ORIENTED_EDGE ( 'NONE', *, *, #6479, .T. ) ;
#9531 = ORIENTED_EDGE ( 'NONE', *, *, #9554, .T. ) ;
#9532 = ORIENTED_EDGE ( 'NONE', *, *, #8555, .F. ) ;
#9533 = PLANE ( 'NONE',  #8585 ) ;
#9534 = EDGE_CURVE ( 'NONE', #4603, #2506, #1783, .T. ) ;
#9535 = DIRECTION ( 'NONE',  ( 0.7071067811865550112, 0.000000000000000000, 0.7071067811865400232 ) ) ;
#9536 = VECTOR ( 'NONE', #2432, 999.9999999999998863 ) ;
#9537 = ORIENTED_EDGE ( 'NONE', *, *, #3574, .T. ) ;
#9538 = DIRECTION ( 'NONE',  ( -1.000000000000000000, 0.000000000000000000, 0.000000000000000000 ) ) ;
#9539 = DIRECTION ( 'NONE',  ( 1.000000000000000000, 0.000000000000000000, 0.000000000000000000 ) ) ;
#9540 = AXIS2_PLACEMENT_3D ( 'NONE', #8933, #1605, #806 ) ;
#9541 = EDGE_CURVE ( 'NONE', #3922, #3965, #5908, .T. ) ;
#9542 = LINE ( 'NONE', #5439, #8953 ) ;
#9543 = FACE_OUTER_BOUND ( 'NONE', #2581, .T. ) ;
#9544 = FACE_OUTER_BOUND ( 'NONE', #1615, .T. ) ;
#9545 = AXIS2_PLACEMENT_3D ( 'NONE', #8917, #9027, #4860 ) ;
#9546 = FACE_OUTER_BOUND ( 'NONE', #7072, .T. ) ;
#9547 = ORIENTED_EDGE ( 'NONE', *, *, #5852, .F. ) ;
#9548 = EDGE_CURVE ( 'NONE', #18, #4275, #2472, .T. ) ;
#9549 = EDGE_CURVE ( 'NONE', #10361, #2647, #2989, .T. ) ;
#9550 = CARTESIAN_POINT ( 'NONE',  ( -1.000000000000000000, 30.00000000000000000, -152.0010000000000048 ) ) ;
#9551 = LINE ( 'NONE', #9657, #7950 ) ;
#9552 = EDGE_LOOP ( 'NONE', ( #4498, #2994, #426, #7010 ) ) ;
#9553 = LINE ( 'NONE', #7957, #4311 ) ;
#9554 = EDGE_CURVE ( 'NONE', #4159, #3540, #5158, .T. ) ;
#9555 = LINE ( 'NONE', #10419, #4751 ) ;
#9556 = ORIENTED_EDGE ( 'NONE', *, *, #5768, .T. ) ;
#9557 = VERTEX_POINT ( 'NONE', #7554 ) ;
#9558 = ORIENTED_EDGE ( 'NONE', *, *, #1839, .F. ) ;
#9559 = FACE_OUTER_BOUND ( 'NONE', #8390, .T. ) ;
#9560 = DIRECTION ( 'NONE',  ( 0.000000000000000000, 0.000000000000000000, -1.000000000000000000 ) ) ;
#9561 = ORIENTED_EDGE ( 'NONE', *, *, #10198, .T. ) ;
#9562 = PLANE ( 'NONE',  #2421 ) ;
#9563 = DIRECTION ( 'NONE',  ( 0.000000000000000000, 0.000000000000000000, 1.000000000000000000 ) ) ;
#9564 = ADVANCED_FACE ( 'NONE', ( #5060 ), #217, .F. ) ;
#9565 = FACE_OUTER_BOUND ( 'NONE', #4503, .T. ) ;
#9566 = AXIS2_PLACEMENT_3D ( 'NONE', #4557, #8559, #6158 ) ;
#9567 = FACE_OUTER_BOUND ( 'NONE', #9756, .T. ) ;
#9568 = VERTEX_POINT ( 'NONE', #4455 ) ;
#9569 = ORIENTED_EDGE ( 'NONE', *, *, #4802, .T. ) ;
#9570 = ORIENTED_EDGE ( 'NONE', *, *, #6145, .T. ) ;
#9571 = CARTESIAN_POINT ( 'NONE',  ( 1.000000000000000000, 32.99999999999945288, -135.0000000000000000 ) ) ;
#9572 = DIRECTION ( 'NONE',  ( 0.000000000000000000, -1.000000000000000000, 0.000000000000000000 ) ) ;
#9573 = VECTOR ( 'NONE', #863, 1000.000000000000000 ) ;
#9574 = ORIENTED_EDGE ( 'NONE', *, *, #6748, .T. ) ;
#9575 = DIRECTION ( 'NONE',  ( 0.000000000000000000, 0.000000000000000000, -1.000000000000000000 ) ) ;
#9576 = ORIENTED_EDGE ( 'NONE', *, *, #1299, .T. ) ;
#9577 = CARTESIAN_POINT ( 'NONE',  ( 2.458500000000000352, -16.00000000000000000, -145.9584999999999866 ) ) ;
#9578 = CARTESIAN_POINT ( 'NONE',  ( -1.440155956905744050, 13.54150000000001342, -144.9401559569055848 ) ) ;
#9579 = EDGE_CURVE ( 'NONE', #6095, #3097, #7716, .T. ) ;
#9580 = DIRECTION ( 'NONE',  ( 0.8660254037842985975, 0.5000000000002426948, 0.000000000000000000 ) ) ;
#9581 = EDGE_CURVE ( 'NONE', #8467, #3907, #9813, .T. ) ;
#9582 = CIRCLE ( 'NONE', #6347, 4.283000000000000362 ) ;
#9583 = EDGE_CURVE ( 'NONE', #8675, #5968, #1138, .T. ) ;
#9584 = ORIENTED_EDGE ( 'NONE', *, *, #10406, .F. ) ;
#9585 = ORIENTED_EDGE ( 'NONE', *, *, #9460, .T. ) ;
#9586 = ORIENTED_EDGE ( 'NONE', *, *, #9409, .F. ) ;
#9587 = EDGE_CURVE ( 'NONE', #7783, #8990, #10017, .T. ) ;
#9588 = PLANE ( 'NONE',  #9609 ) ;
#9589 = CARTESIAN_POINT ( 'NONE',  ( 7.299999999999450040, 32.99999999999945288, -135.0000000000000000 ) ) ;
#9590 = EDGE_CURVE ( 'NONE', #4650, #3015, #5093, .T. ) ;
#9591 = ORIENTED_EDGE ( 'NONE', *, *, #1703, .T. ) ;
#9592 = CARTESIAN_POINT ( 'NONE',  ( 1.738422021547139984, -17.73842202154714798, -10.23842202154713910 ) ) ;
#9593 = DIRECTION ( 'NONE',  ( 0.000000000000000000, 0.000000000000000000, -1.000000000000000000 ) ) ;
#9594 = AXIS2_PLACEMENT_3D ( 'NONE', #7365, #790, #4068 ) ;
#9595 = CARTESIAN_POINT ( 'NONE',  ( 8.000000000000000000, 27.73205080756900287, -150.0000000000000000 ) ) ;
#9596 = CARTESIAN_POINT ( 'NONE',  ( 4.030983766875089636, 26.35136306023699859, -4.000000000000000000 ) ) ;
#9597 = VECTOR ( 'NONE', #1323, 1000.000000000000000 ) ;
#9598 = PRESENTATION_STYLE_ASSIGNMENT (( #8855 ) ) ;
#9599 = AXIS2_PLACEMENT_3D ( 'NONE', #80, #8964, #10570 ) ;
#9600 = DIRECTION ( 'NONE',  ( 0.000000000000000000, 0.000000000000000000, -1.000000000000000000 ) ) ;
#9601 = VERTEX_POINT ( 'NONE', #4407 ) ;
#9602 = ADVANCED_FACE ( 'NONE', ( #1886 ), #2976, .F. ) ;
#9603 = DIRECTION ( 'NONE',  ( -6.870191984066599420E-16, -1.000000000000000000, 0.000000000000000000 ) ) ;
#9604 = SHAPE_REPRESENTATION_RELATIONSHIP ( 'NONE' , 'NONE' ,  #1956, #2502 ) ;
#9605 = VECTOR ( 'NONE', #4683, 1000.000000000000000 ) ;
#9606 = VERTEX_POINT ( 'NONE', #3436 ) ;
#9607 = FACE_OUTER_BOUND ( 'NONE', #7304, .T. ) ;
#9608 = CARTESIAN_POINT ( 'NONE',  ( 0.000000000000000000, -16.00000000000000000, -13.00000000000000000 ) ) ;
#9609 = AXIS2_PLACEMENT_3D ( 'NONE', #2214, #3889, #2266 ) ;
#9610 = UNCERTAINTY_MEASURE_WITH_UNIT (LENGTH_MEASURE( 1.000000000000000082E-05 ), #5448, 'distance_accuracy_value', 'NONE');
#9611 = EDGE_CURVE ( 'NONE', #3885, #7434, #4353, .T. ) ;
#9612 = AXIS2_PLACEMENT_3D ( 'NONE', #2427, #5000, #875 ) ;
#9613 = ORIENTED_EDGE ( 'NONE', *, *, #1568, .F. ) ;
#9614 = VERTEX_POINT ( 'NONE', #3549 ) ;
#9615 = ORIENTED_EDGE ( 'NONE', *, *, #41, .F. ) ;
#9616 = CARTESIAN_POINT ( 'NONE',  ( 8.000000000000000000, 26.00000000000000000, -152.0000000000000000 ) ) ;
#9617 = CARTESIAN_POINT ( 'NONE',  ( -8.000000000000000000, -24.26794919243099713, -150.0000000000000000 ) ) ;
#9618 = VERTEX_POINT ( 'NONE', #6816 ) ;
#9619 = CARTESIAN_POINT ( 'NONE',  ( 9.500000000000000000, 26.86602540378400050, -150.0000000000000000 ) ) ;
#9620 = CARTESIAN_POINT ( 'NONE',  ( -1.500000000000000000, 20.30000000000605098, -12.28299999999395986 ) ) ;
#9621 = DIRECTION ( 'NONE',  ( 0.000000000000000000, -1.000000000000000000, 0.000000000000000000 ) ) ;
#9622 = ORIENTED_EDGE ( 'NONE', *, *, #3826, .T. ) ;
#9623 = ORIENTED_EDGE ( 'NONE', *, *, #2161, .F. ) ;
#9624 = ORIENTED_EDGE ( 'NONE', *, *, #2858, .T. ) ;
#9625 = FACE_OUTER_BOUND ( 'NONE', #5347, .T. ) ;
#9626 = CYLINDRICAL_SURFACE ( 'NONE', #1769, 4.000000000000305533 ) ;
#9627 = AXIS2_PLACEMENT_3D ( 'NONE', #9404, #10211, #6156 ) ;
#9628 = EDGE_LOOP ( 'NONE', ( #5870, #3369, #3763, #5607, #4956, #9482, #4111 ) ) ;
#9629 = CARTESIAN_POINT ( 'NONE',  ( -6.781450238134507202, -27.02852077453455593, -0.08493428410454346988 ) ) ;
#9630 = ORIENTED_EDGE ( 'NONE', *, *, #1104, .F. ) ;
#9631 = DIRECTION ( 'NONE',  ( 0.000000000000000000, 0.000000000000000000, 1.000000000000000000 ) ) ;
#9632 = CIRCLE ( 'NONE', #5031, 4.100000000000000533 ) ;
#9633 = DIRECTION ( 'NONE',  ( 0.000000000000000000, -1.000000000000000000, 0.000000000000000000 ) ) ;
#9634 = VECTOR ( 'NONE', #3561, 1000.000000000000114 ) ;
#9635 = CARTESIAN_POINT ( 'NONE',  ( -9.500000000000000000, -26.86602540378400050, 0.000000000000000000 ) ) ;
#9636 = EDGE_CURVE ( 'NONE', #1819, #7744, #10318, .T. ) ;
#9637 = AXIS2_PLACEMENT_3D ( 'NONE', #8685, #4085, #9736 ) ;
#9638 = CARTESIAN_POINT ( 'NONE',  ( 7.500000000000000000, 30.39999999999939817, -135.0000000000000000 ) ) ;
#9639 = ORIENTED_EDGE ( 'NONE', *, *, #957, .F. ) ;
#9640 = VERTEX_POINT ( 'NONE', #1936 ) ;
#9641 = ORIENTED_EDGE ( 'NONE', *, *, #7137, .F. ) ;
#9642 = VECTOR ( 'NONE', #9652, 1000.000000000000000 ) ;
#9643 = DIRECTION ( 'NONE',  ( 0.000000000000000000, 0.000000000000000000, -1.000000000000000000 ) ) ;
#9644 = AXIS2_PLACEMENT_3D ( 'NONE', #5190, #4388, #2139 ) ;
#9645 = CARTESIAN_POINT ( 'NONE',  ( 12.00000000000000000, 16.00000000000000000, -8.500000000000000000 ) ) ;
#9646 = ORIENTED_EDGE ( 'NONE', *, *, #2070, .T. ) ;
#9647 = CARTESIAN_POINT ( 'NONE',  ( 8.000000000000000000, -16.00000000000000000, -13.29999999999944116 ) ) ;
#9648 = DIRECTION ( 'NONE',  ( 1.000000000000000000, 0.000000000000000000, 0.000000000000000000 ) ) ;
#9649 = AXIS2_PLACEMENT_3D ( 'NONE', #5046, #2572, #5197 ) ;
#9650 = CARTESIAN_POINT ( 'NONE',  ( -2.458500000000000352, -16.00000000000000000, 0.000000000000000000 ) ) ;
#9651 = CARTESIAN_POINT ( 'NONE',  ( 0.000000000000000000, -16.00000000000000000, -8.500000003456429809 ) ) ;
#9652 = DIRECTION ( 'NONE',  ( 0.000000000000000000, 0.000000000000000000, -1.000000000000000000 ) ) ;
#9653 = ADVANCED_FACE ( 'NONE', ( #8469 ), #4508, .T. ) ;
#9654 = CARTESIAN_POINT ( 'NONE',  ( 12.00000000000000000, -16.00000000000000000, -145.9584999999999866 ) ) ;
#9655 = ORIENTED_EDGE ( 'NONE', *, *, #5288, .T. ) ;
#9656 = DIRECTION ( 'NONE',  ( 0.000000000000000000, -1.000000000000000000, 0.000000000000000000 ) ) ;
#9657 = CARTESIAN_POINT ( 'NONE',  ( -9.350000000000001421, 35.00000000000000000, -135.0000000000000000 ) ) ;
#9658 = EDGE_LOOP ( 'NONE', ( #749, #9193 ) ) ;
#9659 = CARTESIAN_POINT ( 'NONE',  ( 8.000000000000000000, 26.00000000000000000, -152.0000000000000000 ) ) ;
#9660 = CARTESIAN_POINT ( 'NONE',  ( -8.000000000000000000, -26.00000000000000000, -4.000000000000000000 ) ) ;
#9661 = ADVANCED_FACE ( 'NONE', ( #6861 ), #3833, .F. ) ;
#9662 = VECTOR ( 'NONE', #1847, 1000.000000000000000 ) ;
#9663 = ADVANCED_FACE ( 'NONE', ( #435 ), #2852, .T. ) ;
#9664 = EDGE_LOOP ( 'NONE', ( #397, #3541, #2189, #572 ) ) ;
#9665 = CIRCLE ( 'NONE', #3021, 2.000000000000000000 ) ;
#9666 = EDGE_LOOP ( 'NONE', ( #1309, #7476 ) ) ;
#9667 = DIRECTION ( 'NONE',  ( 0.000000000000000000, 0.000000000000000000, 1.000000000000000000 ) ) ;
#9668 = CARTESIAN_POINT ( 'NONE',  ( -12.00000000000000000, -22.00000000000000000, -148.0000000000000000 ) ) ;
#9669 = DIRECTION ( 'NONE',  ( 0.000000000000000000, 0.000000000000000000, -1.000000000000000000 ) ) ;
#9670 = CARTESIAN_POINT ( 'NONE',  ( -7.249999999999390710, 34.60000000000059828, -17.00000000000000000 ) ) ;
#9671 = EDGE_CURVE ( 'NONE', #5683, #9494, #2902, .T. ) ;
#9672 = LINE ( 'NONE', #2296, #10367 ) ;
#9673 = VECTOR ( 'NONE', #1837, 1000.000000000000000 ) ;
#9674 = AXIS2_PLACEMENT_3D ( 'NONE', #9194, #3579, #255 ) ;
#9675 = CYLINDRICAL_SURFACE ( 'NONE', #6050, 2.458500000000000796 ) ;
#9676 = CIRCLE ( 'NONE', #792, 0.2000000000005539014 ) ;
#9677 = ORIENTED_EDGE ( 'NONE', *, *, #6663, .T. ) ;
#9678 = VERTEX_POINT ( 'NONE', #5369 ) ;
#9679 = VERTEX_POINT ( 'NONE', #3761 ) ;
#9680 = ORIENTED_EDGE ( 'NONE', *, *, #1872, .F. ) ;
#9681 = DIRECTION ( 'NONE',  ( 0.08784076505916550703, 0.9961345290641321348, 0.000000000000000000 ) ) ;
#9682 = CARTESIAN_POINT ( 'NONE',  ( 11.79999999999944116, -16.00000000000000000, -13.70000000000056062 ) ) ;
#9683 = ORIENTED_EDGE ( 'NONE', *, *, #9590, .T. ) ;
#9684 = CARTESIAN_POINT ( 'NONE',  ( -7.720121324945977470, -27.57046277918602328, -0.08442159818727014431 ) ) ;
#9685 = EDGE_CURVE ( 'NONE', #4566, #3936, #4340, .T. ) ;
#9686 = VERTEX_POINT ( 'NONE', #4507 ) ;
#9687 = EDGE_CURVE ( 'NONE', #2857, #7744, #6118, .T. ) ;
#9688 = DIRECTION ( 'NONE',  ( 1.000000000000000000, 0.000000000000000000, 0.000000000000000000 ) ) ;
#9689 = FACE_OUTER_BOUND ( 'NONE', #7380, .T. ) ;
#9690 = VECTOR ( 'NONE', #1394, 1000.000000000000114 ) ;
#9691 = DIRECTION ( 'NONE',  ( 0.8660254037842886055, 0.5000000000002597922, 0.000000000000000000 ) ) ;
#9692 = ORIENTED_EDGE ( 'NONE', *, *, #2010, .F. ) ;
#9693 = ORIENTED_EDGE ( 'NONE', *, *, #8877, .F. ) ;
#9694 = EDGE_LOOP ( 'NONE', ( #5888, #6481, #9919, #8637, #1813, #10283, #5308, #3964 ) ) ;
#9695 = FACE_OUTER_BOUND ( 'NONE', #2073, .T. ) ;
#9696 = LINE ( 'NONE', #4942, #5513 ) ;
#9697 = DIRECTION ( 'NONE',  ( 0.000000000000000000, 0.000000000000000000, 1.000000000000000000 ) ) ;
#9698 = EDGE_LOOP ( 'NONE', ( #7820, #3442, #1529 ) ) ;
#9699 = CARTESIAN_POINT ( 'NONE',  ( -6.000000000000000000, 0.000000000000000000, 3.600000000000000089 ) ) ;
#9700 = CARTESIAN_POINT ( 'NONE',  ( -4.500000000000000000, -26.00000000000000000, -148.1000000000000227 ) ) ;
#9701 = CARTESIAN_POINT ( 'NONE',  ( -8.000000000001291411, 26.00000000000094857, 0.000000000000000000 ) ) ;
#9702 = CARTESIAN_POINT ( 'NONE',  ( 8.000000000000000000, 27.73205080756900287, -152.0000000000000000 ) ) ;
#9703 = ADVANCED_FACE ( 'NONE', ( #2046 ), #6167, .F. ) ;
#9704 = DIRECTION ( 'NONE',  ( 0.000000000000000000, 0.000000000000000000, 1.000000000000000000 ) ) ;
#9705 = CYLINDRICAL_SURFACE ( 'NONE', #6303, 5.000000000000000888 ) ;
#9706 = ORIENTED_EDGE ( 'NONE', *, *, #2754, .T. ) ;
#9707 = CARTESIAN_POINT ( 'NONE',  ( 0.000000000000000000, -16.00000000000000000, -121.0000000000000000 ) ) ;
#9708 = CARTESIAN_POINT ( 'NONE',  ( -7.100000000000609823, 30.00000000000000000, -135.0000000000000000 ) ) ;
#9709 = EDGE_LOOP ( 'NONE', ( #7436, #657, #1129, #909 ) ) ;
#9710 = AXIS2_PLACEMENT_3D ( 'NONE', #10333, #2254, #8783 ) ;
#9711 = CYLINDRICAL_SURFACE ( 'NONE', #4480, 4.283000000000009244 ) ;
#9712 = DIRECTION ( 'NONE',  ( 0.000000000000000000, 0.000000000000000000, -1.000000000000000000 ) ) ;
#9713 = CARTESIAN_POINT ( 'NONE',  ( 6.521096714233939551, 25.12179440257400032, -152.0000000000000000 ) ) ;
#9714 = EDGE_CURVE ( 'NONE', #7189, #5621, #9632, .T. ) ;
#9715 = EDGE_LOOP ( 'NONE', ( #4124, #1462, #4993, #3474, #4663 ) ) ;
#9716 = ORIENTED_EDGE ( 'NONE', *, *, #4847, .T. ) ;
#9717 = EDGE_CURVE ( 'NONE', #3780, #6526, #7327, .T. ) ;
#9718 = DIRECTION ( 'NONE',  ( -1.000000000000000000, 0.000000000000000000, 0.000000000000000000 ) ) ;
#9719 = CARTESIAN_POINT ( 'NONE',  ( -0.6607491694260468895, -18.45850000000005053, -10.95850000000001678 ) ) ;
#9720 = ADVANCED_FACE ( 'NONE', ( #3872 ), #3110, .F. ) ;
#9721 = CARTESIAN_POINT ( 'NONE',  ( -6.500000000000000000, -26.86602540378400050, -2.000000000000000000 ) ) ;
#9722 = DIRECTION ( 'NONE',  ( 1.000000000000000000, -3.751159154633074911E-16, 0.000000000000000000 ) ) ;
#9723 = CARTESIAN_POINT ( 'NONE',  ( -7.129449088599690398, -27.22935682178269801, -151.8757310996273588 ) ) ;
#9724 = CARTESIAN_POINT ( 'NONE',  ( 8.000000000000000000, 26.00000000000000000, -150.0000000000000000 ) ) ;
#9725 = AXIS2_PLACEMENT_3D ( 'NONE', #5776, #4223, #5824 ) ;
#9726 =( BOUNDED_CURVE ( )  B_SPLINE_CURVE ( 3, ( #5237, #2759, #6140, #5284 ),
 .UNSPECIFIED., .F., .F. ) 
 B_SPLINE_CURVE_WITH_KNOTS ( ( 4, 4 ),
 ( 4.712388980384689674, 6.283185307179590673 ),
 .UNSPECIFIED. ) 
 CURVE ( )  GEOMETRIC_REPRESENTATION_ITEM ( )  RATIONAL_B_SPLINE_CURVE ( ( 1.000000000000000000, 0.8047378541243649375, 0.8047378541243649375, 1.000000000000000000 ) ) 
 REPRESENTATION_ITEM ( '' )  );
#9727 = ORIENTED_EDGE ( 'NONE', *, *, #7265, .T. ) ;
#9728 = EDGE_LOOP ( 'NONE', ( #6986, #7743, #9106, #4938 ) ) ;
#9729 = ORIENTED_EDGE ( 'NONE', *, *, #556, .T. ) ;
#9730 = FACE_OUTER_BOUND ( 'NONE', #4247, .T. ) ;
#9731 = CARTESIAN_POINT ( 'NONE',  ( 8.350000000000278533, -26.00000000000000000, 0.000000000000000000 ) ) ;
#9732 = EDGE_LOOP ( 'NONE', ( #607, #8326, #341, #353 ) ) ;
#9733 = DIRECTION ( 'NONE',  ( 0.000000000000000000, -1.000000000000000000, 0.000000000000000000 ) ) ;
#9734 = EDGE_CURVE ( 'NONE', #10449, #2418, #3150, .T. ) ;
#9735 = DIRECTION ( 'NONE',  ( 0.000000000000000000, 0.000000000000000000, 1.000000000000000000 ) ) ;
#9736 = DIRECTION ( 'NONE',  ( 0.000000000000000000, 0.000000000000000000, -1.000000000000000000 ) ) ;
#9737 = EDGE_CURVE ( 'NONE', #9338, #2163, #1092, .T. ) ;
#9738 = CARTESIAN_POINT ( 'NONE',  ( 9.087331170993008911, 24.89553896571549529, -151.9015776322417821 ) ) ;
#9739 = EDGE_CURVE ( 'NONE', #7937, #618, #7078, .T. ) ;
#9740 = VERTEX_POINT ( 'NONE', #10435 ) ;
#9741 = VERTEX_POINT ( 'NONE', #4724 ) ;
#9742 = VERTEX_POINT ( 'NONE', #8780 ) ;
#9743 = CARTESIAN_POINT ( 'NONE',  ( 6.000000000000000000, 7.347880794884119736E-16, -111.0000000000000000 ) ) ;
#9744 = DIRECTION ( 'NONE',  ( -0.7071067811865550112, 8.659560562355019140E-17, 0.7071067811865400232 ) ) ;
#9745 = CARTESIAN_POINT ( 'NONE',  ( -9.354658774687568012, -25.05006180065745269, -151.9594681168738646 ) ) ;
#9746 = CIRCLE ( 'NONE', #5142, 1.720000000000000195 ) ;
#9747 = ORIENTED_EDGE ( 'NONE', *, *, #7428, .F. ) ;
#9748 = DIRECTION ( 'NONE',  ( -1.000000000000000000, 0.000000000000000000, 0.000000000000000000 ) ) ;
#9749 = PLANE ( 'NONE',  #4222 ) ;
#9750 = FACE_OUTER_BOUND ( 'NONE', #9851, .T. ) ;
#9751 = DIRECTION ( 'NONE',  ( -0.8660254037842985975, -0.5000000000002426948, 0.000000000000000000 ) ) ;
#9752 = AXIS2_PLACEMENT_3D ( 'NONE', #6605, #3381, #9053 ) ;
#9753 = AXIS2_PLACEMENT_3D ( 'NONE', #3463, #6678, #1908 ) ;
#9754 = CARTESIAN_POINT ( 'NONE',  ( 6.850000000000000533, 33.40000000000054570, -135.0000000000000000 ) ) ;
#9755 = CARTESIAN_POINT ( 'NONE',  ( -12.00000000000000000, -16.00000000000000000, -8.500000000000000000 ) ) ;
#9756 = EDGE_LOOP ( 'NONE', ( #6569, #257, #3107, #8403, #1654, #2515 ) ) ;
#9757 = CYLINDRICAL_SURFACE ( 'NONE', #1056, 2.458500000000000352 ) ;
#9758 =( LENGTH_UNIT ( ) NAMED_UNIT ( * ) SI_UNIT ( .MILLI., .METRE. ) );
#9759 = VERTEX_POINT ( 'NONE', #1602 ) ;
#9760 = DIRECTION ( 'NONE',  ( 0.000000000000000000, 0.000000000000000000, 1.000000000000000000 ) ) ;
#9761 = VECTOR ( 'NONE', #9441, 1000.000000000000000 ) ;
#9762 = DIRECTION ( 'NONE',  ( 0.000000000000000000, 0.000000000000000000, -1.000000000000000000 ) ) ;
#9763 = AXIS2_PLACEMENT_3D ( 'NONE', #2192, #5562, #1438 ) ;
#9764 = CARTESIAN_POINT ( 'NONE',  ( 6.643495566474817871, 25.05113796323274400, -151.9620123774458307 ) ) ;
#9765 = B_SPLINE_CURVE_WITH_KNOTS ( 'NONE', 3,
 ( #5021, #9931, #8281, #4221, #7478, #142, #6677, #5872, #1159, #6783, #5285, #10138, #3568, #3677, #6085, #8655, #4539, #10036 ),
 .UNSPECIFIED., .F., .F.,
 ( 4, 2, 2, 2, 2, 2, 2, 2, 4 ),
 ( 0.000000000000000000, 0.1250000000000079936, 0.1875000000000141553, 0.2500000000000203171, 0.5000000000000155431, 0.6250000000000116573, 0.6875000000000099920, 0.7500000000000083267, 1.000000000000000000 ),
 .UNSPECIFIED. ) ;
#9766 = VECTOR ( 'NONE', #4463, 1000.000000000000000 ) ;
#9767 = ORIENTED_EDGE ( 'NONE', *, *, #422, .T. ) ;
#9768 = AXIS2_PLACEMENT_3D ( 'NONE', #9391, #10418, #1266 ) ;
#9769 = CARTESIAN_POINT ( 'NONE',  ( -12.00000000000000000, -16.00000000000000000, -3.500000000000000000 ) ) ;
#9770 = ORIENTED_EDGE ( 'NONE', *, *, #10471, .F. ) ;
#9771 = CARTESIAN_POINT ( 'NONE',  ( -8.521560536541116448, -24.56907230860189628, -0.1267595574999684227 ) ) ;
#9772 = CARTESIAN_POINT ( 'NONE',  ( -8.000000000000000000, -26.00000000000000000, -151.6000000000000227 ) ) ;
#9773 = DIRECTION ( 'NONE',  ( 1.000000000000000000, 0.000000000000000000, 0.000000000000000000 ) ) ;
#9774 = CARTESIAN_POINT ( 'NONE',  ( -7.050000000000560263, 33.20000000000000284, -152.0010000000000048 ) ) ;
#9775 = LINE ( 'NONE', #4072, #4915 ) ;
#9776 = AXIS2_PLACEMENT_3D ( 'NONE', #9872, #8215, #7208 ) ;
#9777 = DIRECTION ( 'NONE',  ( 1.000000000000000000, 0.000000000000000000, 0.000000000000000000 ) ) ;
#9778 = EDGE_CURVE ( 'NONE', #7389, #8740, #10143, .T. ) ;
#9779 = VECTOR ( 'NONE', #4196, 1000.000000000000000 ) ;
#9780 = EDGE_CURVE ( 'NONE', #4519, #1072, #2310, .T. ) ;
#9781 = VERTEX_POINT ( 'NONE', #1450 ) ;
#9782 = ORIENTED_EDGE ( 'NONE', *, *, #2219, .F. ) ;
#9783 = ORIENTED_EDGE ( 'NONE', *, *, #7982, .T. ) ;
#9784 = DIRECTION ( 'NONE',  ( -1.000000000000000000, 0.000000000000000000, 0.000000000000000000 ) ) ;
#9785 = DIRECTION ( 'NONE',  ( 0.000000000000000000, 0.000000000000000000, -1.000000000000000000 ) ) ;
#9786 = ORIENTED_EDGE ( 'NONE', *, *, #7811, .F. ) ;
#9787 = CARTESIAN_POINT ( 'NONE',  ( 6.500000000001202594, 25.92910152629019649, -151.8729829407793375 ) ) ;
#9788 = AXIS2_PLACEMENT_3D ( 'NONE', #1781, #1996, #6814 ) ;
#9789 = DIRECTION ( 'NONE',  ( 0.000000000000000000, 0.000000000000000000, 1.000000000000000000 ) ) ;
#9790 = EDGE_CURVE ( 'NONE', #8189, #3346, #1549, .T. ) ;
#9791 = CARTESIAN_POINT ( 'NONE',  ( 0.000000000000000000, 0.000000000000000000, 30.00000000000000000 ) ) ;
#9792 = AXIS2_PLACEMENT_3D ( 'NONE', #3375, #3586, #8399 ) ;
#9793 = EDGE_CURVE ( 'NONE', #10245, #9640, #454, .T. ) ;
#9794 = LINE ( 'NONE', #9049, #10335 ) ;
#9795 = ORIENTED_EDGE ( 'NONE', *, *, #8954, .T. ) ;
#9796 = ORIENTED_EDGE ( 'NONE', *, *, #8936, .F. ) ;
#9797 = VERTEX_POINT ( 'NONE', #2461 ) ;
#9798 = DIRECTION ( 'NONE',  ( -1.000000000000000000, 0.000000000000000000, 0.000000000000000000 ) ) ;
#9799 = CARTESIAN_POINT ( 'NONE',  ( 8.000000000000000000, 26.00000000000000000, -152.0000000000000000 ) ) ;
#9800 = VECTOR ( 'NONE', #7680, 1000.000000000000000 ) ;
#9801 = ORIENTED_EDGE ( 'NONE', *, *, #56, .T. ) ;
#9802 = CARTESIAN_POINT ( 'NONE',  ( 2.458499999999998575, 17.44015595690575537, -10.95849999999999547 ) ) ;
#9803 = EDGE_CURVE ( 'NONE', #2089, #3231, #4770, .T. ) ;
#9804 = VECTOR ( 'NONE', #8240, 1000.000000000000000 ) ;
#9805 = DIRECTION ( 'NONE',  ( 0.000000000000000000, 0.000000000000000000, 1.000000000000000000 ) ) ;
#9806 = CONICAL_SURFACE ( 'NONE', #3160, 2.458500000000000352, 0.7853981633974490562 ) ;
#9807 = CARTESIAN_POINT ( 'NONE',  ( 8.000000000000000000, -16.00000000000000000, -3.700000000000555289 ) ) ;
#9808 = CYLINDRICAL_SURFACE ( 'NONE', #1755, 2.458500000000000352 ) ;
#9809 = CYLINDRICAL_SURFACE ( 'NONE', #1274, 3.999999999998709477 ) ;
#9810 = AXIS2_PLACEMENT_3D ( 'NONE', #7557, #9115, #1938 ) ;
#9811 = AXIS2_PLACEMENT_3D ( 'NONE', #6954, #9560, #10476 ) ;
#9812 = ORIENTED_EDGE ( 'NONE', *, *, #154, .F. ) ;
#9813 = CIRCLE ( 'NONE', #10326, 0.2000000000005539014 ) ;
#9814 = DIRECTION ( 'NONE',  ( 0.000000000000000000, 0.000000000000000000, 1.000000000000000000 ) ) ;
#9815 = VERTEX_POINT ( 'NONE', #5673 ) ;
#9816 = CARTESIAN_POINT ( 'NONE',  ( -1.000000000000000000, 32.99999999999945288, -17.00000000000000000 ) ) ;
#9817 = DIRECTION ( 'NONE',  ( 1.000000000000000000, 0.000000000000000000, 0.000000000000000000 ) ) ;
#9818 = ORIENTED_EDGE ( 'NONE', *, *, #556, .F. ) ;
#9819 = CARTESIAN_POINT ( 'NONE',  ( 6.500000000000000000, 26.86602540378400050, -2.000000000000000000 ) ) ;
#9820 = VECTOR ( 'NONE', #5426, 1000.000000000000114 ) ;
#9821 = CIRCLE ( 'NONE', #3497, 1.500000000000000666 ) ;
#9822 = CARTESIAN_POINT ( 'NONE',  ( -6.000000000000000000, 0.000000000000000000, 8.000000000000000000 ) ) ;
#9823 = CIRCLE ( 'NONE', #9986, 3.999999999998707700 ) ;
#9824 = PRODUCT_DEFINITION_FORMATION_WITH_SPECIFIED_SOURCE ( 'ANY', '', #3416, .NOT_KNOWN. ) ;
#9825 = CARTESIAN_POINT ( 'NONE',  ( -1.399999999999385958, 30.39999999999939817, -17.00000000000000000 ) ) ;
#9826 = EDGE_LOOP ( 'NONE', ( #9219, #7104, #7658, #4875, #4089 ) ) ;
#9827 = VECTOR ( 'NONE', #9335, 1000.000000000000114 ) ;
#9828 = DIRECTION ( 'NONE',  ( 1.000000000000000000, 0.000000000000000000, 0.000000000000000000 ) ) ;
#9829 = ORIENTED_EDGE ( 'NONE', *, *, #9134, .F. ) ;
#9830 = LINE ( 'NONE', #1699, #6061 ) ;
#9831 = FACE_OUTER_BOUND ( 'NONE', #115, .T. ) ;
#9832 = CARTESIAN_POINT ( 'NONE',  ( 0.4999999999993919864, 25.50000000000000000, -31.00000000000000000 ) ) ;
#9833 = CARTESIAN_POINT ( 'NONE',  ( -8.000000000001291411, 26.00000000000094857, -152.0000000000000000 ) ) ;
#9834 = CARTESIAN_POINT ( 'NONE',  ( -8.000000000000000000, -26.00000000000000000, -149.1339745962199856 ) ) ;
#9835 = ORIENTED_EDGE ( 'NONE', *, *, #2443, .F. ) ;
#9836 = EDGE_LOOP ( 'NONE', ( #5658, #9395, #7046, #4916, #412, #6350, #6809, #6987 ) ) ;
#9837 = ORIENTED_EDGE ( 'NONE', *, *, #5171, .T. ) ;
#9838 = DIRECTION ( 'NONE',  ( 0.000000000000000000, -1.000000000000000000, 0.000000000000000000 ) ) ;
#9839 = CARTESIAN_POINT ( 'NONE',  ( 4.599999999999999645, 26.00000000000000000, -148.0000000000000000 ) ) ;
#9840 = AXIS2_PLACEMENT_3D ( 'NONE', #6386, #3336, #5587 ) ;
#9841 = ORIENTED_EDGE ( 'NONE', *, *, #4716, .F. ) ;
#9842 = CARTESIAN_POINT ( 'NONE',  ( 6.499940716527921936, 25.71839074780742607, -151.8879179761415230 ) ) ;
#9843 = VECTOR ( 'NONE', #2027, 1000.000000000000000 ) ;
#9844 = DIRECTION ( 'NONE',  ( 0.000000000000000000, 0.000000000000000000, 1.000000000000000000 ) ) ;
#9845 = AXIS2_PLACEMENT_3D ( 'NONE', #4524, #449, #2970 ) ;
#9846 = EDGE_CURVE ( 'NONE', #1330, #10316, #6430, .T. ) ;
#9847 = DIRECTION ( 'NONE',  ( 0.000000000000000000, 0.000000000000000000, 1.000000000000000000 ) ) ;
#9848 = CARTESIAN_POINT ( 'NONE',  ( 8.000000000000000000, 24.26794919243099713, -152.0000000000000000 ) ) ;
#9849 = EDGE_LOOP ( 'NONE', ( #9119, #8722, #8551, #9891 ) ) ;
#9850 = VERTEX_POINT ( 'NONE', #4026 ) ;
#9851 = EDGE_LOOP ( 'NONE', ( #8906, #7296, #318, #8712 ) ) ;
#9852 = DIRECTION ( 'NONE',  ( -1.000000000000000000, 0.000000000000000000, 0.000000000000000000 ) ) ;
#9853 = AXIS2_PLACEMENT_3D ( 'NONE', #1702, #903, #5778 ) ;
#9855 = ADVANCED_FACE ( 'NONE', ( #2252 ), #3969, .T. ) ;
#9854 = LINE ( 'NONE', #3382, #4834 ) ;
#9856 = EDGE_CURVE ( 'NONE', #1072, #2307, #8931, .T. ) ;
#9857 = LINE ( 'NONE', #2533, #4730 ) ;
#9858 = ORIENTED_EDGE ( 'NONE', *, *, #845, .F. ) ;
#9859 = CARTESIAN_POINT ( 'NONE',  ( 0.6607491694260478887, -18.45850000000005053, -145.9584999999999582 ) ) ;
#9860 = CARTESIAN_POINT ( 'NONE',  ( 6.000000000000000000, 7.347880794884119736E-16, 3.600000000000000089 ) ) ;
#9861 = LINE ( 'NONE', #2537, #5708 ) ;
#9862 = CARTESIAN_POINT ( 'NONE',  ( -8.000000000000000000, -26.00000000000000000, 0.000000000000000000 ) ) ;
#9863 = VECTOR ( 'NONE', #4479, 1000.000000000000000 ) ;
#9864 = LINE ( 'NONE', #4950, #1787 ) ;
#9865 = ADVANCED_FACE ( 'NONE', ( #5623 ), #9626, .F. ) ;
#9866 = EDGE_LOOP ( 'NONE', ( #9171, #1814, #3972, #514 ) ) ;
#9867 = DIRECTION ( 'NONE',  ( 0.000000000000000000, -1.000000000000000000, 0.000000000000000000 ) ) ;
#9868 = ORIENTED_EDGE ( 'NONE', *, *, #567, .T. ) ;
#9869 = FACE_OUTER_BOUND ( 'NONE', #6854, .T. ) ;
#9870 = PRODUCT_CONTEXT ( 'NONE', #8094, 'mechanical' ) ;
#9871 = ORIENTED_EDGE ( 'NONE', *, *, #9714, .T. ) ;
#9872 = CARTESIAN_POINT ( 'NONE',  ( -12.05000000000064020, 27.50000000000000000, -135.0000000000000000 ) ) ;
#9873 = EDGE_CURVE ( 'NONE', #7194, #5711, #691, .T. ) ;
#9874 = FACE_OUTER_BOUND ( 'NONE', #5557, .T. ) ;
#9875 = DIRECTION ( 'NONE',  ( 1.000000000000000000, 0.000000000000000000, 0.000000000000000000 ) ) ;
#9876 = EDGE_CURVE ( 'NONE', #7069, #3967, #6567, .T. ) ;
#9877 = EDGE_CURVE ( 'NONE', #2445, #158, #7425, .T. ) ;
#9878 = ORIENTED_EDGE ( 'NONE', *, *, #9877, .F. ) ;
#9879 = CARTESIAN_POINT ( 'NONE',  ( -12.00000000000000000, -16.00000000000000000, -10.95849999999999902 ) ) ;
#9880 = ORIENTED_EDGE ( 'NONE', *, *, #4522, .F. ) ;
#9881 = ADVANCED_FACE ( 'NONE', ( #200 ), #4691, .T. ) ;
#9882 = DIRECTION ( 'NONE',  ( 0.000000000000000000, 0.000000000000000000, -1.000000000000000000 ) ) ;
#9883 = DIRECTION ( 'NONE',  ( 0.000000000000000000, 0.000000000000000000, -1.000000000000000000 ) ) ;
#9884 = FACE_OUTER_BOUND ( 'NONE', #7439, .T. ) ;
#9885 = CARTESIAN_POINT ( 'NONE',  ( -9.248999599679699202, 29.80000000000000071, -17.00000000000000000 ) ) ;
#9886 = DIRECTION ( 'NONE',  ( 0.000000000000000000, 0.000000000000000000, -1.000000000000000000 ) ) ;
#9887 = AXIS2_PLACEMENT_3D ( 'NONE', #170, #4412, #7672 ) ;
#9888 = DIRECTION ( 'NONE',  ( 1.000000000000000000, 0.000000000000000000, 0.000000000000000000 ) ) ;
#9889 = ORIENTED_EDGE ( 'NONE', *, *, #19, .F. ) ;
#9890 = VERTEX_POINT ( 'NONE', #256 ) ;
#9891 = ORIENTED_EDGE ( 'NONE', *, *, #1971, .F. ) ;
#9892 = DIRECTION ( 'NONE',  ( 0.000000000000000000, 0.000000000000000000, -1.000000000000000000 ) ) ;
#9893 = VECTOR ( 'NONE', #7863, 1000.000000000000000 ) ;
#9894 = PLANE ( 'NONE',  #7756 ) ;
#9895 = ORIENTED_EDGE ( 'NONE', *, *, #8036, .F. ) ;
#9896 = CARTESIAN_POINT ( 'NONE',  ( 7.037830423046654182, 27.17653478421267721, -151.8842233176024195 ) ) ;
#9897 = EDGE_CURVE ( 'NONE', #9397, #6907, #9092, .T. ) ;
#9898 = CARTESIAN_POINT ( 'NONE',  ( -7.100000000000609823, 30.00000000000000000, -17.00000000000000000 ) ) ;
#9899 = DIRECTION ( 'NONE',  ( 0.000000000000000000, 0.000000000000000000, -1.000000000000000000 ) ) ;
#9900 = DIRECTION ( 'NONE',  ( 0.000000000000000000, 0.000000000000000000, 1.000000000000000000 ) ) ;
#9901 = ORIENTED_EDGE ( 'NONE', *, *, #1679, .F. ) ;
#9902 = VERTEX_POINT ( 'NONE', #1817 ) ;
#9903 = ORIENTED_EDGE ( 'NONE', *, *, #4189, .F. ) ;
#9904 = CYLINDRICAL_SURFACE ( 'NONE', #8049, 2.458500000000000352 ) ;
#9905 = CARTESIAN_POINT ( 'NONE',  ( 4.500000000000000000, 26.00000000000000000, -3.899999999999999911 ) ) ;
#9906 = CARTESIAN_POINT ( 'NONE',  ( 0.000000000000000000, 0.000000000000000000, 8.000000000000000000 ) ) ;
#9907 = EDGE_LOOP ( 'NONE', ( #2556, #8184, #1391, #10065 ) ) ;
#9908 = ADVANCED_FACE ( 'NONE', ( #5088 ), #9894, .T. ) ;
#9909 = CARTESIAN_POINT ( 'NONE',  ( 6.850000000000000533, 33.20000000000000284, -135.0000000000000000 ) ) ;
#9910 = DIRECTION ( 'NONE',  ( 0.000000000000000000, 0.000000000000000000, -1.000000000000000000 ) ) ;
#9911 = DIRECTION ( 'NONE',  ( 1.000000000000000000, 0.000000000000000000, 0.000000000000000000 ) ) ;
#9912 = CARTESIAN_POINT ( 'NONE',  ( 3.980102097228970215E-16, -30.00000000000000000, -140.2500000000000000 ) ) ;
#9913 = EDGE_CURVE ( 'NONE', #10329, #9410, #7379, .T. ) ;
#9914 = EDGE_CURVE ( 'NONE', #10421, #128, #8188, .T. ) ;
#9915 = CIRCLE ( 'NONE', #1713, 5.000000000000000000 ) ;
#9916 = ORIENTED_EDGE ( 'NONE', *, *, #1872, .T. ) ;
#9917 = EDGE_CURVE ( 'NONE', #5064, #10310, #4979, .T. ) ;
#9918 = CARTESIAN_POINT ( 'NONE',  ( 3.750000000000000000, -7.250000000000000000, -152.0000000000000000 ) ) ;
#9919 = ORIENTED_EDGE ( 'NONE', *, *, #1639, .T. ) ;
#9920 = LINE ( 'NONE', #1093, #9662 ) ;
#9921 = ORIENTED_EDGE ( 'NONE', *, *, #1759, .F. ) ;
#9922 = VECTOR ( 'NONE', #9691, 1000.000000000000114 ) ;
#9923 = DIRECTION ( 'NONE',  ( -1.000000000000000000, 0.000000000000000000, 0.000000000000000000 ) ) ;
#9924 = DIRECTION ( 'NONE',  ( 0.000000000000000000, 0.000000000000000000, 1.000000000000000000 ) ) ;
#9925 = CYLINDRICAL_SURFACE ( 'NONE', #6212, 0.3999999999993869571 ) ;
#9926 = ADVANCED_FACE ( 'NONE', ( #3528 ), #8274, .F. ) ;
#9927 = EDGE_CURVE ( 'NONE', #2040, #10105, #9968, .T. ) ;
#9928 = CARTESIAN_POINT ( 'NONE',  ( -8.000000000001291411, 26.00000000000094857, 0.000000000000000000 ) ) ;
#9929 = ORIENTED_EDGE ( 'NONE', *, *, #9323, .F. ) ;
#9930 = DIRECTION ( 'NONE',  ( -1.000000000000000000, 0.000000000000000000, 0.000000000000000000 ) ) ;
#9931 = CARTESIAN_POINT ( 'NONE',  ( -6.582933023790430660, -25.08609319260584414, -151.9798273416656684 ) ) ;
#9932 = VECTOR ( 'NONE', #7347, 1000.000000000000227 ) ;
#9933 = CARTESIAN_POINT ( 'NONE',  ( 8.000000000001291411, 26.00000000000094857, -17.00000000000000000 ) ) ;
#9934 = LINE ( 'NONE', #5287, #716 ) ;
#9935 = CARTESIAN_POINT ( 'NONE',  ( -7.649956282277135422, -27.53006201359406901, -151.9129407172324022 ) ) ;
#9936 = EDGE_CURVE ( 'NONE', #9262, #8404, #4279, .T. ) ;
#9937 = CIRCLE ( 'NONE', #712, 8.000000000000619949 ) ;
#9938 = VECTOR ( 'NONE', #6520, 1000.000000000000000 ) ;
#9939 = EDGE_LOOP ( 'NONE', ( #1010, #9050, #3898, #6432 ) ) ;
#9940 = ORIENTED_EDGE ( 'NONE', *, *, #2840, .T. ) ;
#9941 = VERTEX_POINT ( 'NONE', #3318 ) ;
#9942 = CARTESIAN_POINT ( 'NONE',  ( 8.000000000000000000, 26.00000000000000000, -149.1339745962199856 ) ) ;
#9943 = DIRECTION ( 'NONE',  ( 0.000000000000000000, 0.000000000000000000, 1.000000000000000000 ) ) ;
#9944 = ORIENTED_EDGE ( 'NONE', *, *, #7253, .T. ) ;
#9945 = CARTESIAN_POINT ( 'NONE',  ( 7.649956282251103801, 27.53006201358215677, -151.9129407172294748 ) ) ;
#9946 = VECTOR ( 'NONE', #8695, 1000.000000000000000 ) ;
#9947 = CARTESIAN_POINT ( 'NONE',  ( 0.000000000000000000, 0.000000000000000000, 1.458499999999999908 ) ) ;
#9948 =( GEOMETRIC_REPRESENTATION_CONTEXT ( 3 ) GLOBAL_UNCERTAINTY_ASSIGNED_CONTEXT ( ( #3403 ) ) GLOBAL_UNIT_ASSIGNED_CONTEXT ( ( #5741, #10505, #1564 ) ) REPRESENTATION_CONTEXT ( 'NONE', 'WORKASPACE' ) );
#9949 = DIRECTION ( 'NONE',  ( 0.000000000000000000, 1.000000000000000000, 0.000000000000000000 ) ) ;
#9950 = VECTOR ( 'NONE', #7251, 1000.000000000000227 ) ;
#9951 = DIRECTION ( 'NONE',  ( 1.000000000000000000, 0.000000000000000000, 0.000000000000000000 ) ) ;
#9952 = ORIENTED_EDGE ( 'NONE', *, *, #10324, .F. ) ;
#9953 = VERTEX_POINT ( 'NONE', #2674 ) ;
#9954 = ORIENTED_EDGE ( 'NONE', *, *, #1357, .F. ) ;
#9955 = DIRECTION ( 'NONE',  ( 0.000000000000000000, -1.000000000000000000, 0.000000000000000000 ) ) ;
#9956 = CARTESIAN_POINT ( 'NONE',  ( 9.499890431356542209, 26.24812236434019397, -151.8844561243165003 ) ) ;
#9957 = ORIENTED_EDGE ( 'NONE', *, *, #5551, .T. ) ;
#9958 = CARTESIAN_POINT ( 'NONE',  ( 1.738422021547135099, -17.73842202154714798, -6.761577978452860016 ) ) ;
#9959 = CARTESIAN_POINT ( 'NONE',  ( -11.84999999999999964, 27.95825756949599850, -135.0000000000000000 ) ) ;
#9960 = DIRECTION ( 'NONE',  ( 0.2588190451025199068, 0.9659258262890685343, 0.000000000000000000 ) ) ;
#9961 = EDGE_CURVE ( 'NONE', #9090, #1406, #5135, .T. ) ;
#9962 = AXIS2_PLACEMENT_3D ( 'NONE', #2412, #8937, #2467 ) ;
#9963 = DIRECTION ( 'NONE',  ( 0.000000000000000000, 0.000000000000000000, -1.000000000000000000 ) ) ;
#9964 = ORIENTED_EDGE ( 'NONE', *, *, #8169, .F. ) ;
#9965 = VERTEX_POINT ( 'NONE', #6796 ) ;
#9966 = CARTESIAN_POINT ( 'NONE',  ( -3.750000000000000000, 7.250000000000000000, -150.6715170305899960 ) ) ;
#9967 = VERTEX_POINT ( 'NONE', #911 ) ;
#9968 = CIRCLE ( 'NONE', #742, 2.458500000000000796 ) ;
#9969 = CARTESIAN_POINT ( 'NONE',  ( -9.500014913642278458, -26.24634059220404225, -151.8843620153410257 ) ) ;
#9970 = ORIENTED_EDGE ( 'NONE', *, *, #2942, .T. ) ;
#9971 = VECTOR ( 'NONE', #2194, 1000.000000000000000 ) ;
#9972 = CARTESIAN_POINT ( 'NONE',  ( 1.738422021547135099, -17.73842202154714798, -145.2384220215469952 ) ) ;
#9973 = CARTESIAN_POINT ( 'NONE',  ( 2.458499999999998575, 17.44015595690575537, -145.9584999999998445 ) ) ;
#9974 = CLOSED_SHELL ( 'NONE', ( #1940, #8136, #9993, #8547, #3865, #1883, #6221, #3387, #4748, #8558, #2149, #193, #9855, #5938, #112, #2791, #3014, #2749, #3855, #8575, #1202, #1630, #9017, #294, #6321, #4577, #10514, #918, #4696, #7180, #8611, #9025, #7204, #1742, #5495, #4791, #4217, #9602, #10343, #6993, #311, #2662, #4564, #8023, #9407, #361, #4048, #5343, #2172, #10101, #6019, #3738, #9358, #1487, #2905, #626, #8824, #7781, #5400, #8613, #6294, #1694, #3993, #5154, #4840, #6656, #4890, #7036, #3598, #6552, #9224, #1019, #5879, #1556, #5806, #3384, #7696, #4421, #4765, #1939, #1215, #10362, #6983, #7654, #3308, #980, #3444, #8182, #1753, #6133, #914, #2385, #9476, #5446, #7829, #1189, #10123, #7364, #9252, #10012, #8022, #7704, #5117, #3401, #649, #1360, #4043, #5609, #9564, #2736, #775, #628, #5267, #9445, #9154, #2202, #1991, #6598, #2552, #4491, #5897, #3588, #5413, #5015, #4120, #2341, #4635, #3903, #8304, #9926, #10539, #4705, #3539, #5875, #4529, #7115, #2235, #9661, #9098, #4445, #4301, #8927, #7776, #6178, #3915, #6695, #7583, #6265, #1685, #9703, #9720, #6083, #3339, #1319, #2222, #6130, #4821, #9181, #4200, #5541, #9070, #4568, #8349, #8633, #1371, #8749, #9212, #10186, #5026, #1542, #3546, #9908, #3740, #523, #1509, #1491, #4661, #1101, #1162, #123, #7520, #8938, #1510, #8609, #4125, #7386, #1084, #2215, #2274, #4902, #8007, #2741, #3961, #4581, #8291, #7643, #3974, #764, #8363, #2466, #75, #1177, #10444, #1810, #8249, #998, #2246, #8475, #6600, #1875, #8116, #10452, #2465, #6549, #195, #7826, #7959, #430, #4658, #5180, #4496, #2082, #2670, #8017, #5995, #4703, #5233, #2147, #896, #6327, #9663, #5289, #7455, #6789, #3524, #2794, #8217, #856, #6734, #4459, #8214, #51, #5773, #7677, #5030, #3084, #1352, #1778, #1154, #6937, #3710, #9881, #8737, #9203, #5357, #5692, #7740, #2666, #1504, #4692, #4008, #3715, #7237, #5040, #4789, #3572, #7572, #2206, #5254, #7006, #1244, #5809, #99, #4283, #3776, #5936, #4431, #5301, #3843, #3053, #3635, #2275, #2621, #2595, #9653, #4382, #6393, #1049, #5368, #1377, #3272, #8775, #327, #6988, #5763, #2055, #3005, #2807, #5213, #2301, #182, #3990, #565, #5153, #3942, #4326, #4960, #9865, #5462 ) ) ;
#9975 = CARTESIAN_POINT ( 'NONE',  ( -6.500000000000000000, -26.84166501650005188, 0.000000000000000000 ) ) ;
#9976 = DIRECTION ( 'NONE',  ( 0.000000000000000000, 0.000000000000000000, -1.000000000000000000 ) ) ;
#9977 = AXIS2_PLACEMENT_3D ( 'NONE', #1680, #8206, #73 ) ;
#9978 = CONICAL_SURFACE ( 'NONE', #7940, 4.283000000000000362, 0.5235987755967884683 ) ;
#9979 = CIRCLE ( 'NONE', #6904, 3.782999999993958085 ) ;
#9980 = DIRECTION ( 'NONE',  ( 1.000000000000000000, -6.870191984066562936E-16, 0.000000000000000000 ) ) ;
#9981 = ORIENTED_EDGE ( 'NONE', *, *, #10136, .T. ) ;
#9982 = AXIS2_PLACEMENT_3D ( 'NONE', #2317, #3224, #8939 ) ;
#9983 = CARTESIAN_POINT ( 'NONE',  ( 9.248999599679699202, 29.80000000000000071, -17.00000000000000000 ) ) ;
#9984 = DIRECTION ( 'NONE',  ( 1.000000000000000000, 0.000000000000000000, 0.000000000000000000 ) ) ;
#9985 = DIRECTION ( 'NONE',  ( 1.000000000000000000, 0.000000000000000000, 0.000000000000000000 ) ) ;
#9986 = AXIS2_PLACEMENT_3D ( 'NONE', #3611, #7627, #181 ) ;
#9987 = CARTESIAN_POINT ( 'NONE',  ( 9.478903285766069331, 26.87820559742599968, 0.000000000000000000 ) ) ;
#9988 = EDGE_CURVE ( 'NONE', #10303, #8342, #2721, .T. ) ;
#9989 = LINE ( 'NONE', #9345, #2009 ) ;
#9990 = VECTOR ( 'NONE', #1179, 1000.000000000000000 ) ;
#9991 = CONICAL_SURFACE ( 'NONE', #6415, 1.720000000000000195, 1.047197551202454502 ) ;
#9992 = EDGE_LOOP ( 'NONE', ( #1477, #432, #9518, #3699 ) ) ;
#9993 = ADVANCED_FACE ( 'NONE', ( #6591 ), #6741, .F. ) ;
#9994 = ORIENTED_EDGE ( 'NONE', *, *, #8152, .T. ) ;
#9995 = VERTEX_POINT ( 'NONE', #9839 ) ;
#9996 = DIRECTION ( 'NONE',  ( 1.000000000000000000, 0.000000000000000000, 0.000000000000000000 ) ) ;
#9997 = DIRECTION ( 'NONE',  ( 0.5000000000002420286, 0.8660254037842989305, 0.000000000000000000 ) ) ;
#9998 = ORIENTED_EDGE ( 'NONE', *, *, #7359, .F. ) ;
#9999 = CARTESIAN_POINT ( 'NONE',  ( 0.4999999999993929856, -25.50000000000000000, -121.0000000000000000 ) ) ;
#10000 = CARTESIAN_POINT ( 'NONE',  ( -7.978903285765479581, -27.71987061392665197, 0.000000000000000000 ) ) ;
#10001 = CARTESIAN_POINT ( 'NONE',  ( 5.000000000000000000, 0.000000000000000000, 11.97272967750899930 ) ) ;
#10002 = FACE_OUTER_BOUND ( 'NONE', #5745, .T. ) ;
#10003 = VECTOR ( 'NONE', #5798, 1000.000000000000114 ) ;
#10004 = DIRECTION ( 'NONE',  ( 0.000000000000000000, 0.000000000000000000, -1.000000000000000000 ) ) ;
#10005 = EDGE_CURVE ( 'NONE', #5883, #6223, #5834, .T. ) ;
#10006 = VERTEX_POINT ( 'NONE', #5036 ) ;
#10007 = ORIENTED_EDGE ( 'NONE', *, *, #7811, .T. ) ;
#10008 = VERTEX_POINT ( 'NONE', #8297 ) ;
#10009 = CARTESIAN_POINT ( 'NONE',  ( -6.000000000000000000, 0.000000000000000000, -31.00000000000000000 ) ) ;
#10010 = DIRECTION ( 'NONE',  ( 0.000000000000000000, 0.000000000000000000, 1.000000000000000000 ) ) ;
#10011 = VECTOR ( 'NONE', #6528, 1000.000000000000000 ) ;
#10012 = ADVANCED_FACE ( 'NONE', ( #2617 ), #962, .F. ) ;
#10013 = VECTOR ( 'NONE', #8742, 1000.000000000000000 ) ;
#10014 = ORIENTED_EDGE ( 'NONE', *, *, #10200, .T. ) ;
#10015 = CARTESIAN_POINT ( 'NONE',  ( 1.440155956905744050, -13.54150000000001342, -144.9401559569055848 ) ) ;
#10016 = AXIS2_PLACEMENT_3D ( 'NONE', #395, #8703, #456 ) ;
#10017 = LINE ( 'NONE', #5107, #6029 ) ;
#10018 = DIRECTION ( 'NONE',  ( 1.000000000000000000, 0.000000000000000000, 0.000000000000000000 ) ) ;
#10019 = AXIS2_PLACEMENT_3D ( 'NONE', #5194, #4394, #417 ) ;
#10020 = ORIENTED_EDGE ( 'NONE', *, *, #9403, .F. ) ;
#10021 = ORIENTED_EDGE ( 'NONE', *, *, #10528, .F. ) ;
#10022 = CARTESIAN_POINT ( 'NONE',  ( -12.00000000000000000, -16.00000000000000000, -8.500000000000000000 ) ) ;
#10023 = ORIENTED_EDGE ( 'NONE', *, *, #6860, .T. ) ;
#10024 = DIRECTION ( 'NONE',  ( -1.000000000000000000, 0.000000000000000000, 0.000000000000000000 ) ) ;
#10025 = VERTEX_POINT ( 'NONE', #6894 ) ;
#10026 = DIRECTION ( 'NONE',  ( 1.000000000000000000, 0.000000000000000000, 0.000000000000000000 ) ) ;
#10027 = FACE_OUTER_BOUND ( 'NONE', #7028, .T. ) ;
#10028 = VECTOR ( 'NONE', #3621, 1000.000000000000000 ) ;
#10029 = EDGE_CURVE ( 'NONE', #1303, #1987, #7057, .T. ) ;
#10030 = DIRECTION ( 'NONE',  ( 1.000000000000000000, 0.000000000000000000, 0.000000000000000000 ) ) ;
#10031 = CARTESIAN_POINT ( 'NONE',  ( -4.068859615986620604, 4.133325710053955326, 8.000000000000000000 ) ) ;
#10032 = CIRCLE ( 'NONE', #8678, 0.2000000000005539014 ) ;
#10033 = DIRECTION ( 'NONE',  ( 0.000000000000000000, 0.000000000000000000, 1.000000000000000000 ) ) ;
#10034 = ORIENTED_EDGE ( 'NONE', *, *, #847, .T. ) ;
#10035 = CARTESIAN_POINT ( 'NONE',  ( 8.000000000000000000, -16.00000000000000000, -8.500000000000000000 ) ) ;
#10036 = CARTESIAN_POINT ( 'NONE',  ( -7.978903285765479581, -24.28012938607335158, -152.0000000000000000 ) ) ;
#10037 = DIRECTION ( 'NONE',  ( -0.5000000000002374767, 0.8660254037843015951, 0.000000000000000000 ) ) ;
#10038 = CARTESIAN_POINT ( 'NONE',  ( 0.000000000000000000, 18.45850000000000080, -8.500000000000000000 ) ) ;
#10039 = CARTESIAN_POINT ( 'NONE',  ( 12.00000000000000000, 22.00000000000000000, -4.000000000000000000 ) ) ;
#10040 = EDGE_CURVE ( 'NONE', #544, #9740, #2885, .T. ) ;
#10041 = EDGE_CURVE ( 'NONE', #6668, #1341, #3846, .T. ) ;
#10042 = EDGE_CURVE ( 'NONE', #7040, #9480, #1788, .T. ) ;
#10043 = EDGE_CURVE ( 'NONE', #536, #9941, #9399, .T. ) ;
#10044 = EDGE_LOOP ( 'NONE', ( #7802, #1196, #5494, #254 ) ) ;
#10045 = VERTEX_POINT ( 'NONE', #2773 ) ;
#10046 = VERTEX_POINT ( 'NONE', #8550 ) ;
#10047 = DIRECTION ( 'NONE',  ( 0.000000000000000000, 0.000000000000000000, 1.000000000000000000 ) ) ;
#10048 = CIRCLE ( 'NONE', #4596, 1.500000000000000666 ) ;
#10049 = DIRECTION ( 'NONE',  ( 0.000000000000000000, 0.000000000000000000, -1.000000000000000000 ) ) ;
#10050 = EDGE_CURVE ( 'NONE', #1034, #1008, #1445, .T. ) ;
#10051 = ORIENTED_EDGE ( 'NONE', *, *, #2815, .F. ) ;
#10052 = DIRECTION ( 'NONE',  ( -1.000000000000000000, 0.000000000000000000, 0.000000000000000000 ) ) ;
#10053 = CARTESIAN_POINT ( 'NONE',  ( 0.000000000000000000, 0.000000000000000000, 2.000000000000000000 ) ) ;
#10054 = CARTESIAN_POINT ( 'NONE',  ( 6.779878635970049139, 24.97238659039815900, -0.08442158543722333430 ) ) ;
#10055 = AXIS2_PLACEMENT_3D ( 'NONE', #4083, #1935, #6531 ) ;
#10056 = CARTESIAN_POINT ( 'NONE',  ( 0.000000000000000000, -30.00000000000000000, -10.95849999999999902 ) ) ;
#10057 = DIRECTION ( 'NONE',  ( 0.000000000000000000, 0.000000000000000000, 1.000000000000000000 ) ) ;
#10058 = EDGE_CURVE ( 'NONE', #3719, #4082, #1978, .T. ) ;
#10059 = CARTESIAN_POINT ( 'NONE',  ( -3.750000000000000000, 7.250000000000000000, -152.0000000000000000 ) ) ;
#10060 = ORIENTED_EDGE ( 'NONE', *, *, #226, .T. ) ;
#10061 = VERTEX_POINT ( 'NONE', #7805 ) ;
#10062 = VERTEX_POINT ( 'NONE', #1916 ) ;
#10063 = DIRECTION ( 'NONE',  ( 1.000000000000000000, 0.000000000000000000, 0.000000000000000000 ) ) ;
#10064 = DIRECTION ( 'NONE',  ( 0.000000000000000000, 0.000000000000000000, -1.000000000000000000 ) ) ;
#10065 = ORIENTED_EDGE ( 'NONE', *, *, #4565, .F. ) ;
#10066 = CARTESIAN_POINT ( 'NONE',  ( -9.266792915376607098, -27.00069395760284152, -151.9388264722864506 ) ) ;
#10067 = EDGE_CURVE ( 'NONE', #4474, #3965, #3490, .T. ) ;
#10068 = CARTESIAN_POINT ( 'NONE',  ( -8.000000000000000000, -26.00000000000000000, -2.000000000000000000 ) ) ;
#10069 = LINE ( 'NONE', #1937, #8660 ) ;
#10070 = CARTESIAN_POINT ( 'NONE',  ( 7.458499999999999908, -16.00000000000000000, -6.041500000000000092 ) ) ;
#10071 = ADVANCED_FACE ( 'NONE', ( #5349 ), #5249, .F. ) ;
#10072 = ORIENTED_EDGE ( 'NONE', *, *, #3712, .F. ) ;
#10073 = ORIENTED_EDGE ( 'NONE', *, *, #503, .T. ) ;
#10074 = CARTESIAN_POINT ( 'NONE',  ( -2.458499999999998575, 17.44015595690575537, -6.041499999999999204 ) ) ;
#10075 = DIRECTION ( 'NONE',  ( 0.000000000000000000, 0.000000000000000000, 1.000000000000000000 ) ) ;
#10076 = ORIENTED_EDGE ( 'NONE', *, *, #4984, .F. ) ;
#10077 = CARTESIAN_POINT ( 'NONE',  ( 9.500000000000000000, 26.86602540378400050, -152.0000000000000000 ) ) ;
#10078 = CARTESIAN_POINT ( 'NONE',  ( 1.200000000000553957, 32.99999999999945288, -17.00000000000000000 ) ) ;
#10079 = FACE_OUTER_BOUND ( 'NONE', #3742, .T. ) ;
#10080 = CARTESIAN_POINT ( 'NONE',  ( 9.237074910386619209, 27.01787147522884780, -151.9316872607521987 ) ) ;
#10081 = DIRECTION ( 'NONE',  ( -1.000000000000000000, 0.000000000000000000, 0.000000000000000000 ) ) ;
#10082 = LINE ( 'NONE', #5178, #1271 ) ;
#10083 = EDGE_LOOP ( 'NONE', ( #7167, #9417, #59, #7924 ) ) ;
#10084 = CARTESIAN_POINT ( 'NONE',  ( 8.015521883131919267, 26.00000000000000000, -148.0000000000000000 ) ) ;
#10085 = DIRECTION ( 'NONE',  ( 0.000000000000000000, 0.000000000000000000, 1.000000000000000000 ) ) ;
#10087 = VECTOR ( 'NONE', #9493, 999.9999999999998863 ) ;
#10086 = DIRECTION ( 'NONE',  ( 0.000000000000000000, 1.000000000000000000, 0.000000000000000000 ) ) ;
#10088 = VERTEX_POINT ( 'NONE', #5296 ) ;
#10089 = ORIENTED_EDGE ( 'NONE', *, *, #121, .T. ) ;
#10090 = DIRECTION ( 'NONE',  ( -1.000000000000000000, 0.000000000000000000, 0.000000000000000000 ) ) ;
#10091 = CARTESIAN_POINT ( 'NONE',  ( -8.750000000000280664, -27.29903810567634892, -2.000000000000000000 ) ) ;
#10092 = VERTEX_POINT ( 'NONE', #2829 ) ;
#10093 = DIRECTION ( 'NONE',  ( 0.000000000000000000, 0.000000000000000000, -1.000000000000000000 ) ) ;
#10094 = CARTESIAN_POINT ( 'NONE',  ( -0.4999999999993919864, -25.50000000000000000, -121.0000000000000000 ) ) ;
#10095 = CARTESIAN_POINT ( 'NONE',  ( 2.458499999999998575, 17.44015595690575537, -141.0414999999999850 ) ) ;
#10096 = EDGE_CURVE ( 'NONE', #4041, #4514, #2635, .T. ) ;
#10097 = CIRCLE ( 'NONE', #1227, 5.049999999999999822 ) ;
#10098 = DIRECTION ( 'NONE',  ( 0.8660254037842707309, -0.5000000000002908784, 0.000000000000000000 ) ) ;
#10099 = EDGE_CURVE ( 'NONE', #1995, #4159, #8503, .T. ) ;
#10100 = CARTESIAN_POINT ( 'NONE',  ( -8.500000000000000000, 17.49999999999940314, -121.0000000000000000 ) ) ;
#10101 = ADVANCED_FACE ( 'NONE', ( #7857 ), #5380, .F. ) ;
#10102 = CONICAL_SURFACE ( 'NONE', #8913, 1.720000000000000195, 1.047197551196586307 ) ;
#10103 = CARTESIAN_POINT ( 'NONE',  ( -7.299999999999450040, 32.99999999999945288, -135.0000000000000000 ) ) ;
#10104 = EDGE_LOOP ( 'NONE', ( #851, #1928, #4774, #7278 ) ) ;
#10105 = VERTEX_POINT ( 'NONE', #1121 ) ;
#10106 = ORIENTED_EDGE ( 'NONE', *, *, #695, .T. ) ;
#10107 = DIRECTION ( 'NONE',  ( 0.000000000000000000, 0.000000000000000000, 1.000000000000000000 ) ) ;
#10108 = CIRCLE ( 'NONE', #7556, 8.000000000000619949 ) ;
#10109 = CARTESIAN_POINT ( 'NONE',  ( 9.500072455793397097, 25.40386617105897216, -151.9387251770752130 ) ) ;
#10110 = ORIENTED_EDGE ( 'NONE', *, *, #3439, .F. ) ;
#10111 = MECHANICAL_DESIGN_GEOMETRIC_PRESENTATION_REPRESENTATION (  '', ( #7222 ), #9948 ) ;
#10112 = EDGE_CURVE ( 'NONE', #10180, #3886, #3670, .T. ) ;
#10113 = CARTESIAN_POINT ( 'NONE',  ( 0.6607491694260468895, -18.45850000000005053, -6.041499999999983217 ) ) ;
#10114 = CARTESIAN_POINT ( 'NONE',  ( -8.000000000000000000, -26.00000000000000000, -2.000000000000000000 ) ) ;
#10115 = CARTESIAN_POINT ( 'NONE',  ( -12.00000000000000000, 16.00000000000000000, -143.5000000000000000 ) ) ;
#10116 = AXIS2_PLACEMENT_3D ( 'NONE', #2111, #8581, #611 ) ;
#10117 = DIRECTION ( 'NONE',  ( -1.000000000000000000, 0.000000000000000000, 0.000000000000000000 ) ) ;
#10118 = EDGE_CURVE ( 'NONE', #4390, #3526, #9450, .T. ) ;
#10119 = ORIENTED_EDGE ( 'NONE', *, *, #1453, .F. ) ;
#10120 = VERTEX_POINT ( 'NONE', #1171 ) ;
#10121 = CIRCLE ( 'NONE', #406, 0.5000000000006370460 ) ;
#10122 = CARTESIAN_POINT ( 'NONE',  ( 8.000000000000000000, 26.00000000000000000, -151.6000000000000227 ) ) ;
#10123 = ADVANCED_FACE ( 'NONE', ( #3630 ), #3580, .F. ) ;
#10124 = CARTESIAN_POINT ( 'NONE',  ( 0.000000000000000000, 0.000000000000000000, 30.00000000000000000 ) ) ;
#10125 = ORIENTED_EDGE ( 'NONE', *, *, #1338, .T. ) ;
#10126 = FACE_OUTER_BOUND ( 'NONE', #7488, .T. ) ;
#10127 = CARTESIAN_POINT ( 'NONE',  ( -6.850000000000000533, 33.20000000000000284, -152.0010000000000048 ) ) ;
#10128 = AXIS2_PLACEMENT_3D ( 'NONE', #1834, #7612, #6762 ) ;
#10129 = DIRECTION ( 'NONE',  ( 0.000000000000000000, 0.000000000000000000, 1.000000000000000000 ) ) ;
#10130 = CARTESIAN_POINT ( 'NONE',  ( -2.458500000000004793, -14.55984404309426772, -10.95850000000000968 ) ) ;
#10131 = FACE_OUTER_BOUND ( 'NONE', #2249, .T. ) ;
#10132 =( BOUNDED_CURVE ( )  B_SPLINE_CURVE ( 3, ( #3445, #1197, #6712, #6926 ),
 .UNSPECIFIED., .F., .F. ) 
 B_SPLINE_CURVE_WITH_KNOTS ( ( 4, 4 ),
 ( 2.356194490192344837, 3.926990816987239619 ),
 .UNSPECIFIED. ) 
 CURVE ( )  GEOMETRIC_REPRESENTATION_ITEM ( )  RATIONAL_B_SPLINE_CURVE ( ( 1.000000000000000000, 0.8047378541243649375, 0.8047378541243649375, 1.000000000000000000 ) ) 
 REPRESENTATION_ITEM ( '' )  );
#10133 = AXIS2_PLACEMENT_3D ( 'NONE', #2599, #1584, #4913 ) ;
#10134 = DIRECTION ( 'NONE',  ( 1.000000000000000000, 0.000000000000000000, 0.000000000000000000 ) ) ;
#10135 = ORIENTED_EDGE ( 'NONE', *, *, #6684, .F. ) ;
#10136 = EDGE_CURVE ( 'NONE', #7744, #253, #6842, .T. ) ;
#10137 = LINE ( 'NONE', #5181, #8398 ) ;
#10138 = CARTESIAN_POINT ( 'NONE',  ( -7.462175770047791090, -24.57846933076279683, -151.8842233084674262 ) ) ;
#10139 = DIRECTION ( 'NONE',  ( 0.7071067811865480168, 0.000000000000000000, 0.7071067811865470176 ) ) ;
#10140 = CARTESIAN_POINT ( 'NONE',  ( -6.499803436163042569, -26.27978540218857262, -151.8843511028569537 ) ) ;
#10141 = AXIS2_PLACEMENT_3D ( 'NONE', #5616, #7171, #2357 ) ;
#10142 = PLANE ( 'NONE',  #1326 ) ;
#10143 = CIRCLE ( 'NONE', #929, 1.720000000000000195 ) ;
#10144 = CIRCLE ( 'NONE', #8103, 8.000000000000611067 ) ;
#10145 = AXIS2_PLACEMENT_3D ( 'NONE', #6379, #9633, #4777 ) ;
#10146 = VECTOR ( 'NONE', #7302, 1000.000000000000000 ) ;
#10147 = ORIENTED_EDGE ( 'NONE', *, *, #4647, .F. ) ;
#10148 = CIRCLE ( 'NONE', #1958, 0.2000000000005539014 ) ;
#10149 = VERTEX_POINT ( 'NONE', #3688 ) ;
#10150 = CARTESIAN_POINT ( 'NONE',  ( -9.499990633119255179, -25.50515060049098182, -151.9188393875032830 ) ) ;
#10151 = EDGE_CURVE ( 'NONE', #2786, #9052, #2469, .T. ) ;
#10152 = DIRECTION ( 'NONE',  ( -0.7071067811865441310, 0.000000000000000000, 0.7071067811865510144 ) ) ;
#10153 = ORIENTED_EDGE ( 'NONE', *, *, #10202, .T. ) ;
#10154 = CARTESIAN_POINT ( 'NONE',  ( -8.500000000000000000, -17.49999999999940314, -121.0000000000000000 ) ) ;
#10155 = DIRECTION ( 'NONE',  ( 0.000000000000000000, 0.000000000000000000, -1.000000000000000000 ) ) ;
#10156 = CARTESIAN_POINT ( 'NONE',  ( 7.475010432209587385, 24.57105206071673820, -0.1272730651319249617 ) ) ;
#10157 = AXIS2_PLACEMENT_3D ( 'NONE', #8400, #10057, #7492 ) ;
#10158 = CARTESIAN_POINT ( 'NONE',  ( 0.4999999999993919864, 25.50000000000000000, -31.00000000000000000 ) ) ;
#10159 = DIRECTION ( 'NONE',  ( -1.000000000000000000, 0.000000000000000000, 0.000000000000000000 ) ) ;
#10160 = CARTESIAN_POINT ( 'NONE',  ( -8.000000000000000000, -26.00000000000000000, 0.000000000000000000 ) ) ;
#10161 = ORIENTED_EDGE ( 'NONE', *, *, #6423, .T. ) ;
#10162 = ORIENTED_EDGE ( 'NONE', *, *, #7523, .F. ) ;
#10163 = ORIENTED_EDGE ( 'NONE', *, *, #3657, .T. ) ;
#10164 = DIRECTION ( 'NONE',  ( -0.7071067811865470176, 0.000000000000000000, -0.7071067811865480168 ) ) ;
#10165 = LINE ( 'NONE', #7869, #8178 ) ;
#10166 = ORIENTED_EDGE ( 'NONE', *, *, #6092, .F. ) ;
#10167 = LINE ( 'NONE', #7714, #6553 ) ;
#10168 = DIRECTION ( 'NONE',  ( 0.000000000000000000, 0.000000000000000000, -1.000000000000000000 ) ) ;
#10169 = CARTESIAN_POINT ( 'NONE',  ( 12.00000000000000000, -16.00000000000000000, -143.5000000000000000 ) ) ;
#10170 = CYLINDRICAL_SURFACE ( 'NONE', #8958, 2.458500000000002572 ) ;
#10171 = EDGE_CURVE ( 'NONE', #5602, #7536, #10583, .T. ) ;
#10172 = VECTOR ( 'NONE', #9091, 999.9999999999998863 ) ;
#10173 = EDGE_CURVE ( 'NONE', #10245, #2445, #8113, .T. ) ;
#10174 = ORIENTED_EDGE ( 'NONE', *, *, #652, .T. ) ;
#10175 = ORIENTED_EDGE ( 'NONE', *, *, #2352, .T. ) ;
#10176 = EDGE_CURVE ( 'NONE', #8129, #6630, #754, .T. ) ;
#10177 = DIRECTION ( 'NONE',  ( 0.000000000000000000, 0.000000000000000000, 1.000000000000000000 ) ) ;
#10178 = LINE ( 'NONE', #3027, #8133 ) ;
#10179 = CIRCLE ( 'NONE', #6938, 0.5000000000006405987 ) ;
#10180 = VERTEX_POINT ( 'NONE', #1384 ) ;
#10181 = CARTESIAN_POINT ( 'NONE',  ( 8.015521883131919267, 26.00000000000000000, -148.0000000000000000 ) ) ;
#10182 = DIRECTION ( 'NONE',  ( 0.000000000000000000, 0.000000000000000000, 1.000000000000000000 ) ) ;
#10183 = VECTOR ( 'NONE', #3956, 1000.000000000000114 ) ;
#10184 = DIRECTION ( 'NONE',  ( 0.000000000000000000, 0.000000000000000000, 1.000000000000000000 ) ) ;
#10185 = CARTESIAN_POINT ( 'NONE',  ( 0.4999999999993919864, 17.49999999999940314, -31.00000000000000000 ) ) ;
#10186 = ADVANCED_FACE ( 'NONE', ( #4653 ), #3155, .T. ) ;
#10187 = AXIS2_PLACEMENT_3D ( 'NONE', #6448, #9805, #9648 ) ;
#10188 = CARTESIAN_POINT ( 'NONE',  ( -6.500000000000000000, -25.13397459621599950, -2.000000000000000000 ) ) ;
#10189 = DIRECTION ( 'NONE',  ( -1.000000000000000000, 0.000000000000000000, 0.000000000000000000 ) ) ;
#10190 = DIRECTION ( 'NONE',  ( 0.7071067811865531239, 8.659560562355000651E-17, -0.7071067811865420216 ) ) ;
#10191 = ORIENTED_EDGE ( 'NONE', *, *, #7074, .T. ) ;
#10192 = ADVANCED_FACE ( 'NONE', ( #4759 ), #2396, .T. ) ;
#10193 = CARTESIAN_POINT ( 'NONE',  ( 0.000000000000000000, -13.54149999999999920, -143.5000000000000000 ) ) ;
#10194 = AXIS2_PLACEMENT_3D ( 'NONE', #5510, #7969, #7060 ) ;
#10195 = DIRECTION ( 'NONE',  ( 0.000000000000000000, 0.000000000000000000, 1.000000000000000000 ) ) ;
#10196 = CARTESIAN_POINT ( 'NONE',  ( 2.458499999999998575, -14.55984404309426772, -141.0414999999999850 ) ) ;
#10197 = CARTESIAN_POINT ( 'NONE',  ( 0.000000000000000000, 0.000000000000000000, -121.0000000000000000 ) ) ;
#10198 = EDGE_CURVE ( 'NONE', #3448, #10398, #3910, .T. ) ;
#10199 = AXIS2_PLACEMENT_3D ( 'NONE', #6319, #1449, #8779 ) ;
#10200 = EDGE_CURVE ( 'NONE', #8711, #5758, #8123, .T. ) ;
#10201 = VECTOR ( 'NONE', #4911, 1000.000000000000000 ) ;
#10202 = EDGE_CURVE ( 'NONE', #7764, #7110, #3165, .T. ) ;
#10203 = VERTEX_POINT ( 'NONE', #3207 ) ;
#10204 = ORIENTED_EDGE ( 'NONE', *, *, #778, .F. ) ;
#10205 = ORIENTED_EDGE ( 'NONE', *, *, #5477, .F. ) ;
#10206 = CARTESIAN_POINT ( 'NONE',  ( 3.750000000000000000, -7.250000000000000000, -150.6715170305899960 ) ) ;
#10207 = DIRECTION ( 'NONE',  ( 0.000000000000000000, 0.000000000000000000, -1.000000000000000000 ) ) ;
#10208 = EDGE_LOOP ( 'NONE', ( #1421, #7642, #60, #1348 ) ) ;
#10209 = FACE_OUTER_BOUND ( 'NONE', #7759, .T. ) ;
#10210 = CYLINDRICAL_SURFACE ( 'NONE', #5083, 5.000000000000000888 ) ;
#10211 = DIRECTION ( 'NONE',  ( 0.000000000000000000, 0.000000000000000000, 1.000000000000000000 ) ) ;
#10212 = CARTESIAN_POINT ( 'NONE',  ( -12.05000000000064020, 27.50000000000000000, -17.00000000000000000 ) ) ;
#10213 = CARTESIAN_POINT ( 'NONE',  ( 4.136184427528459828, 0.000000000000000000, 9.599415897570182210 ) ) ;
#10214 = EDGE_LOOP ( 'NONE', ( #1719, #228, #7682, #6114 ) ) ;
#10215 = ORIENTED_EDGE ( 'NONE', *, *, #7769, .T. ) ;
#10216 = ORIENTED_EDGE ( 'NONE', *, *, #2716, .T. ) ;
#10217 = CARTESIAN_POINT ( 'NONE',  ( 0.000000000000000000, 0.000000000000000000, 2.000000000000000000 ) ) ;
#10218 = CIRCLE ( 'NONE', #10055, 5.000000000000000000 ) ;
#10219 = ORIENTED_EDGE ( 'NONE', *, *, #1007, .T. ) ;
#10220 = DIRECTION ( 'NONE',  ( 0.000000000000000000, 0.000000000000000000, 1.000000000000000000 ) ) ;
#10221 = ORIENTED_EDGE ( 'NONE', *, *, #2955, .F. ) ;
#10222 = CARTESIAN_POINT ( 'NONE',  ( 8.000000000000000000, 26.00000000000000000, -152.0000000000000000 ) ) ;
#10223 = VECTOR ( 'NONE', #8322, 1000.000000000000000 ) ;
#10224 = DIRECTION ( 'NONE',  ( 0.8660254037842978203, -0.5000000000002440270, 0.000000000000000000 ) ) ;
#10225 = CARTESIAN_POINT ( 'NONE',  ( -0.4999999999993919864, -17.49999999999940314, -31.00000000000000000 ) ) ;
#10226 = CARTESIAN_POINT ( 'NONE',  ( 8.015521883131919267, 26.00000000000000000, -152.0000000000000000 ) ) ;
#10227 = EDGE_LOOP ( 'NONE', ( #5755, #7403 ) ) ;
#10228 = ORIENTED_EDGE ( 'NONE', *, *, #6644, .F. ) ;
#10229 = ORIENTED_EDGE ( 'NONE', *, *, #8815, .T. ) ;
#10230 = PLANE ( 'NONE',  #6709 ) ;
#10231 = DIRECTION ( 'NONE',  ( -1.000000000000000000, 0.000000000000000000, 0.000000000000000000 ) ) ;
#10232 = ORIENTED_EDGE ( 'NONE', *, *, #34, .T. ) ;
#10233 = CARTESIAN_POINT ( 'NONE',  ( 1.649999999999999911, 33.20000000000000284, -17.00000000000000000 ) ) ;
#10234 = FACE_OUTER_BOUND ( 'NONE', #2042, .T. ) ;
#10235 = EDGE_CURVE ( 'NONE', #9953, #8929, #6418, .T. ) ;
#10236 = CYLINDRICAL_SURFACE ( 'NONE', #3834, 6.000000000000000000 ) ;
#10237 = CARTESIAN_POINT ( 'NONE',  ( -8.350000000000278533, -29.50000000000000000, -17.00000000000000000 ) ) ;
#10238 = EDGE_CURVE ( 'NONE', #1656, #5123, #576, .T. ) ;
#10239 = CIRCLE ( 'NONE', #1017, 5.000000000000000888 ) ;
#10240 =( NAMED_UNIT ( * ) SI_UNIT ( $, .STERADIAN. ) SOLID_ANGLE_UNIT ( ) );
#10241 = EDGE_CURVE ( 'NONE', #5123, #5394, #4187, .T. ) ;
#10242 = CARTESIAN_POINT ( 'NONE',  ( 6.850000000000000533, 33.40000000000054570, -152.0010000000000048 ) ) ;
#10243 = DIRECTION ( 'NONE',  ( -1.000000000000000000, 0.000000000000000000, 0.000000000000000000 ) ) ;
#10244 = ORIENTED_EDGE ( 'NONE', *, *, #8433, .T. ) ;
#10245 = VERTEX_POINT ( 'NONE', #7114 ) ;
#10246 = PLANE ( 'NONE',  #10457 ) ;
#10247 = CARTESIAN_POINT ( 'NONE',  ( 6.000000000000000000, 7.347880794884099028E-16, 2.000000000000000000 ) ) ;
#10248 = DIRECTION ( 'NONE',  ( -1.000000000000000000, 0.000000000000000000, 0.000000000000000000 ) ) ;
#10249 = LINE ( 'NONE', #3842, #10554 ) ;
#10250 = PRODUCT_DEFINITION_CONTEXT ( 'detailed design', #7345, 'design' ) ;
#10251 = EDGE_CURVE ( 'NONE', #4543, #8548, #10148, .T. ) ;
#10252 = EDGE_CURVE ( 'NONE', #7224, #2645, #735, .T. ) ;
#10253 = ORIENTED_EDGE ( 'NONE', *, *, #9717, .F. ) ;
#10254 = ORIENTED_EDGE ( 'NONE', *, *, #6644, .T. ) ;
#10255 = ORIENTED_EDGE ( 'NONE', *, *, #10540, .F. ) ;
#10256 = LINE ( 'NONE', #2138, #7120 ) ;
#10257 = CARTESIAN_POINT ( 'NONE',  ( 5.688034792648439364, 1.909518315602344973, 3.600000000000000089 ) ) ;
#10258 = B_SPLINE_CURVE_WITH_KNOTS ( 'NONE', 3,
 ( #1531, #4000, #6671, #9069, #8057, #943, #8864, #4161, #4213, #8167, #3402 ),
 .UNSPECIFIED., .F., .F.,
 ( 4, 2, 1, 2, 2, 4 ),
 ( 0.000000000000000000, 0.2499999999999910627, 0.3749999999999973355, 0.4374999999999943379, 0.4999999999999913403, 1.000000000000000000 ),
 .UNSPECIFIED. ) ;
#10259 = FACE_OUTER_BOUND ( 'NONE', #5259, .T. ) ;
#10260 = DIRECTION ( 'NONE',  ( 1.000000000000000000, 0.000000000000000000, 0.000000000000000000 ) ) ;
#10261 = ADVANCED_FACE ( 'NONE', ( #4712 ), #7966, .T. ) ;
#10262 = LINE ( 'NONE', #637, #7134 ) ;
#10263 = CONICAL_SURFACE ( 'NONE', #1041, 3.499999999999999556, 0.7853981633974589371 ) ;
#10264 = CARTESIAN_POINT ( 'NONE',  ( 12.00000000000000000, 16.00000000000000000, -8.500000000000000000 ) ) ;
#10265 = CIRCLE ( 'NONE', #7530, 1.500000000000000222 ) ;
#10266 = CARTESIAN_POINT ( 'NONE',  ( 7.500000000000000000, 32.99999999999945288, -135.0000000000000000 ) ) ;
#10267 = CARTESIAN_POINT ( 'NONE',  ( 8.750000000000291323, 24.70096189432365108, -150.0000000000000000 ) ) ;
#10268 = EDGE_LOOP ( 'NONE', ( #7803, #4303 ) ) ;
#10269 = ORIENTED_EDGE ( 'NONE', *, *, #10058, .T. ) ;
#10270 = EDGE_LOOP ( 'NONE', ( #3289, #9361, #8599, #4918, #7671, #10433 ) ) ;
#10271 = CARTESIAN_POINT ( 'NONE',  ( -1.500000000000000000, 28.47151703059499539, -8.500000000000000000 ) ) ;
#10272 = ORIENTED_EDGE ( 'NONE', *, *, #8264, .T. ) ;
#10273 = DIRECTION ( 'NONE',  ( 0.000000000000000000, 0.000000000000000000, -1.000000000000000000 ) ) ;
#10274 = AXIS2_PLACEMENT_3D ( 'NONE', #9616, #6251, #4758 ) ;
#10275 = ORIENTED_EDGE ( 'NONE', *, *, #6355, .T. ) ;
#10276 = TOROIDAL_SURFACE ( 'NONE', #6693, 4.700000000000099654, 0.6000000000000998979 ) ;
#10277 = FACE_OUTER_BOUND ( 'NONE', #7935, .T. ) ;
#10278 = DIRECTION ( 'NONE',  ( 0.000000000000000000, 0.000000000000000000, 1.000000000000000000 ) ) ;
#10279 = DIRECTION ( 'NONE',  ( -1.000000000000000000, 0.000000000000000000, 0.000000000000000000 ) ) ;
#10280 = DIRECTION ( 'NONE',  ( 0.000000000000000000, 0.000000000000000000, 1.000000000000000000 ) ) ;
#10281 = VECTOR ( 'NONE', #3397, 1000.000000000000000 ) ;
#10282 = VECTOR ( 'NONE', #2877, 999.9999999999998863 ) ;
#10283 = ORIENTED_EDGE ( 'NONE', *, *, #5095, .T. ) ;
#10284 = ORIENTED_EDGE ( 'NONE', *, *, #2457, .F. ) ;
#10285 = ORIENTED_EDGE ( 'NONE', *, *, #235, .T. ) ;
#10286 = FACE_OUTER_BOUND ( 'NONE', #2956, .T. ) ;
#10287 = CARTESIAN_POINT ( 'NONE',  ( -9.500000000000000000, -25.13397459621599950, -150.0000000000000000 ) ) ;
#10288 = ORIENTED_EDGE ( 'NONE', *, *, #5551, .F. ) ;
#10289 = CARTESIAN_POINT ( 'NONE',  ( -8.000000000000000000, -26.00000000000000000, -149.1339745962199856 ) ) ;
#10290 = EDGE_CURVE ( 'NONE', #4514, #1730, #1489, .T. ) ;
#10291 = DIRECTION ( 'NONE',  ( 0.8660254037842978203, -0.5000000000002440270, 0.000000000000000000 ) ) ;
#10292 = CONICAL_SURFACE ( 'NONE', #9432, 1.720000000000000195, 1.047197551202454502 ) ;
#10293 = CARTESIAN_POINT ( 'NONE',  ( 9.500000000000000000, 26.86602540378400050, 0.000000000000000000 ) ) ;
#10294 = DIRECTION ( 'NONE',  ( 0.000000000000000000, 1.000000000000000000, 0.000000000000000000 ) ) ;
#10295 = VECTOR ( 'NONE', #3874, 1000.000000000000000 ) ;
#10296 = DIRECTION ( 'NONE',  ( 0.000000000000000000, 0.000000000000000000, -1.000000000000000000 ) ) ;
#10297 = CARTESIAN_POINT ( 'NONE',  ( -8.000000000000000000, -26.00000000000000000, -150.0000000000000000 ) ) ;
#10298 = DIRECTION ( 'NONE',  ( 0.000000000000000000, 0.000000000000000000, 1.000000000000000000 ) ) ;
#10299 = ORIENTED_EDGE ( 'NONE', *, *, #3127, .F. ) ;
#10300 = VERTEX_POINT ( 'NONE', #3957 ) ;
#10301 = CARTESIAN_POINT ( 'NONE',  ( -2.458500000000004793, -14.55984404309426772, -145.9584999999998445 ) ) ;
#10302 = LINE ( 'NONE', #1373, #1622 ) ;
#10303 = VERTEX_POINT ( 'NONE', #9668 ) ;
#10304 = AXIS2_PLACEMENT_3D ( 'NONE', #2367, #5576, #1506 ) ;
#10305 = FACE_OUTER_BOUND ( 'NONE', #9222, .T. ) ;
#10306 = CARTESIAN_POINT ( 'NONE',  ( 12.00000000000000000, 16.00000000000000000, -143.5000000000000000 ) ) ;
#10307 = EDGE_CURVE ( 'NONE', #7644, #8723, #861, .T. ) ;
#10308 = VECTOR ( 'NONE', #7441, 1000.000000000000227 ) ;
#10309 = VERTEX_POINT ( 'NONE', #8871 ) ;
#10310 = VERTEX_POINT ( 'NONE', #6632 ) ;
#10311 = EDGE_CURVE ( 'NONE', #1656, #1446, #8381, .T. ) ;
#10312 = ORIENTED_EDGE ( 'NONE', *, *, #10519, .T. ) ;
#10313 = LINE ( 'NONE', #7856, #5580 ) ;
#10314 = VECTOR ( 'NONE', #8288, 1000.000000000000000 ) ;
#10315 = DIRECTION ( 'NONE',  ( -0.8660254037842993746, -0.5000000000002412515, 0.000000000000000000 ) ) ;
#10316 = VERTEX_POINT ( 'NONE', #9187 ) ;
#10317 = CARTESIAN_POINT ( 'NONE',  ( -1.500000000000000000, 29.80000000000000071, -143.5000000000000000 ) ) ;
#10318 = CIRCLE ( 'NONE', #1598, 1.500000000000000666 ) ;
#10319 = DIRECTION ( 'NONE',  ( 1.000000000000000000, 0.000000000000000000, 0.000000000000000000 ) ) ;
#10320 = AXIS2_PLACEMENT_3D ( 'NONE', #9277, #6933, #7626 ) ;
#10321 = CARTESIAN_POINT ( 'NONE',  ( 3.010794155703800205E-16, -30.00000000000000000, -141.0414999999999850 ) ) ;
#10322 = FACE_OUTER_BOUND ( 'NONE', #9016, .T. ) ;
#10323 = VECTOR ( 'NONE', #9267, 1000.000000000000000 ) ;
#10324 = EDGE_CURVE ( 'NONE', #2758, #1341, #8336, .T. ) ;
#10325 = VECTOR ( 'NONE', #8715, 1000.000000000000000 ) ;
#10326 = AXIS2_PLACEMENT_3D ( 'NONE', #1031, #3492, #375 ) ;
#10327 = DIRECTION ( 'NONE',  ( 0.000000000000000000, 1.000000000000000000, 0.000000000000000000 ) ) ;
#10328 = ORIENTED_EDGE ( 'NONE', *, *, #8816, .T. ) ;
#10329 = VERTEX_POINT ( 'NONE', #2508 ) ;
#10330 = ORIENTED_EDGE ( 'NONE', *, *, #10428, .F. ) ;
#10331 = CARTESIAN_POINT ( 'NONE',  ( 4.335090188609795447, 29.80000000000000071, 0.000000000000000000 ) ) ;
#10332 = ORIENTED_EDGE ( 'NONE', *, *, #9394, .T. ) ;
#10333 = CARTESIAN_POINT ( 'NONE',  ( 0.000000000000000000, 0.000000000000000000, -2.000000000000000000 ) ) ;
#10334 = AXIS2_PLACEMENT_3D ( 'NONE', #10225, #8631, #10279 ) ;
#10335 = VECTOR ( 'NONE', #1558, 1000.000000000000000 ) ;
#10336 = EDGE_LOOP ( 'NONE', ( #6859, #1643, #6224, #3935, #3417 ) ) ;
#10337 = CIRCLE ( 'NONE', #3679, 2.458500000000030106 ) ;
#10338 = AXIS2_PLACEMENT_3D ( 'NONE', #2337, #7206, #7044 ) ;
#10339 = CARTESIAN_POINT ( 'NONE',  ( 1.649999999999999911, 35.00000000000000000, -17.00000000000000000 ) ) ;
#10340 = CARTESIAN_POINT ( 'NONE',  ( -9.478903285766069331, -26.87820559742599968, -152.0000000000000000 ) ) ;
#10341 = CARTESIAN_POINT ( 'NONE',  ( -6.521096714233920011, -26.87820559742594639, 0.000000000000000000 ) ) ;
#10342 = EDGE_CURVE ( 'NONE', #7536, #9686, #1003, .T. ) ;
#10343 = ADVANCED_FACE ( 'NONE', ( #187 ), #9978, .F. ) ;
#10344 = CIRCLE ( 'NONE', #9479, 1.500000000000000222 ) ;
#10345 = EDGE_CURVE ( 'NONE', #1848, #5811, #6575, .T. ) ;
#10346 = ORIENTED_EDGE ( 'NONE', *, *, #8934, .T. ) ;
#10347 = EDGE_LOOP ( 'NONE', ( #163, #4375, #563 ) ) ;
#10348 = VERTEX_POINT ( 'NONE', #4319 ) ;
#10349 = DIRECTION ( 'NONE',  ( -1.000000000000000000, 0.000000000000000000, 0.000000000000000000 ) ) ;
#10350 = CARTESIAN_POINT ( 'NONE',  ( 7.249999999999710454, 27.29903810567634892, -2.000000000000000000 ) ) ;
#10351 = ORIENTED_EDGE ( 'NONE', *, *, #4248, .F. ) ;
#10352 = DIRECTION ( 'NONE',  ( 0.000000000000000000, 0.000000000000000000, -1.000000000000000000 ) ) ;
#10353 = DIRECTION ( 'NONE',  ( 0.000000000000000000, 0.000000000000000000, -1.000000000000000000 ) ) ;
#10354 = CARTESIAN_POINT ( 'NONE',  ( -6.000000000000000000, 0.000000000000000000, -111.0000000000000000 ) ) ;
#10355 = DIRECTION ( 'NONE',  ( 0.000000000000000000, -1.000000000000000000, 0.000000000000000000 ) ) ;
#10356 = CARTESIAN_POINT ( 'NONE',  ( -1.200000000000553957, 33.20000000000000284, -17.00000000000000000 ) ) ;
#10357 = DIRECTION ( 'NONE',  ( 1.000000000000000000, 0.000000000000000000, 0.000000000000000000 ) ) ;
#10358 = CARTESIAN_POINT ( 'NONE',  ( 9.350000000000001421, 35.00000000000000000, -17.00000000000000000 ) ) ;
#10359 = ORIENTED_EDGE ( 'NONE', *, *, #6344, .T. ) ;
#10360 = DIRECTION ( 'NONE',  ( -1.000000000000000000, 0.000000000000000000, 0.000000000000000000 ) ) ;
#10361 = VERTEX_POINT ( 'NONE', #1646 ) ;
#10362 = ADVANCED_FACE ( 'NONE', ( #5078 ), #3412, .F. ) ;
#10363 = DIRECTION ( 'NONE',  ( 0.000000000000000000, 0.000000000000000000, -1.000000000000000000 ) ) ;
#10364 = LINE ( 'NONE', #5399, #5949 ) ;
#10365 = AXIS2_PLACEMENT_3D ( 'NONE', #7298, #8203, #6610 ) ;
#10366 = AXIS2_PLACEMENT_3D ( 'NONE', #2119, #9383, #10189 ) ;
#10367 = VECTOR ( 'NONE', #684, 1000.000000000000000 ) ;
#10368 = EDGE_LOOP ( 'NONE', ( #4709, #8501 ) ) ;
#10369 = ORIENTED_EDGE ( 'NONE', *, *, #7442, .T. ) ;
#10370 = EDGE_LOOP ( 'NONE', ( #8085, #211 ) ) ;
#10371 = CARTESIAN_POINT ( 'NONE',  ( -7.999999999999699796, -26.00000000000000000, -4.000000000000000000 ) ) ;
#10372 = CARTESIAN_POINT ( 'NONE',  ( -8.200000000000549960, -16.00000000000000000, -13.29999999999944116 ) ) ;
#10373 = CARTESIAN_POINT ( 'NONE',  ( -8.000000000000000000, -26.00000000000000000, -3.899999999999999911 ) ) ;
#10374 = DIRECTION ( 'NONE',  ( 0.000000000000000000, 0.000000000000000000, -1.000000000000000000 ) ) ;
#10375 = EDGE_CURVE ( 'NONE', #5785, #3124, #8174, .T. ) ;
#10376 = CARTESIAN_POINT ( 'NONE',  ( 0.000000000000000000, 0.000000000000000000, -2.000000000000000000 ) ) ;
#10377 = EDGE_CURVE ( 'NONE', #7163, #2321, #7366, .T. ) ;
#10378 = AXIS2_PLACEMENT_3D ( 'NONE', #7370, #9886, #4971 ) ;
#10379 = EDGE_CURVE ( 'NONE', #9678, #8461, #950, .T. ) ;
#10380 = CARTESIAN_POINT ( 'NONE',  ( 1.440155956905749379, -13.54149999999998677, -9.940155956905755374 ) ) ;
#10381 = EDGE_CURVE ( 'NONE', #4276, #854, #6916, .T. ) ;
#10382 = EDGE_CURVE ( 'NONE', #5848, #9678, #9830, .T. ) ;
#10383 = DIRECTION ( 'NONE',  ( 1.000000000000000000, 0.000000000000000000, 0.000000000000000000 ) ) ;
#10384 = ORIENTED_EDGE ( 'NONE', *, *, #5962, .F. ) ;
#10385 = ORIENTED_EDGE ( 'NONE', *, *, #1167, .T. ) ;
#10386 = ORIENTED_EDGE ( 'NONE', *, *, #6473, .F. ) ;
#10387 = CARTESIAN_POINT ( 'NONE',  ( 9.500000000000000000, 26.86602540378400050, -152.0000000000000000 ) ) ;
#10388 = DIRECTION ( 'NONE',  ( 0.000000000000000000, 0.000000000000000000, 1.000000000000000000 ) ) ;
#10389 = ORIENTED_EDGE ( 'NONE', *, *, #2359, .F. ) ;
#10390 = B_SPLINE_CURVE_WITH_KNOTS ( 'NONE', 3,
 ( #2005, #6770, #2746, #9969, #6020, #331, #9271, #5224, #5915, #5114 ),
 .UNSPECIFIED., .F., .F.,
 ( 4, 2, 2, 2, 4 ),
 ( 0.000000000000000000, 0.2499999999999956146, 0.3749999999999973910, 0.4999999999999992228, 1.000000000000000000 ),
 .UNSPECIFIED. ) ;
#10391 = CARTESIAN_POINT ( 'NONE',  ( 11.84999999999999964, -26.00000000000000000, -135.0000000000000000 ) ) ;
#10392 = VERTEX_POINT ( 'NONE', #5775 ) ;
#10393 = CARTESIAN_POINT ( 'NONE',  ( -8.993889166731101170, -27.15835484016244550, -151.8845186966383380 ) ) ;
#10394 = DIRECTION ( 'NONE',  ( 0.000000000000000000, 0.000000000000000000, -1.000000000000000000 ) ) ;
#10395 = LINE ( 'NONE', #9635, #765 ) ;
#10396 = EDGE_CURVE ( 'NONE', #3153, #5725, #7603, .T. ) ;
#10397 = ORIENTED_EDGE ( 'NONE', *, *, #3789, .T. ) ;
#10398 = VERTEX_POINT ( 'NONE', #4168 ) ;
#10399 = ORIENTED_EDGE ( 'NONE', *, *, #4118, .T. ) ;
#10400 = B_SPLINE_CURVE_WITH_KNOTS ( 'NONE', 3,
 ( #6000, #4287, #5896, #1771 ),
 .UNSPECIFIED., .F., .F.,
 ( 4, 4 ),
 ( 0.000000000000000000, 1.000000000000000000 ),
 .UNSPECIFIED. ) ;
#10401 = CARTESIAN_POINT ( 'NONE',  ( -8.500000000000000000, 17.49999999999940314, -121.0000000000000000 ) ) ;
#10402 = CARTESIAN_POINT ( 'NONE',  ( 4.335090188609795447, 29.80000000000000071, 0.000000000000000000 ) ) ;
#10403 = AXIS2_PLACEMENT_3D ( 'NONE', #10122, #9324, #2003 ) ;
#10404 = ORIENTED_EDGE ( 'NONE', *, *, #7903, .T. ) ;
#10405 = DIRECTION ( 'NONE',  ( -1.000000000000000000, 0.000000000000000000, 0.000000000000000000 ) ) ;
#10406 = EDGE_CURVE ( 'NONE', #2857, #3925, #7421, .T. ) ;
#10407 = CARTESIAN_POINT ( 'NONE',  ( 8.000000000000000000, 27.73205080756900287, -2.000000000000000000 ) ) ;
#10408 = DIRECTION ( 'NONE',  ( -1.000000000000000000, 0.000000000000000000, 0.000000000000000000 ) ) ;
#10409 = DIRECTION ( 'NONE',  ( 1.000000000000000000, 0.000000000000000000, 0.000000000000000000 ) ) ;
#10410 = B_SPLINE_CURVE_WITH_KNOTS ( 'NONE', 3,
 ( #6516, #3302, #9771, #6574, #2507, #4965 ),
 .UNSPECIFIED., .F., .F.,
 ( 4, 2, 4 ),
 ( 0.000000000000000000, 0.5000000000000000000, 1.000000000000000000 ),
 .UNSPECIFIED. ) ;
#10411 = CARTESIAN_POINT ( 'NONE',  ( -3.971223470242150277, 4.497708766627499521, 3.600000000000000089 ) ) ;
#10412 = VECTOR ( 'NONE', #4066, 1000.000000000000000 ) ;
#10413 = CARTESIAN_POINT ( 'NONE',  ( 1.200000000000553957, 33.20000000000000284, -135.0000000000000000 ) ) ;
#10414 = EDGE_LOOP ( 'NONE', ( #5589, #7734 ) ) ;
#10415 = DIRECTION ( 'NONE',  ( 0.000000000000000000, 1.000000000000000000, 0.000000000000000000 ) ) ;
#10416 = DIRECTION ( 'NONE',  ( 0.000000000000000000, 0.000000000000000000, 1.000000000000000000 ) ) ;
#10417 = ORIENTED_EDGE ( 'NONE', *, *, #3392, .T. ) ;
#10418 = DIRECTION ( 'NONE',  ( 0.000000000000000000, 0.000000000000000000, 1.000000000000000000 ) ) ;
#10419 = CARTESIAN_POINT ( 'NONE',  ( 9.500000000000000000, 26.00000000000000000, -2.000000000000000000 ) ) ;
#10420 = ORIENTED_EDGE ( 'NONE', *, *, #1357, .T. ) ;
#10421 = VERTEX_POINT ( 'NONE', #5930 ) ;
#10422 = VERTEX_POINT ( 'NONE', #92 ) ;
#10423 = LINE ( 'NONE', #2996, #2504 ) ;
#10424 = CARTESIAN_POINT ( 'NONE',  ( 0.000000000000000000, 0.000000000000000000, 3.600000000000000089 ) ) ;
#10425 = ORIENTED_EDGE ( 'NONE', *, *, #1842, .F. ) ;
#10426 = CARTESIAN_POINT ( 'NONE',  ( -8.500000000000000000, -17.49999999999940314, -111.0000000000000000 ) ) ;
#10427 = DIRECTION ( 'NONE',  ( 1.000000000000000000, 0.000000000000000000, 0.000000000000000000 ) ) ;
#10428 = EDGE_CURVE ( 'NONE', #9256, #4677, #9765, .T. ) ;
#10429 = DIRECTION ( 'NONE',  ( 0.000000000000000000, 0.000000000000000000, -1.000000000000000000 ) ) ;
#10430 = VECTOR ( 'NONE', #7125, 1000.000000000000114 ) ;
#10431 = ORIENTED_EDGE ( 'NONE', *, *, #567, .F. ) ;
#10432 = ORIENTED_EDGE ( 'NONE', *, *, #5450, .T. ) ;
#10433 = ORIENTED_EDGE ( 'NONE', *, *, #891, .F. ) ;
#10434 = LINE ( 'NONE', #10331, #7283 ) ;
#10435 = CARTESIAN_POINT ( 'NONE',  ( -3.250000000000000000, -16.00000000000000000, 0.000000000000000000 ) ) ;
#10436 = CIRCLE ( 'NONE', #3601, 2.458500000000000796 ) ;
#10437 = EDGE_CURVE ( 'NONE', #10464, #10398, #9138, .T. ) ;
#10438 = EDGE_LOOP ( 'NONE', ( #2026, #630 ) ) ;
#10439 = DIRECTION ( 'NONE',  ( -1.000000000000000000, 0.000000000000000000, 0.000000000000000000 ) ) ;
#10440 = VERTEX_POINT ( 'NONE', #2712 ) ;
#10441 = CARTESIAN_POINT ( 'NONE',  ( 0.000000000000000000, 0.000000000000000000, 9.499999999999840128 ) ) ;
#10442 = EDGE_CURVE ( 'NONE', #3811, #7290, #9341, .T. ) ;
#10443 = FACE_OUTER_BOUND ( 'NONE', #6855, .T. ) ;
#10444 = ADVANCED_FACE ( 'NONE', ( #1965 ), #293, .T. ) ;
#10445 = CARTESIAN_POINT ( 'NONE',  ( 2.458500000000000352, -16.00000000000000000, -6.041500000000000092 ) ) ;
#10446 = DIRECTION ( 'NONE',  ( 1.000000000000000000, 0.000000000000000000, 0.000000000000000000 ) ) ;
#10447 = ORIENTED_EDGE ( 'NONE', *, *, #2955, .T. ) ;
#10448 = ORIENTED_EDGE ( 'NONE', *, *, #5626, .F. ) ;
#10449 = VERTEX_POINT ( 'NONE', #10247 ) ;
#10450 = CONICAL_SURFACE ( 'NONE', #8915, 1.720000000000000195, 1.047197551202454502 ) ;
#10451 = DIRECTION ( 'NONE',  ( 0.000000000000000000, 0.000000000000000000, -1.000000000000000000 ) ) ;
#10452 = ADVANCED_FACE ( 'NONE', ( #5980, #6834 ), #9232, .F. ) ;
#10453 = CARTESIAN_POINT ( 'NONE',  ( -8.233230169923089647, -24.40257830934148586, -151.9388264151014880 ) ) ;
#10454 = ORIENTED_EDGE ( 'NONE', *, *, #2443, .T. ) ;
#10455 = CARTESIAN_POINT ( 'NONE',  ( 12.00000000000000000, 22.00000000000000000, -4.000000000000000000 ) ) ;
#10456 = PLANE ( 'NONE',  #7800 ) ;
#10457 = AXIS2_PLACEMENT_3D ( 'NONE', #7953, #1372, #8706 ) ;
#10458 = DIRECTION ( 'NONE',  ( 0.000000000000000000, -1.000000000000000000, 0.000000000000000000 ) ) ;
#10459 = EDGE_CURVE ( 'NONE', #3055, #4233, #5238, .T. ) ;
#10460 = CARTESIAN_POINT ( 'NONE',  ( -2.205642239911665747, -17.27120180318257781, -10.70564223991165953 ) ) ;
#10461 = AXIS2_PLACEMENT_3D ( 'NONE', #3362, #9082, #901 ) ;
#10462 = EDGE_CURVE ( 'NONE', #5402, #9262, #1906, .T. ) ;
#10463 = FACE_OUTER_BOUND ( 'NONE', #9628, .T. ) ;
#10464 = VERTEX_POINT ( 'NONE', #2066 ) ;
#10465 = DIRECTION ( 'NONE',  ( 1.000000000000000000, 0.000000000000000000, 0.000000000000000000 ) ) ;
#10466 = CIRCLE ( 'NONE', #7383, 3.499999999999999556 ) ;
#10467 = ORIENTED_EDGE ( 'NONE', *, *, #6136, .T. ) ;
#10468 = DIRECTION ( 'NONE',  ( 1.000000000000000000, 0.000000000000000000, 0.000000000000000000 ) ) ;
#10469 = DIRECTION ( 'NONE',  ( -1.000000000000000000, 0.000000000000000000, 0.000000000000000000 ) ) ;
#10470 = AXIS2_PLACEMENT_3D ( 'NONE', #2909, #4737, #7995 ) ;
#10471 = EDGE_CURVE ( 'NONE', #5402, #2935, #2124, .T. ) ;
#10472 = VERTEX_POINT ( 'NONE', #10193 ) ;
#10473 = EDGE_LOOP ( 'NONE', ( #2658, #777, #2907, #9424 ) ) ;
#10474 = EDGE_CURVE ( 'NONE', #8528, #10316, #6585, .T. ) ;
#10475 = CARTESIAN_POINT ( 'NONE',  ( -8.015521883131919267, -22.00000000000000000, -148.0000000000000000 ) ) ;
#10476 = DIRECTION ( 'NONE',  ( -1.000000000000000000, 0.000000000000000000, 0.000000000000000000 ) ) ;
#10477 = DIRECTION ( 'NONE',  ( 1.000000000000000000, 0.000000000000000000, 0.000000000000000000 ) ) ;
#10478 = DIRECTION ( 'NONE',  ( -0.8660254037842989305, 0.5000000000002420286, 0.000000000000000000 ) ) ;
#10479 = LINE ( 'NONE', #7002, #9002 ) ;
#10480 = VECTOR ( 'NONE', #9789, 1000.000000000000000 ) ;
#10481 = CARTESIAN_POINT ( 'NONE',  ( -1.000000000000000000, 30.00000000000000000, -17.00000000000000000 ) ) ;
#10482 = EDGE_CURVE ( 'NONE', #854, #4276, #3307, .T. ) ;
#10483 =( BOUNDED_CURVE ( )  B_SPLINE_CURVE ( 3, ( #9972, #1896, #7676, #8270 ),
 .UNSPECIFIED., .F., .F. ) 
 B_SPLINE_CURVE_WITH_KNOTS ( ( 4, 4 ),
 ( 5.497787143782149499, 7.068583470577039840 ),
 .UNSPECIFIED. ) 
 CURVE ( )  GEOMETRIC_REPRESENTATION_ITEM ( )  RATIONAL_B_SPLINE_CURVE ( ( 1.000000000000000000, 0.8047378541243659367, 0.8047378541243659367, 1.000000000000000000 ) ) 
 REPRESENTATION_ITEM ( '' )  );
#10484 = ORIENTED_EDGE ( 'NONE', *, *, #1351, .F. ) ;
#10485 = AXIS2_PLACEMENT_3D ( 'NONE', #9731, #8132, #7922 ) ;
#10486 = ORIENTED_EDGE ( 'NONE', *, *, #8228, .F. ) ;
#10487 = ORIENTED_EDGE ( 'NONE', *, *, #6673, .T. ) ;
#10488 = VERTEX_POINT ( 'NONE', #2019 ) ;
#10489 = DIRECTION ( 'NONE',  ( 0.000000000000000000, 0.000000000000000000, -1.000000000000000000 ) ) ;
#10490 = DIRECTION ( 'NONE',  ( 0.000000000000000000, 0.000000000000000000, 1.000000000000000000 ) ) ;
#10491 = AXIS2_PLACEMENT_3D ( 'NONE', #10441, #3116, #916 ) ;
#10492 = ORIENTED_EDGE ( 'NONE', *, *, #6244, .T. ) ;
#10493 = DIRECTION ( 'NONE',  ( 0.000000000000000000, 0.000000000000000000, -1.000000000000000000 ) ) ;
#10494 = ORIENTED_EDGE ( 'NONE', *, *, #4110, .T. ) ;
#10495 = PLANE ( 'NONE',  #4843 ) ;
#10496 = AXIS2_PLACEMENT_3D ( 'NONE', #10257, #8603, #1222 ) ;
#10497 = DIRECTION ( 'NONE',  ( 0.000000000000000000, 0.000000000000000000, 1.000000000000000000 ) ) ;
#10498 = AXIS2_PLACEMENT_3D ( 'NONE', #2016, #1105, #4374 ) ;
#10499 = CIRCLE ( 'NONE', #9637, 4.283000000000000362 ) ;
#10500 = FACE_OUTER_BOUND ( 'NONE', #10214, .T. ) ;
#10501 = VERTEX_POINT ( 'NONE', #7634 ) ;
#10502 = VERTEX_POINT ( 'NONE', #9286 ) ;
#10503 = ORIENTED_EDGE ( 'NONE', *, *, #2879, .T. ) ;
#10504 = AXIS2_PLACEMENT_3D ( 'NONE', #6501, #3344, #6554 ) ;
#10505 =( NAMED_UNIT ( * ) PLANE_ANGLE_UNIT ( ) SI_UNIT ( $, .RADIAN. ) );
#10506 = AXIS2_PLACEMENT_3D ( 'NONE', #2649, #4850, #173 ) ;
#10507 = CARTESIAN_POINT ( 'NONE',  ( 8.500000000000000000, 17.49999999999940314, -111.0000000000000000 ) ) ;
#10508 = ORIENTED_EDGE ( 'NONE', *, *, #3681, .F. ) ;
#10509 = DIRECTION ( 'NONE',  ( 1.000000000000000000, 0.000000000000000000, 0.000000000000000000 ) ) ;
#10510 = FACE_OUTER_BOUND ( 'NONE', #10368, .T. ) ;
#10511 = VECTOR ( 'NONE', #1285, 1000.000000000000000 ) ;
#10512 = FACE_OUTER_BOUND ( 'NONE', #3714, .T. ) ;
#10513 = LINE ( 'NONE', #6450, #9932 ) ;
#10514 = ADVANCED_FACE ( 'NONE', ( #6990 ), #3514, .T. ) ;
#10515 = AXIS2_PLACEMENT_3D ( 'NONE', #8331, #9123, #1153 ) ;
#10516 = DIRECTION ( 'NONE',  ( 1.000000000000000000, 0.000000000000000000, 0.000000000000000000 ) ) ;
#10517 = EDGE_CURVE ( 'NONE', #1218, #9366, #7684, .T. ) ;
#10518 = EDGE_CURVE ( 'NONE', #8914, #7189, #1265, .T. ) ;
#10519 = EDGE_CURVE ( 'NONE', #3791, #6273, #343, .T. ) ;
#10520 = CARTESIAN_POINT ( 'NONE',  ( -1.440155956905744050, 13.54150000000001342, -142.0598440430942446 ) ) ;
#10521 = EDGE_LOOP ( 'NONE', ( #4991, #4, #8197, #9297, #9429, #6426 ) ) ;
#10522 = CARTESIAN_POINT ( 'NONE',  ( -8.000000000000000000, -26.00000000000000000, -2.000000000000000000 ) ) ;
#10523 = ORIENTED_EDGE ( 'NONE', *, *, #7755, .F. ) ;
#10524 = CARTESIAN_POINT ( 'NONE',  ( -4.352726514326100471, -30.00000000000000000, 0.000000000000000000 ) ) ;
#10525 = DIRECTION ( 'NONE',  ( 0.3420201433256728762, 0.000000000000000000, 0.9396926207859067626 ) ) ;
#10526 = CARTESIAN_POINT ( 'NONE',  ( 7.554398320125433663, 24.52508233554096506, -151.8962886712610896 ) ) ;
#10527 = AXIS2_PLACEMENT_3D ( 'NONE', #4518, #4681, #4628 ) ;
#10528 = EDGE_CURVE ( 'NONE', #6074, #9524, #6141, .T. ) ;
#10529 = ORIENTED_EDGE ( 'NONE', *, *, #7108, .T. ) ;
#10530 = VECTOR ( 'NONE', #4666, 1000.000000000000000 ) ;
#10531 = ORIENTED_EDGE ( 'NONE', *, *, #8963, .F. ) ;
#10532 = DIRECTION ( 'NONE',  ( 0.8660254037842944896, 0.5000000000002498002, 0.000000000000000000 ) ) ;
#10533 = DIRECTION ( 'NONE',  ( 0.000000000000000000, 0.000000000000000000, 1.000000000000000000 ) ) ;
#10534 = AXIS2_PLACEMENT_3D ( 'NONE', #2703, #5974, #6024 ) ;
#10535 = CARTESIAN_POINT ( 'NONE',  ( -9.500000000000000000, -25.13397459621599950, -2.000000000000000000 ) ) ;
#10536 = DIRECTION ( 'NONE',  ( 0.000000000000000000, 0.000000000000000000, 1.000000000000000000 ) ) ;
#10537 = LINE ( 'NONE', #8982, #5256 ) ;
#10538 = CIRCLE ( 'NONE', #5756, 1.499999999999999556 ) ;
#10539 = ADVANCED_FACE ( 'NONE', ( #673 ), #8114, .F. ) ;
#10540 = EDGE_CURVE ( 'NONE', #3216, #6588, #6405, .T. ) ;
#10541 = CARTESIAN_POINT ( 'NONE',  ( 11.60629780968142022, 27.73049591386089929, -17.00000000000000000 ) ) ;
#10542 = EDGE_CURVE ( 'NONE', #5566, #4464, #4333, .T. ) ;
#10543 = AXIS2_PLACEMENT_3D ( 'NONE', #9620, #8018, #9563 ) ;
#10544 = ORIENTED_EDGE ( 'NONE', *, *, #9549, .T. ) ;
#10545 = ORIENTED_EDGE ( 'NONE', *, *, #3406, .F. ) ;
#10546 = VERTEX_POINT ( 'NONE', #8755 ) ;
#10547 = DIRECTION ( 'NONE',  ( 1.000000000000000000, 0.000000000000000000, 0.000000000000000000 ) ) ;
#10548 = CARTESIAN_POINT ( 'NONE',  ( -1.738422021547135099, -17.73842202154714798, -141.7615779784529764 ) ) ;
#10549 = ORIENTED_EDGE ( 'NONE', *, *, #9409, .T. ) ;
#10550 = LINE ( 'NONE', #3220, #4597 ) ;
#10551 = AXIS2_PLACEMENT_3D ( 'NONE', #1387, #7219, #7914 ) ;
#10552 = CYLINDRICAL_SURFACE ( 'NONE', #2962, 2.458500000000002572 ) ;
#10553 = LINE ( 'NONE', #5680, #1272 ) ;
#10554 = VECTOR ( 'NONE', #676, 1000.000000000000000 ) ;
#10555 = CARTESIAN_POINT ( 'NONE',  ( 8.262965373991814744, 24.41972611714741959, -151.9316871987717263 ) ) ;
#10556 = ORIENTED_EDGE ( 'NONE', *, *, #9237, .F. ) ;
#10557 = ORIENTED_EDGE ( 'NONE', *, *, #5754, .T. ) ;
#10558 = ORIENTED_EDGE ( 'NONE', *, *, #720, .T. ) ;
#10559 = DIRECTION ( 'NONE',  ( 0.000000000000000000, 0.000000000000000000, -1.000000000000000000 ) ) ;
#10560 = DIRECTION ( 'NONE',  ( -1.000000000000000000, 0.000000000000000000, 0.000000000000000000 ) ) ;
#10561 = CARTESIAN_POINT ( 'NONE',  ( -9.087331171026754362, -24.89553896572391523, -151.9015776322523550 ) ) ;
#10562 = ORIENTED_EDGE ( 'NONE', *, *, #8219, .T. ) ;
#10563 = DIRECTION ( 'NONE',  ( 0.7071067811865470176, 8.659560562354929160E-17, -0.7071067811865480168 ) ) ;
#10564 = CARTESIAN_POINT ( 'NONE',  ( 3.250000000000000000, 16.00000000000000000, -152.0000000000000000 ) ) ;
#10565 = CARTESIAN_POINT ( 'NONE',  ( -0.5329999999999890381, -7.250000000000000000, -150.6715170305899960 ) ) ;
#10566 = DIRECTION ( 'NONE',  ( 0.000000000000000000, 0.000000000000000000, 1.000000000000000000 ) ) ;
#10567 = AXIS2_PLACEMENT_3D ( 'NONE', #9918, #6557, #6453 ) ;
#10568 = CARTESIAN_POINT ( 'NONE',  ( 0.000000000000000000, 13.54149999999999920, -143.5000000000000000 ) ) ;
#10569 = VERTEX_POINT ( 'NONE', #9708 ) ;
#10570 = DIRECTION ( 'NONE',  ( 1.000000000000000000, 0.000000000000000000, 0.000000000000000000 ) ) ;
#10571 = SHAPE_DEFINITION_REPRESENTATION ( #6760, #1956 ) ;
#10572 = EDGE_LOOP ( 'NONE', ( #3276, #1145 ) ) ;
#10573 = VECTOR ( 'NONE', #8837, 1000.000000000000000 ) ;
#10574 = CARTESIAN_POINT ( 'NONE',  ( -1.500000000000000000, 29.80000000000000071, -143.5000000000000000 ) ) ;
#10575 = DIRECTION ( 'NONE',  ( 0.000000000000000000, -1.000000000000000000, 0.000000000000000000 ) ) ;
#10576 = ADVANCED_FACE ( 'NONE', ( #3144 ), #1578, .T. ) ;
#10577 = DIRECTION ( 'NONE',  ( 0.000000000000000000, 0.000000000000000000, -1.000000000000000000 ) ) ;
#10578 = EDGE_CURVE ( 'NONE', #7560, #1718, #6237, .T. ) ;
#10579 = EDGE_LOOP ( 'NONE', ( #6503, #3083 ) ) ;
#10580 = CARTESIAN_POINT ( 'NONE',  ( -5.623256421014230177, -1.667762141431834877, 7.935661521442809452 ) ) ;
#10581 = ORIENTED_EDGE ( 'NONE', *, *, #9071, .T. ) ;
#10582 = CARTESIAN_POINT ( 'NONE',  ( 1.000000000000000000, 30.00000000000000000, -17.00000000000000000 ) ) ;
#10583 = LINE ( 'NONE', #4010, #10325 ) ;
#10584 = CARTESIAN_POINT ( 'NONE',  ( -6.850000000000000533, 33.40000000000054570, -135.0000000000000000 ) ) ;
#10585 = CARTESIAN_POINT ( 'NONE',  ( 7.249999999999390710, 34.60000000000059828, -135.0000000000000000 ) ) ;
#10586 = EDGE_CURVE ( 'NONE', #1199, #5856, #9551, .T. ) ;
#10587 = CARTESIAN_POINT ( 'NONE',  ( -6.645341225319945977, -26.94993819934687096, -151.9594681168713635 ) ) ;
#10588 = EDGE_CURVE ( 'NONE', #6925, #2155, #7432, .T. ) ;
#10589 = DIRECTION ( 'NONE',  ( 0.000000000000000000, -1.000000000000000000, 0.000000000000000000 ) ) ;
#10590 = AXIS2_PLACEMENT_3D ( 'NONE', #8065, #7317, #35 ) ;
#10591 = ORIENTED_EDGE ( 'NONE', *, *, #5787, .F. ) ;
#10592 = EDGE_CURVE ( 'NONE', #3934, #4734, #10302, .T. ) ;
#10593 = ORIENTED_EDGE ( 'NONE', *, *, #3407, .T. ) ;
#10594 = ORIENTED_EDGE ( 'NONE', *, *, #10519, .F. ) ;
#10595 = CARTESIAN_POINT ( 'NONE',  ( 0.000000000000000000, 0.000000000000000000, 2.000000000000000000 ) ) ;
#10596 = DIRECTION ( 'NONE',  ( 1.000000000000000000, 0.000000000000000000, 0.000000000000000000 ) ) ;
#10597 = LINE ( 'NONE', #6534, #10480 ) ;
#10598 = NEXT_ASSEMBLY_USAGE_OCCURRENCE ( 'NAUO1', ' ', ' ', #501, #360, $ ) ;
#10599 = NEXT_ASSEMBLY_USAGE_OCCURRENCE ( 'NAUO2', ' ', ' ', #501, #6849, $ ) ;
ENDSEC;
END-ISO-10303-21;
