ISO-10303-21;
HEADER;
FILE_DESCRIPTION (( 'STEP AP214' ),
    '1' );
FILE_NAME ('tafel 50x72.STEP',
    '2026-09-16T10:58:43',
    ( '' ),
    ( '' ),
    'SwSTEP 2.0',
    'SolidWorks 2025',
    '' );
FILE_SCHEMA (( 'AUTOMOTIVE_DESIGN' ));
ENDSEC;

DATA;
#1 = VERTEX_POINT ( 'NONE', #2250 ) ;
#2 = CARTESIAN_POINT ( 'NONE',  ( -358.0000000000000568, -248.0000000000001137, 20.00000000000000000 ) ) ;
#3 = ORIENTED_EDGE ( 'NONE', *, *, #2584, .T. ) ;
#4 = DIRECTION ( 'NONE',  ( 1.000000000000000000, 0.000000000000000000, 0.000000000000000000 ) ) ;
#5 = ADVANCED_FACE ( 'NONE', ( #1721 ), #80, .F. ) ;
#6 = CIRCLE ( 'NONE', #565, 3.999999999999989786 ) ;
#7 = DIRECTION ( 'NONE',  ( 0.000000000000000000, 0.000000000000000000, 1.000000000000000000 ) ) ;
#8 = CARTESIAN_POINT ( 'NONE',  ( -358.0000000000000568, -248.0000000000001137, 1.999999999999998224 ) ) ;
#9 = EDGE_CURVE ( 'NONE', #3415, #2828, #3060, .T. ) ;
#10 = ADVANCED_BREP_SHAPE_REPRESENTATION ( 'tafel 50x72', ( #2872, #2209 ), #2489 ) ;
#11 = ORIENTED_EDGE ( 'NONE', *, *, #2288, .F. ) ;
#12 = DIRECTION ( 'NONE',  ( 1.000000000000000000, 0.000000000000000000, 0.000000000000000000 ) ) ;
#13 = AXIS2_PLACEMENT_3D ( 'NONE', #3144, #1768, #1250 ) ;
#14 = ORIENTED_EDGE ( 'NONE', *, *, #3212, .T. ) ;
#15 = CYLINDRICAL_SURFACE ( 'NONE', #2835, 3.999999999999993339 ) ;
#16 = CARTESIAN_POINT ( 'NONE',  ( -100.0000000000000568, -200.0000000000000000, 10.00000000000000000 ) ) ;
#17 = VERTEX_POINT ( 'NONE', #942 ) ;
#18 = CARTESIAN_POINT ( 'NONE',  ( 103.9999999999999147, 100.0000000000000426, 20.00000000000000000 ) ) ;
#19 = CIRCLE ( 'NONE', #1189, 3.999999999999989786 ) ;
#20 = VERTEX_POINT ( 'NONE', #2774 ) ;
#21 = DIRECTION ( 'NONE',  ( 1.000000000000000000, 0.000000000000000000, 0.000000000000000000 ) ) ;
#22 = ORIENTED_EDGE ( 'NONE', *, *, #3254, .T. ) ;
#23 = CARTESIAN_POINT ( 'NONE',  ( -96.00000000000007105, -200.0000000000000000, 20.00000000000000000 ) ) ;
#24 = ORIENTED_EDGE ( 'NONE', *, *, #1315, .F. ) ;
#25 = DIRECTION ( 'NONE',  ( -0.000000000000000000, -0.000000000000000000, 1.000000000000000000 ) ) ;
#26 = CARTESIAN_POINT ( 'NONE',  ( 199.9999999999998863, -199.9999999999999432, 20.00000000000000000 ) ) ;
#27 = CARTESIAN_POINT ( 'NONE',  ( 199.9999999999998863, 5.551115123125782702E-14, 10.00000000000000000 ) ) ;
#28 = DIRECTION ( 'NONE',  ( -0.000000000000000000, -0.000000000000000000, 1.000000000000000000 ) ) ;
#29 = EDGE_CURVE ( 'NONE', #742, #1919, #2198, .T. ) ;
#30 = DIRECTION ( 'NONE',  ( 0.000000000000000000, 0.000000000000000000, 1.000000000000000000 ) ) ;
#31 = DIRECTION ( 'NONE',  ( 0.000000000000000000, 0.000000000000000000, 1.000000000000000000 ) ) ;
#32 = ORIENTED_EDGE ( 'NONE', *, *, #2092, .T. ) ;
#33 = CYLINDRICAL_SURFACE ( 'NONE', #1719, 4.000000000000003553 ) ;
#34 = AXIS2_PLACEMENT_3D ( 'NONE', #462, #2078, #3146 ) ;
#35 = ORIENTED_EDGE ( 'NONE', *, *, #525, .F. ) ;
#36 = DIRECTION ( 'NONE',  ( 1.000000000000000000, 0.000000000000000000, 0.000000000000000000 ) ) ;
#37 = VECTOR ( 'NONE', #3242, 1000.000000000000000 ) ;
#38 = ORIENTED_EDGE ( 'NONE', *, *, #3423, .F. ) ;
#39 = CARTESIAN_POINT ( 'NONE',  ( -300.0000000000000568, 200.0000000000000000, 10.00000000000000000 ) ) ;
#40 = EDGE_CURVE ( 'NONE', #252, #2376, #3157, .T. ) ;
#41 = ADVANCED_FACE ( 'NONE', ( #1737 ), #3273, .F. ) ;
#42 = ADVANCED_FACE ( 'NONE', ( #3323 ), #887, .T. ) ;
#43 = CARTESIAN_POINT ( 'NONE',  ( 299.9999999999999432, 200.0000000000000568, 10.00000000000000000 ) ) ;
#44 = DIRECTION ( 'NONE',  ( -0.000000000000000000, 1.000000000000000000, 0.000000000000000000 ) ) ;
#45 = FACE_OUTER_BOUND ( 'NONE', #1705, .T. ) ;
#46 = CARTESIAN_POINT ( 'NONE',  ( -196.0000000000000568, 200.0000000000000000, 10.00000000000000000 ) ) ;
#47 = CARTESIAN_POINT ( 'NONE',  ( 199.9999999999998863, -99.99999999999997158, 20.00000000000000000 ) ) ;
#48 = ORIENTED_EDGE ( 'NONE', *, *, #463, .T. ) ;
#49 = DIRECTION ( 'NONE',  ( -0.000000000000000000, -0.000000000000000000, 1.000000000000000000 ) ) ;
#50 = AXIS2_PLACEMENT_3D ( 'NONE', #1101, #322, #2215 ) ;
#51 = ORIENTED_EDGE ( 'NONE', *, *, #1212, .F. ) ;
#52 = CARTESIAN_POINT ( 'NONE',  ( -196.0000000000000568, -100.0000000000000284, 10.00000000000000000 ) ) ;
#53 = ORIENTED_EDGE ( 'NONE', *, *, #2415, .F. ) ;
#54 = FACE_OUTER_BOUND ( 'NONE', #1503, .T. ) ;
#55 = ADVANCED_FACE ( 'NONE', ( #1945 ), #1685, .F. ) ;
#56 = DIRECTION ( 'NONE',  ( 1.000000000000000000, 0.000000000000000000, 0.000000000000000000 ) ) ;
#57 = AXIS2_PLACEMENT_3D ( 'NONE', #3014, #1659, #401 ) ;
#58 = AXIS2_PLACEMENT_3D ( 'NONE', #903, #390, #2513 ) ;
#59 = DIRECTION ( 'NONE',  ( 0.000000000000000000, 0.000000000000000000, 1.000000000000000000 ) ) ;
#60 = CYLINDRICAL_SURFACE ( 'NONE', #2508, 4.000000000000003553 ) ;
#61 = DIRECTION ( 'NONE',  ( 1.000000000000000000, 0.000000000000000000, 0.000000000000000000 ) ) ;
#62 = DIRECTION ( 'NONE',  ( 1.000000000000000000, 0.000000000000000000, 0.000000000000000000 ) ) ;
#63 = EDGE_LOOP ( 'NONE', ( #167, #3455 ) ) ;
#64 = DIRECTION ( 'NONE',  ( -0.000000000000000000, -0.000000000000000000, 1.000000000000000000 ) ) ;
#65 = VERTEX_POINT ( 'NONE', #2231 ) ;
#66 = CYLINDRICAL_SURFACE ( 'NONE', #1042, 3.999999999999993339 ) ;
#67 = EDGE_LOOP ( 'NONE', ( #397, #1968 ) ) ;
#68 = CARTESIAN_POINT ( 'NONE',  ( -104.0000000000000568, -200.0000000000000000, 10.00000000000000000 ) ) ;
#69 = AXIS2_PLACEMENT_3D ( 'NONE', #568, #1109, #302 ) ;
#70 = ADVANCED_FACE ( 'NONE', ( #356 ), #2533, .T. ) ;
#71 = EDGE_CURVE ( 'NONE', #1317, #879, #2267, .T. ) ;
#72 = DIRECTION ( 'NONE',  ( 1.000000000000000000, 0.000000000000000000, 0.000000000000000000 ) ) ;
#73 = VECTOR ( 'NONE', #231, 1000.000000000000000 ) ;
#74 = CARTESIAN_POINT ( 'NONE',  ( -358.0000000000000568, 249.9999999999999147, 20.00000000000000000 ) ) ;
#75 = CARTESIAN_POINT ( 'NONE',  ( -96.00000000000007105, 200.0000000000000284, 10.00000000000000000 ) ) ;
#76 = VECTOR ( 'NONE', #2779, 1000.000000000000000 ) ;
#77 = DIRECTION ( 'NONE',  ( 1.000000000000000000, 0.000000000000000000, 0.000000000000000000 ) ) ;
#78 = CARTESIAN_POINT ( 'NONE',  ( -200.0000000000000568, 200.0000000000000000, 10.00000000000000000 ) ) ;
#79 = CYLINDRICAL_SURFACE ( 'NONE', #464, 4.000000000000003553 ) ;
#80 = CYLINDRICAL_SURFACE ( 'NONE', #315, 3.999999999999989786 ) ;
#81 = DIRECTION ( 'NONE',  ( 1.000000000000000000, 0.000000000000000000, 0.000000000000000000 ) ) ;
#82 = VERTEX_POINT ( 'NONE', #873 ) ;
#83 = ORIENTED_EDGE ( 'NONE', *, *, #518, .T. ) ;
#84 = LINE ( 'NONE', #2481, #1259 ) ;
#85 = EDGE_LOOP ( 'NONE', ( #3098, #767, #419, #524 ) ) ;
#86 = DIRECTION ( 'NONE',  ( 0.000000000000000000, 0.000000000000000000, -1.000000000000000000 ) ) ;
#87 = CIRCLE ( 'NONE', #2472, 3.999999999999989786 ) ;
#88 = DIRECTION ( 'NONE',  ( 1.000000000000000000, 0.000000000000000000, 0.000000000000000000 ) ) ;
#89 = LINE ( 'NONE', #1158, #287 ) ;
#90 = DIRECTION ( 'NONE',  ( -0.000000000000000000, -0.000000000000000000, 1.000000000000000000 ) ) ;
#91 = EDGE_CURVE ( 'NONE', #378, #1, #603, .T. ) ;
#92 = CARTESIAN_POINT ( 'NONE',  ( 299.9999999999999432, 5.551115123125782702E-14, 10.00000000000000000 ) ) ;
#93 = ADVANCED_FACE ( 'NONE', ( #3026 ), #338, .F. ) ;
#94 = DIRECTION ( 'NONE',  ( 0.000000000000000000, -1.000000000000000000, 0.000000000000000000 ) ) ;
#95 = DIRECTION ( 'NONE',  ( 0.000000000000000000, 0.000000000000000000, 1.000000000000000000 ) ) ;
#96 = DIRECTION ( 'NONE',  ( 1.000000000000000000, 0.000000000000000000, 0.000000000000000000 ) ) ;
#97 = CARTESIAN_POINT ( 'NONE',  ( 195.9999999999998863, 5.600100995091676761E-14, 10.00000000000000000 ) ) ;
#98 = ORIENTED_EDGE ( 'NONE', *, *, #307, .F. ) ;
#99 = VERTEX_POINT ( 'NONE', #1407 ) ;
#100 = LINE ( 'NONE', #2291, #1923 ) ;
#101 = ORIENTED_EDGE ( 'NONE', *, *, #2896, .T. ) ;
#102 = DIRECTION ( 'NONE',  ( 0.000000000000000000, 0.000000000000000000, 1.000000000000000000 ) ) ;
#103 = FACE_OUTER_BOUND ( 'NONE', #3380, .T. ) ;
#104 = CARTESIAN_POINT ( 'NONE',  ( -96.00000000000007105, 100.0000000000000284, 10.00000000000000000 ) ) ;
#105 = AXIS2_PLACEMENT_3D ( 'NONE', #1803, #2854, #522 ) ;
#106 = CARTESIAN_POINT ( 'NONE',  ( 203.9999999999999147, 5.551115123125782702E-14, 10.00000000000000000 ) ) ;
#107 = ADVANCED_FACE ( 'NONE', ( #639 ), #924, .F. ) ;
#108 = CIRCLE ( 'NONE', #3233, 4.000000000000003553 ) ;
#109 = CARTESIAN_POINT ( 'NONE',  ( -300.0000000000000568, -100.0000000000000284, 20.00000000000000000 ) ) ;
#110 = DIRECTION ( 'NONE',  ( -0.000000000000000000, 1.000000000000000000, -0.000000000000000000 ) ) ;
#111 = ADVANCED_FACE ( 'NONE', ( #1978 ), #2759, .F. ) ;
#112 = DIRECTION ( 'NONE',  ( -1.000000000000000000, 0.000000000000000000, 0.000000000000000000 ) ) ;
#113 = EDGE_CURVE ( 'NONE', #526, #119, #1501, .T. ) ;
#114 = CARTESIAN_POINT ( 'NONE',  ( 99.99999999999992895, 5.551115123125782702E-14, 10.00000000000000000 ) ) ;
#115 = ORIENTED_EDGE ( 'NONE', *, *, #2834, .F. ) ;
#116 = EDGE_LOOP ( 'NONE', ( #3425, #227 ) ) ;
#117 = DIRECTION ( 'NONE',  ( 1.000000000000000000, 0.000000000000000000, 0.000000000000000000 ) ) ;
#118 = AXIS2_PLACEMENT_3D ( 'NONE', #889, #1654, #1134 ) ;
#119 = VERTEX_POINT ( 'NONE', #949 ) ;
#120 = CARTESIAN_POINT ( 'NONE',  ( -5.551115123125782702E-14, 2.775557561562891351E-14, 20.00000000000000000 ) ) ;
#121 = AXIS2_PLACEMENT_3D ( 'NONE', #3123, #1546, #214 ) ;
#122 = CIRCLE ( 'NONE', #3248, 4.000000000000003553 ) ;
#123 = CARTESIAN_POINT ( 'NONE',  ( -196.0000000000000568, 0.000000000000000000, 10.00000000000000000 ) ) ;
#124 = DIRECTION ( 'NONE',  ( 0.000000000000000000, 0.000000000000000000, 1.000000000000000000 ) ) ;
#125 = VECTOR ( 'NONE', #2791, 1000.000000000000000 ) ;
#126 = CIRCLE ( 'NONE', #581, 3.999999999999989786 ) ;
#127 = DIRECTION ( 'NONE',  ( -0.000000000000000000, -0.000000000000000000, 1.000000000000000000 ) ) ;
#128 = DIRECTION ( 'NONE',  ( 0.000000000000000000, 0.000000000000000000, 1.000000000000000000 ) ) ;
#129 = DIRECTION ( 'NONE',  ( -0.000000000000000000, -0.000000000000000000, 1.000000000000000000 ) ) ;
#130 = CARTESIAN_POINT ( 'NONE',  ( 99.99999999999992895, 200.0000000000000568, 10.00000000000000000 ) ) ;
#131 = DIRECTION ( 'NONE',  ( -0.000000000000000000, -0.000000000000000000, 1.000000000000000000 ) ) ;
#132 = DIRECTION ( 'NONE',  ( 1.000000000000000000, 0.000000000000000000, -0.000000000000000000 ) ) ;
#133 = CIRCLE ( 'NONE', #2689, 3.999999999999993339 ) ;
#134 = ORIENTED_EDGE ( 'NONE', *, *, #543, .T. ) ;
#135 = AXIS2_PLACEMENT_3D ( 'NONE', #2991, #1425, #676 ) ;
#136 = EDGE_CURVE ( 'NONE', #277, #514, #1435, .T. ) ;
#137 = ORIENTED_EDGE ( 'NONE', *, *, #265, .T. ) ;
#138 = DIRECTION ( 'NONE',  ( -0.000000000000000000, -0.000000000000000000, 1.000000000000000000 ) ) ;
#139 = EDGE_LOOP ( 'NONE', ( #2019, #2629 ) ) ;
#140 = DIRECTION ( 'NONE',  ( 1.000000000000000000, 0.000000000000000000, 0.000000000000000000 ) ) ;
#141 = ADVANCED_FACE ( 'NONE', ( #2004 ), #2259, .F. ) ;
#142 = EDGE_CURVE ( 'NONE', #1293, #1280, #3316, .T. ) ;
#143 = CARTESIAN_POINT ( 'NONE',  ( -358.0000000000000568, 247.9999999999999147, 2.000000000000000000 ) ) ;
#144 = DIRECTION ( 'NONE',  ( 1.000000000000000000, 0.000000000000000000, 0.000000000000000000 ) ) ;
#145 = CIRCLE ( 'NONE', #593, 4.000000000000003553 ) ;
#146 = CARTESIAN_POINT ( 'NONE',  ( -304.0000000000000568, 4.898587196589392121E-16, 10.00000000000000000 ) ) ;
#147 = DIRECTION ( 'NONE',  ( 1.000000000000000000, 0.000000000000000000, -0.000000000000000000 ) ) ;
#148 = DIRECTION ( 'NONE',  ( 0.000000000000000000, 0.000000000000000000, 1.000000000000000000 ) ) ;
#149 = FACE_BOUND ( 'NONE', #2105, .T. ) ;
#150 = DIRECTION ( 'NONE',  ( 0.000000000000000000, 1.000000000000000000, 0.000000000000000000 ) ) ;
#151 = CARTESIAN_POINT ( 'NONE',  ( 199.9999999999998863, 200.0000000000000568, 10.00000000000000000 ) ) ;
#152 = ORIENTED_EDGE ( 'NONE', *, *, #3424, .F. ) ;
#153 = ORIENTED_EDGE ( 'NONE', *, *, #1384, .F. ) ;
#154 = DIRECTION ( 'NONE',  ( 1.000000000000000000, 0.000000000000000000, 0.000000000000000000 ) ) ;
#155 = EDGE_LOOP ( 'NONE', ( #3, #2289 ) ) ;
#156 = CARTESIAN_POINT ( 'NONE',  ( 299.9999999999999432, 100.0000000000000711, 10.00000000000000000 ) ) ;
#157 = EDGE_CURVE ( 'NONE', #1746, #605, #2766, .T. ) ;
#158 = VECTOR ( 'NONE', #658, 1000.000000000000000 ) ;
#159 = CARTESIAN_POINT ( 'NONE',  ( -100.0000000000000568, -100.0000000000000284, 20.00000000000000000 ) ) ;
#160 = EDGE_CURVE ( 'NONE', #1431, #2831, #1276, .T. ) ;
#161 = DIRECTION ( 'NONE',  ( -0.000000000000000000, -0.000000000000000000, 1.000000000000000000 ) ) ;
#162 = AXIS2_PLACEMENT_3D ( 'NONE', #1876, #1128, #3237 ) ;
#163 = DIRECTION ( 'NONE',  ( 0.000000000000000000, 0.000000000000000000, 1.000000000000000000 ) ) ;
#164 = DIRECTION ( 'NONE',  ( 1.000000000000000000, 0.000000000000000000, 0.000000000000000000 ) ) ;
#165 = DIRECTION ( 'NONE',  ( 1.000000000000000000, 0.000000000000000000, 0.000000000000000000 ) ) ;
#166 = FACE_BOUND ( 'NONE', #1906, .T. ) ;
#167 = ORIENTED_EDGE ( 'NONE', *, *, #2348, .F. ) ;
#168 = DIRECTION ( 'NONE',  ( -0.000000000000000000, -0.000000000000000000, 1.000000000000000000 ) ) ;
#169 = AXIS2_PLACEMENT_3D ( 'NONE', #1422, #1113, #3239 ) ;
#170 = EDGE_LOOP ( 'NONE', ( #1607, #2359, #3110, #488 ) ) ;
#171 = ORIENTED_EDGE ( 'NONE', *, *, #909, .T. ) ;
#172 = CYLINDRICAL_SURFACE ( 'NONE', #2465, 3.999999999999993339 ) ;
#173 = VERTEX_POINT ( 'NONE', #1750 ) ;
#174 = CIRCLE ( 'NONE', #846, 3.999999999999993339 ) ;
#175 = DIRECTION ( 'NONE',  ( 0.000000000000000000, 0.000000000000000000, 1.000000000000000000 ) ) ;
#176 = EDGE_LOOP ( 'NONE', ( #623, #1935, #1860, #3263 ) ) ;
#177 = AXIS2_PLACEMENT_3D ( 'NONE', #3200, #1097, #1942 ) ;
#178 = DIRECTION ( 'NONE',  ( -0.000000000000000000, -0.000000000000000000, 1.000000000000000000 ) ) ;
#179 = PLANE ( 'NONE',  #1801 ) ;
#180 = AXIS2_PLACEMENT_3D ( 'NONE', #2245, #367, #1436 ) ;
#181 = EDGE_CURVE ( 'NONE', #1317, #2133, #1884, .T. ) ;
#182 = DIRECTION ( 'NONE',  ( -1.000000000000000000, 0.000000000000000000, 0.000000000000000000 ) ) ;
#183 = CIRCLE ( 'NONE', #745, 2.000000000000001776 ) ;
#184 = EDGE_CURVE ( 'NONE', #2254, #2070, #2930, .T. ) ;
#185 = DIRECTION ( 'NONE',  ( -0.000000000000000000, -0.000000000000000000, 1.000000000000000000 ) ) ;
#186 = FACE_BOUND ( 'NONE', #2962, .T. ) ;
#187 = ORIENTED_EDGE ( 'NONE', *, *, #741, .F. ) ;
#188 = CARTESIAN_POINT ( 'NONE',  ( -204.0000000000000568, 200.0000000000000000, 20.00000000000000000 ) ) ;
#189 = EDGE_CURVE ( 'NONE', #343, #2167, #2484, .T. ) ;
#190 = VERTEX_POINT ( 'NONE', #1196 ) ;
#191 = ORIENTED_EDGE ( 'NONE', *, *, #2090, .T. ) ;
#192 = CYLINDRICAL_SURFACE ( 'NONE', #1458, 3.999999999999989786 ) ;
#193 = ORIENTED_EDGE ( 'NONE', *, *, #1374, .F. ) ;
#194 = CARTESIAN_POINT ( 'NONE',  ( -300.0000000000000568, 200.0000000000000000, 10.00000000000000000 ) ) ;
#195 = ORIENTED_EDGE ( 'NONE', *, *, #1641, .T. ) ;
#196 = AXIS2_PLACEMENT_3D ( 'NONE', #3327, #2799, #1447 ) ;
#197 = DIRECTION ( 'NONE',  ( 0.000000000000000000, 0.000000000000000000, -1.000000000000000000 ) ) ;
#198 = VERTEX_POINT ( 'NONE', #3266 ) ;
#199 = CYLINDRICAL_SURFACE ( 'NONE', #2347, 3.999999999999989786 ) ;
#200 = LINE ( 'NONE', #444, #73 ) ;
#201 = AXIS2_PLACEMENT_3D ( 'NONE', #1124, #1613, #329 ) ;
#202 = DIRECTION ( 'NONE',  ( 0.000000000000000000, 0.000000000000000000, 1.000000000000000000 ) ) ;
#203 = DIRECTION ( 'NONE',  ( -0.000000000000000000, -0.000000000000000000, 1.000000000000000000 ) ) ;
#204 = PLANE ( 'NONE',  #2406 ) ;
#205 = EDGE_CURVE ( 'NONE', #2070, #2254, #736, .T. ) ;
#206 = VERTEX_POINT ( 'NONE', #2784 ) ;
#207 = EDGE_CURVE ( 'NONE', #378, #2236, #900, .T. ) ;
#208 = EDGE_LOOP ( 'NONE', ( #3165, #2306, #1622 ) ) ;
#209 = DIRECTION ( 'NONE',  ( 1.000000000000000000, 0.000000000000000000, -0.000000000000000000 ) ) ;
#210 = VERTEX_POINT ( 'NONE', #1677 ) ;
#211 = DIRECTION ( 'NONE',  ( -0.000000000000000000, -0.000000000000000000, 1.000000000000000000 ) ) ;
#212 = EDGE_LOOP ( 'NONE', ( #2121, #1268 ) ) ;
#213 = ORIENTED_EDGE ( 'NONE', *, *, #2470, .F. ) ;
#214 = DIRECTION ( 'NONE',  ( 0.000000000000000000, 0.000000000000000000, -1.000000000000000000 ) ) ;
#215 = CARTESIAN_POINT ( 'NONE',  ( -304.0000000000000568, 100.0000000000000000, 10.00000000000000000 ) ) ;
#216 = VECTOR ( 'NONE', #2877, 1000.000000000000000 ) ;
#217 = LINE ( 'NONE', #232, #1662 ) ;
#218 = DIRECTION ( 'NONE',  ( 1.000000000000000000, 0.000000000000000000, -0.000000000000000000 ) ) ;
#219 = ORIENTED_EDGE ( 'NONE', *, *, #1870, .T. ) ;
#220 = EDGE_LOOP ( 'NONE', ( #1103, #2002 ) ) ;
#221 = CARTESIAN_POINT ( 'NONE',  ( 199.9999999999998863, -199.9999999999999432, 10.00000000000000000 ) ) ;
#222 = ADVANCED_FACE ( 'NONE', ( #2732 ), #346, .F. ) ;
#223 = ORIENTED_EDGE ( 'NONE', *, *, #113, .T. ) ;
#224 = DIRECTION ( 'NONE',  ( -1.000000000000000000, 0.000000000000000000, 0.000000000000000000 ) ) ;
#225 = ADVANCED_FACE ( 'NONE', ( #366 ), #405, .F. ) ;
#226 = CIRCLE ( 'NONE', #1836, 4.000000000000003553 ) ;
#227 = ORIENTED_EDGE ( 'NONE', *, *, #2428, .F. ) ;
#228 = VECTOR ( 'NONE', #1236, 1000.000000000000000 ) ;
#229 = ORIENTED_EDGE ( 'NONE', *, *, #848, .T. ) ;
#230 = CIRCLE ( 'NONE', #2506, 3.999999999999989786 ) ;
#231 = DIRECTION ( 'NONE',  ( -0.000000000000000000, -0.000000000000000000, 1.000000000000000000 ) ) ;
#232 = CARTESIAN_POINT ( 'NONE',  ( -196.0000000000000568, 100.0000000000000142, 10.00000000000000000 ) ) ;
#233 = CARTESIAN_POINT ( 'NONE',  ( -300.0000000000000568, -200.0000000000000000, 10.00000000000000000 ) ) ;
#234 = CIRCLE ( 'NONE', #1029, 3.999999999999993339 ) ;
#235 = EDGE_LOOP ( 'NONE', ( #2136, #1345 ) ) ;
#236 = VERTEX_POINT ( 'NONE', #1474 ) ;
#237 = DIRECTION ( 'NONE',  ( -0.000000000000000000, -0.000000000000000000, 1.000000000000000000 ) ) ;
#238 = AXIS2_PLACEMENT_3D ( 'NONE', #233, #251, #3430 ) ;
#239 = ORIENTED_EDGE ( 'NONE', *, *, #1125, .F. ) ;
#240 = DIRECTION ( 'NONE',  ( 1.000000000000000000, 0.000000000000000000, 0.000000000000000000 ) ) ;
#241 = VERTEX_POINT ( 'NONE', #123 ) ;
#242 = ADVANCED_FACE ( 'NONE', ( #1693 ), #2243, .F. ) ;
#243 = AXIS2_PLACEMENT_3D ( 'NONE', #1531, #1010, #182 ) ;
#244 = DIRECTION ( 'NONE',  ( 1.156482317317871478E-16, -1.000000000000000000, 0.000000000000000000 ) ) ;
#245 = ORIENTED_EDGE ( 'NONE', *, *, #1742, .F. ) ;
#246 = AXIS2_PLACEMENT_3D ( 'NONE', #3363, #1706, #3345 ) ;
#247 = ADVANCED_FACE ( 'NONE', ( #1434 ), #3281, .T. ) ;
#248 = ADVANCED_FACE ( 'NONE', ( #103 ), #1508, .F. ) ;
#249 = DIRECTION ( 'NONE',  ( 0.000000000000000000, 0.000000000000000000, 1.000000000000000000 ) ) ;
#250 = FACE_OUTER_BOUND ( 'NONE', #621, .T. ) ;
#251 = DIRECTION ( 'NONE',  ( 0.000000000000000000, 0.000000000000000000, 1.000000000000000000 ) ) ;
#252 = VERTEX_POINT ( 'NONE', #2919 ) ;
#253 = ORIENTED_EDGE ( 'NONE', *, *, #3442, .T. ) ;
#254 = CARTESIAN_POINT ( 'NONE',  ( -5.551115123125782702E-14, 200.0000000000000284, 10.00000000000000000 ) ) ;
#255 = ORIENTED_EDGE ( 'NONE', *, *, #803, .T. ) ;
#256 = CARTESIAN_POINT ( 'NONE',  ( -360.0000000000000568, 247.9999999999999432, 20.00000000000000000 ) ) ;
#257 = AXIS2_PLACEMENT_3D ( 'NONE', #734, #1747, #2556 ) ;
#258 = ORIENTED_EDGE ( 'NONE', *, *, #3128, .F. ) ;
#259 = FACE_OUTER_BOUND ( 'NONE', #2346, .T. ) ;
#260 = ORIENTED_EDGE ( 'NONE', *, *, #3424, .T. ) ;
#261 = ORIENTED_EDGE ( 'NONE', *, *, #3208, .F. ) ;
#262 = CARTESIAN_POINT ( 'NONE',  ( -5.551115123125782702E-14, 2.775557561562891351E-14, 10.00000000000000000 ) ) ;
#263 = EDGE_CURVE ( 'NONE', #3138, #2169, #1069, .T. ) ;
#264 = ORIENTED_EDGE ( 'NONE', *, *, #181, .F. ) ;
#265 = EDGE_CURVE ( 'NONE', #1919, #3083, #2945, .T. ) ;
#266 = CARTESIAN_POINT ( 'NONE',  ( -204.0000000000000568, -200.0000000000000000, 20.00000000000000000 ) ) ;
#267 =( NAMED_UNIT ( * ) PLANE_ANGLE_UNIT ( ) SI_UNIT ( $, .RADIAN. ) );
#268 = DIRECTION ( 'NONE',  ( -0.000000000000000000, -1.000000000000000000, -0.000000000000000000 ) ) ;
#269 = ORIENTED_EDGE ( 'NONE', *, *, #326, .F. ) ;
#270 = DIRECTION ( 'NONE',  ( 0.000000000000000000, 0.000000000000000000, -1.000000000000000000 ) ) ;
#271 = EDGE_LOOP ( 'NONE', ( #2846, #2482 ) ) ;
#272 = FACE_OUTER_BOUND ( 'NONE', #983, .T. ) ;
#273 = ORIENTED_EDGE ( 'NONE', *, *, #866, .F. ) ;
#274 = CARTESIAN_POINT ( 'NONE',  ( 99.99999999999992895, 5.551115123125782702E-14, 20.00000000000000000 ) ) ;
#275 = EDGE_LOOP ( 'NONE', ( #768, #485, #219, #1043 ) ) ;
#276 = FACE_OUTER_BOUND ( 'NONE', #1070, .T. ) ;
#277 = VERTEX_POINT ( 'NONE', #1344 ) ;
#278 = DIRECTION ( 'NONE',  ( 0.000000000000000000, 0.000000000000000000, -1.000000000000000000 ) ) ;
#279 = EDGE_LOOP ( 'NONE', ( #2643, #1557 ) ) ;
#280 = AXIS2_PLACEMENT_3D ( 'NONE', #3203, #2934, #885 ) ;
#281 = CARTESIAN_POINT ( 'NONE',  ( 99.99999999999992895, 100.0000000000000426, 10.00000000000000000 ) ) ;
#282 = AXIS2_PLACEMENT_3D ( 'NONE', #2527, #1157, #2205 ) ;
#283 = EDGE_CURVE ( 'NONE', #3083, #1919, #2056, .T. ) ;
#284 = CARTESIAN_POINT ( 'NONE',  ( -204.0000000000000568, 100.0000000000000142, 10.00000000000000000 ) ) ;
#285 = EDGE_CURVE ( 'NONE', #3011, #1350, #1868, .T. ) ;
#286 = CARTESIAN_POINT ( 'NONE',  ( 303.9999999999999432, 5.551115123125782702E-14, 10.00000000000000000 ) ) ;
#287 = VECTOR ( 'NONE', #3282, 1000.000000000000000 ) ;
#288 = EDGE_CURVE ( 'NONE', #2636, #2873, #1588, .T. ) ;
#289 = PLANE ( 'NONE',  #3176 ) ;
#290 = CARTESIAN_POINT ( 'NONE',  ( 357.9999999999999432, 248.0000000000000000, 18.00000000000000355 ) ) ;
#291 = AXIS2_PLACEMENT_3D ( 'NONE', #47, #2898, #2377 ) ;
#292 = EDGE_LOOP ( 'NONE', ( #2034, #2187 ) ) ;
#293 = ADVANCED_FACE ( 'NONE', ( #259 ), #1783, .F. ) ;
#294 = CARTESIAN_POINT ( 'NONE',  ( 299.9999999999999432, 100.0000000000000711, 20.00000000000000000 ) ) ;
#295 = ORIENTED_EDGE ( 'NONE', *, *, #600, .F. ) ;
#296 = FACE_OUTER_BOUND ( 'NONE', #3416, .T. ) ;
#297 = ORIENTED_EDGE ( 'NONE', *, *, #782, .T. ) ;
#298 = PLANE ( 'NONE',  #614 ) ;
#299 = AXIS2_PLACEMENT_3D ( 'NONE', #1437, #2804, #2207 ) ;
#300 = DIRECTION ( 'NONE',  ( -0.000000000000000000, -0.000000000000000000, 1.000000000000000000 ) ) ;
#301 = SHAPE_DEFINITION_REPRESENTATION ( #2242, #10 ) ;
#302 = DIRECTION ( 'NONE',  ( 1.000000000000000000, 0.000000000000000000, 0.000000000000000000 ) ) ;
#303 = DIRECTION ( 'NONE',  ( 1.000000000000000000, 0.000000000000000000, 0.000000000000000000 ) ) ;
#304 = CARTESIAN_POINT ( 'NONE',  ( -300.0000000000000568, -200.0000000000000000, 20.00000000000000000 ) ) ;
#305 = CARTESIAN_POINT ( 'NONE',  ( -100.0000000000000568, 200.0000000000000284, 10.00000000000000000 ) ) ;
#306 = ORIENTED_EDGE ( 'NONE', *, *, #3160, .T. ) ;
#307 = EDGE_CURVE ( 'NONE', #1138, #190, #824, .T. ) ;
#308 = FACE_OUTER_BOUND ( 'NONE', #2103, .T. ) ;
#309 = EDGE_CURVE ( 'NONE', #3328, #206, #539, .T. ) ;
#310 = VERTEX_POINT ( 'NONE', #2297 ) ;
#311 = CARTESIAN_POINT ( 'NONE',  ( 299.9999999999999432, -99.99999999999997158, 10.00000000000000000 ) ) ;
#312 = CIRCLE ( 'NONE', #2251, 3.999999999999989786 ) ;
#313 = ORIENTED_EDGE ( 'NONE', *, *, #814, .T. ) ;
#314 = DIRECTION ( 'NONE',  ( -0.000000000000000000, -0.000000000000000000, 1.000000000000000000 ) ) ;
#315 = AXIS2_PLACEMENT_3D ( 'NONE', #376, #1443, #2494 ) ;
#316 = CARTESIAN_POINT ( 'NONE',  ( 95.99999999999992895, -99.99999999999997158, 20.00000000000000000 ) ) ;
#317 = CARTESIAN_POINT ( 'NONE',  ( 3.999999999999937828, -99.99999999999997158, 10.00000000000000000 ) ) ;
#318 = DIRECTION ( 'NONE',  ( -0.000000000000000000, -0.000000000000000000, 1.000000000000000000 ) ) ;
#319 = FACE_OUTER_BOUND ( 'NONE', #2351, .T. ) ;
#320 = CARTESIAN_POINT ( 'NONE',  ( -100.0000000000000568, -100.0000000000000284, 10.00000000000000000 ) ) ;
#321 = ORIENTED_EDGE ( 'NONE', *, *, #2611, .T. ) ;
#322 = DIRECTION ( 'NONE',  ( -0.000000000000000000, -0.000000000000000000, 1.000000000000000000 ) ) ;
#323 = ADVANCED_FACE ( 'NONE', ( #458 ), #2397, .F. ) ;
#324 = ORIENTED_EDGE ( 'NONE', *, *, #2107, .T. ) ;
#325 = DIRECTION ( 'NONE',  ( 0.000000000000000000, 0.000000000000000000, 1.000000000000000000 ) ) ;
#326 = EDGE_CURVE ( 'NONE', #241, #2800, #2315, .T. ) ;
#327 = EDGE_LOOP ( 'NONE', ( #2461, #698 ) ) ;
#328 = CYLINDRICAL_SURFACE ( 'NONE', #57, 4.000000000000003553 ) ;
#329 = DIRECTION ( 'NONE',  ( 1.000000000000000000, 0.000000000000000000, 0.000000000000000000 ) ) ;
#330 =( GEOMETRIC_REPRESENTATION_CONTEXT ( 3 ) GLOBAL_UNCERTAINTY_ASSIGNED_CONTEXT ( ( #2314 ) ) GLOBAL_UNIT_ASSIGNED_CONTEXT ( ( #1191, #1674, #627 ) ) REPRESENTATION_CONTEXT ( 'NONE', 'WORKASPACE' ) );
#331 = FACE_OUTER_BOUND ( 'NONE', #2938, .T. ) ;
#332 = CIRCLE ( 'NONE', #2888, 4.000000000000003553 ) ;
#333 = CARTESIAN_POINT ( 'NONE',  ( 99.99999999999992895, 5.551115123125782702E-14, 20.00000000000000000 ) ) ;
#334 = AXIS2_PLACEMENT_3D ( 'NONE', #1898, #318, #12 ) ;
#335 = CYLINDRICAL_SURFACE ( 'NONE', #3348, 2.000000000000001776 ) ;
#336 = FACE_OUTER_BOUND ( 'NONE', #981, .T. ) ;
#337 = DIRECTION ( 'NONE',  ( 0.000000000000000000, 0.000000000000000000, 1.000000000000000000 ) ) ;
#338 = CYLINDRICAL_SURFACE ( 'NONE', #2102, 4.000000000000003553 ) ;
#339 = CARTESIAN_POINT ( 'NONE',  ( -204.0000000000000568, -200.0000000000000000, 10.00000000000000000 ) ) ;
#340 = VERTEX_POINT ( 'NONE', #18 ) ;
#341 = ORIENTED_EDGE ( 'NONE', *, *, #1911, .T. ) ;
#342 = CARTESIAN_POINT ( 'NONE',  ( -200.0000000000000568, -200.0000000000000000, 10.00000000000000000 ) ) ;
#343 = VERTEX_POINT ( 'NONE', #2658 ) ;
#344 = SURFACE_SIDE_STYLE ('',( #1432 ) ) ;
#345 = VECTOR ( 'NONE', #588, 1000.000000000000000 ) ;
#346 = CYLINDRICAL_SURFACE ( 'NONE', #1349, 4.000000000000003553 ) ;
#347 = EDGE_CURVE ( 'NONE', #3009, #825, #2476, .T. ) ;
#348 = ADVANCED_FACE ( 'NONE', ( #1085 ), #968, .T. ) ;
#349 = AXIS2_PLACEMENT_3D ( 'NONE', #1822, #761, #2821 ) ;
#350 = CARTESIAN_POINT ( 'NONE',  ( -358.0000000000000568, 247.9999999999999147, 2.000000000000000000 ) ) ;
#351 = PLANE ( 'NONE',  #3422 ) ;
#352 = AXIS2_PLACEMENT_3D ( 'NONE', #311, #2186, #36 ) ;
#353 = DIRECTION ( 'NONE',  ( 1.000000000000000000, 0.000000000000000000, 0.000000000000000000 ) ) ;
#354 = CARTESIAN_POINT ( 'NONE',  ( 299.9999999999999432, 5.551115123125782702E-14, 20.00000000000000000 ) ) ;
#355 = DIRECTION ( 'NONE',  ( 0.000000000000000000, 0.000000000000000000, 1.000000000000000000 ) ) ;
#356 = FACE_OUTER_BOUND ( 'NONE', #910, .T. ) ;
#357 = DIRECTION ( 'NONE',  ( -1.000000000000000000, -2.312964634635742957E-16, -0.000000000000000000 ) ) ;
#358 = EDGE_LOOP ( 'NONE', ( #1497, #2660 ) ) ;
#359 = ORIENTED_EDGE ( 'NONE', *, *, #3230, .T. ) ;
#360 = LINE ( 'NONE', #2154, #3143 ) ;
#361 = EDGE_LOOP ( 'NONE', ( #810, #2233 ) ) ;
#362 = CYLINDRICAL_SURFACE ( 'NONE', #1619, 4.000000000000003553 ) ;
#363 = CIRCLE ( 'NONE', #2144, 3.999999999999993339 ) ;
#364 = ADVANCED_FACE ( 'NONE', ( #3206 ), #555, .F. ) ;
#365 = AXIS2_PLACEMENT_3D ( 'NONE', #1487, #2294, #1019 ) ;
#366 = FACE_OUTER_BOUND ( 'NONE', #606, .T. ) ;
#367 = DIRECTION ( 'NONE',  ( 0.000000000000000000, 0.000000000000000000, 1.000000000000000000 ) ) ;
#368 = EDGE_CURVE ( 'NONE', #1007, #947, #2928, .T. ) ;
#369 = AXIS2_PLACEMENT_3D ( 'NONE', #3369, #1328, #1527 ) ;
#370 = EDGE_CURVE ( 'NONE', #1350, #535, #2871, .T. ) ;
#371 = DIRECTION ( 'NONE',  ( 1.000000000000000000, 0.000000000000000000, 0.000000000000000000 ) ) ;
#372 = AXIS2_PLACEMENT_3D ( 'NONE', #2802, #881, #649 ) ;
#373 = DIRECTION ( 'NONE',  ( -0.000000000000000000, -0.000000000000000000, 1.000000000000000000 ) ) ;
#374 = FACE_OUTER_BOUND ( 'NONE', #2286, .T. ) ;
#375 = CARTESIAN_POINT ( 'NONE',  ( -100.0000000000000568, -200.0000000000000000, 20.00000000000000000 ) ) ;
#376 = CARTESIAN_POINT ( 'NONE',  ( 99.99999999999992895, 5.551115123125782702E-14, 10.00000000000000000 ) ) ;
#377 = DIRECTION ( 'NONE',  ( -0.000000000000000000, -0.000000000000000000, 1.000000000000000000 ) ) ;
#378 = VERTEX_POINT ( 'NONE', #740 ) ;
#379 = ORIENTED_EDGE ( 'NONE', *, *, #2039, .F. ) ;
#380 = DIRECTION ( 'NONE',  ( -0.000000000000000000, -0.000000000000000000, 1.000000000000000000 ) ) ;
#381 = ORIENTED_EDGE ( 'NONE', *, *, #2075, .T. ) ;
#382 = DIRECTION ( 'NONE',  ( -0.000000000000000000, -0.000000000000000000, 1.000000000000000000 ) ) ;
#383 = PLANE ( 'NONE',  #1741 ) ;
#384 = VECTOR ( 'NONE', #2675, 1000.000000000000000 ) ;
#385 = AXIS2_PLACEMENT_3D ( 'NONE', #1651, #3257, #587 ) ;
#386 = DIRECTION ( 'NONE',  ( 0.000000000000000000, 0.000000000000000000, 1.000000000000000000 ) ) ;
#387 = EDGE_CURVE ( 'NONE', #2706, #2270, #2168, .T. ) ;
#388 = VECTOR ( 'NONE', #2671, 1000.000000000000000 ) ;
#389 = CARTESIAN_POINT ( 'NONE',  ( -200.0000000000000568, 100.0000000000000142, 10.00000000000000000 ) ) ;
#390 = DIRECTION ( 'NONE',  ( 0.000000000000000000, 0.000000000000000000, 1.000000000000000000 ) ) ;
#391 = DIRECTION ( 'NONE',  ( 1.000000000000000000, 0.000000000000000000, 0.000000000000000000 ) ) ;
#392 = CARTESIAN_POINT ( 'NONE',  ( -300.0000000000000568, -200.0000000000000000, 10.00000000000000000 ) ) ;
#393 = DIRECTION ( 'NONE',  ( 1.000000000000000000, 0.000000000000000000, 0.000000000000000000 ) ) ;
#394 = EDGE_CURVE ( 'NONE', #2114, #1505, #1946, .T. ) ;
#395 = ORIENTED_EDGE ( 'NONE', *, *, #285, .F. ) ;
#396 = ADVANCED_FACE ( 'NONE', ( #308 ), #3289, .T. ) ;
#397 = ORIENTED_EDGE ( 'NONE', *, *, #719, .T. ) ;
#398 = CYLINDRICAL_SURFACE ( 'NONE', #196, 4.000000000000003553 ) ;
#399 = VECTOR ( 'NONE', #1184, 1000.000000000000000 ) ;
#400 = ORIENTED_EDGE ( 'NONE', *, *, #189, .F. ) ;
#401 = DIRECTION ( 'NONE',  ( 1.000000000000000000, 0.000000000000000000, 0.000000000000000000 ) ) ;
#402 = VECTOR ( 'NONE', #1829, 1000.000000000000000 ) ;
#403 = AXIS2_PLACEMENT_3D ( 'NONE', #3267, #597, #3317 ) ;
#404 = VECTOR ( 'NONE', #3186, 1000.000000000000000 ) ;
#405 = CYLINDRICAL_SURFACE ( 'NONE', #3124, 4.000000000000003553 ) ;
#406 = FACE_OUTER_BOUND ( 'NONE', #85, .T. ) ;
#407 = AXIS2_PLACEMENT_3D ( 'NONE', #1218, #3322, #958 ) ;
#408 = AXIS2_PLACEMENT_3D ( 'NONE', #3071, #127, #2545 ) ;
#409 = CARTESIAN_POINT ( 'NONE',  ( 203.9999999999999147, 100.0000000000000568, 10.00000000000000000 ) ) ;
#410 = DIRECTION ( 'NONE',  ( 0.000000000000000000, 0.000000000000000000, 1.000000000000000000 ) ) ;
#411 = DIRECTION ( 'NONE',  ( -0.000000000000000000, -0.000000000000000000, 1.000000000000000000 ) ) ;
#412 = FACE_BOUND ( 'NONE', #1117, .T. ) ;
#413 = EDGE_CURVE ( 'NONE', #2167, #433, #859, .T. ) ;
#414 = DIRECTION ( 'NONE',  ( -0.000000000000000000, -0.000000000000000000, 1.000000000000000000 ) ) ;
#415 = DIRECTION ( 'NONE',  ( 1.000000000000000000, 0.000000000000000000, 0.000000000000000000 ) ) ;
#416 = AXIS2_PLACEMENT_3D ( 'NONE', #892, #3012, #3244 ) ;
#417 = VERTEX_POINT ( 'NONE', #1686 ) ;
#418 = AXIS2_PLACEMENT_3D ( 'NONE', #1666, #1150, #112 ) ;
#419 = ORIENTED_EDGE ( 'NONE', *, *, #2092, .F. ) ;
#420 = CARTESIAN_POINT ( 'NONE',  ( -200.0000000000000568, 100.0000000000000142, 10.00000000000000000 ) ) ;
#421 = EDGE_LOOP ( 'NONE', ( #1153, #793, #3223, #1645 ) ) ;
#422 = DIRECTION ( 'NONE',  ( 1.000000000000000000, 0.000000000000000000, -0.000000000000000000 ) ) ;
#423 = EDGE_CURVE ( 'NONE', #1183, #1, #1979, .T. ) ;
#424 = CARTESIAN_POINT ( 'NONE',  ( -100.0000000000000568, -100.0000000000000284, 20.00000000000000000 ) ) ;
#425 = CARTESIAN_POINT ( 'NONE',  ( -100.0000000000000568, -200.0000000000000000, 10.00000000000000000 ) ) ;
#426 = VECTOR ( 'NONE', #1754, 1000.000000000000000 ) ;
#427 = FACE_OUTER_BOUND ( 'NONE', #2342, .T. ) ;
#428 = LINE ( 'NONE', #1216, #426 ) ;
#429 = CARTESIAN_POINT ( 'NONE',  ( -104.0000000000000568, -200.0000000000000000, 20.00000000000000000 ) ) ;
#430 = FACE_OUTER_BOUND ( 'NONE', #515, .T. ) ;
#431 = ORIENTED_EDGE ( 'NONE', *, *, #2090, .F. ) ;
#432 = CARTESIAN_POINT ( 'NONE',  ( -204.0000000000000568, 4.898587196589392121E-16, 20.00000000000000000 ) ) ;
#433 = VERTEX_POINT ( 'NONE', #2478 ) ;
#434 = ORIENTED_EDGE ( 'NONE', *, *, #2039, .T. ) ;
#435 = CYLINDRICAL_SURFACE ( 'NONE', #2910, 3.999999999999993339 ) ;
#436 = ORIENTED_EDGE ( 'NONE', *, *, #2499, .T. ) ;
#437 = CARTESIAN_POINT ( 'NONE',  ( 199.9999999999998863, 100.0000000000000568, 10.00000000000000000 ) ) ;
#438 = ORIENTED_EDGE ( 'NONE', *, *, #2488, .F. ) ;
#439 = EDGE_CURVE ( 'NONE', #2603, #1761, #2705, .T. ) ;
#440 = CARTESIAN_POINT ( 'NONE',  ( 299.9999999999999432, 5.551115123125782702E-14, 10.00000000000000000 ) ) ;
#441 = ADVANCED_FACE ( 'NONE', ( #1378 ), #874, .T. ) ;
#442 = DIRECTION ( 'NONE',  ( 0.000000000000000000, 0.000000000000000000, 1.000000000000000000 ) ) ;
#443 = AXIS2_PLACEMENT_3D ( 'NONE', #26, #7, #2452 ) ;
#444 = CARTESIAN_POINT ( 'NONE',  ( -304.0000000000000568, -100.0000000000000284, 10.00000000000000000 ) ) ;
#445 = CARTESIAN_POINT ( 'NONE',  ( -360.0000000000000568, -248.0000000000001137, 18.00000000000000355 ) ) ;
#446 = FACE_OUTER_BOUND ( 'NONE', #2253, .T. ) ;
#447 = FACE_BOUND ( 'NONE', #2429, .T. ) ;
#448 = ORIENTED_EDGE ( 'NONE', *, *, #189, .T. ) ;
#449 = CARTESIAN_POINT ( 'NONE',  ( -200.0000000000000568, 100.0000000000000142, 10.00000000000000000 ) ) ;
#450 = VECTOR ( 'NONE', #645, 1000.000000000000000 ) ;
#451 = ORIENTED_EDGE ( 'NONE', *, *, #2987, .T. ) ;
#452 = EDGE_LOOP ( 'NONE', ( #38, #306, #1843, #1611 ) ) ;
#453 = DIRECTION ( 'NONE',  ( 1.000000000000000000, 0.000000000000000000, -0.000000000000000000 ) ) ;
#454 = EDGE_LOOP ( 'NONE', ( #1538, #3344, #809, #1115 ) ) ;
#455 = CYLINDRICAL_SURFACE ( 'NONE', #1371, 4.000000000000003553 ) ;
#456 = ORIENTED_EDGE ( 'NONE', *, *, #1192, .T. ) ;
#457 = CIRCLE ( 'NONE', #2395, 3.999999999999989786 ) ;
#458 = FACE_OUTER_BOUND ( 'NONE', #1446, .T. ) ;
#459 = DIRECTION ( 'NONE',  ( 1.000000000000000000, 0.000000000000000000, 0.000000000000000000 ) ) ;
#460 = CIRCLE ( 'NONE', #3132, 4.000000000000003553 ) ;
#461 = ADVANCED_FACE ( 'NONE', ( #3260 ), #1165, .F. ) ;
#462 = CARTESIAN_POINT ( 'NONE',  ( -100.0000000000000568, -200.0000000000000000, 10.00000000000000000 ) ) ;
#463 = EDGE_CURVE ( 'NONE', #556, #173, #494, .T. ) ;
#464 = AXIS2_PLACEMENT_3D ( 'NONE', #1149, #657, #1182 ) ;
#465 = AXIS2_PLACEMENT_3D ( 'NONE', #2845, #1275, #1536 ) ;
#466 = PLANE ( 'NONE',  #723 ) ;
#467 = DIRECTION ( 'NONE',  ( -0.000000000000000000, -0.000000000000000000, 1.000000000000000000 ) ) ;
#468 = EDGE_LOOP ( 'NONE', ( #2295, #3225 ) ) ;
#469 = CARTESIAN_POINT ( 'NONE',  ( 99.99999999999992895, -199.9999999999999432, 10.00000000000000000 ) ) ;
#470 = VERTEX_POINT ( 'NONE', #2152 ) ;
#471 = ORIENTED_EDGE ( 'NONE', *, *, #2907, .T. ) ;
#472 = DIRECTION ( 'NONE',  ( 0.000000000000000000, 0.000000000000000000, -1.000000000000000000 ) ) ;
#473 = ORIENTED_EDGE ( 'NONE', *, *, #1300, .F. ) ;
#474 = DIRECTION ( 'NONE',  ( 0.000000000000000000, 0.000000000000000000, 1.000000000000000000 ) ) ;
#475 = ORIENTED_EDGE ( 'NONE', *, *, #3330, .T. ) ;
#476 = VERTEX_POINT ( 'NONE', #1392 ) ;
#477 = CARTESIAN_POINT ( 'NONE',  ( -296.0000000000000568, 0.000000000000000000, 10.00000000000000000 ) ) ;
#478 = CARTESIAN_POINT ( 'NONE',  ( 299.9999999999999432, -99.99999999999997158, 10.00000000000000000 ) ) ;
#479 = AXIS2_PLACEMENT_3D ( 'NONE', #1660, #2947, #2421 ) ;
#480 = EDGE_CURVE ( 'NONE', #1350, #1136, #1110, .T. ) ;
#481 = ADVANCED_FACE ( 'NONE', ( #2693 ), #2427, .T. ) ;
#482 = AXIS2_PLACEMENT_3D ( 'NONE', #575, #906, #81 ) ;
#483 = DIRECTION ( 'NONE',  ( 0.000000000000000000, 0.000000000000000000, 1.000000000000000000 ) ) ;
#484 = FACE_BOUND ( 'NONE', #3398, .T. ) ;
#485 = ORIENTED_EDGE ( 'NONE', *, *, #525, .T. ) ;
#486 = EDGE_LOOP ( 'NONE', ( #1366, #3100, #1244, #295 ) ) ;
#487 = DIRECTION ( 'NONE',  ( 1.000000000000000000, 0.000000000000000000, 0.000000000000000000 ) ) ;
#488 = ORIENTED_EDGE ( 'NONE', *, *, #1784, .T. ) ;
#489 = CARTESIAN_POINT ( 'NONE',  ( -96.00000000000007105, -100.0000000000000284, 20.00000000000000000 ) ) ;
#490 = EDGE_LOOP ( 'NONE', ( #2960, #1063, #2183, #2480 ) ) ;
#491 = ORIENTED_EDGE ( 'NONE', *, *, #1893, .T. ) ;
#492 = DIRECTION ( 'NONE',  ( 0.000000000000000000, 0.000000000000000000, 1.000000000000000000 ) ) ;
#493 = DIRECTION ( 'NONE',  ( -1.000000000000000000, -2.312964634635742957E-16, 0.000000000000000000 ) ) ;
#494 = CIRCLE ( 'NONE', #1995, 4.000000000000003553 ) ;
#495 = CIRCLE ( 'NONE', #162, 3.999999999999989786 ) ;
#496 = CARTESIAN_POINT ( 'NONE',  ( 203.9999999999999147, -199.9999999999999432, 10.00000000000000000 ) ) ;
#497 = DIRECTION ( 'NONE',  ( 1.000000000000000000, 0.000000000000000000, 0.000000000000000000 ) ) ;
#498 = ADVANCED_FACE ( 'NONE', ( #1703 ), #33, .F. ) ;
#499 = ORIENTED_EDGE ( 'NONE', *, *, #387, .F. ) ;
#500 = ORIENTED_EDGE ( 'NONE', *, *, #2974, .T. ) ;
#501 = CARTESIAN_POINT ( 'NONE',  ( -100.0000000000000568, 2.775557561562891351E-14, 10.00000000000000000 ) ) ;
#502 = ORIENTED_EDGE ( 'NONE', *, *, #2611, .F. ) ;
#503 = DIRECTION ( 'NONE',  ( 1.000000000000000000, 0.000000000000000000, 0.000000000000000000 ) ) ;
#504 = ORIENTED_EDGE ( 'NONE', *, *, #2974, .F. ) ;
#505 = EDGE_CURVE ( 'NONE', #2016, #2270, #3052, .T. ) ;
#506 = ADVANCED_FACE ( 'NONE', ( #2978 ), #590, .F. ) ;
#507 = AXIS2_PLACEMENT_3D ( 'NONE', #109, #709, #922 ) ;
#508 = ORIENTED_EDGE ( 'NONE', *, *, #3019, .F. ) ;
#509 = CIRCLE ( 'NONE', #3127, 4.000000000000003553 ) ;
#510 = CARTESIAN_POINT ( 'NONE',  ( 195.9999999999998863, -99.99999999999997158, 10.00000000000000000 ) ) ;
#511 = CARTESIAN_POINT ( 'NONE',  ( -104.0000000000000568, -100.0000000000000284, 10.00000000000000000 ) ) ;
#512 = CARTESIAN_POINT ( 'NONE',  ( 303.9999999999999432, -99.99999999999997158, 10.00000000000000000 ) ) ;
#513 = CIRCLE ( 'NONE', #1961, 4.000000000000003553 ) ;
#514 = VERTEX_POINT ( 'NONE', #2184 ) ;
#515 = EDGE_LOOP ( 'NONE', ( #1583, #2153, #2329, #2997 ) ) ;
#516 = DIRECTION ( 'NONE',  ( 1.000000000000000000, 0.000000000000000000, 0.000000000000000000 ) ) ;
#517 = VECTOR ( 'NONE', #44, 1000.000000000000000 ) ;
#518 = EDGE_CURVE ( 'NONE', #891, #17, #230, .T. ) ;
#519 = VERTEX_POINT ( 'NONE', #339 ) ;
#520 = DIRECTION ( 'NONE',  ( -1.000000000000000000, 0.000000000000000000, 0.000000000000000000 ) ) ;
#521 = VERTEX_POINT ( 'NONE', #2459 ) ;
#522 = DIRECTION ( 'NONE',  ( 1.000000000000000000, 0.000000000000000000, 0.000000000000000000 ) ) ;
#523 = VECTOR ( 'NONE', #2889, 1000.000000000000000 ) ;
#524 = ORIENTED_EDGE ( 'NONE', *, *, #1712, .F. ) ;
#525 = EDGE_CURVE ( 'NONE', #1246, #559, #3360, .T. ) ;
#526 = VERTEX_POINT ( 'NONE', #1258 ) ;
#527 = DIRECTION ( 'NONE',  ( 1.000000000000000000, 0.000000000000000000, -0.000000000000000000 ) ) ;
#528 = ORIENTED_EDGE ( 'NONE', *, *, #803, .F. ) ;
#529 = AXIS2_PLACEMENT_3D ( 'NONE', #2521, #1777, #453 ) ;
#530 = CARTESIAN_POINT ( 'NONE',  ( 3.999999999999937828, 2.775557561562891351E-14, 10.00000000000000000 ) ) ;
#531 = FACE_OUTER_BOUND ( 'NONE', #1015, .T. ) ;
#532 = ORIENTED_EDGE ( 'NONE', *, *, #3072, .F. ) ;
#533 = ORIENTED_EDGE ( 'NONE', *, *, #1550, .F. ) ;
#534 = CARTESIAN_POINT ( 'NONE',  ( 3.999999999999937828, -199.9999999999999432, 10.00000000000000000 ) ) ;
#535 = VERTEX_POINT ( 'NONE', #3096 ) ;
#536 = PLANE ( 'NONE',  #628 ) ;
#537 = ORIENTED_EDGE ( 'NONE', *, *, #2817, .F. ) ;
#538 = DIRECTION ( 'NONE',  ( 0.000000000000000000, 0.000000000000000000, 1.000000000000000000 ) ) ;
#539 = CIRCLE ( 'NONE', #1878, 4.000000000000003553 ) ;
#540 = ORIENTED_EDGE ( 'NONE', *, *, #1335, .T. ) ;
#541 = ORIENTED_EDGE ( 'NONE', *, *, #2352, .T. ) ;
#542 = DIRECTION ( 'NONE',  ( 0.000000000000000000, 0.000000000000000000, 1.000000000000000000 ) ) ;
#543 = EDGE_CURVE ( 'NONE', #2652, #1482, #2339, .T. ) ;
#544 = VERTEX_POINT ( 'NONE', #925 ) ;
#545 = AXIS2_PLACEMENT_3D ( 'NONE', #1987, #896, #1229 ) ;
#546 = LINE ( 'NONE', #2447, #3207 ) ;
#547 = EDGE_CURVE ( 'NONE', #2016, #2873, #1178, .T. ) ;
#548 = DIRECTION ( 'NONE',  ( -0.000000000000000000, -0.000000000000000000, 1.000000000000000000 ) ) ;
#549 = DIRECTION ( 'NONE',  ( -0.000000000000000000, -0.000000000000000000, 1.000000000000000000 ) ) ;
#550 = CARTESIAN_POINT ( 'NONE',  ( 359.9999999999999432, 248.0000000000000000, 1.999999999999998224 ) ) ;
#551 = AXIS2_PLACEMENT_3D ( 'NONE', #1046, #1789, #1514 ) ;
#552 = CARTESIAN_POINT ( 'NONE',  ( 103.9999999999999147, -199.9999999999999432, 10.00000000000000000 ) ) ;
#553 = DIRECTION ( 'NONE',  ( 1.000000000000000000, 0.000000000000000000, 0.000000000000000000 ) ) ;
#554 = VERTEX_POINT ( 'NONE', #432 ) ;
#555 = CYLINDRICAL_SURFACE ( 'NONE', #1433, 4.000000000000003553 ) ;
#556 = VERTEX_POINT ( 'NONE', #2810 ) ;
#557 = DIRECTION ( 'NONE',  ( -0.000000000000000000, -0.000000000000000000, 1.000000000000000000 ) ) ;
#558 = AXIS2_PLACEMENT_3D ( 'NONE', #2937, #3189, #2275 ) ;
#559 = VERTEX_POINT ( 'NONE', #1444 ) ;
#560 = AXIS2_PLACEMENT_3D ( 'NONE', #39, #2627, #1314 ) ;
#561 = DIRECTION ( 'NONE',  ( 1.000000000000000000, 0.000000000000000000, 0.000000000000000000 ) ) ;
#562 = MECHANICAL_DESIGN_GEOMETRIC_PRESENTATION_REPRESENTATION (  '', ( #2108 ), #330 ) ;
#563 = DIRECTION ( 'NONE',  ( 1.000000000000000000, 0.000000000000000000, 0.000000000000000000 ) ) ;
#564 = VECTOR ( 'NONE', #168, 1000.000000000000000 ) ;
#565 = AXIS2_PLACEMENT_3D ( 'NONE', #501, #732, #3449 ) ;
#566 = ADVANCED_FACE ( 'NONE', ( #2014 ), #3044, .T. ) ;
#567 = DIRECTION ( 'NONE',  ( 0.000000000000000000, 0.000000000000000000, 1.000000000000000000 ) ) ;
#568 = CARTESIAN_POINT ( 'NONE',  ( 299.9999999999999432, 200.0000000000000568, 10.00000000000000000 ) ) ;
#569 = EDGE_CURVE ( 'NONE', #1293, #694, #1127, .T. ) ;
#570 = DIRECTION ( 'NONE',  ( 0.000000000000000000, 0.000000000000000000, 1.000000000000000000 ) ) ;
#571 = SPHERICAL_SURFACE ( 'NONE', #2949, 2.000000000000000000 ) ;
#572 = CARTESIAN_POINT ( 'NONE',  ( -200.0000000000000568, -200.0000000000000000, 20.00000000000000000 ) ) ;
#573 = CIRCLE ( 'NONE', #2849, 3.999999999999989786 ) ;
#574 = ORIENTED_EDGE ( 'NONE', *, *, #1781, .F. ) ;
#575 = CARTESIAN_POINT ( 'NONE',  ( 199.9999999999998863, 200.0000000000000568, 20.00000000000000000 ) ) ;
#576 = AXIS2_PLACEMENT_3D ( 'NONE', #1202, #2012, #993 ) ;
#577 = ORIENTED_EDGE ( 'NONE', *, *, #1669, .F. ) ;
#578 = DIRECTION ( 'NONE',  ( 0.000000000000000000, 0.000000000000000000, 1.000000000000000000 ) ) ;
#579 = ORIENTED_EDGE ( 'NONE', *, *, #2793, .F. ) ;
#580 = FACE_OUTER_BOUND ( 'NONE', #1640, .T. ) ;
#581 = AXIS2_PLACEMENT_3D ( 'NONE', #3022, #670, #1731 ) ;
#582 = DIRECTION ( 'NONE',  ( 1.000000000000000000, 0.000000000000000000, -0.000000000000000000 ) ) ;
#583 = AXIS2_PLACEMENT_3D ( 'NONE', #3030, #1207, #117 ) ;
#584 = EDGE_CURVE ( 'NONE', #1773, #2831, #677, .T. ) ;
#585 = ADVANCED_FACE ( 'NONE', ( #1980 ), #659, .F. ) ;
#586 = CARTESIAN_POINT ( 'NONE',  ( -104.0000000000000568, 200.0000000000000284, 10.00000000000000000 ) ) ;
#587 = DIRECTION ( 'NONE',  ( 0.000000000000000000, 0.000000000000000000, 1.000000000000000000 ) ) ;
#588 = DIRECTION ( 'NONE',  ( -0.000000000000000000, -0.000000000000000000, 1.000000000000000000 ) ) ;
#589 = VERTEX_POINT ( 'NONE', #996 ) ;
#590 = CYLINDRICAL_SURFACE ( 'NONE', #118, 4.000000000000003553 ) ;
#591 = EDGE_LOOP ( 'NONE', ( #1381, #2979 ) ) ;
#592 = DIRECTION ( 'NONE',  ( 1.000000000000000000, 0.000000000000000000, 0.000000000000000000 ) ) ;
#593 = AXIS2_PLACEMENT_3D ( 'NONE', #156, #3366, #1799 ) ;
#594 = EDGE_LOOP ( 'NONE', ( #1722, #819, #253, #3343 ) ) ;
#595 = LINE ( 'NONE', #2963, #844 ) ;
#596 = DIRECTION ( 'NONE',  ( 1.000000000000000000, 0.000000000000000000, 0.000000000000000000 ) ) ;
#597 = DIRECTION ( 'NONE',  ( -0.000000000000000000, 1.000000000000000000, 0.000000000000000000 ) ) ;
#598 = DIRECTION ( 'NONE',  ( -0.000000000000000000, -0.000000000000000000, 1.000000000000000000 ) ) ;
#599 = DIRECTION ( 'NONE',  ( -0.000000000000000000, -0.000000000000000000, 1.000000000000000000 ) ) ;
#600 = EDGE_CURVE ( 'NONE', #210, #1574, #1738, .T. ) ;
#601 = CARTESIAN_POINT ( 'NONE',  ( 357.9999999999999432, 248.0000000000000000, 2.000000000000000000 ) ) ;
#602 = LINE ( 'NONE', #1977, #914 ) ;
#603 = LINE ( 'NONE', #3007, #2999 ) ;
#604 = CARTESIAN_POINT ( 'NONE',  ( 359.9999999999999432, 250.0000000000000000, 18.00000000000000355 ) ) ;
#605 = VERTEX_POINT ( 'NONE', #188 ) ;
#606 = EDGE_LOOP ( 'NONE', ( #876, #1528, #3277, #1364 ) ) ;
#607 = CARTESIAN_POINT ( 'NONE',  ( 303.9999999999999432, -199.9999999999999432, 20.00000000000000000 ) ) ;
#608 = AXIS2_PLACEMENT_3D ( 'NONE', #764, #992, #749 ) ;
#609 = ORIENTED_EDGE ( 'NONE', *, *, #439, .T. ) ;
#610 = CARTESIAN_POINT ( 'NONE',  ( 3.999999999999937828, 200.0000000000000284, 10.00000000000000000 ) ) ;
#611 = EDGE_CURVE ( 'NONE', #2171, #210, #2783, .T. ) ;
#612 = ADVANCED_FACE ( 'NONE', ( #712 ), #2495, .T. ) ;
#613 = DIRECTION ( 'NONE',  ( 1.000000000000000000, 0.000000000000000000, 0.000000000000000000 ) ) ;
#614 = AXIS2_PLACEMENT_3D ( 'NONE', #2941, #1851, #527 ) ;
#615 = DIRECTION ( 'NONE',  ( -0.000000000000000000, -0.000000000000000000, 1.000000000000000000 ) ) ;
#616 = FACE_OUTER_BOUND ( 'NONE', #1499, .T. ) ;
#617 = CARTESIAN_POINT ( 'NONE',  ( -5.551115123125782702E-14, 100.0000000000000284, 10.00000000000000000 ) ) ;
#618 = LINE ( 'NONE', #3240, #2292 ) ;
#619 = CARTESIAN_POINT ( 'NONE',  ( -300.0000000000000568, 0.000000000000000000, 10.00000000000000000 ) ) ;
#620 = CARTESIAN_POINT ( 'NONE',  ( 95.99999999999992895, 100.0000000000000426, 10.00000000000000000 ) ) ;
#621 = EDGE_LOOP ( 'NONE', ( #574, #929, #2881, #2052 ) ) ;
#622 = AXIS2_PLACEMENT_3D ( 'NONE', #2614, #2024, #1806 ) ;
#623 = ORIENTED_EDGE ( 'NONE', *, *, #812, .F. ) ;
#624 = ADVANCED_FACE ( 'NONE', ( #1774 ), #3111, .F. ) ;
#625 = CYLINDRICAL_SURFACE ( 'NONE', #3368, 3.999999999999989786 ) ;
#626 = EDGE_LOOP ( 'NONE', ( #2047, #2333 ) ) ;
#627 =( NAMED_UNIT ( * ) SI_UNIT ( $, .STERADIAN. ) SOLID_ANGLE_UNIT ( ) );
#628 = AXIS2_PLACEMENT_3D ( 'NONE', #1831, #2165, #2197 ) ;
#629 = PRODUCT_DEFINITION ( 'UNKNOWN', '', #2549, #2836 ) ;
#630 = ADVANCED_FACE ( 'NONE', ( #3308 ), #1465, .T. ) ;
#631 = DIRECTION ( 'NONE',  ( -1.000000000000000000, 1.387778780781444413E-14, 0.000000000000000000 ) ) ;
#632 = DIRECTION ( 'NONE',  ( -0.000000000000000000, -0.000000000000000000, 1.000000000000000000 ) ) ;
#633 = DIRECTION ( 'NONE',  ( 1.000000000000000000, 0.000000000000000000, 0.000000000000000000 ) ) ;
#634 = PRODUCT ( 'tafel 50x72', 'tafel 50x72', '', ( #1094 ) ) ;
#635 = CIRCLE ( 'NONE', #583, 3.999999999999989786 ) ;
#636 = DIRECTION ( 'NONE',  ( 0.000000000000000000, 0.000000000000000000, 1.000000000000000000 ) ) ;
#637 = DIRECTION ( 'NONE',  ( -0.000000000000000000, -0.000000000000000000, 1.000000000000000000 ) ) ;
#638 = CARTESIAN_POINT ( 'NONE',  ( -204.0000000000000568, 100.0000000000000142, 20.00000000000000000 ) ) ;
#639 = FACE_OUTER_BOUND ( 'NONE', #3259, .T. ) ;
#640 = CARTESIAN_POINT ( 'NONE',  ( -300.0000000000000568, -100.0000000000000284, 10.00000000000000000 ) ) ;
#641 = ORIENTED_EDGE ( 'NONE', *, *, #2668, .F. ) ;
#642 = ORIENTED_EDGE ( 'NONE', *, *, #1784, .F. ) ;
#643 = FACE_OUTER_BOUND ( 'NONE', #3367, .T. ) ;
#644 = VERTEX_POINT ( 'NONE', #2796 ) ;
#645 = DIRECTION ( 'NONE',  ( -0.000000000000000000, -0.000000000000000000, 1.000000000000000000 ) ) ;
#646 = CIRCLE ( 'NONE', #931, 3.999999999999989786 ) ;
#647 = AXIS2_PLACEMENT_3D ( 'NONE', #3027, #2959, #1642 ) ;
#648 = EDGE_CURVE ( 'NONE', #1347, #2169, #2670, .T. ) ;
#649 = DIRECTION ( 'NONE',  ( 0.000000000000000000, 0.000000000000000000, -1.000000000000000000 ) ) ;
#650 = CARTESIAN_POINT ( 'NONE',  ( -358.0000000000000568, -250.0000000000001137, 1.999999999999998224 ) ) ;
#651 = ADVANCED_FACE ( 'NONE', ( #1481 ), #2535, .F. ) ;
#652 = CARTESIAN_POINT ( 'NONE',  ( -300.0000000000000568, 200.0000000000000000, 20.00000000000000000 ) ) ;
#653 = EDGE_CURVE ( 'NONE', #1156, #1902, #2353, .T. ) ;
#654 = ADVANCED_FACE ( 'NONE', ( #2587 ), #204, .T. ) ;
#655 = DIRECTION ( 'NONE',  ( -0.000000000000000000, -0.000000000000000000, 1.000000000000000000 ) ) ;
#656 = DIRECTION ( 'NONE',  ( 0.000000000000000000, 0.000000000000000000, 1.000000000000000000 ) ) ;
#657 = DIRECTION ( 'NONE',  ( -0.000000000000000000, -0.000000000000000000, 1.000000000000000000 ) ) ;
#658 = DIRECTION ( 'NONE',  ( -1.000000000000000000, -1.156482317317871478E-16, 0.000000000000000000 ) ) ;
#659 = CYLINDRICAL_SURFACE ( 'NONE', #1457, 3.999999999999993339 ) ;
#660 = VERTEX_POINT ( 'NONE', #2471 ) ;
#661 = VERTEX_POINT ( 'NONE', #1493 ) ;
#662 = CARTESIAN_POINT ( 'NONE',  ( -104.0000000000000568, 100.0000000000000284, 20.00000000000000000 ) ) ;
#663 = ORIENTED_EDGE ( 'NONE', *, *, #870, .F. ) ;
#664 = DIRECTION ( 'NONE',  ( 0.000000000000000000, 0.000000000000000000, 1.000000000000000000 ) ) ;
#665 = AXIS2_PLACEMENT_3D ( 'NONE', #1934, #1667, #1963 ) ;
#666 = AXIS2_PLACEMENT_3D ( 'NONE', #2633, #1857, #2436 ) ;
#667 = DIRECTION ( 'NONE',  ( 1.000000000000000000, 0.000000000000000000, -0.000000000000000000 ) ) ;
#668 = DIRECTION ( 'NONE',  ( 0.000000000000000000, 0.000000000000000000, -1.000000000000000000 ) ) ;
#669 = AXIS2_PLACEMENT_3D ( 'NONE', #2156, #1121, #3229 ) ;
#670 = DIRECTION ( 'NONE',  ( 0.000000000000000000, 0.000000000000000000, 1.000000000000000000 ) ) ;
#671 = AXIS2_PLACEMENT_3D ( 'NONE', #78, #1148, #2196 ) ;
#672 = DIRECTION ( 'NONE',  ( 1.000000000000000000, 0.000000000000000000, 0.000000000000000000 ) ) ;
#673 = EDGE_CURVE ( 'NONE', #1322, #2574, #916, .T. ) ;
#674 = FACE_OUTER_BOUND ( 'NONE', #1796, .T. ) ;
#675 = FACE_BOUND ( 'NONE', #1167, .T. ) ;
#676 = DIRECTION ( 'NONE',  ( 1.000000000000000000, 0.000000000000000000, 0.000000000000000000 ) ) ;
#677 = LINE ( 'NONE', #2304, #564 ) ;
#678 = EDGE_LOOP ( 'NONE', ( #3362, #912 ) ) ;
#679 = ORIENTED_EDGE ( 'NONE', *, *, #1125, .T. ) ;
#680 = PLANE ( 'NONE',  #1198 ) ;
#681 = AXIS2_PLACEMENT_3D ( 'NONE', #1517, #2517, #2032 ) ;
#682 = ORIENTED_EDGE ( 'NONE', *, *, #3212, .F. ) ;
#683 = DIRECTION ( 'NONE',  ( 1.000000000000000000, 0.000000000000000000, 0.000000000000000000 ) ) ;
#684 = AXIS2_PLACEMENT_3D ( 'NONE', #1108, #2175, #815 ) ;
#685 = CIRCLE ( 'NONE', #3133, 3.999999999999989786 ) ;
#686 = CARTESIAN_POINT ( 'NONE',  ( 0.000000000000000000, 0.000000000000000000, 0.000000000000000000 ) ) ;
#687 = DIRECTION ( 'NONE',  ( -0.000000000000000000, -0.000000000000000000, 1.000000000000000000 ) ) ;
#688 = CARTESIAN_POINT ( 'NONE',  ( 357.9999999999999432, -247.9999999999999432, 20.00000000000000000 ) ) ;
#689 = CIRCLE ( 'NONE', #2630, 3.999999999999989786 ) ;
#690 = CARTESIAN_POINT ( 'NONE',  ( -104.0000000000000568, 2.824543433528785410E-14, 10.00000000000000000 ) ) ;
#691 = DIRECTION ( 'NONE',  ( 1.000000000000000000, 0.000000000000000000, 0.000000000000000000 ) ) ;
#692 = FACE_BOUND ( 'NONE', #63, .T. ) ;
#693 = ADVANCED_FACE ( 'NONE', ( #3335 ), #351, .T. ) ;
#694 = VERTEX_POINT ( 'NONE', #146 ) ;
#695 = ADVANCED_FACE ( 'NONE', ( #2262 ), #1176, .F. ) ;
#696 = DIRECTION ( 'NONE',  ( 1.000000000000000000, 0.000000000000000000, -0.000000000000000000 ) ) ;
#697 = CIRCLE ( 'NONE', #416, 3.999999999999993339 ) ;
#698 = ORIENTED_EDGE ( 'NONE', *, *, #2415, .T. ) ;
#699 = ORIENTED_EDGE ( 'NONE', *, *, #1570, .F. ) ;
#700 = FACE_OUTER_BOUND ( 'NONE', #2568, .T. ) ;
#701 = ORIENTED_EDGE ( 'NONE', *, *, #1695, .F. ) ;
#702 = CARTESIAN_POINT ( 'NONE',  ( -100.0000000000000568, 100.0000000000000284, 10.00000000000000000 ) ) ;
#703 = ADVANCED_FACE ( 'NONE', ( #3319 ), #1159, .F. ) ;
#704 = CARTESIAN_POINT ( 'NONE',  ( -296.0000000000000568, 200.0000000000000000, 10.00000000000000000 ) ) ;
#705 = CARTESIAN_POINT ( 'NONE',  ( -5.551115123125782702E-14, 200.0000000000000284, 10.00000000000000000 ) ) ;
#706 = AXIS2_PLACEMENT_3D ( 'NONE', #2273, #474, #1296 ) ;
#707 = DIRECTION ( 'NONE',  ( 0.000000000000000000, 0.000000000000000000, 1.000000000000000000 ) ) ;
#708 = DIRECTION ( 'NONE',  ( 0.000000000000000000, 0.000000000000000000, -1.000000000000000000 ) ) ;
#709 = DIRECTION ( 'NONE',  ( 0.000000000000000000, 0.000000000000000000, 1.000000000000000000 ) ) ;
#710 = DIRECTION ( 'NONE',  ( -0.000000000000000000, -0.000000000000000000, 1.000000000000000000 ) ) ;
#711 = ORIENTED_EDGE ( 'NONE', *, *, #3405, .F. ) ;
#712 = FACE_OUTER_BOUND ( 'NONE', #468, .T. ) ;
#713 = ORIENTED_EDGE ( 'NONE', *, *, #2428, .T. ) ;
#714 = ORIENTED_EDGE ( 'NONE', *, *, #2562, .F. ) ;
#715 = FACE_OUTER_BOUND ( 'NONE', #3085, .T. ) ;
#716 = EDGE_LOOP ( 'NONE', ( #2916, #1466 ) ) ;
#717 = CARTESIAN_POINT ( 'NONE',  ( -196.0000000000000568, -200.0000000000000000, 20.00000000000000000 ) ) ;
#718 = EDGE_LOOP ( 'NONE', ( #2403, #907 ) ) ;
#719 = EDGE_CURVE ( 'NONE', #210, #2171, #3302, .T. ) ;
#720 = EDGE_CURVE ( 'NONE', #2394, #1411, #1195, .T. ) ;
#721 = DIRECTION ( 'NONE',  ( -1.000000000000000000, -2.312964634635742957E-16, -0.000000000000000000 ) ) ;
#722 = DIRECTION ( 'NONE',  ( 1.000000000000000000, 0.000000000000000000, 0.000000000000000000 ) ) ;
#723 = AXIS2_PLACEMENT_3D ( 'NONE', #2617, #1825, #725 ) ;
#724 = CARTESIAN_POINT ( 'NONE',  ( -304.0000000000000568, 4.898587196589392121E-16, 20.00000000000000000 ) ) ;
#725 = DIRECTION ( 'NONE',  ( 1.000000000000000000, 0.000000000000000000, -0.000000000000000000 ) ) ;
#726 = CARTESIAN_POINT ( 'NONE',  ( -360.0000000000000568, 247.9999999999999432, 20.00000000000000000 ) ) ;
#727 = EDGE_LOOP ( 'NONE', ( #3290, #2392 ) ) ;
#728 = CARTESIAN_POINT ( 'NONE',  ( 99.99999999999992895, 100.0000000000000426, 10.00000000000000000 ) ) ;
#729 = CIRCLE ( 'NONE', #1291, 4.000000000000003553 ) ;
#730 = ORIENTED_EDGE ( 'NONE', *, *, #1966, .F. ) ;
#731 = EDGE_LOOP ( 'NONE', ( #1056, #2238 ) ) ;
#732 = DIRECTION ( 'NONE',  ( 0.000000000000000000, 0.000000000000000000, 1.000000000000000000 ) ) ;
#733 = EDGE_LOOP ( 'NONE', ( #663, #2704, #1241, #1658 ) ) ;
#734 = CARTESIAN_POINT ( 'NONE',  ( 299.9999999999999432, -99.99999999999997158, 20.00000000000000000 ) ) ;
#735 = ORIENTED_EDGE ( 'NONE', *, *, #1416, .F. ) ;
#736 = CIRCLE ( 'NONE', #2221, 3.999999999999989786 ) ;
#737 = ADVANCED_FACE ( 'NONE', ( #427 ), #3283, .F. ) ;
#738 = AXIS2_PLACEMENT_3D ( 'NONE', #1017, #2882, #3114 ) ;
#739 = EDGE_CURVE ( 'NONE', #2169, #1347, #2234, .T. ) ;
#740 = CARTESIAN_POINT ( 'NONE',  ( 203.9999999999999147, 200.0000000000000568, 10.00000000000000000 ) ) ;
#741 = EDGE_CURVE ( 'NONE', #2692, #1574, #2684, .T. ) ;
#742 = VERTEX_POINT ( 'NONE', #1697 ) ;
#743 = DIRECTION ( 'NONE',  ( 1.000000000000000000, 0.000000000000000000, -0.000000000000000000 ) ) ;
#744 = AXIS2_PLACEMENT_3D ( 'NONE', #2839, #3390, #459 ) ;
#745 = AXIS2_PLACEMENT_3D ( 'NONE', #2411, #520, #31 ) ;
#746 = LINE ( 'NONE', #1318, #1749 ) ;
#747 = CIRCLE ( 'NONE', #3137, 3.999999999999989786 ) ;
#748 = AXIS2_PLACEMENT_3D ( 'NONE', #3056, #899, #1957 ) ;
#749 = DIRECTION ( 'NONE',  ( 1.000000000000000000, 0.000000000000000000, 0.000000000000000000 ) ) ;
#750 = FACE_BOUND ( 'NONE', #235, .T. ) ;
#751 = ORIENTED_EDGE ( 'NONE', *, *, #160, .F. ) ;
#752 = ORIENTED_EDGE ( 'NONE', *, *, #3053, .T. ) ;
#753 = FACE_OUTER_BOUND ( 'NONE', #490, .T. ) ;
#754 = VERTEX_POINT ( 'NONE', #688 ) ;
#755 = CARTESIAN_POINT ( 'NONE',  ( 199.9999999999998863, 5.551115123125782702E-14, 10.00000000000000000 ) ) ;
#756 = EDGE_LOOP ( 'NONE', ( #3276, #153, #2442, #2678 ) ) ;
#757 = VECTOR ( 'NONE', #3167, 1000.000000000000000 ) ;
#758 = VERTEX_POINT ( 'NONE', #106 ) ;
#759 = CARTESIAN_POINT ( 'NONE',  ( 99.99999999999992895, -199.9999999999999432, 20.00000000000000000 ) ) ;
#760 = EDGE_CURVE ( 'NONE', #521, #944, #126, .T. ) ;
#761 = DIRECTION ( 'NONE',  ( 0.000000000000000000, 0.000000000000000000, 1.000000000000000000 ) ) ;
#762 = AXIS2_PLACEMENT_3D ( 'NONE', #1439, #636, #3057 ) ;
#763 = ADVANCED_FACE ( 'NONE', ( #920 ), #2753, .T. ) ;
#764 = CARTESIAN_POINT ( 'NONE',  ( 99.99999999999992895, -99.99999999999997158, 20.00000000000000000 ) ) ;
#765 = PLANE ( 'NONE',  #1032 ) ;
#766 = ADVANCED_FACE ( 'NONE', ( #2786 ), #971, .F. ) ;
#767 = ORIENTED_EDGE ( 'NONE', *, *, #915, .F. ) ;
#768 = ORIENTED_EDGE ( 'NONE', *, *, #2972, .F. ) ;
#769 = DIRECTION ( 'NONE',  ( 0.000000000000000000, 0.000000000000000000, -1.000000000000000000 ) ) ;
#770 = ORIENTED_EDGE ( 'NONE', *, *, #2240, .T. ) ;
#771 = CARTESIAN_POINT ( 'NONE',  ( 99.99999999999992895, -99.99999999999997158, 10.00000000000000000 ) ) ;
#772 = VECTOR ( 'NONE', #131, 1000.000000000000000 ) ;
#773 = ORIENTED_EDGE ( 'NONE', *, *, #868, .T. ) ;
#774 = VERTEX_POINT ( 'NONE', #409 ) ;
#775 = CARTESIAN_POINT ( 'NONE',  ( 95.99999999999992895, 5.600100995091676761E-14, 10.00000000000000000 ) ) ;
#776 = APPLICATION_CONTEXT ( 'automotive_design' ) ;
#777 = ADVANCED_FACE ( 'NONE', ( #2225 ), #2768, .T. ) ;
#778 = VECTOR ( 'NONE', #185, 1000.000000000000000 ) ;
#779 = FACE_OUTER_BOUND ( 'NONE', #271, .T. ) ;
#780 = DIRECTION ( 'NONE',  ( 1.000000000000000000, 0.000000000000000000, 0.000000000000000000 ) ) ;
#781 = EDGE_LOOP ( 'NONE', ( #2130, #1310, #965, #1792 ) ) ;
#782 = EDGE_CURVE ( 'NONE', #1864, #2070, #1215, .T. ) ;
#783 = EDGE_LOOP ( 'NONE', ( #2536, #1804 ) ) ;
#784 = FACE_OUTER_BOUND ( 'NONE', #999, .T. ) ;
#785 = ORIENTED_EDGE ( 'NONE', *, *, #387, .T. ) ;
#786 = CARTESIAN_POINT ( 'NONE',  ( 295.9999999999999432, 200.0000000000000568, 10.00000000000000000 ) ) ;
#787 = CIRCLE ( 'NONE', #3062, 2.000000000000000000 ) ;
#788 = ORIENTED_EDGE ( 'NONE', *, *, #1001, .F. ) ;
#789 = EDGE_LOOP ( 'NONE', ( #2096, #823 ) ) ;
#790 = AXIS2_PLACEMENT_3D ( 'NONE', #1201, #411, #2248 ) ;
#791 = EDGE_LOOP ( 'NONE', ( #2723, #3448, #770, #701 ) ) ;
#792 = CYLINDRICAL_SURFACE ( 'NONE', #560, 4.000000000000003553 ) ;
#793 = ORIENTED_EDGE ( 'NONE', *, *, #2305, .F. ) ;
#794 = CIRCLE ( 'NONE', #1956, 4.000000000000003553 ) ;
#795 = DIRECTION ( 'NONE',  ( 0.000000000000000000, 0.000000000000000000, 1.000000000000000000 ) ) ;
#796 = AXIS2_PLACEMENT_3D ( 'NONE', #1144, #668, #2733 ) ;
#797 = DIRECTION ( 'NONE',  ( -0.000000000000000000, -0.000000000000000000, 1.000000000000000000 ) ) ;
#798 = LINE ( 'NONE', #2129, #2682 ) ;
#799 = AXIS2_PLACEMENT_3D ( 'NONE', #320, #1683, #3287 ) ;
#800 = VERTEX_POINT ( 'NONE', #2841 ) ;
#801 = EDGE_LOOP ( 'NONE', ( #2312, #1869, #191, #500 ) ) ;
#802 = CARTESIAN_POINT ( 'NONE',  ( -204.0000000000000568, 200.0000000000000000, 10.00000000000000000 ) ) ;
#803 = EDGE_CURVE ( 'NONE', #774, #1707, #1140, .T. ) ;
#804 = ORIENTED_EDGE ( 'NONE', *, *, #1062, .F. ) ;
#805 = DIRECTION ( 'NONE',  ( 0.000000000000000000, 0.000000000000000000, -1.000000000000000000 ) ) ;
#806 = ORIENTED_EDGE ( 'NONE', *, *, #1765, .T. ) ;
#807 = CARTESIAN_POINT ( 'NONE',  ( -200.0000000000000568, 0.000000000000000000, 10.00000000000000000 ) ) ;
#808 = AXIS2_PLACEMENT_3D ( 'NONE', #2369, #493, #2106 ) ;
#809 = ORIENTED_EDGE ( 'NONE', *, *, #1612, .T. ) ;
#810 = ORIENTED_EDGE ( 'NONE', *, *, #2562, .T. ) ;
#811 = FACE_OUTER_BOUND ( 'NONE', #1080, .T. ) ;
#812 = EDGE_CURVE ( 'NONE', #206, #526, #2563, .T. ) ;
#813 = ORIENTED_EDGE ( 'NONE', *, *, #3235, .F. ) ;
#814 = EDGE_CURVE ( 'NONE', #2662, #825, #1252, .T. ) ;
#815 = DIRECTION ( 'NONE',  ( 1.000000000000000000, 0.000000000000000000, 0.000000000000000000 ) ) ;
#816 = CARTESIAN_POINT ( 'NONE',  ( -200.0000000000000568, 100.0000000000000142, 20.00000000000000000 ) ) ;
#817 = CARTESIAN_POINT ( 'NONE',  ( 195.9999999999998863, 5.600100995091676761E-14, 10.00000000000000000 ) ) ;
#818 = VECTOR ( 'NONE', #2145, 1000.000000000000000 ) ;
#819 = ORIENTED_EDGE ( 'NONE', *, *, #1954, .F. ) ;
#820 = DIRECTION ( 'NONE',  ( -0.000000000000000000, -0.000000000000000000, 1.000000000000000000 ) ) ;
#821 = DIRECTION ( 'NONE',  ( 1.000000000000000000, 0.000000000000000000, 0.000000000000000000 ) ) ;
#822 = AXIS2_PLACEMENT_3D ( 'NONE', #2540, #1504, #1003 ) ;
#823 = ORIENTED_EDGE ( 'NONE', *, *, #265, .F. ) ;
#824 = LINE ( 'NONE', #2040, #3399 ) ;
#825 = VERTEX_POINT ( 'NONE', #2091 ) ;
#826 = CARTESIAN_POINT ( 'NONE',  ( -5.551115123125782702E-14, -99.99999999999997158, 10.00000000000000000 ) ) ;
#827 = ORIENTED_EDGE ( 'NONE', *, *, #288, .T. ) ;
#828 = DIRECTION ( 'NONE',  ( 0.000000000000000000, 0.000000000000000000, 1.000000000000000000 ) ) ;
#829 = EDGE_CURVE ( 'NONE', #2620, #65, #3159, .T. ) ;
#830 = AXIS2_PLACEMENT_3D ( 'NONE', #143, #1972, #631 ) ;
#831 = EDGE_CURVE ( 'NONE', #535, #2016, #2582, .T. ) ;
#832 = DIRECTION ( 'NONE',  ( 0.000000000000000000, 0.000000000000000000, 1.000000000000000000 ) ) ;
#833 = LINE ( 'NONE', #75, #1334 ) ;
#834 = LINE ( 'NONE', #3444, #2792 ) ;
#835 = CARTESIAN_POINT ( 'NONE',  ( -358.0000000000000568, -248.0000000000001137, 18.00000000000000355 ) ) ;
#836 = AXIS2_PLACEMENT_3D ( 'NONE', #1272, #1289, #1255 ) ;
#837 = CARTESIAN_POINT ( 'NONE',  ( 299.9999999999999432, 200.0000000000000568, 20.00000000000000000 ) ) ;
#838 = CARTESIAN_POINT ( 'NONE',  ( 203.9999999999999147, 5.551115123125782702E-14, 10.00000000000000000 ) ) ;
#839 = ORIENTED_EDGE ( 'NONE', *, *, #2944, .T. ) ;
#840 = CARTESIAN_POINT ( 'NONE',  ( -358.0000000000000568, -248.0000000000001137, 18.00000000000000355 ) ) ;
#841 = ORIENTED_EDGE ( 'NONE', *, *, #2944, .F. ) ;
#842 = CARTESIAN_POINT ( 'NONE',  ( -200.0000000000000568, -100.0000000000000284, 10.00000000000000000 ) ) ;
#843 = VERTEX_POINT ( 'NONE', #3391 ) ;
#844 = VECTOR ( 'NONE', #2172, 1000.000000000000000 ) ;
#845 = FACE_OUTER_BOUND ( 'NONE', #3365, .T. ) ;
#846 = AXIS2_PLACEMENT_3D ( 'NONE', #2180, #2718, #2955 ) ;
#847 = ADVANCED_FACE ( 'NONE', ( #990 ), #1057, .T. ) ;
#848 = EDGE_CURVE ( 'NONE', #2364, #1051, #689, .T. ) ;
#849 = CARTESIAN_POINT ( 'NONE',  ( -100.0000000000000568, 2.775557561562891351E-14, 10.00000000000000000 ) ) ;
#850 = AXIS2_PLACEMENT_3D ( 'NONE', #728, #943, #2232 ) ;
#851 = AXIS2_PLACEMENT_3D ( 'NONE', #1000, #3136, #2084 ) ;
#852 = DIRECTION ( 'NONE',  ( -0.000000000000000000, -0.000000000000000000, 1.000000000000000000 ) ) ;
#853 = DIRECTION ( 'NONE',  ( 1.000000000000000000, 0.000000000000000000, 0.000000000000000000 ) ) ;
#854 = AXIS2_PLACEMENT_3D ( 'NONE', #759, #2875, #1026 ) ;
#855 = DIRECTION ( 'NONE',  ( 1.000000000000000000, 0.000000000000000000, 0.000000000000000000 ) ) ;
#856 = CARTESIAN_POINT ( 'NONE',  ( -200.0000000000000568, 0.000000000000000000, 20.00000000000000000 ) ) ;
#857 = CIRCLE ( 'NONE', #1802, 4.000000000000003553 ) ;
#858 = VERTEX_POINT ( 'NONE', #2631 ) ;
#859 = LINE ( 'NONE', #604, #3038 ) ;
#860 = AXIS2_PLACEMENT_3D ( 'NONE', #1811, #1496, #2566 ) ;
#861 = EDGE_LOOP ( 'NONE', ( #255, #1830 ) ) ;
#862 = DIRECTION ( 'NONE',  ( 1.000000000000000000, 0.000000000000000000, 0.000000000000000000 ) ) ;
#863 = VERTEX_POINT ( 'NONE', #1769 ) ;
#864 = DIRECTION ( 'NONE',  ( -0.000000000000000000, 1.000000000000000000, -0.000000000000000000 ) ) ;
#865 = FACE_OUTER_BOUND ( 'NONE', #1886, .T. ) ;
#866 = EDGE_CURVE ( 'NONE', #754, #1054, #746, .T. ) ;
#867 = CARTESIAN_POINT ( 'NONE',  ( -200.0000000000000568, -100.0000000000000284, 10.00000000000000000 ) ) ;
#868 = EDGE_CURVE ( 'NONE', #1997, #605, #1581, .T. ) ;
#869 = CARTESIAN_POINT ( 'NONE',  ( 195.9999999999998863, 5.600100995091676761E-14, 20.00000000000000000 ) ) ;
#870 = EDGE_CURVE ( 'NONE', #2171, #2692, #200, .T. ) ;
#871 = FACE_OUTER_BOUND ( 'NONE', #2500, .T. ) ;
#872 = CARTESIAN_POINT ( 'NONE',  ( -196.0000000000000568, -100.0000000000000284, 10.00000000000000000 ) ) ;
#873 = CARTESIAN_POINT ( 'NONE',  ( 3.999999999999937828, 200.0000000000000284, 20.00000000000000000 ) ) ;
#874 = PLANE ( 'NONE',  #647 ) ;
#875 = ORIENTED_EDGE ( 'NONE', *, *, #1399, .F. ) ;
#876 = ORIENTED_EDGE ( 'NONE', *, *, #584, .F. ) ;
#877 = FACE_OUTER_BOUND ( 'NONE', #1964, .T. ) ;
#878 = AXIS2_PLACEMENT_3D ( 'NONE', #3400, #2869, #3101 ) ;
#879 = VERTEX_POINT ( 'NONE', #1304 ) ;
#880 = PRESENTATION_STYLE_ASSIGNMENT (( #1472 ) ) ;
#881 = DIRECTION ( 'NONE',  ( -1.000000000000000000, -0.000000000000000000, -0.000000000000000000 ) ) ;
#882 = DIRECTION ( 'NONE',  ( 1.000000000000000000, 0.000000000000000000, 0.000000000000000000 ) ) ;
#883 = EDGE_CURVE ( 'NONE', #1317, #190, #1253, .T. ) ;
#884 = LINE ( 'NONE', #286, #1794 ) ;
#885 = DIRECTION ( 'NONE',  ( 1.000000000000000000, 0.000000000000000000, 0.000000000000000000 ) ) ;
#886 = CARTESIAN_POINT ( 'NONE',  ( 299.9999999999999432, 5.551115123125782702E-14, 10.00000000000000000 ) ) ;
#887 = CYLINDRICAL_SURFACE ( 'NONE', #418, 2.000000000000001776 ) ;
#888 = EDGE_CURVE ( 'NONE', #3379, #1690, #2060, .T. ) ;
#889 = CARTESIAN_POINT ( 'NONE',  ( 299.9999999999999432, -99.99999999999997158, 10.00000000000000000 ) ) ;
#890 = ORIENTED_EDGE ( 'NONE', *, *, #1709, .F. ) ;
#891 = VERTEX_POINT ( 'NONE', #2876 ) ;
#892 = CARTESIAN_POINT ( 'NONE',  ( -5.551115123125782702E-14, -99.99999999999997158, 10.00000000000000000 ) ) ;
#893 = CIRCLE ( 'NONE', #3169, 3.999999999999993339 ) ;
#894 = ORIENTED_EDGE ( 'NONE', *, *, #1354, .T. ) ;
#895 = CARTESIAN_POINT ( 'NONE',  ( -200.0000000000000568, 0.000000000000000000, 20.00000000000000000 ) ) ;
#896 = DIRECTION ( 'NONE',  ( 0.000000000000000000, 0.000000000000000000, 1.000000000000000000 ) ) ;
#897 = AXIS2_PLACEMENT_3D ( 'NONE', #3049, #2483, #140 ) ;
#898 = CYLINDRICAL_SURFACE ( 'NONE', #3247, 4.000000000000003553 ) ;
#899 = DIRECTION ( 'NONE',  ( -0.000000000000000000, -0.000000000000000000, 1.000000000000000000 ) ) ;
#900 = CIRCLE ( 'NONE', #1177, 4.000000000000003553 ) ;
#901 = CIRCLE ( 'NONE', #762, 4.000000000000003553 ) ;
#902 = DIRECTION ( 'NONE',  ( 1.000000000000000000, 0.000000000000000000, 0.000000000000000000 ) ) ;
#903 = CARTESIAN_POINT ( 'NONE',  ( 99.99999999999992895, 200.0000000000000568, 10.00000000000000000 ) ) ;
#904 = CARTESIAN_POINT ( 'NONE',  ( -300.0000000000000568, 100.0000000000000000, 10.00000000000000000 ) ) ;
#905 = DIRECTION ( 'NONE',  ( 1.000000000000000000, 0.000000000000000000, 0.000000000000000000 ) ) ;
#906 = DIRECTION ( 'NONE',  ( 0.000000000000000000, 0.000000000000000000, 1.000000000000000000 ) ) ;
#907 = ORIENTED_EDGE ( 'NONE', *, *, #2972, .T. ) ;
#908 = CIRCLE ( 'NONE', #684, 3.999999999999989786 ) ;
#909 = EDGE_CURVE ( 'NONE', #2977, #1221, #2456, .T. ) ;
#910 = EDGE_LOOP ( 'NONE', ( #1396, #962, #2310, #98 ) ) ;
#911 = FACE_OUTER_BOUND ( 'NONE', #1587, .T. ) ;
#912 = ORIENTED_EDGE ( 'NONE', *, *, #2818, .F. ) ;
#913 = FACE_OUTER_BOUND ( 'NONE', #1277, .T. ) ;
#914 = VECTOR ( 'NONE', #2703, 1000.000000000000000 ) ;
#915 = EDGE_CURVE ( 'NONE', #198, #2706, #3410, .T. ) ;
#916 = CIRCLE ( 'NONE', #2853, 4.000000000000003553 ) ;
#917 = EDGE_CURVE ( 'NONE', #236, #2013, #1415, .T. ) ;
#918 = DIRECTION ( 'NONE',  ( 1.000000000000000000, 0.000000000000000000, 0.000000000000000000 ) ) ;
#919 = CARTESIAN_POINT ( 'NONE',  ( 203.9999999999999147, -99.99999999999997158, 10.00000000000000000 ) ) ;
#920 = FACE_OUTER_BOUND ( 'NONE', #2864, .T. ) ;
#921 = CYLINDRICAL_SURFACE ( 'NONE', #2924, 4.000000000000003553 ) ;
#922 = DIRECTION ( 'NONE',  ( 1.000000000000000000, 0.000000000000000000, 0.000000000000000000 ) ) ;
#923 = CYLINDRICAL_SURFACE ( 'NONE', #1914, 3.999999999999989786 ) ;
#924 = CYLINDRICAL_SURFACE ( 'NONE', #3164, 3.999999999999989786 ) ;
#925 = CARTESIAN_POINT ( 'NONE',  ( 359.9999999999999432, -247.9999999999999432, 18.00000000000000355 ) ) ;
#926 = ORIENTED_EDGE ( 'NONE', *, *, #1939, .F. ) ;
#927 = VERTEX_POINT ( 'NONE', #724 ) ;
#928 = CARTESIAN_POINT ( 'NONE',  ( -5.551115123125782702E-14, 200.0000000000000284, 10.00000000000000000 ) ) ;
#929 = ORIENTED_EDGE ( 'NONE', *, *, #2449, .F. ) ;
#930 = FILL_AREA_STYLE_COLOUR ( '', #2716 ) ;
#931 = AXIS2_PLACEMENT_3D ( 'NONE', #849, #2699, #1909 ) ;
#932 = AXIS2_PLACEMENT_3D ( 'NONE', #2263, #1992, #672 ) ;
#933 = AXIS2_PLACEMENT_3D ( 'NONE', #2992, #1426, #2199 ) ;
#934 = DIRECTION ( 'NONE',  ( 0.000000000000000000, 0.000000000000000000, 1.000000000000000000 ) ) ;
#935 = EDGE_CURVE ( 'NONE', #858, #544, #1031, .T. ) ;
#936 = ADVANCED_FACE ( 'NONE', ( #1271 ), #3428, .F. ) ;
#937 = CARTESIAN_POINT ( 'NONE',  ( -5.551115123125782702E-14, 2.775557561562891351E-14, 10.00000000000000000 ) ) ;
#938 = DIRECTION ( 'NONE',  ( 1.000000000000000000, 0.000000000000000000, -0.000000000000000000 ) ) ;
#939 = DIRECTION ( 'NONE',  ( 0.000000000000000000, 0.000000000000000000, 1.000000000000000000 ) ) ;
#940 = DIRECTION ( 'NONE',  ( 0.000000000000000000, 0.000000000000000000, 1.000000000000000000 ) ) ;
#941 = FACE_BOUND ( 'NONE', #678, .T. ) ;
#942 = CARTESIAN_POINT ( 'NONE',  ( 103.9999999999999147, 200.0000000000000568, 20.00000000000000000 ) ) ;
#943 = DIRECTION ( 'NONE',  ( -0.000000000000000000, -0.000000000000000000, 1.000000000000000000 ) ) ;
#944 = VERTEX_POINT ( 'NONE', #3217 ) ;
#945 = VERTEX_POINT ( 'NONE', #3251 ) ;
#946 = CYLINDRICAL_SURFACE ( 'NONE', #246, 3.999999999999989786 ) ;
#947 = VERTEX_POINT ( 'NONE', #2713 ) ;
#948 = FACE_OUTER_BOUND ( 'NONE', #1656, .T. ) ;
#949 = CARTESIAN_POINT ( 'NONE',  ( -296.0000000000000568, 100.0000000000000000, 20.00000000000000000 ) ) ;
#950 = DIRECTION ( 'NONE',  ( 0.000000000000000000, 0.000000000000000000, 1.000000000000000000 ) ) ;
#951 = EDGE_CURVE ( 'NONE', #519, #1041, #2435, .T. ) ;
#952 = EDGE_CURVE ( 'NONE', #927, #1280, #2920, .T. ) ;
#953 = CIRCLE ( 'NONE', #3284, 3.999999999999989786 ) ;
#954 = CARTESIAN_POINT ( 'NONE',  ( -5.551115123125782702E-14, 100.0000000000000284, 10.00000000000000000 ) ) ;
#955 = VECTOR ( 'NONE', #129, 1000.000000000000000 ) ;
#956 = CARTESIAN_POINT ( 'NONE',  ( 295.9999999999999432, 100.0000000000000711, 20.00000000000000000 ) ) ;
#957 = CARTESIAN_POINT ( 'NONE',  ( 195.9999999999998863, -199.9999999999999432, 10.00000000000000000 ) ) ;
#958 = DIRECTION ( 'NONE',  ( 1.000000000000000000, 0.000000000000000000, -0.000000000000000000 ) ) ;
#959 = ORIENTED_EDGE ( 'NONE', *, *, #1637, .F. ) ;
#960 = CARTESIAN_POINT ( 'NONE',  ( 295.9999999999999432, 5.600100995091676761E-14, 10.00000000000000000 ) ) ;
#961 = CIRCLE ( 'NONE', #2561, 3.999999999999993339 ) ;
#962 = ORIENTED_EDGE ( 'NONE', *, *, #2628, .F. ) ;
#963 = ORIENTED_EDGE ( 'NONE', *, *, #1030, .F. ) ;
#964 = FACE_OUTER_BOUND ( 'NONE', #2626, .T. ) ;
#965 = ORIENTED_EDGE ( 'NONE', *, *, #2628, .T. ) ;
#966 = CARTESIAN_POINT ( 'NONE',  ( 199.9999999999998863, -99.99999999999997158, 10.00000000000000000 ) ) ;
#967 = VECTOR ( 'NONE', #3204, 1000.000000000000000 ) ;
#968 = SPHERICAL_SURFACE ( 'NONE', #1599, 2.000000000000000000 ) ;
#969 = DIRECTION ( 'NONE',  ( 0.000000000000000000, 0.000000000000000000, 1.000000000000000000 ) ) ;
#970 = CIRCLE ( 'NONE', #1856, 3.999999999999993339 ) ;
#971 = CYLINDRICAL_SURFACE ( 'NONE', #3252, 4.000000000000003553 ) ;
#972 = AXIS2_PLACEMENT_3D ( 'NONE', #2336, #3371, #2042 ) ;
#973 = CARTESIAN_POINT ( 'NONE',  ( -196.0000000000000568, 200.0000000000000000, 20.00000000000000000 ) ) ;
#974 = CARTESIAN_POINT ( 'NONE',  ( -358.0000000000000568, 247.9999999999999432, 18.00000000000000355 ) ) ;
#975 = LINE ( 'NONE', #1790, #2515 ) ;
#976 = VERTEX_POINT ( 'NONE', #530 ) ;
#977 = CARTESIAN_POINT ( 'NONE',  ( -296.0000000000000568, -100.0000000000000284, 10.00000000000000000 ) ) ;
#978 = ADVANCED_FACE ( 'NONE', ( #865 ), #1333, .F. ) ;
#979 = ORIENTED_EDGE ( 'NONE', *, *, #1084, .T. ) ;
#980 = EDGE_CURVE ( 'NONE', #758, #2603, #2751, .T. ) ;
#981 = EDGE_LOOP ( 'NONE', ( #1795, #1866, #752, #773 ) ) ;
#982 = CARTESIAN_POINT ( 'NONE',  ( -4.000000000000048850, 2.824543433528785410E-14, 10.00000000000000000 ) ) ;
#983 = EDGE_LOOP ( 'NONE', ( #3434, #2638, #2829, #1624 ) ) ;
#984 = CARTESIAN_POINT ( 'NONE',  ( -5.551115123125782702E-14, -199.9999999999999432, 10.00000000000000000 ) ) ;
#985 = ORIENTED_EDGE ( 'NONE', *, *, #980, .T. ) ;
#986 = AXIS2_PLACEMENT_3D ( 'NONE', #1855, #1385, #56 ) ;
#987 = CARTESIAN_POINT ( 'NONE',  ( 99.99999999999992895, 5.551115123125782702E-14, 10.00000000000000000 ) ) ;
#988 = FACE_OUTER_BOUND ( 'NONE', #2745, .T. ) ;
#989 = AXIS2_PLACEMENT_3D ( 'NONE', #3091, #1513, #1770 ) ;
#990 = FACE_OUTER_BOUND ( 'NONE', #1880, .T. ) ;
#991 = AXIS2_PLACEMENT_3D ( 'NONE', #274, #3349, #1767 ) ;
#992 = DIRECTION ( 'NONE',  ( 0.000000000000000000, 0.000000000000000000, 1.000000000000000000 ) ) ;
#993 = DIRECTION ( 'NONE',  ( 1.000000000000000000, 0.000000000000000000, 0.000000000000000000 ) ) ;
#994 = EDGE_CURVE ( 'NONE', #277, #2133, #1400, .T. ) ;
#995 = EDGE_LOOP ( 'NONE', ( #2015, #436 ) ) ;
#996 = CARTESIAN_POINT ( 'NONE',  ( 95.99999999999992895, -199.9999999999999432, 20.00000000000000000 ) ) ;
#997 = VECTOR ( 'NONE', #382, 1000.000000000000000 ) ;
#998 = ORIENTED_EDGE ( 'NONE', *, *, #1634, .F. ) ;
#999 = EDGE_LOOP ( 'NONE', ( #456, #1775 ) ) ;
#1000 = CARTESIAN_POINT ( 'NONE',  ( 357.9999999999999432, -247.9999999999999432, 18.00000000000000355 ) ) ;
#1001 = EDGE_CURVE ( 'NONE', #605, #1997, #2469, .T. ) ;
#1002 = ORIENTED_EDGE ( 'NONE', *, *, #2385, .T. ) ;
#1003 = DIRECTION ( 'NONE',  ( 1.000000000000000000, 0.000000000000000000, 0.000000000000000000 ) ) ;
#1004 = EDGE_CURVE ( 'NONE', #2995, #1347, #546, .T. ) ;
#1005 = EDGE_LOOP ( 'NONE', ( #1812, #2308, #2539, #2596 ) ) ;
#1006 = CARTESIAN_POINT ( 'NONE',  ( -358.0000000000000568, -248.0000000000001137, 1.999999999999998224 ) ) ;
#1007 = VERTEX_POINT ( 'NONE', #2663 ) ;
#1008 = DIRECTION ( 'NONE',  ( -0.000000000000000000, 1.000000000000000000, -0.000000000000000000 ) ) ;
#1009 = VECTOR ( 'NONE', #3392, 1000.000000000000000 ) ;
#1010 = DIRECTION ( 'NONE',  ( 0.000000000000000000, 0.000000000000000000, -1.000000000000000000 ) ) ;
#1011 = CIRCLE ( 'NONE', #1563, 4.000000000000003553 ) ;
#1012 = CYLINDRICAL_SURFACE ( 'NONE', #1782, 2.000000000000001776 ) ;
#1013 = FACE_BOUND ( 'NONE', #279, .T. ) ;
#1014 = AXIS2_PLACEMENT_3D ( 'NONE', #2283, #3305, #3356 ) ;
#1015 = EDGE_LOOP ( 'NONE', ( #3095, #2727 ) ) ;
#1016 = ORIENTED_EDGE ( 'NONE', *, *, #1316, .F. ) ;
#1017 = CARTESIAN_POINT ( 'NONE',  ( -100.0000000000000568, 2.775557561562891351E-14, 20.00000000000000000 ) ) ;
#1018 = ORIENTED_EDGE ( 'NONE', *, *, #2645, .F. ) ;
#1019 = DIRECTION ( 'NONE',  ( 1.000000000000000000, 0.000000000000000000, 0.000000000000000000 ) ) ;
#1020 = ORIENTED_EDGE ( 'NONE', *, *, #883, .T. ) ;
#1021 = EDGE_CURVE ( 'NONE', #1690, #476, #363, .T. ) ;
#1022 = AXIS2_PLACEMENT_3D ( 'NONE', #3324, #1759, #393 ) ;
#1023 = AXIS2_PLACEMENT_3D ( 'NONE', #835, #2973, #270 ) ;
#1024 = VERTEX_POINT ( 'NONE', #316 ) ;
#1025 = EDGE_CURVE ( 'NONE', #519, #2125, #3037, .T. ) ;
#1026 = DIRECTION ( 'NONE',  ( 1.000000000000000000, 0.000000000000000000, 0.000000000000000000 ) ) ;
#1027 = AXIS2_PLACEMENT_3D ( 'NONE', #1561, #2399, #21 ) ;
#1028 = EDGE_CURVE ( 'NONE', #2831, #1431, #1424, .T. ) ;
#1029 = AXIS2_PLACEMENT_3D ( 'NONE', #1082, #2135, #553 ) ;
#1030 = EDGE_CURVE ( 'NONE', #1965, #99, #646, .T. ) ;
#1031 = LINE ( 'NONE', #1788, #1733 ) ;
#1032 = AXIS2_PLACEMENT_3D ( 'NONE', #2951, #1838, #218 ) ;
#1033 = AXIS2_PLACEMENT_3D ( 'NONE', #151, #1220, #2268 ) ;
#1034 = DIRECTION ( 'NONE',  ( 1.000000000000000000, 2.312964634635742957E-16, 0.000000000000000000 ) ) ;
#1035 = CARTESIAN_POINT ( 'NONE',  ( -100.0000000000000568, 200.0000000000000284, 10.00000000000000000 ) ) ;
#1036 = EDGE_LOOP ( 'NONE', ( #1278, #2151 ) ) ;
#1037 = ORIENTED_EDGE ( 'NONE', *, *, #3147, .F. ) ;
#1038 = DIRECTION ( 'NONE',  ( 1.000000000000000000, 0.000000000000000000, 0.000000000000000000 ) ) ;
#1039 = VERTEX_POINT ( 'NONE', #1628 ) ;
#1040 = DIRECTION ( 'NONE',  ( -0.000000000000000000, -0.000000000000000000, 1.000000000000000000 ) ) ;
#1041 = VERTEX_POINT ( 'NONE', #266 ) ;
#1042 = AXIS2_PLACEMENT_3D ( 'NONE', #1937, #1137, #1380 ) ;
#1043 = ORIENTED_EDGE ( 'NONE', *, *, #1848, .F. ) ;
#1044 = DIRECTION ( 'NONE',  ( -0.000000000000000000, -0.000000000000000000, 1.000000000000000000 ) ) ;
#1045 = ADVANCED_FACE ( 'NONE', ( #2127 ), #2190, .F. ) ;
#1046 = CARTESIAN_POINT ( 'NONE',  ( -5.551115123125782702E-14, 100.0000000000000284, 20.00000000000000000 ) ) ;
#1047 = DIRECTION ( 'NONE',  ( 0.000000000000000000, 0.000000000000000000, 1.000000000000000000 ) ) ;
#1048 = ORIENTED_EDGE ( 'NONE', *, *, #1739, .T. ) ;
#1049 = ORIENTED_EDGE ( 'NONE', *, *, #2969, .F. ) ;
#1050 = CARTESIAN_POINT ( 'NONE',  ( -5.551115123125782702E-14, -199.9999999999999432, 20.00000000000000000 ) ) ;
#1051 = VERTEX_POINT ( 'NONE', #1352 ) ;
#1052 = DIRECTION ( 'NONE',  ( 0.000000000000000000, 0.000000000000000000, 1.000000000000000000 ) ) ;
#1053 = ORIENTED_EDGE ( 'NONE', *, *, #3122, .T. ) ;
#1054 = VERTEX_POINT ( 'NONE', #3197 ) ;
#1055 = DIRECTION ( 'NONE',  ( 1.000000000000000000, 0.000000000000000000, 0.000000000000000000 ) ) ;
#1056 = ORIENTED_EDGE ( 'NONE', *, *, #2857, .F. ) ;
#1057 = CYLINDRICAL_SURFACE ( 'NONE', #808, 1.999999999999974021 ) ;
#1058 = EDGE_CURVE ( 'NONE', #2574, #1322, #1543, .T. ) ;
#1059 = LINE ( 'NONE', #3443, #1009 ) ;
#1060 = CARTESIAN_POINT ( 'NONE',  ( -358.0000000000000568, 247.9999999999999432, 20.00000000000000000 ) ) ;
#1061 = ORIENTED_EDGE ( 'NONE', *, *, #952, .F. ) ;
#1062 = EDGE_CURVE ( 'NONE', #241, #863, #2405, .T. ) ;
#1063 = ORIENTED_EDGE ( 'NONE', *, *, #1212, .T. ) ;
#1064 = DIRECTION ( 'NONE',  ( 1.000000000000000000, 0.000000000000000000, 0.000000000000000000 ) ) ;
#1065 = ORIENTED_EDGE ( 'NONE', *, *, #584, .T. ) ;
#1066 = DIRECTION ( 'NONE',  ( 1.000000000000000000, 0.000000000000000000, 0.000000000000000000 ) ) ;
#1067 = VECTOR ( 'NONE', #1943, 1000.000000000000000 ) ;
#1068 = ORIENTED_EDGE ( 'NONE', *, *, #2278, .F. ) ;
#1069 = LINE ( 'NONE', #704, #384 ) ;
#1070 = EDGE_LOOP ( 'NONE', ( #1500, #2592 ) ) ;
#1071 = ORIENTED_EDGE ( 'NONE', *, *, #952, .T. ) ;
#1072 = CARTESIAN_POINT ( 'NONE',  ( 199.9999999999998863, -99.99999999999997158, 10.00000000000000000 ) ) ;
#1073 = EDGE_LOOP ( 'NONE', ( #682, #1362, #3064, #2390 ) ) ;
#1074 = CARTESIAN_POINT ( 'NONE',  ( 299.9999999999999432, -199.9999999999999432, 20.00000000000000000 ) ) ;
#1075 = CIRCLE ( 'NONE', #1467, 3.999999999999993339 ) ;
#1076 = CARTESIAN_POINT ( 'NONE',  ( -300.0000000000000568, 200.0000000000000000, 10.00000000000000000 ) ) ;
#1077 = AXIS2_PLACEMENT_3D ( 'NONE', #755, #1040, #683 ) ;
#1078 = ORIENTED_EDGE ( 'NONE', *, *, #1490, .T. ) ;
#1079 = CARTESIAN_POINT ( 'NONE',  ( 357.9999999999999432, -247.9999999999999432, 18.00000000000000355 ) ) ;
#1080 = EDGE_LOOP ( 'NONE', ( #1152, #1048 ) ) ;
#1081 = DIRECTION ( 'NONE',  ( 1.000000000000000000, 0.000000000000000000, 0.000000000000000000 ) ) ;
#1082 = CARTESIAN_POINT ( 'NONE',  ( -5.551115123125782702E-14, 100.0000000000000284, 10.00000000000000000 ) ) ;
#1083 = ORIENTED_EDGE ( 'NONE', *, *, #3405, .T. ) ;
#1084 = EDGE_CURVE ( 'NONE', #589, #644, #908, .T. ) ;
#1085 = FACE_OUTER_BOUND ( 'NONE', #1938, .T. ) ;
#1086 = ADVANCED_FACE ( 'NONE', ( #1875 ), #1093, .T. ) ;
#1087 = VERTEX_POINT ( 'NONE', #1941 ) ;
#1088 = DIRECTION ( 'NONE',  ( 1.000000000000000000, 0.000000000000000000, 0.000000000000000000 ) ) ;
#1089 = ORIENTED_EDGE ( 'NONE', *, *, #181, .T. ) ;
#1090 = DIRECTION ( 'NONE',  ( 1.000000000000000000, 0.000000000000000000, 0.000000000000000000 ) ) ;
#1091 = ORIENTED_EDGE ( 'NONE', *, *, #9, .T. ) ;
#1092 = AXIS2_PLACEMENT_3D ( 'NONE', #2098, #3417, #487 ) ;
#1093 = PLANE ( 'NONE',  #1852 ) ;
#1094 = PRODUCT_CONTEXT ( 'NONE', #776, 'mechanical' ) ;
#1095 = CARTESIAN_POINT ( 'NONE',  ( 203.9999999999999147, -199.9999999999999432, 20.00000000000000000 ) ) ;
#1096 = VECTOR ( 'NONE', #357, 1000.000000000000000 ) ;
#1097 = DIRECTION ( 'NONE',  ( 0.000000000000000000, 0.000000000000000000, 1.000000000000000000 ) ) ;
#1098 = CARTESIAN_POINT ( 'NONE',  ( -104.0000000000000568, 2.824543433528785410E-14, 10.00000000000000000 ) ) ;
#1099 = DIRECTION ( 'NONE',  ( 0.000000000000000000, 0.000000000000000000, 1.000000000000000000 ) ) ;
#1100 = ORIENTED_EDGE ( 'NONE', *, *, #915, .T. ) ;
#1101 = CARTESIAN_POINT ( 'NONE',  ( 199.9999999999998863, 200.0000000000000568, 10.00000000000000000 ) ) ;
#1102 = ADVANCED_FACE ( 'NONE', ( #331 ), #898, .F. ) ;
#1103 = ORIENTED_EDGE ( 'NONE', *, *, #1299, .T. ) ;
#1104 = DIRECTION ( 'NONE',  ( 0.000000000000000000, 0.000000000000000000, 1.000000000000000000 ) ) ;
#1105 = EDGE_CURVE ( 'NONE', #20, #891, #3002, .T. ) ;
#1106 = VERTEX_POINT ( 'NONE', #2714 ) ;
#1107 = FACE_OUTER_BOUND ( 'NONE', #1005, .T. ) ;
#1108 = CARTESIAN_POINT ( 'NONE',  ( 99.99999999999992895, -199.9999999999999432, 20.00000000000000000 ) ) ;
#1109 = DIRECTION ( 'NONE',  ( -0.000000000000000000, -0.000000000000000000, 1.000000000000000000 ) ) ;
#1110 = CIRCLE ( 'NONE', #665, 2.000000000000000000 ) ;
#1111 = VECTOR ( 'NONE', #2950, 1000.000000000000000 ) ;
#1112 = CYLINDRICAL_SURFACE ( 'NONE', #2729, 3.999999999999989786 ) ;
#1113 = DIRECTION ( 'NONE',  ( 0.000000000000000000, 0.000000000000000000, 1.000000000000000000 ) ) ;
#1114 = CARTESIAN_POINT ( 'NONE',  ( -358.0000000000000568, -250.0000000000001137, 18.00000000000000355 ) ) ;
#1115 = ORIENTED_EDGE ( 'NONE', *, *, #1630, .F. ) ;
#1116 = DIRECTION ( 'NONE',  ( 1.000000000000000000, 0.000000000000000000, 0.000000000000000000 ) ) ;
#1117 = EDGE_LOOP ( 'NONE', ( #2903, #2416 ) ) ;
#1118 = FACE_OUTER_BOUND ( 'NONE', #358, .T. ) ;
#1119 = EDGE_LOOP ( 'NONE', ( #2362, #2400, #2522, #2219 ) ) ;
#1120 = PRESENTATION_LAYER_ASSIGNMENT (  '', '', ( #2108 ) ) ;
#1121 = DIRECTION ( 'NONE',  ( 0.000000000000000000, 0.000000000000000000, 1.000000000000000000 ) ) ;
#1122 = ADVANCED_FACE ( 'NONE', ( #3332 ), #2191, .F. ) ;
#1123 = VECTOR ( 'NONE', #2028, 1000.000000000000000 ) ;
#1124 = CARTESIAN_POINT ( 'NONE',  ( -300.0000000000000568, 0.000000000000000000, 20.00000000000000000 ) ) ;
#1125 = EDGE_CURVE ( 'NONE', #879, #2167, #2486, .T. ) ;
#1126 = ADVANCED_FACE ( 'NONE', ( #2206 ), #2767, .T. ) ;
#1127 = CIRCLE ( 'NONE', #1298, 4.000000000000003553 ) ;
#1128 = DIRECTION ( 'NONE',  ( 0.000000000000000000, 0.000000000000000000, 1.000000000000000000 ) ) ;
#1129 = DIRECTION ( 'NONE',  ( 1.000000000000000000, 0.000000000000000000, 0.000000000000000000 ) ) ;
#1130 = DIRECTION ( 'NONE',  ( 0.000000000000000000, 0.000000000000000000, 1.000000000000000000 ) ) ;
#1131 = LINE ( 'NONE', #1960, #345 ) ;
#1132 = AXIS2_PLACEMENT_3D ( 'NONE', #771, #3222, #1066 ) ;
#1133 = EDGE_LOOP ( 'NONE', ( #2380, #2885, #2082, #2552 ) ) ;
#1134 = DIRECTION ( 'NONE',  ( 1.000000000000000000, 0.000000000000000000, 0.000000000000000000 ) ) ;
#1135 = CIRCLE ( 'NONE', #3077, 4.000000000000003553 ) ;
#1136 = VERTEX_POINT ( 'NONE', #650 ) ;
#1137 = DIRECTION ( 'NONE',  ( -0.000000000000000000, -0.000000000000000000, 1.000000000000000000 ) ) ;
#1138 = VERTEX_POINT ( 'NONE', #1661 ) ;
#1139 = DIRECTION ( 'NONE',  ( 1.000000000000000000, 0.000000000000000000, 0.000000000000000000 ) ) ;
#1140 = CIRCLE ( 'NONE', #349, 4.000000000000003553 ) ;
#1141 = ADVANCED_FACE ( 'NONE', ( #1988 ), #383, .T. ) ;
#1142 = DIRECTION ( 'NONE',  ( 1.000000000000000000, 0.000000000000000000, 0.000000000000000000 ) ) ;
#1143 = VECTOR ( 'NONE', #3099, 1000.000000000000000 ) ;
#1144 = CARTESIAN_POINT ( 'NONE',  ( 357.9999999999999432, -247.9999999999999432, 20.00000000000000000 ) ) ;
#1145 = EDGE_CURVE ( 'NONE', #190, #2133, #2964, .T. ) ;
#1146 = CARTESIAN_POINT ( 'NONE',  ( 99.99999999999992895, -199.9999999999999432, 10.00000000000000000 ) ) ;
#1147 = DIRECTION ( 'NONE',  ( -0.000000000000000000, -0.000000000000000000, 1.000000000000000000 ) ) ;
#1148 = DIRECTION ( 'NONE',  ( -0.000000000000000000, -0.000000000000000000, 1.000000000000000000 ) ) ;
#1149 = CARTESIAN_POINT ( 'NONE',  ( -300.0000000000000568, -100.0000000000000284, 10.00000000000000000 ) ) ;
#1150 = DIRECTION ( 'NONE',  ( 0.000000000000000000, 0.000000000000000000, -1.000000000000000000 ) ) ;
#1151 = DIRECTION ( 'NONE',  ( 0.000000000000000000, 0.000000000000000000, 1.000000000000000000 ) ) ;
#1152 = ORIENTED_EDGE ( 'NONE', *, *, #1892, .T. ) ;
#1153 = ORIENTED_EDGE ( 'NONE', *, *, #814, .F. ) ;
#1154 = DIRECTION ( 'NONE',  ( 0.000000000000000000, 0.000000000000000000, 1.000000000000000000 ) ) ;
#1155 = CIRCLE ( 'NONE', #822, 3.999999999999989786 ) ;
#1156 = VERTEX_POINT ( 'NONE', #1696 ) ;
#1157 = DIRECTION ( 'NONE',  ( -0.000000000000000000, -0.000000000000000000, 1.000000000000000000 ) ) ;
#1158 = CARTESIAN_POINT ( 'NONE',  ( -104.0000000000000568, 100.0000000000000284, 10.00000000000000000 ) ) ;
#1159 = CYLINDRICAL_SURFACE ( 'NONE', #408, 4.000000000000003553 ) ;
#1160 = EDGE_CURVE ( 'NONE', #3121, #2826, #1075, .T. ) ;
#1161 = SPHERICAL_SURFACE ( 'NONE', #1211, 2.000000000000000000 ) ;
#1162 = DIRECTION ( 'NONE',  ( 0.000000000000000000, 0.000000000000000000, -1.000000000000000000 ) ) ;
#1163 = DIRECTION ( 'NONE',  ( 0.000000000000000000, 0.000000000000000000, 1.000000000000000000 ) ) ;
#1164 = CARTESIAN_POINT ( 'NONE',  ( 295.9999999999999432, 100.0000000000000711, 10.00000000000000000 ) ) ;
#1165 = CYLINDRICAL_SURFACE ( 'NONE', #50, 4.000000000000003553 ) ;
#1166 = ADVANCED_FACE ( 'NONE', ( #406 ), #1455, .T. ) ;
#1167 = EDGE_LOOP ( 'NONE', ( #2635, #2324 ) ) ;
#1168 = EDGE_LOOP ( 'NONE', ( #813, #1832, #2378, #890 ) ) ;
#1169 = CARTESIAN_POINT ( 'NONE',  ( 303.9999999999999432, 100.0000000000000711, 10.00000000000000000 ) ) ;
#1170 = CIRCLE ( 'NONE', #551, 3.999999999999993339 ) ;
#1171 = ORIENTED_EDGE ( 'NONE', *, *, #831, .T. ) ;
#1172 = CARTESIAN_POINT ( 'NONE',  ( -358.0000000000000568, -248.0000000000001137, 20.00000000000000000 ) ) ;
#1173 = CARTESIAN_POINT ( 'NONE',  ( -300.0000000000000568, 100.0000000000000000, 20.00000000000000000 ) ) ;
#1174 = AXIS2_PLACEMENT_3D ( 'NONE', #2239, #2728, #86 ) ;
#1175 = CARTESIAN_POINT ( 'NONE',  ( -96.00000000000007105, 2.775557561562891351E-14, 20.00000000000000000 ) ) ;
#1176 = CYLINDRICAL_SURFACE ( 'NONE', #1635, 4.000000000000003553 ) ;
#1177 = AXIS2_PLACEMENT_3D ( 'NONE', #2507, #2222, #613 ) ;
#1178 = CIRCLE ( 'NONE', #681, 2.000000000000001776 ) ;
#1179 = VECTOR ( 'NONE', #237, 1000.000000000000000 ) ;
#1180 = CARTESIAN_POINT ( 'NONE',  ( -358.0000000000000568, -248.0000000000001137, 2.000000000000000000 ) ) ;
#1181 = LINE ( 'NONE', #1976, #2111 ) ;
#1182 = DIRECTION ( 'NONE',  ( 1.000000000000000000, 0.000000000000000000, 0.000000000000000000 ) ) ;
#1183 = VERTEX_POINT ( 'NONE', #2750 ) ;
#1184 = DIRECTION ( 'NONE',  ( -0.000000000000000000, -0.000000000000000000, 1.000000000000000000 ) ) ;
#1185 = EDGE_LOOP ( 'NONE', ( #1205, #1820 ) ) ;
#1186 = AXIS2_PLACEMENT_3D ( 'NONE', #2579, #1008, #2058 ) ;
#1187 = ORIENTED_EDGE ( 'NONE', *, *, #3336, .F. ) ;
#1188 = DIRECTION ( 'NONE',  ( 1.000000000000000000, 0.000000000000000000, 0.000000000000000000 ) ) ;
#1189 = AXIS2_PLACEMENT_3D ( 'NONE', #2719, #337, #2758 ) ;
#1190 = ORIENTED_EDGE ( 'NONE', *, *, #2195, .F. ) ;
#1191 =( LENGTH_UNIT ( ) NAMED_UNIT ( * ) SI_UNIT ( .MILLI., .METRE. ) );
#1192 = EDGE_CURVE ( 'NONE', #1864, #3228, #2567, .T. ) ;
#1193 = ADVANCED_FACE ( 'NONE', ( #3036 ), #1197, .T. ) ;
#1194 = CIRCLE ( 'NONE', #3249, 3.999999999999989786 ) ;
#1195 = CIRCLE ( 'NONE', #299, 4.000000000000003553 ) ;
#1196 = CARTESIAN_POINT ( 'NONE',  ( 359.9999999999999432, 248.0000000000000000, 1.999999999999998224 ) ) ;
#1197 = SPHERICAL_SURFACE ( 'NONE', #2731, 2.000000000000000000 ) ;
#1198 = AXIS2_PLACEMENT_3D ( 'NONE', #420, #2001, #1762 ) ;
#1199 = CARTESIAN_POINT ( 'NONE',  ( -300.0000000000000568, -100.0000000000000284, 20.00000000000000000 ) ) ;
#1200 = CARTESIAN_POINT ( 'NONE',  ( 3.999999999999937828, -199.9999999999999432, 10.00000000000000000 ) ) ;
#1201 = CARTESIAN_POINT ( 'NONE',  ( 99.99999999999992895, -99.99999999999997158, 10.00000000000000000 ) ) ;
#1202 = CARTESIAN_POINT ( 'NONE',  ( -300.0000000000000568, 200.0000000000000000, 10.00000000000000000 ) ) ;
#1203 = DIRECTION ( 'NONE',  ( 1.000000000000000000, 0.000000000000000000, 0.000000000000000000 ) ) ;
#1204 = DIRECTION ( 'NONE',  ( 0.000000000000000000, -1.000000000000000000, 1.387778780781444413E-14 ) ) ;
#1205 = ORIENTED_EDGE ( 'NONE', *, *, #739, .F. ) ;
#1206 = VERTEX_POINT ( 'NONE', #104 ) ;
#1207 = DIRECTION ( 'NONE',  ( 0.000000000000000000, 0.000000000000000000, 1.000000000000000000 ) ) ;
#1208 = ORIENTED_EDGE ( 'NONE', *, *, #2926, .T. ) ;
#1209 = DIRECTION ( 'NONE',  ( 1.000000000000000000, 0.000000000000000000, 0.000000000000000000 ) ) ;
#1210 = ADVANCED_FACE ( 'NONE', ( #2468 ), #2261, .T. ) ;
#1211 = AXIS2_PLACEMENT_3D ( 'NONE', #1180, #2027, #2210 ) ;
#1212 = EDGE_CURVE ( 'NONE', #945, #1516, #89, .T. ) ;
#1213 = CARTESIAN_POINT ( 'NONE',  ( -300.0000000000000568, 0.000000000000000000, 10.00000000000000000 ) ) ;
#1214 = VECTOR ( 'NONE', #414, 1000.000000000000000 ) ;
#1215 = LINE ( 'NONE', #1753, #2738 ) ;
#1216 = CARTESIAN_POINT ( 'NONE',  ( -358.0000000000000568, -250.0000000000001137, 20.00000000000000000 ) ) ;
#1217 = FACE_OUTER_BOUND ( 'NONE', #3150, .T. ) ;
#1218 = CARTESIAN_POINT ( 'NONE',  ( 0.000000000000000000, 0.000000000000000000, 20.00000000000000000 ) ) ;
#1219 = EDGE_LOOP ( 'NONE', ( #48, #2922 ) ) ;
#1220 = DIRECTION ( 'NONE',  ( -0.000000000000000000, -0.000000000000000000, 1.000000000000000000 ) ) ;
#1221 = VERTEX_POINT ( 'NONE', #1175 ) ;
#1222 = VERTEX_POINT ( 'NONE', #919 ) ;
#1223 = AXIS2_PLACEMENT_3D ( 'NONE', #1173, #3331, #918 ) ;
#1224 = CYLINDRICAL_SURFACE ( 'NONE', #3087, 3.999999999999989786 ) ;
#1225 = ORIENTED_EDGE ( 'NONE', *, *, #673, .F. ) ;
#1226 = CARTESIAN_POINT ( 'NONE',  ( 199.9999999999998863, 100.0000000000000568, 10.00000000000000000 ) ) ;
#1227 = AXIS2_PLACEMENT_3D ( 'NONE', #1564, #2860, #1810 ) ;
#1228 = ADVANCED_FACE ( 'NONE', ( #2077 ), #2544, .F. ) ;
#1229 = DIRECTION ( 'NONE',  ( 1.000000000000000000, 0.000000000000000000, 0.000000000000000000 ) ) ;
#1230 = DIRECTION ( 'NONE',  ( 1.000000000000000000, 0.000000000000000000, 0.000000000000000000 ) ) ;
#1231 = CIRCLE ( 'NONE', #2948, 3.999999999999993339 ) ;
#1232 = EDGE_CURVE ( 'NONE', #2852, #1567, #1353, .T. ) ;
#1233 = DIRECTION ( 'NONE',  ( 0.000000000000000000, 0.000000000000000000, 1.000000000000000000 ) ) ;
#1234 = ADVANCED_FACE ( 'NONE', ( #988 ), #1751, .T. ) ;
#1235 = CARTESIAN_POINT ( 'NONE',  ( 199.9999999999998863, 100.0000000000000568, 20.00000000000000000 ) ) ;
#1236 = DIRECTION ( 'NONE',  ( -0.000000000000000000, -0.000000000000000000, 1.000000000000000000 ) ) ;
#1237 = FACE_BOUND ( 'NONE', #1036, .T. ) ;
#1238 = ORIENTED_EDGE ( 'NONE', *, *, #2174, .T. ) ;
#1239 = DIRECTION ( 'NONE',  ( 0.000000000000000000, 0.000000000000000000, 1.000000000000000000 ) ) ;
#1240 = VECTOR ( 'NONE', #28, 1000.000000000000000 ) ;
#1241 = ORIENTED_EDGE ( 'NONE', *, *, #600, .T. ) ;
#1242 = VERTEX_POINT ( 'NONE', #2597 ) ;
#1243 = CARTESIAN_POINT ( 'NONE',  ( 357.9999999999999432, 250.0000000000000000, 20.00000000000000000 ) ) ;
#1244 = ORIENTED_EDGE ( 'NONE', *, *, #741, .T. ) ;
#1245 = DIRECTION ( 'NONE',  ( 1.000000000000000000, 0.000000000000000000, 0.000000000000000000 ) ) ;
#1246 = VERTEX_POINT ( 'NONE', #2803 ) ;
#1247 = AXIS2_PLACEMENT_3D ( 'NONE', #1269, #161, #1230 ) ;
#1248 = VECTOR ( 'NONE', #2956, 1000.000000000000000 ) ;
#1249 = DIRECTION ( 'NONE',  ( -0.000000000000000000, -0.000000000000000000, 1.000000000000000000 ) ) ;
#1250 = DIRECTION ( 'NONE',  ( 1.000000000000000000, 0.000000000000000000, 0.000000000000000000 ) ) ;
#1251 = EDGE_CURVE ( 'NONE', #2050, #310, #1525, .T. ) ;
#1252 = LINE ( 'NONE', #775, #523 ) ;
#1253 = CIRCLE ( 'NONE', #243, 2.000000000000001776 ) ;
#1254 = ADVANCED_FACE ( 'NONE', ( #1529 ), #3089, .T. ) ;
#1255 = DIRECTION ( 'NONE',  ( -1.000000000000000000, 1.387778780781444413E-14, 0.000000000000000000 ) ) ;
#1256 = FACE_BOUND ( 'NONE', #139, .T. ) ;
#1257 = EDGE_LOOP ( 'NONE', ( #3063, #2217, #1071, #3325 ) ) ;
#1258 = CARTESIAN_POINT ( 'NONE',  ( -304.0000000000000568, 100.0000000000000000, 20.00000000000000000 ) ) ;
#1259 = VECTOR ( 'NONE', #2677, 1000.000000000000000 ) ;
#1260 = ORIENTED_EDGE ( 'NONE', *, *, #2010, .T. ) ;
#1261 = ORIENTED_EDGE ( 'NONE', *, *, #1232, .F. ) ;
#1262 = CARTESIAN_POINT ( 'NONE',  ( 359.9999999999999432, -247.9999999999999432, 1.999999999999998224 ) ) ;
#1263 = ORIENTED_EDGE ( 'NONE', *, *, #205, .T. ) ;
#1264 = FACE_OUTER_BOUND ( 'NONE', #861, .T. ) ;
#1265 = EDGE_LOOP ( 'NONE', ( #2083, #532, #2743, #641 ) ) ;
#1266 = AXIS2_PLACEMENT_3D ( 'NONE', #1648, #2648, #72 ) ;
#1267 = DIRECTION ( 'NONE',  ( 0.000000000000000000, 0.000000000000000000, 1.000000000000000000 ) ) ;
#1268 = ORIENTED_EDGE ( 'NONE', *, *, #3354, .F. ) ;
#1269 = CARTESIAN_POINT ( 'NONE',  ( -100.0000000000000568, 100.0000000000000284, 10.00000000000000000 ) ) ;
#1270 = CIRCLE ( 'NONE', #2162, 4.000000000000003553 ) ;
#1271 = FACE_OUTER_BOUND ( 'NONE', #3097, .T. ) ;
#1272 = CARTESIAN_POINT ( 'NONE',  ( 357.9999999999999432, 248.0000000000000284, 18.00000000000000355 ) ) ;
#1273 = FACE_BOUND ( 'NONE', #116, .T. ) ;
#1274 = ADVANCED_FACE ( 'NONE', ( #276 ), #179, .T. ) ;
#1275 = DIRECTION ( 'NONE',  ( 0.000000000000000000, 0.000000000000000000, 1.000000000000000000 ) ) ;
#1276 = CIRCLE ( 'NONE', #545, 4.000000000000003553 ) ;
#1277 = EDGE_LOOP ( 'NONE', ( #2432, #2089, #2326, #3151 ) ) ;
#1278 = ORIENTED_EDGE ( 'NONE', *, *, #2431, .F. ) ;
#1279 = DIRECTION ( 'NONE',  ( 1.000000000000000000, 0.000000000000000000, 0.000000000000000000 ) ) ;
#1280 = VERTEX_POINT ( 'NONE', #2334 ) ;
#1281 = DIRECTION ( 'NONE',  ( 0.000000000000000000, 0.000000000000000000, 1.000000000000000000 ) ) ;
#1282 = EDGE_LOOP ( 'NONE', ( #1468, #788 ) ) ;
#1283 = ADVANCED_FACE ( 'NONE', ( #1492 ), #2856, .F. ) ;
#1284 = ADVANCED_FACE ( 'NONE', ( #2820 ), #199, .F. ) ;
#1285 = EDGE_LOOP ( 'NONE', ( #2624, #3395 ) ) ;
#1286 = CARTESIAN_POINT ( 'NONE',  ( 357.9999999999999432, 250.0000000000000000, 1.999999999999998224 ) ) ;
#1287 = CIRCLE ( 'NONE', #2159, 3.999999999999989786 ) ;
#1288 = CARTESIAN_POINT ( 'NONE',  ( -360.0000000000000568, -248.0000000000001137, 20.00000000000000000 ) ) ;
#1289 = DIRECTION ( 'NONE',  ( 1.387778780781444571E-14, 1.000000000000000000, -0.000000000000000000 ) ) ;
#1290 = DIRECTION ( 'NONE',  ( 0.000000000000000000, 0.000000000000000000, 1.000000000000000000 ) ) ;
#1291 = AXIS2_PLACEMENT_3D ( 'NONE', #2737, #1638, #2134 ) ;
#1292 = ORIENTED_EDGE ( 'NONE', *, *, #3296, .F. ) ;
#1293 = VERTEX_POINT ( 'NONE', #477 ) ;
#1294 = DIRECTION ( 'NONE',  ( 0.000000000000000000, -1.000000000000000000, -0.000000000000000000 ) ) ;
#1295 = ORIENTED_EDGE ( 'NONE', *, *, #288, .F. ) ;
#1296 = DIRECTION ( 'NONE',  ( 1.000000000000000000, 0.000000000000000000, 0.000000000000000000 ) ) ;
#1297 = ORIENTED_EDGE ( 'NONE', *, *, #3386, .T. ) ;
#1298 = AXIS2_PLACEMENT_3D ( 'NONE', #2827, #2569, #2551 ) ;
#1299 = EDGE_CURVE ( 'NONE', #2518, #1773, #460, .T. ) ;
#1300 = EDGE_CURVE ( 'NONE', #742, #1087, #2402, .T. ) ;
#1301 = EDGE_LOOP ( 'NONE', ( #1016, #3450, #24 ) ) ;
#1302 = AXIS2_PLACEMENT_3D ( 'NONE', #2430, #1154, #1088 ) ;
#1303 = CIRCLE ( 'NONE', #2230, 4.000000000000003553 ) ;
#1304 = CARTESIAN_POINT ( 'NONE',  ( -358.0000000000000568, 249.9999999999999147, 1.999999999999998224 ) ) ;
#1305 = CARTESIAN_POINT ( 'NONE',  ( 359.9999999999999432, -249.9999999999999432, 1.999999999999998224 ) ) ;
#1306 = DIRECTION ( 'NONE',  ( -0.000000000000000000, -0.000000000000000000, 1.000000000000000000 ) ) ;
#1307 = ORIENTED_EDGE ( 'NONE', *, *, #2610, .F. ) ;
#1308 = ORIENTED_EDGE ( 'NONE', *, *, #1593, .F. ) ;
#1309 = DIRECTION ( 'NONE',  ( 1.000000000000000000, 0.000000000000000000, 0.000000000000000000 ) ) ;
#1310 = ORIENTED_EDGE ( 'NONE', *, *, #994, .T. ) ;
#1311 = CYLINDRICAL_SURFACE ( 'NONE', #1745, 3.999999999999989786 ) ;
#1312 = ORIENTED_EDGE ( 'NONE', *, *, #653, .F. ) ;
#1313 = AXIS2_PLACEMENT_3D ( 'NONE', #2744, #325, #2707 ) ;
#1314 = DIRECTION ( 'NONE',  ( 1.000000000000000000, 0.000000000000000000, 0.000000000000000000 ) ) ;
#1315 = EDGE_CURVE ( 'NONE', #754, #544, #2680, .T. ) ;
#1316 = EDGE_CURVE ( 'NONE', #2706, #754, #2176, .T. ) ;
#1317 = VERTEX_POINT ( 'NONE', #1286 ) ;
#1318 = CARTESIAN_POINT ( 'NONE',  ( 357.9999999999999432, 250.0000000000000000, 20.00000000000000000 ) ) ;
#1319 = AXIS2_PLACEMENT_3D ( 'NONE', #2281, #3337, #147 ) ;
#1320 = DIRECTION ( 'NONE',  ( 1.000000000000000000, 0.000000000000000000, 0.000000000000000000 ) ) ;
#1321 = DIRECTION ( 'NONE',  ( 0.000000000000000000, 0.000000000000000000, 1.000000000000000000 ) ) ;
#1322 = VERTEX_POINT ( 'NONE', #3407 ) ;
#1323 = ORIENTED_EDGE ( 'NONE', *, *, #812, .T. ) ;
#1324 = LINE ( 'NONE', #1842, #1179 ) ;
#1325 = EDGE_LOOP ( 'NONE', ( #261, #3103, #475, #3361 ) ) ;
#1326 = DIRECTION ( 'NONE',  ( 1.000000000000000000, 0.000000000000000000, 0.000000000000000000 ) ) ;
#1327 = EDGE_LOOP ( 'NONE', ( #508, #1950 ) ) ;
#1328 = DIRECTION ( 'NONE',  ( -0.000000000000000000, -0.000000000000000000, 1.000000000000000000 ) ) ;
#1329 = ORIENTED_EDGE ( 'NONE', *, *, #3094, .T. ) ;
#1330 = ORIENTED_EDGE ( 'NONE', *, *, #1028, .F. ) ;
#1331 = DIRECTION ( 'NONE',  ( -0.000000000000000000, -0.000000000000000000, 1.000000000000000000 ) ) ;
#1332 = ORIENTED_EDGE ( 'NONE', *, *, #1025, .F. ) ;
#1333 = CYLINDRICAL_SURFACE ( 'NONE', #2420, 4.000000000000003553 ) ;
#1334 = VECTOR ( 'NONE', #598, 1000.000000000000000 ) ;
#1335 = EDGE_CURVE ( 'NONE', #644, #589, #2071, .T. ) ;
#1336 = CARTESIAN_POINT ( 'NONE',  ( -204.0000000000000568, 4.898587196589404940E-16, 10.00000000000000000 ) ) ;
#1337 = CARTESIAN_POINT ( 'NONE',  ( 303.9999999999999432, 5.551115123125782702E-14, 10.00000000000000000 ) ) ;
#1338 = ADVANCED_FACE ( 'NONE', ( #1346 ), #1821, .F. ) ;
#1339 = EDGE_LOOP ( 'NONE', ( #1332, #2185, #195, #2609 ) ) ;
#1340 = DIRECTION ( 'NONE',  ( 0.000000000000000000, -1.000000000000000000, 0.000000000000000000 ) ) ;
#1341 = ORIENTED_EDGE ( 'NONE', *, *, #2564, .F. ) ;
#1342 = DIRECTION ( 'NONE',  ( 0.000000000000000000, 0.000000000000000000, 1.000000000000000000 ) ) ;
#1343 = ORIENTED_EDGE ( 'NONE', *, *, #29, .T. ) ;
#1344 = CARTESIAN_POINT ( 'NONE',  ( -358.0000000000000568, 247.9999999999999147, 0.000000000000000000 ) ) ;
#1345 = ORIENTED_EDGE ( 'NONE', *, *, #3016, .F. ) ;
#1346 = FACE_OUTER_BOUND ( 'NONE', #2780, .T. ) ;
#1347 = VERTEX_POINT ( 'NONE', #2006 ) ;
#1348 = DIRECTION ( 'NONE',  ( -1.000000000000000000, 0.000000000000000000, 0.000000000000000000 ) ) ;
#1349 = AXIS2_PLACEMENT_3D ( 'NONE', #1213, #1417, #1710 ) ;
#1350 = VERTEX_POINT ( 'NONE', #3070 ) ;
#1351 = AXIS2_PLACEMENT_3D ( 'NONE', #3381, #1554, #209 ) ;
#1352 = CARTESIAN_POINT ( 'NONE',  ( 95.99999999999992895, -99.99999999999997158, 10.00000000000000000 ) ) ;
#1353 = CIRCLE ( 'NONE', #3413, 3.999999999999989786 ) ;
#1354 = EDGE_CURVE ( 'NONE', #1761, #3419, #2511, .T. ) ;
#1355 = DIRECTION ( 'NONE',  ( -0.000000000000000000, -0.000000000000000000, -1.000000000000000000 ) ) ;
#1356 = VECTOR ( 'NONE', #2182, 1000.000000000000000 ) ;
#1357 = ADVANCED_FACE ( 'NONE', ( #877 ), #2138, .F. ) ;
#1358 = EDGE_CURVE ( 'NONE', #82, #2097, #2971, .T. ) ;
#1359 = CARTESIAN_POINT ( 'NONE',  ( 103.9999999999999147, 200.0000000000000568, 10.00000000000000000 ) ) ;
#1360 = CARTESIAN_POINT ( 'NONE',  ( 299.9999999999999432, -199.9999999999999432, 10.00000000000000000 ) ) ;
#1361 = DIRECTION ( 'NONE',  ( -0.000000000000000000, -0.000000000000000000, 1.000000000000000000 ) ) ;
#1362 = ORIENTED_EDGE ( 'NONE', *, *, #3035, .F. ) ;
#1363 = DIRECTION ( 'NONE',  ( 1.000000000000000000, 0.000000000000000000, 0.000000000000000000 ) ) ;
#1364 = ORIENTED_EDGE ( 'NONE', *, *, #160, .T. ) ;
#1365 = FACE_OUTER_BOUND ( 'NONE', #1798, .T. ) ;
#1366 = ORIENTED_EDGE ( 'NONE', *, *, #611, .F. ) ;
#1367 = CARTESIAN_POINT ( 'NONE',  ( 357.9999999999999432, -247.9999999999999432, 2.000000000000000000 ) ) ;
#1368 = CARTESIAN_POINT ( 'NONE',  ( -196.0000000000000568, 0.000000000000000000, 10.00000000000000000 ) ) ;
#1369 = FACE_OUTER_BOUND ( 'NONE', #2761, .T. ) ;
#1370 = CARTESIAN_POINT ( 'NONE',  ( -358.0000000000000568, -0.000000000000000000, 0.000000000000000000 ) ) ;
#1371 = AXIS2_PLACEMENT_3D ( 'NONE', #1226, #2815, #2086 ) ;
#1372 = VECTOR ( 'NONE', #64, 1000.000000000000000 ) ;
#1373 = FACE_OUTER_BOUND ( 'NONE', #1861, .T. ) ;
#1374 = EDGE_CURVE ( 'NONE', #1222, #1106, #84, .T. ) ;
#1375 = DIRECTION ( 'NONE',  ( 0.000000000000000000, 0.000000000000000000, 1.000000000000000000 ) ) ;
#1376 = DIRECTION ( 'NONE',  ( -0.000000000000000000, -0.000000000000000000, 1.000000000000000000 ) ) ;
#1377 = ORIENTED_EDGE ( 'NONE', *, *, #569, .F. ) ;
#1378 = FACE_OUTER_BOUND ( 'NONE', #2383, .T. ) ;
#1379 = ORIENTED_EDGE ( 'NONE', *, *, #1192, .F. ) ;
#1380 = DIRECTION ( 'NONE',  ( 1.000000000000000000, 0.000000000000000000, 0.000000000000000000 ) ) ;
#1381 = ORIENTED_EDGE ( 'NONE', *, *, #2235, .T. ) ;
#1382 = CARTESIAN_POINT ( 'NONE',  ( 359.9999999999999432, 250.0000000000000000, 20.00000000000000000 ) ) ;
#1383 = EDGE_CURVE ( 'NONE', #1411, #2394, #2189, .T. ) ;
#1384 = EDGE_CURVE ( 'NONE', #3379, #2373, #697, .T. ) ;
#1385 = DIRECTION ( 'NONE',  ( 0.000000000000000000, 0.000000000000000000, 1.000000000000000000 ) ) ;
#1386 = CARTESIAN_POINT ( 'NONE',  ( 203.9999999999999147, 5.551115123125782702E-14, 20.00000000000000000 ) ) ;
#1387 = CIRCLE ( 'NONE', #1996, 3.999999999999993339 ) ;
#1388 = CARTESIAN_POINT ( 'NONE',  ( -100.0000000000000568, 2.775557561562891351E-14, 10.00000000000000000 ) ) ;
#1389 = CARTESIAN_POINT ( 'NONE',  ( 357.9999999999999432, -247.9999999999999432, 0.000000000000000000 ) ) ;
#1390 = DIRECTION ( 'NONE',  ( 0.000000000000000000, 0.000000000000000000, 1.000000000000000000 ) ) ;
#1391 = ORIENTED_EDGE ( 'NONE', *, *, #2075, .F. ) ;
#1392 = CARTESIAN_POINT ( 'NONE',  ( -4.000000000000048850, -99.99999999999997158, 20.00000000000000000 ) ) ;
#1393 = ORIENTED_EDGE ( 'NONE', *, *, #1383, .F. ) ;
#1394 = ADVANCED_FACE ( 'NONE', ( #296 ), #66, .F. ) ;
#1395 = DIRECTION ( 'NONE',  ( -0.000000000000000000, -0.000000000000000000, 1.000000000000000000 ) ) ;
#1396 = ORIENTED_EDGE ( 'NONE', *, *, #2725, .T. ) ;
#1397 = AXIS2_PLACEMENT_3D ( 'NONE', #120, #102, #2220 ) ;
#1398 = AXIS2_PLACEMENT_3D ( 'NONE', #3058, #3321, #3092 ) ;
#1399 = EDGE_CURVE ( 'NONE', #3376, #3009, #2996, .T. ) ;
#1400 = LINE ( 'NONE', #2929, #818 ) ;
#1401 = DIRECTION ( 'NONE',  ( 1.000000000000000000, 0.000000000000000000, -0.000000000000000000 ) ) ;
#1402 = DIRECTION ( 'NONE',  ( 1.000000000000000000, 0.000000000000000000, 0.000000000000000000 ) ) ;
#1403 = DIRECTION ( 'NONE',  ( 0.000000000000000000, 0.000000000000000000, 1.000000000000000000 ) ) ;
#1404 = CYLINDRICAL_SURFACE ( 'NONE', #671, 4.000000000000003553 ) ;
#1405 = DIRECTION ( 'NONE',  ( 0.000000000000000000, 0.000000000000000000, 1.000000000000000000 ) ) ;
#1406 = CIRCLE ( 'NONE', #2072, 4.000000000000003553 ) ;
#1407 = CARTESIAN_POINT ( 'NONE',  ( -96.00000000000007105, 2.775557561562891351E-14, 10.00000000000000000 ) ) ;
#1408 = DIRECTION ( 'NONE',  ( 1.000000000000000000, 0.000000000000000000, 0.000000000000000000 ) ) ;
#1409 = ORIENTED_EDGE ( 'NONE', *, *, #307, .T. ) ;
#1410 = AXIS2_PLACEMENT_3D ( 'NONE', #8, #1355, #2110 ) ;
#1411 = VERTEX_POINT ( 'NONE', #52 ) ;
#1412 = DIRECTION ( 'NONE',  ( -0.000000000000000000, 1.000000000000000000, 0.000000000000000000 ) ) ;
#1413 = ORIENTED_EDGE ( 'NONE', *, *, #2987, .F. ) ;
#1414 = DIRECTION ( 'NONE',  ( 0.000000000000000000, 0.000000000000000000, 1.000000000000000000 ) ) ;
#1415 = CIRCLE ( 'NONE', #1859, 4.000000000000003553 ) ;
#1416 = EDGE_CURVE ( 'NONE', #2394, #2574, #360, .T. ) ;
#1417 = DIRECTION ( 'NONE',  ( -0.000000000000000000, -0.000000000000000000, 1.000000000000000000 ) ) ;
#1418 = DIRECTION ( 'NONE',  ( -1.000000000000000000, 0.000000000000000000, 0.000000000000000000 ) ) ;
#1419 = ADVANCED_FACE ( 'NONE', ( #1118 ), #3262, .T. ) ;
#1420 = DIRECTION ( 'NONE',  ( 1.000000000000000000, 0.000000000000000000, 0.000000000000000000 ) ) ;
#1421 = FACE_OUTER_BOUND ( 'NONE', #208, .T. ) ;
#1422 = CARTESIAN_POINT ( 'NONE',  ( 199.9999999999998863, 200.0000000000000568, 20.00000000000000000 ) ) ;
#1423 = CARTESIAN_POINT ( 'NONE',  ( -4.000000000000048850, -99.99999999999997158, 10.00000000000000000 ) ) ;
#1424 = CIRCLE ( 'NONE', #1701, 4.000000000000003553 ) ;
#1425 = DIRECTION ( 'NONE',  ( 0.000000000000000000, 0.000000000000000000, 1.000000000000000000 ) ) ;
#1426 = DIRECTION ( 'NONE',  ( 1.000000000000000000, 1.156482317317871478E-16, 0.000000000000000000 ) ) ;
#1427 = ORIENTED_EDGE ( 'NONE', *, *, #2993, .F. ) ;
#1428 = ORIENTED_EDGE ( 'NONE', *, *, #2942, .T. ) ;
#1429 = CARTESIAN_POINT ( 'NONE',  ( 199.9999999999998863, 100.0000000000000568, 10.00000000000000000 ) ) ;
#1430 = CIRCLE ( 'NONE', #3215, 4.000000000000003553 ) ;
#1431 = VERTEX_POINT ( 'NONE', #607 ) ;
#1432 = SURFACE_STYLE_FILL_AREA ( #1708 ) ;
#1433 = AXIS2_PLACEMENT_3D ( 'NONE', #440, #178, #2577 ) ;
#1434 = FACE_OUTER_BOUND ( 'NONE', #361, .T. ) ;
#1435 = CIRCLE ( 'NONE', #830, 2.000000000000001776 ) ;
#1436 = DIRECTION ( 'NONE',  ( 1.000000000000000000, 0.000000000000000000, 0.000000000000000000 ) ) ;
#1437 = CARTESIAN_POINT ( 'NONE',  ( -200.0000000000000568, -100.0000000000000284, 10.00000000000000000 ) ) ;
#1438 = ADVANCED_FACE ( 'NONE', ( #1949 ), #3210, .T. ) ;
#1439 = CARTESIAN_POINT ( 'NONE',  ( -200.0000000000000568, 200.0000000000000000, 10.00000000000000000 ) ) ;
#1440 = EDGE_CURVE ( 'NONE', #2373, #3379, #1647, .T. ) ;
#1441 = CARTESIAN_POINT ( 'NONE',  ( -104.0000000000000568, 200.0000000000000284, 20.00000000000000000 ) ) ;
#1442 = DIRECTION ( 'NONE',  ( 1.000000000000000000, 0.000000000000000000, 0.000000000000000000 ) ) ;
#1443 = DIRECTION ( 'NONE',  ( -0.000000000000000000, -0.000000000000000000, 1.000000000000000000 ) ) ;
#1444 = CARTESIAN_POINT ( 'NONE',  ( 295.9999999999999432, 5.600100995091676761E-14, 20.00000000000000000 ) ) ;
#1445 = ORIENTED_EDGE ( 'NONE', *, *, #848, .F. ) ;
#1446 = EDGE_LOOP ( 'NONE', ( #1883, #2676, #2764, #804 ) ) ;
#1447 = DIRECTION ( 'NONE',  ( 1.000000000000000000, 0.000000000000000000, 0.000000000000000000 ) ) ;
#1448 = VECTOR ( 'NONE', #1533, 1000.000000000000000 ) ;
#1449 = VERTEX_POINT ( 'NONE', #1920 ) ;
#1450 = DIRECTION ( 'NONE',  ( -0.000000000000000000, -0.000000000000000000, 1.000000000000000000 ) ) ;
#1451 = AXIS2_PLACEMENT_3D ( 'NONE', #987, #1249, #3454 ) ;
#1452 = AXIS2_PLACEMENT_3D ( 'NONE', #2188, #3313, #1209 ) ;
#1453 = DIRECTION ( 'NONE',  ( 0.000000000000000000, 0.000000000000000000, 1.000000000000000000 ) ) ;
#1454 = CIRCLE ( 'NONE', #1901, 4.000000000000003553 ) ;
#1455 = CYLINDRICAL_SURFACE ( 'NONE', #796, 2.000000000000001776 ) ;
#1456 = CARTESIAN_POINT ( 'NONE',  ( -300.0000000000000568, -100.0000000000000284, 10.00000000000000000 ) ) ;
#1457 = AXIS2_PLACEMENT_3D ( 'NONE', #3378, #2287, #1793 ) ;
#1458 = AXIS2_PLACEMENT_3D ( 'NONE', #2572, #2637, #1064 ) ;
#1459 = CARTESIAN_POINT ( 'NONE',  ( 95.99999999999992895, -99.99999999999997158, 10.00000000000000000 ) ) ;
#1460 = DIRECTION ( 'NONE',  ( -1.000000000000000000, 0.000000000000000000, 0.000000000000000000 ) ) ;
#1461 = DIRECTION ( 'NONE',  ( 1.000000000000000000, 0.000000000000000000, 0.000000000000000000 ) ) ;
#1462 = ADVANCED_FACE ( 'NONE', ( #2961 ), #1644, .T. ) ;
#1463 = DIRECTION ( 'NONE',  ( 1.000000000000000000, 0.000000000000000000, 0.000000000000000000 ) ) ;
#1464 = ADVANCED_FACE ( 'NONE', ( #1887 ), #625, .F. ) ;
#1465 = SPHERICAL_SURFACE ( 'NONE', #2619, 2.000000000000000000 ) ;
#1466 = ORIENTED_EDGE ( 'NONE', *, *, #1084, .F. ) ;
#1467 = AXIS2_PLACEMENT_3D ( 'NONE', #1711, #3300, #882 ) ;
#1468 = ORIENTED_EDGE ( 'NONE', *, *, #868, .F. ) ;
#1469 = DIRECTION ( 'NONE',  ( -0.000000000000000000, -0.000000000000000000, 1.000000000000000000 ) ) ;
#1470 = VECTOR ( 'NONE', #1718, 1000.000000000000000 ) ;
#1471 = ORIENTED_EDGE ( 'NONE', *, *, #2112, .F. ) ;
#1472 = SURFACE_STYLE_USAGE ( .BOTH. , #344 ) ;
#1473 = CIRCLE ( 'NONE', #3418, 4.000000000000003553 ) ;
#1474 = CARTESIAN_POINT ( 'NONE',  ( 303.9999999999999432, -99.99999999999997158, 10.00000000000000000 ) ) ;
#1475 = DIRECTION ( 'NONE',  ( -0.000000000000000000, -0.000000000000000000, 1.000000000000000000 ) ) ;
#1476 = CARTESIAN_POINT ( 'NONE',  ( -200.0000000000000568, -100.0000000000000284, 20.00000000000000000 ) ) ;
#1477 = CARTESIAN_POINT ( 'NONE',  ( 99.99999999999992895, 100.0000000000000426, 10.00000000000000000 ) ) ;
#1478 = CARTESIAN_POINT ( 'NONE',  ( 199.9999999999998863, -199.9999999999999432, 20.00000000000000000 ) ) ;
#1479 = FACE_BOUND ( 'NONE', #1285, .T. ) ;
#1480 = DIRECTION ( 'NONE',  ( 0.000000000000000000, 0.000000000000000000, 1.000000000000000000 ) ) ;
#1481 = FACE_OUTER_BOUND ( 'NONE', #1119, .T. ) ;
#1482 = VERTEX_POINT ( 'NONE', #1689 ) ;
#1483 = ADVANCED_FACE ( 'NONE', ( #1365 ), #1657, .F. ) ;
#1484 = ORIENTED_EDGE ( 'NONE', *, *, #1509, .T. ) ;
#1485 = DIRECTION ( 'NONE',  ( 0.000000000000000000, 0.000000000000000000, -1.000000000000000000 ) ) ;
#1486 = ORIENTED_EDGE ( 'NONE', *, *, #1971, .T. ) ;
#1487 = CARTESIAN_POINT ( 'NONE',  ( -300.0000000000000568, -200.0000000000000000, 10.00000000000000000 ) ) ;
#1488 = AXIS2_PLACEMENT_3D ( 'NONE', #2330, #2575, #224 ) ;
#1489 = EDGE_CURVE ( 'NONE', #2373, #476, #2417, .T. ) ;
#1490 = EDGE_CURVE ( 'NONE', #433, #1317, #2218, .T. ) ;
#1491 = DIRECTION ( 'NONE',  ( 1.000000000000000000, 0.000000000000000000, 0.000000000000000000 ) ) ;
#1492 = FACE_OUTER_BOUND ( 'NONE', #454, .T. ) ;
#1493 = CARTESIAN_POINT ( 'NONE',  ( -4.000000000000048850, -199.9999999999999432, 20.00000000000000000 ) ) ;
#1494 = DIRECTION ( 'NONE',  ( 0.000000000000000000, 0.000000000000000000, 1.000000000000000000 ) ) ;
#1495 = CARTESIAN_POINT ( 'NONE',  ( -5.551115123125782702E-14, -199.9999999999999432, 20.00000000000000000 ) ) ;
#1496 = DIRECTION ( 'NONE',  ( -0.000000000000000000, -0.000000000000000000, 1.000000000000000000 ) ) ;
#1497 = ORIENTED_EDGE ( 'NONE', *, *, #1839, .T. ) ;
#1498 = DIRECTION ( 'NONE',  ( 1.000000000000000000, 0.000000000000000000, -0.000000000000000000 ) ) ;
#1499 = EDGE_LOOP ( 'NONE', ( #3166, #1608, #2057, #1171 ) ) ;
#1500 = ORIENTED_EDGE ( 'NONE', *, *, #1742, .T. ) ;
#1501 = CIRCLE ( 'NONE', #1223, 4.000000000000003553 ) ;
#1502 = FACE_OUTER_BOUND ( 'NONE', #2696, .T. ) ;
#1503 = EDGE_LOOP ( 'NONE', ( #1981, #679, #2332, #1078 ) ) ;
#1504 = DIRECTION ( 'NONE',  ( 0.000000000000000000, 0.000000000000000000, 1.000000000000000000 ) ) ;
#1505 = VERTEX_POINT ( 'NONE', #2255 ) ;
#1506 = ADVANCED_FACE ( 'NONE', ( #1744 ), #398, .F. ) ;
#1507 = VECTOR ( 'NONE', #2301, 1000.000000000000000 ) ;
#1508 = CYLINDRICAL_SURFACE ( 'NONE', #105, 4.000000000000003553 ) ;
#1509 = EDGE_CURVE ( 'NONE', #2125, #2139, #100, .T. ) ;
#1510 = CARTESIAN_POINT ( 'NONE',  ( 99.99999999999992895, 200.0000000000000568, 10.00000000000000000 ) ) ;
#1511 = AXIS2_PLACEMENT_3D ( 'NONE', #1382, #244, #3214 ) ;
#1512 = CARTESIAN_POINT ( 'NONE',  ( 3.999999999999937828, -99.99999999999997158, 10.00000000000000000 ) ) ;
#1513 = DIRECTION ( 'NONE',  ( 0.000000000000000000, 0.000000000000000000, 1.000000000000000000 ) ) ;
#1514 = DIRECTION ( 'NONE',  ( 1.000000000000000000, 0.000000000000000000, 0.000000000000000000 ) ) ;
#1515 = FACE_BOUND ( 'NONE', #2874, .T. ) ;
#1516 = VERTEX_POINT ( 'NONE', #662 ) ;
#1517 = CARTESIAN_POINT ( 'NONE',  ( -358.0000000000000568, -248.0000000000001137, 18.00000000000000355 ) ) ;
#1518 = AXIS2_PLACEMENT_3D ( 'NONE', #2669, #3220, #303 ) ;
#1519 = ORIENTED_EDGE ( 'NONE', *, *, #3035, .T. ) ;
#1520 = ORIENTED_EDGE ( 'NONE', *, *, #1991, .F. ) ;
#1521 = CARTESIAN_POINT ( 'NONE',  ( -296.0000000000000568, -100.0000000000000284, 20.00000000000000000 ) ) ;
#1522 = EDGE_LOOP ( 'NONE', ( #502, #2642, #1672, #2797 ) ) ;
#1523 = CARTESIAN_POINT ( 'NONE',  ( 303.9999999999999432, 200.0000000000000568, 10.00000000000000000 ) ) ;
#1524 = ORIENTED_EDGE ( 'NONE', *, *, #2610, .T. ) ;
#1525 = CIRCLE ( 'NONE', #3184, 3.999999999999993339 ) ;
#1526 = AXIS2_PLACEMENT_3D ( 'NONE', #1700, #1405, #62 ) ;
#1527 = DIRECTION ( 'NONE',  ( 1.000000000000000000, 0.000000000000000000, 0.000000000000000000 ) ) ;
#1528 = ORIENTED_EDGE ( 'NONE', *, *, #1299, .F. ) ;
#1529 = FACE_OUTER_BOUND ( 'NONE', #2602, .T. ) ;
#1530 = ADVANCED_FACE ( 'NONE', ( #700 ), #680, .T. ) ;
#1531 = CARTESIAN_POINT ( 'NONE',  ( 357.9999999999999432, 248.0000000000000000, 1.999999999999998224 ) ) ;
#1532 = ADVANCED_FACE ( 'NONE', ( #643 ), #946, .F. ) ;
#1533 = DIRECTION ( 'NONE',  ( -0.000000000000000000, -0.000000000000000000, 1.000000000000000000 ) ) ;
#1534 = FACE_BOUND ( 'NONE', #3135, .T. ) ;
#1535 = ADVANCED_FACE ( 'NONE', ( #911 ), #1224, .F. ) ;
#1536 = DIRECTION ( 'NONE',  ( 1.000000000000000000, 0.000000000000000000, 0.000000000000000000 ) ) ;
#1537 = VERTEX_POINT ( 'NONE', #3065 ) ;
#1538 = ORIENTED_EDGE ( 'NONE', *, *, #3315, .F. ) ;
#1539 = DIRECTION ( 'NONE',  ( 1.000000000000000000, 0.000000000000000000, 0.000000000000000000 ) ) ;
#1540 = VERTEX_POINT ( 'NONE', #982 ) ;
#1541 = LINE ( 'NONE', #2608, #3318 ) ;
#1542 = EDGE_LOOP ( 'NONE', ( #963, #1813, #171, #1726 ) ) ;
#1543 = CIRCLE ( 'NONE', #986, 4.000000000000003553 ) ;
#1544 = AXIS2_PLACEMENT_3D ( 'NONE', #1006, #2055, #3120 ) ;
#1545 = ORIENTED_EDGE ( 'NONE', *, *, #136, .T. ) ;
#1546 = DIRECTION ( 'NONE',  ( -1.000000000000000000, -0.000000000000000000, 0.000000000000000000 ) ) ;
#1547 = CARTESIAN_POINT ( 'NONE',  ( -200.0000000000000568, 200.0000000000000000, 20.00000000000000000 ) ) ;
#1548 = DIRECTION ( 'NONE',  ( 1.000000000000000000, 0.000000000000000000, 0.000000000000000000 ) ) ;
#1549 = FACE_BOUND ( 'NONE', #292, .T. ) ;
#1550 = EDGE_CURVE ( 'NONE', #2816, #3174, #635, .T. ) ;
#1551 = ORIENTED_EDGE ( 'NONE', *, *, #2896, .F. ) ;
#1552 = ADVANCED_FACE ( 'NONE', ( #964 ), #435, .F. ) ;
#1553 = VERTEX_POINT ( 'NONE', #1967 ) ;
#1554 = DIRECTION ( 'NONE',  ( 0.000000000000000000, 0.000000000000000000, 1.000000000000000000 ) ) ;
#1555 = ORIENTED_EDGE ( 'NONE', *, *, #2857, .T. ) ;
#1556 = DIRECTION ( 'NONE',  ( 0.000000000000000000, 0.000000000000000000, 1.000000000000000000 ) ) ;
#1557 = ORIENTED_EDGE ( 'NONE', *, *, #1354, .F. ) ;
#1558 = AXIS2_PLACEMENT_3D ( 'NONE', #840, #1903, #1116 ) ;
#1559 = AXIS2_PLACEMENT_3D ( 'NONE', #1579, #202, #1320 ) ;
#1560 = VERTEX_POINT ( 'NONE', #2813 ) ;
#1561 = CARTESIAN_POINT ( 'NONE',  ( -200.0000000000000568, -100.0000000000000284, 10.00000000000000000 ) ) ;
#1562 = DIRECTION ( 'NONE',  ( -0.000000000000000000, -0.000000000000000000, 1.000000000000000000 ) ) ;
#1563 = AXIS2_PLACEMENT_3D ( 'NONE', #895, #2003, #2782 ) ;
#1564 = CARTESIAN_POINT ( 'NONE',  ( 199.9999999999998863, 5.551115123125782702E-14, 20.00000000000000000 ) ) ;
#1565 = FACE_OUTER_BOUND ( 'NONE', #1758, .T. ) ;
#1566 = CIRCLE ( 'NONE', #58, 3.999999999999989786 ) ;
#1567 = VERTEX_POINT ( 'NONE', #2271 ) ;
#1568 = EDGE_LOOP ( 'NONE', ( #35, #2065, #2036, #1814 ) ) ;
#1569 = DIRECTION ( 'NONE',  ( 0.000000000000000000, 0.000000000000000000, 1.000000000000000000 ) ) ;
#1570 = EDGE_CURVE ( 'NONE', #1087, #3083, #2830, .T. ) ;
#1571 = ORIENTED_EDGE ( 'NONE', *, *, #142, .T. ) ;
#1572 = CARTESIAN_POINT ( 'NONE',  ( -358.0000000000000568, 249.9999999999999147, 18.00000000000000355 ) ) ;
#1573 = ADVANCED_FACE ( 'NONE', ( #715 ), #3047, .T. ) ;
#1574 = VERTEX_POINT ( 'NONE', #1521 ) ;
#1575 = ORIENTED_EDGE ( 'NONE', *, *, #909, .F. ) ;
#1576 = CIRCLE ( 'NONE', #2573, 3.999999999999989786 ) ;
#1577 = DIRECTION ( 'NONE',  ( 1.000000000000000000, 0.000000000000000000, 0.000000000000000000 ) ) ;
#1578 = CIRCLE ( 'NONE', #1410, 2.000000000000001776 ) ;
#1579 = CARTESIAN_POINT ( 'NONE',  ( 199.9999999999998863, 100.0000000000000568, 10.00000000000000000 ) ) ;
#1580 = DIRECTION ( 'NONE',  ( 0.000000000000000000, 0.000000000000000000, 1.000000000000000000 ) ) ;
#1581 = CIRCLE ( 'NONE', #3364, 4.000000000000003553 ) ;
#1582 = EDGE_LOOP ( 'NONE', ( #2317, #2866, #22, #2655 ) ) ;
#1583 = ORIENTED_EDGE ( 'NONE', *, *, #1440, .F. ) ;
#1584 = CARTESIAN_POINT ( 'NONE',  ( 103.9999999999999147, 100.0000000000000426, 10.00000000000000000 ) ) ;
#1585 = ORIENTED_EDGE ( 'NONE', *, *, #1739, .F. ) ;
#1586 = LINE ( 'NONE', #256, #967 ) ;
#1587 = EDGE_LOOP ( 'NONE', ( #2440, #1445, #381, #3453 ) ) ;
#1588 = LINE ( 'NONE', #2023, #1896 ) ;
#1589 = ORIENTED_EDGE ( 'NONE', *, *, #2260, .F. ) ;
#1590 = EDGE_LOOP ( 'NONE', ( #1409, #2520, #1723, #2031 ) ) ;
#1591 = DIRECTION ( 'NONE',  ( 1.000000000000000000, 0.000000000000000000, -0.000000000000000000 ) ) ;
#1592 = ORIENTED_EDGE ( 'NONE', *, *, #3314, .T. ) ;
#1593 = EDGE_CURVE ( 'NONE', #310, #1871, #2017, .T. ) ;
#1594 = ADVANCED_FACE ( 'NONE', ( #1502 ), #172, .F. ) ;
#1595 = CARTESIAN_POINT ( 'NONE',  ( -5.551115123125782702E-14, -99.99999999999997158, 20.00000000000000000 ) ) ;
#1596 = CIRCLE ( 'NONE', #878, 3.999999999999989786 ) ;
#1597 = DIRECTION ( 'NONE',  ( 1.000000000000000000, 0.000000000000000000, 0.000000000000000000 ) ) ;
#1598 = LINE ( 'NONE', #512, #1633 ) ;
#1599 = AXIS2_PLACEMENT_3D ( 'NONE', #2559, #2819, #197 ) ;
#1600 = ORIENTED_EDGE ( 'NONE', *, *, #2993, .T. ) ;
#1601 = ORIENTED_EDGE ( 'NONE', *, *, #3053, .F. ) ;
#1602 = CARTESIAN_POINT ( 'NONE',  ( 357.9999999999999432, 248.0000000000000000, 18.00000000000000355 ) ) ;
#1603 = VERTEX_POINT ( 'NONE', #2237 ) ;
#1604 = DIRECTION ( 'NONE',  ( 0.000000000000000000, 0.000000000000000000, 1.000000000000000000 ) ) ;
#1605 = VERTEX_POINT ( 'NONE', #3311 ) ;
#1606 = DIRECTION ( 'NONE',  ( 1.000000000000000000, 0.000000000000000000, 0.000000000000000000 ) ) ;
#1607 = ORIENTED_EDGE ( 'NONE', *, *, #829, .F. ) ;
#1608 = ORIENTED_EDGE ( 'NONE', *, *, #2173, .T. ) ;
#1609 = DIRECTION ( 'NONE',  ( 0.000000000000000000, 0.000000000000000000, 1.000000000000000000 ) ) ;
#1610 = ADVANCED_FACE ( 'NONE', ( #1983 ), #1724, .T. ) ;
#1611 = ORIENTED_EDGE ( 'NONE', *, *, #782, .F. ) ;
#1612 = EDGE_CURVE ( 'NONE', #661, #417, #133, .T. ) ;
#1613 = DIRECTION ( 'NONE',  ( 0.000000000000000000, 0.000000000000000000, 1.000000000000000000 ) ) ;
#1614 = DIRECTION ( 'NONE',  ( 1.000000000000000000, 0.000000000000000000, 0.000000000000000000 ) ) ;
#1615 = AXIS2_PLACEMENT_3D ( 'NONE', #294, #2120, #2641 ) ;
#1616 = DIRECTION ( 'NONE',  ( 0.000000000000000000, 1.000000000000000000, 0.000000000000000000 ) ) ;
#1617 = FACE_OUTER_BOUND ( 'NONE', #220, .T. ) ;
#1618 = CARTESIAN_POINT ( 'NONE',  ( -304.0000000000000568, -100.0000000000000284, 10.00000000000000000 ) ) ;
#1619 = AXIS2_PLACEMENT_3D ( 'NONE', #3295, #2998, #3068 ) ;
#1620 = ORIENTED_EDGE ( 'NONE', *, *, #1058, .F. ) ;
#1621 = CARTESIAN_POINT ( 'NONE',  ( -300.0000000000000568, 100.0000000000000000, 10.00000000000000000 ) ) ;
#1622 = ORIENTED_EDGE ( 'NONE', *, *, #370, .F. ) ;
#1623 = DIRECTION ( 'NONE',  ( 1.000000000000000000, 0.000000000000000000, 0.000000000000000000 ) ) ;
#1624 = ORIENTED_EDGE ( 'NONE', *, *, #3442, .F. ) ;
#1625 = PLANE ( 'NONE',  #2496 ) ;
#1626 = AXIS2_PLACEMENT_3D ( 'NONE', #2775, #3061, #415 ) ;
#1627 = AXIS2_PLACEMENT_3D ( 'NONE', #1262, #2309, #1616 ) ;
#1628 = CARTESIAN_POINT ( 'NONE',  ( -96.00000000000007105, 200.0000000000000284, 10.00000000000000000 ) ) ;
#1629 = AXIS2_PLACEMENT_3D ( 'NONE', #2785, #2528, #2224 ) ;
#1630 = EDGE_CURVE ( 'NONE', #1904, #417, #2375, .T. ) ;
#1631 = APPLICATION_PROTOCOL_DEFINITION ( 'draft international standard', 'automotive_design', 1998, #2952 ) ;
#1632 = CARTESIAN_POINT ( 'NONE',  ( 95.99999999999992895, 5.600100995091676761E-14, 10.00000000000000000 ) ) ;
#1633 = VECTOR ( 'NONE', #1306, 1000.000000000000000 ) ;
#1634 = EDGE_CURVE ( 'NONE', #660, #1024, #1867, .T. ) ;
#1635 = AXIS2_PLACEMENT_3D ( 'NONE', #2246, #90, #3303 ) ;
#1636 = DIRECTION ( 'NONE',  ( 1.000000000000000000, 0.000000000000000000, 0.000000000000000000 ) ) ;
#1637 = EDGE_CURVE ( 'NONE', #2873, #754, #2361, .T. ) ;
#1638 = DIRECTION ( 'NONE',  ( 0.000000000000000000, 0.000000000000000000, 1.000000000000000000 ) ) ;
#1639 = CARTESIAN_POINT ( 'NONE',  ( 99.99999999999992895, 100.0000000000000426, 20.00000000000000000 ) ) ;
#1640 = EDGE_LOOP ( 'NONE', ( #1947, #2957, #2673, #1592 ) ) ;
#1641 = EDGE_CURVE ( 'NONE', #1041, #2139, #1908, .T. ) ;
#1642 = DIRECTION ( 'NONE',  ( 1.000000000000000000, 0.000000000000000000, -0.000000000000000000 ) ) ;
#1643 = EDGE_LOOP ( 'NONE', ( #2045, #2595 ) ) ;
#1644 = PLANE ( 'NONE',  #2356 ) ;
#1645 = ORIENTED_EDGE ( 'NONE', *, *, #347, .T. ) ;
#1646 = CARTESIAN_POINT ( 'NONE',  ( -304.0000000000000568, -100.0000000000000284, 20.00000000000000000 ) ) ;
#1647 = CIRCLE ( 'NONE', #2747, 3.999999999999993339 ) ;
#1648 = CARTESIAN_POINT ( 'NONE',  ( -200.0000000000000568, -200.0000000000000000, 10.00000000000000000 ) ) ;
#1649 = CIRCLE ( 'NONE', #989, 4.000000000000003553 ) ;
#1650 = CARTESIAN_POINT ( 'NONE',  ( 295.9999999999999432, -199.9999999999999432, 10.00000000000000000 ) ) ;
#1651 = CARTESIAN_POINT ( 'NONE',  ( -358.0000000000000568, 247.9999999999999147, 1.999999999999998224 ) ) ;
#1652 = DIRECTION ( 'NONE',  ( 0.000000000000000000, 0.000000000000000000, 1.000000000000000000 ) ) ;
#1653 = EDGE_LOOP ( 'NONE', ( #3389, #1379, #297, #1263 ) ) ;
#1654 = DIRECTION ( 'NONE',  ( -0.000000000000000000, -0.000000000000000000, 1.000000000000000000 ) ) ;
#1655 = EDGE_CURVE ( 'NONE', #1221, #2977, #2674, .T. ) ;
#1656 = EDGE_LOOP ( 'NONE', ( #473, #1343, #137, #699 ) ) ;
#1657 = CYLINDRICAL_SURFACE ( 'NONE', #3426, 4.000000000000003553 ) ;
#1658 = ORIENTED_EDGE ( 'NONE', *, *, #3147, .T. ) ;
#1659 = DIRECTION ( 'NONE',  ( -0.000000000000000000, -0.000000000000000000, 1.000000000000000000 ) ) ;
#1660 = CARTESIAN_POINT ( 'NONE',  ( -200.0000000000000568, 200.0000000000000000, 20.00000000000000000 ) ) ;
#1661 = CARTESIAN_POINT ( 'NONE',  ( 359.9999999999999432, -247.9999999999999432, 1.999999999999998224 ) ) ;
#1662 = VECTOR ( 'NONE', #797, 1000.000000000000000 ) ;
#1663 = CARTESIAN_POINT ( 'NONE',  ( 199.9999999999998863, -199.9999999999999432, 10.00000000000000000 ) ) ;
#1664 = CARTESIAN_POINT ( 'NONE',  ( 103.9999999999999147, 5.551115123125782702E-14, 20.00000000000000000 ) ) ;
#1665 = LINE ( 'NONE', #872, #1356 ) ;
#1666 = CARTESIAN_POINT ( 'NONE',  ( -358.0000000000000568, 247.9999999999999432, 20.00000000000000000 ) ) ;
#1667 = DIRECTION ( 'NONE',  ( -1.000000000000000000, 0.000000000000000000, -0.000000000000000000 ) ) ;
#1668 = EDGE_LOOP ( 'NONE', ( #2344, #2155, #1524, #3066 ) ) ;
#1669 = EDGE_CURVE ( 'NONE', #99, #1965, #6, .T. ) ;
#1670 = ORIENTED_EDGE ( 'NONE', *, *, #2413, .T. ) ;
#1671 = DIRECTION ( 'NONE',  ( 1.000000000000000000, 0.000000000000000000, -0.000000000000000000 ) ) ;
#1672 = ORIENTED_EDGE ( 'NONE', *, *, #423, .T. ) ;
#1673 = AXIS2_PLACEMENT_3D ( 'NONE', #262, #2140, #3246 ) ;
#1674 =( NAMED_UNIT ( * ) PLANE_ANGLE_UNIT ( ) SI_UNIT ( $, .RADIAN. ) );
#1675 = AXIS2_PLACEMENT_3D ( 'NONE', #974, #1460, #656 ) ;
#1676 = ADVANCED_FACE ( 'NONE', ( #784 ), #2590, .T. ) ;
#1677 = CARTESIAN_POINT ( 'NONE',  ( -296.0000000000000568, -100.0000000000000284, 10.00000000000000000 ) ) ;
#1678 = CIRCLE ( 'NONE', #1518, 4.000000000000003553 ) ;
#1679 = CARTESIAN_POINT ( 'NONE',  ( 99.99999999999992895, 200.0000000000000568, 10.00000000000000000 ) ) ;
#1680 = VECTOR ( 'NONE', #1973, 1000.000000000000000 ) ;
#1681 = PLANE ( 'NONE',  #1819 ) ;
#1682 = CARTESIAN_POINT ( 'NONE',  ( -304.0000000000000568, 200.0000000000000000, 10.00000000000000000 ) ) ;
#1683 = DIRECTION ( 'NONE',  ( -0.000000000000000000, -0.000000000000000000, 1.000000000000000000 ) ) ;
#1684 = CIRCLE ( 'NONE', #291, 4.000000000000003553 ) ;
#1685 = PLANE ( 'NONE',  #1924 ) ;
#1686 = CARTESIAN_POINT ( 'NONE',  ( 3.999999999999937828, -199.9999999999999432, 20.00000000000000000 ) ) ;
#1687 = ORIENTED_EDGE ( 'NONE', *, *, #2244, .T. ) ;
#1688 = ORIENTED_EDGE ( 'NONE', *, *, #2352, .F. ) ;
#1689 = CARTESIAN_POINT ( 'NONE',  ( -196.0000000000000568, 100.0000000000000142, 10.00000000000000000 ) ) ;
#1690 = VERTEX_POINT ( 'NONE', #1797 ) ;
#1691 = DIRECTION ( 'NONE',  ( 1.000000000000000000, 0.000000000000000000, 0.000000000000000000 ) ) ;
#1692 = VECTOR ( 'NONE', #2616, 1000.000000000000000 ) ;
#1693 = FACE_OUTER_BOUND ( 'NONE', #2855, .T. ) ;
#1694 = ADVANCED_FACE ( 'NONE', ( #2848 ), #192, .F. ) ;
#1695 = EDGE_CURVE ( 'NONE', #470, #340, #2604, .T. ) ;
#1696 = CARTESIAN_POINT ( 'NONE',  ( 195.9999999999998863, 100.0000000000000568, 20.00000000000000000 ) ) ;
#1697 = CARTESIAN_POINT ( 'NONE',  ( 295.9999999999999432, 100.0000000000000711, 10.00000000000000000 ) ) ;
#1698 = FACE_OUTER_BOUND ( 'NONE', #275, .T. ) ;
#1699 = PLANE ( 'NONE',  #2335 ) ;
#1700 = CARTESIAN_POINT ( 'NONE',  ( 299.9999999999999432, -99.99999999999997158, 20.00000000000000000 ) ) ;
#1701 = AXIS2_PLACEMENT_3D ( 'NONE', #1074, #1891, #1142 ) ;
#1702 = CARTESIAN_POINT ( 'NONE',  ( 99.99999999999992895, -199.9999999999999432, 10.00000000000000000 ) ) ;
#1703 = FACE_OUTER_BOUND ( 'NONE', #176, .T. ) ;
#1704 = ORIENTED_EDGE ( 'NONE', *, *, #184, .F. ) ;
#1705 = EDGE_LOOP ( 'NONE', ( #1049, #577, #3216, #3202 ) ) ;
#1706 = DIRECTION ( 'NONE',  ( -0.000000000000000000, -0.000000000000000000, 1.000000000000000000 ) ) ;
#1707 = VERTEX_POINT ( 'NONE', #2622 ) ;
#1708 = FILL_AREA_STYLE ('',( #930 ) ) ;
#1709 = EDGE_CURVE ( 'NONE', #774, #1902, #1324, .T. ) ;
#1710 = DIRECTION ( 'NONE',  ( 1.000000000000000000, 0.000000000000000000, 0.000000000000000000 ) ) ;
#1711 = CARTESIAN_POINT ( 'NONE',  ( -5.551115123125782702E-14, 200.0000000000000284, 10.00000000000000000 ) ) ;
#1712 = EDGE_CURVE ( 'NONE', #544, #1138, #2067, .T. ) ;
#1713 = EDGE_CURVE ( 'NONE', #2706, #544, #2340, .T. ) ;
#1714 = UNCERTAINTY_MEASURE_WITH_UNIT (LENGTH_MEASURE( 1.000000000000000082E-05 ), #2970, 'distance_accuracy_value', 'NONE');
#1715 = DIRECTION ( 'NONE',  ( 1.000000000000000000, 0.000000000000000000, 0.000000000000000000 ) ) ;
#1716 = DIRECTION ( 'NONE',  ( 0.000000000000000000, 0.000000000000000000, 1.000000000000000000 ) ) ;
#1717 = CARTESIAN_POINT ( 'NONE',  ( 295.9999999999999432, -99.99999999999997158, 20.00000000000000000 ) ) ;
#1718 = DIRECTION ( 'NONE',  ( -0.000000000000000000, -0.000000000000000000, 1.000000000000000000 ) ) ;
#1719 = AXIS2_PLACEMENT_3D ( 'NONE', #3274, #49, #3224 ) ;
#1720 = AXIS2_PLACEMENT_3D ( 'NONE', #3148, #2061, #3130 ) ;
#1721 = FACE_OUTER_BOUND ( 'NONE', #421, .T. ) ;
#1722 = ORIENTED_EDGE ( 'NONE', *, *, #1824, .F. ) ;
#1723 = ORIENTED_EDGE ( 'NONE', *, *, #935, .T. ) ;
#1724 = CYLINDRICAL_SURFACE ( 'NONE', #2581, 2.000000000000000000 ) ;
#1725 = CIRCLE ( 'NONE', #1559, 4.000000000000003553 ) ;
#1726 = ORIENTED_EDGE ( 'NONE', *, *, #2328, .F. ) ;
#1727 = LINE ( 'NONE', #2975, #3342 ) ;
#1728 = CARTESIAN_POINT ( 'NONE',  ( -358.0000000000000568, 247.9999999999999147, 18.00000000000000355 ) ) ;
#1729 = AXIS2_PLACEMENT_3D ( 'NONE', #1478, #940, #2772 ) ;
#1730 = DIRECTION ( 'NONE',  ( 0.000000000000000000, 1.000000000000000000, 0.000000000000000000 ) ) ;
#1731 = DIRECTION ( 'NONE',  ( 1.000000000000000000, 0.000000000000000000, 0.000000000000000000 ) ) ;
#1732 = ADVANCED_FACE ( 'NONE', ( #753 ), #1862, .F. ) ;
#1733 = VECTOR ( 'NONE', #3129, 1000.000000000000000 ) ;
#1734 = DIRECTION ( 'NONE',  ( 1.000000000000000000, 0.000000000000000000, 0.000000000000000000 ) ) ;
#1735 = CARTESIAN_POINT ( 'NONE',  ( -200.0000000000000568, 0.000000000000000000, 10.00000000000000000 ) ) ;
#1736 = FACE_BOUND ( 'NONE', #3112, .T. ) ;
#1737 = FACE_OUTER_BOUND ( 'NONE', #2498, .T. ) ;
#1738 = LINE ( 'NONE', #977, #2063 ) ;
#1739 = EDGE_CURVE ( 'NONE', #1605, #2571, #509, .T. ) ;
#1740 = ORIENTED_EDGE ( 'NONE', *, *, #3094, .F. ) ;
#1741 = AXIS2_PLACEMENT_3D ( 'NONE', #1679, #124, #1401 ) ;
#1742 = EDGE_CURVE ( 'NONE', #2826, #3121, #961, .T. ) ;
#1743 = ORIENTED_EDGE ( 'NONE', *, *, #2370, .F. ) ;
#1744 = FACE_OUTER_BOUND ( 'NONE', #1776, .T. ) ;
#1745 = AXIS2_PLACEMENT_3D ( 'NONE', #305, #1376, #2363 ) ;
#1746 = VERTEX_POINT ( 'NONE', #802 ) ;
#1747 = DIRECTION ( 'NONE',  ( 0.000000000000000000, 0.000000000000000000, 1.000000000000000000 ) ) ;
#1748 = AXIS2_PLACEMENT_3D ( 'NONE', #1076, #549, #1614 ) ;
#1749 = VECTOR ( 'NONE', #3441, 1000.000000000000000 ) ;
#1750 = CARTESIAN_POINT ( 'NONE',  ( 295.9999999999999432, 200.0000000000000568, 10.00000000000000000 ) ) ;
#1751 = PLANE ( 'NONE',  #3298 ) ;
#1752 = AXIS2_PLACEMENT_3D ( 'NONE', #342, #2939, #1671 ) ;
#1753 = CARTESIAN_POINT ( 'NONE',  ( -96.00000000000007105, -100.0000000000000284, 10.00000000000000000 ) ) ;
#1754 = DIRECTION ( 'NONE',  ( 0.000000000000000000, 0.000000000000000000, -1.000000000000000000 ) ) ;
#1755 = CARTESIAN_POINT ( 'NONE',  ( 303.9999999999999432, 5.551115123125782702E-14, 20.00000000000000000 ) ) ;
#1756 = CARTESIAN_POINT ( 'NONE',  ( -5.551115123125782702E-14, -99.99999999999997158, 10.00000000000000000 ) ) ;
#1757 = ADVANCED_FACE ( 'NONE', ( #3152 ), #2915, .T. ) ;
#1758 = EDGE_LOOP ( 'NONE', ( #2087, #1100, #785, #2657 ) ) ;
#1759 = DIRECTION ( 'NONE',  ( 0.000000000000000000, 0.000000000000000000, 1.000000000000000000 ) ) ;
#1760 = ORIENTED_EDGE ( 'NONE', *, *, #1630, .T. ) ;
#1761 = VERTEX_POINT ( 'NONE', #869 ) ;
#1762 = DIRECTION ( 'NONE',  ( 1.000000000000000000, 0.000000000000000000, -0.000000000000000000 ) ) ;
#1763 = ORIENTED_EDGE ( 'NONE', *, *, #2580, .F. ) ;
#1764 = LINE ( 'NONE', #1523, #2534 ) ;
#1765 = EDGE_CURVE ( 'NONE', #2200, #1516, #2890, .T. ) ;
#1766 = CIRCLE ( 'NONE', #706, 4.000000000000003553 ) ;
#1767 = DIRECTION ( 'NONE',  ( 1.000000000000000000, 0.000000000000000000, 0.000000000000000000 ) ) ;
#1768 = DIRECTION ( 'NONE',  ( -0.000000000000000000, -0.000000000000000000, 1.000000000000000000 ) ) ;
#1769 = CARTESIAN_POINT ( 'NONE',  ( -196.0000000000000568, 0.000000000000000000, 20.00000000000000000 ) ) ;
#1770 = DIRECTION ( 'NONE',  ( 1.000000000000000000, 0.000000000000000000, 0.000000000000000000 ) ) ;
#1771 = LINE ( 'NONE', #2211, #955 ) ;
#1772 = FACE_OUTER_BOUND ( 'NONE', #1073, .T. ) ;
#1773 = VERTEX_POINT ( 'NONE', #1650 ) ;
#1774 = FACE_OUTER_BOUND ( 'NONE', #791, .T. ) ;
#1775 = ORIENTED_EDGE ( 'NONE', *, *, #3423, .T. ) ;
#1776 = EDGE_LOOP ( 'NONE', ( #53, #1323, #223, #926 ) ) ;
#1777 = DIRECTION ( 'NONE',  ( 0.000000000000000000, 0.000000000000000000, 1.000000000000000000 ) ) ;
#1778 = ORIENTED_EDGE ( 'NONE', *, *, #866, .T. ) ;
#1779 = CARTESIAN_POINT ( 'NONE',  ( 357.9999999999999432, 248.0000000000000000, 0.000000000000000000 ) ) ;
#1780 = VERTEX_POINT ( 'NONE', #2194 ) ;
#1781 = EDGE_CURVE ( 'NONE', #858, #433, #2840, .T. ) ;
#1782 = AXIS2_PLACEMENT_3D ( 'NONE', #2043, #2371, #2321 ) ;
#1783 = CYLINDRICAL_SURFACE ( 'NONE', #1451, 3.999999999999989786 ) ;
#1784 = EDGE_CURVE ( 'NONE', #1106, #65, #1678, .T. ) ;
#1785 = CARTESIAN_POINT ( 'NONE',  ( 299.9999999999999432, -199.9999999999999432, 10.00000000000000000 ) ) ;
#1786 = CIRCLE ( 'NONE', #280, 4.000000000000003553 ) ;
#1787 = ADVANCED_FACE ( 'NONE', ( #3270 ), #60, .F. ) ;
#1788 = CARTESIAN_POINT ( 'NONE',  ( 359.9999999999999432, -249.9999999999999432, 18.00000000000000355 ) ) ;
#1789 = DIRECTION ( 'NONE',  ( 0.000000000000000000, 0.000000000000000000, 1.000000000000000000 ) ) ;
#1790 = CARTESIAN_POINT ( 'NONE',  ( 195.9999999999998863, 100.0000000000000568, 10.00000000000000000 ) ) ;
#1791 = AXIS2_PLACEMENT_3D ( 'NONE', #1955, #3018, #2485 ) ;
#1792 = ORIENTED_EDGE ( 'NONE', *, *, #285, .T. ) ;
#1793 = DIRECTION ( 'NONE',  ( 1.000000000000000000, 0.000000000000000000, 0.000000000000000000 ) ) ;
#1794 = VECTOR ( 'NONE', #599, 1000.000000000000000 ) ;
#1795 = ORIENTED_EDGE ( 'NONE', *, *, #157, .F. ) ;
#1796 = EDGE_LOOP ( 'NONE', ( #2589, #324 ) ) ;
#1797 = CARTESIAN_POINT ( 'NONE',  ( 3.999999999999937828, -99.99999999999997158, 20.00000000000000000 ) ) ;
#1798 = EDGE_LOOP ( 'NONE', ( #3171, #528, #2269, #2659 ) ) ;
#1799 = DIRECTION ( 'NONE',  ( 1.000000000000000000, 0.000000000000000000, 0.000000000000000000 ) ) ;
#1800 = EDGE_LOOP ( 'NONE', ( #2981, #1065, #2374, #2368 ) ) ;
#1801 = AXIS2_PLACEMENT_3D ( 'NONE', #705, #492, #743 ) ;
#1802 = AXIS2_PLACEMENT_3D ( 'NONE', #572, #1604, #821 ) ;
#1803 = CARTESIAN_POINT ( 'NONE',  ( 199.9999999999998863, -199.9999999999999432, 10.00000000000000000 ) ) ;
#1804 = ORIENTED_EDGE ( 'NONE', *, *, #2157, .T. ) ;
#1805 = AXIS2_PLACEMENT_3D ( 'NONE', #1456, #1990, #633 ) ;
#1806 = DIRECTION ( 'NONE',  ( 1.000000000000000000, 0.000000000000000000, -0.000000000000000000 ) ) ;
#1807 = ADVANCED_FACE ( 'NONE', ( #1373 ), #3256, .T. ) ;
#1808 = CARTESIAN_POINT ( 'NONE',  ( 99.99999999999992895, -99.99999999999997158, 10.00000000000000000 ) ) ;
#1809 = ADVANCED_FACE ( 'NONE', ( #2391 ), #335, .T. ) ;
#1810 = DIRECTION ( 'NONE',  ( 1.000000000000000000, 0.000000000000000000, 0.000000000000000000 ) ) ;
#1811 = CARTESIAN_POINT ( 'NONE',  ( -358.0000000000000568, 247.9999999999999432, 1.999999999999998224 ) ) ;
#1812 = ORIENTED_EDGE ( 'NONE', *, *, #2499, .F. ) ;
#1813 = ORIENTED_EDGE ( 'NONE', *, *, #2969, .T. ) ;
#1814 = ORIENTED_EDGE ( 'NONE', *, *, #3019, .T. ) ;
#1815 = DIRECTION ( 'NONE',  ( -0.000000000000000000, -0.000000000000000000, 1.000000000000000000 ) ) ;
#1816 = EDGE_LOOP ( 'NONE', ( #751, #1330 ) ) ;
#1817 = CARTESIAN_POINT ( 'NONE',  ( -358.0000000000000568, 247.9999999999999432, 18.00000000000000355 ) ) ;
#1818 = ORIENTED_EDGE ( 'NONE', *, *, #2307, .T. ) ;
#1819 = AXIS2_PLACEMENT_3D ( 'NONE', #2736, #353, #708 ) ;
#1820 = ORIENTED_EDGE ( 'NONE', *, *, #648, .F. ) ;
#1821 = CYLINDRICAL_SURFACE ( 'NONE', #1027, 4.000000000000003553 ) ;
#1822 = CARTESIAN_POINT ( 'NONE',  ( 199.9999999999998863, 100.0000000000000568, 10.00000000000000000 ) ) ;
#1823 = ADVANCED_FACE ( 'NONE', ( #2148 ), #2933, .T. ) ;
#1824 = EDGE_CURVE ( 'NONE', #843, #3181, #2409, .T. ) ;
#1825 = DIRECTION ( 'NONE',  ( 0.000000000000000000, 0.000000000000000000, 1.000000000000000000 ) ) ;
#1826 = CARTESIAN_POINT ( 'NONE',  ( -204.0000000000000568, -100.0000000000000284, 20.00000000000000000 ) ) ;
#1827 = ORIENTED_EDGE ( 'NONE', *, *, #2725, .F. ) ;
#1828 = ORIENTED_EDGE ( 'NONE', *, *, #2173, .F. ) ;
#1829 = DIRECTION ( 'NONE',  ( -0.000000000000000000, -0.000000000000000000, 1.000000000000000000 ) ) ;
#1830 = ORIENTED_EDGE ( 'NONE', *, *, #3235, .T. ) ;
#1831 = CARTESIAN_POINT ( 'NONE',  ( 199.9999999999998863, -99.99999999999997158, 10.00000000000000000 ) ) ;
#1832 = ORIENTED_EDGE ( 'NONE', *, *, #2524, .T. ) ;
#1833 = CIRCLE ( 'NONE', #2607, 4.000000000000003553 ) ;
#1834 = ORIENTED_EDGE ( 'NONE', *, *, #3128, .T. ) ;
#1835 = DIRECTION ( 'NONE',  ( -0.000000000000000000, -0.000000000000000000, 1.000000000000000000 ) ) ;
#1836 = AXIS2_PLACEMENT_3D ( 'NONE', #1072, #542, #561 ) ;
#1837 = LINE ( 'NONE', #1305, #3451 ) ;
#1838 = DIRECTION ( 'NONE',  ( 0.000000000000000000, 0.000000000000000000, 1.000000000000000000 ) ) ;
#1839 = EDGE_CURVE ( 'NONE', #2125, #519, #1846, .T. ) ;
#1840 = ORIENTED_EDGE ( 'NONE', *, *, #2158, .F. ) ;
#1841 = VERTEX_POINT ( 'NONE', #2163 ) ;
#1842 = CARTESIAN_POINT ( 'NONE',  ( 203.9999999999999147, 100.0000000000000568, 10.00000000000000000 ) ) ;
#1843 = ORIENTED_EDGE ( 'NONE', *, *, #184, .T. ) ;
#1844 = DIRECTION ( 'NONE',  ( -1.000000000000000000, -0.000000000000000000, -0.000000000000000000 ) ) ;
#1845 = ORIENTED_EDGE ( 'NONE', *, *, #2755, .F. ) ;
#1846 = CIRCLE ( 'NONE', #177, 4.000000000000003553 ) ;
#1847 = ADVANCED_FACE ( 'NONE', ( #2700 ), #1930, .F. ) ;
#1848 = EDGE_CURVE ( 'NONE', #2553, #3192, #884, .T. ) ;
#1849 = ORIENTED_EDGE ( 'NONE', *, *, #2278, .T. ) ;
#1850 = ORIENTED_EDGE ( 'NONE', *, *, #2354, .F. ) ;
#1851 = DIRECTION ( 'NONE',  ( 0.000000000000000000, 0.000000000000000000, 1.000000000000000000 ) ) ;
#1852 = AXIS2_PLACEMENT_3D ( 'NONE', #2683, #2160, #582 ) ;
#1853 = ORIENTED_EDGE ( 'NONE', *, *, #2235, .F. ) ;
#1854 = AXIS2_PLACEMENT_3D ( 'NONE', #1639, #1882, #2691 ) ;
#1855 = CARTESIAN_POINT ( 'NONE',  ( -200.0000000000000568, -100.0000000000000284, 20.00000000000000000 ) ) ;
#1856 = AXIS2_PLACEMENT_3D ( 'NONE', #2147, #1321, #1858 ) ;
#1857 = DIRECTION ( 'NONE',  ( 0.000000000000000000, 0.000000000000000000, 1.000000000000000000 ) ) ;
#1858 = DIRECTION ( 'NONE',  ( 1.000000000000000000, 0.000000000000000000, 0.000000000000000000 ) ) ;
#1859 = AXIS2_PLACEMENT_3D ( 'NONE', #478, #2598, #3106 ) ;
#1860 = ORIENTED_EDGE ( 'NONE', *, *, #1939, .T. ) ;
#1861 = EDGE_LOOP ( 'NONE', ( #3029, #3193, #3245 ) ) ;
#1862 = CYLINDRICAL_SURFACE ( 'NONE', #2445, 3.999999999999989786 ) ;
#1863 = EDGE_CURVE ( 'NONE', #1560, #17, #1879, .T. ) ;
#1864 = VERTEX_POINT ( 'NONE', #2953 ) ;
#1865 = CARTESIAN_POINT ( 'NONE',  ( 195.9999999999998863, 200.0000000000000568, 10.00000000000000000 ) ) ;
#1866 = ORIENTED_EDGE ( 'NONE', *, *, #2701, .F. ) ;
#1867 = CIRCLE ( 'NONE', #1092, 3.999999999999989786 ) ;
#1868 = LINE ( 'NONE', #2837, #2493 ) ;
#1869 = ORIENTED_EDGE ( 'NONE', *, *, #463, .F. ) ;
#1870 = EDGE_CURVE ( 'NONE', #559, #3192, #2279, .T. ) ;
#1871 = VERTEX_POINT ( 'NONE', #2690 ) ;
#1872 = DIRECTION ( 'NONE',  ( 0.000000000000000000, 0.000000000000000000, 1.000000000000000000 ) ) ;
#1873 = ORIENTED_EDGE ( 'NONE', *, *, #2054, .F. ) ;
#1874 = VECTOR ( 'NONE', #2984, 1000.000000000000000 ) ;
#1875 = FACE_OUTER_BOUND ( 'NONE', #718, .T. ) ;
#1876 = CARTESIAN_POINT ( 'NONE',  ( -100.0000000000000568, -100.0000000000000284, 10.00000000000000000 ) ) ;
#1877 = CARTESIAN_POINT ( 'NONE',  ( 299.9999999999999432, -199.9999999999999432, 10.00000000000000000 ) ) ;
#1878 = AXIS2_PLACEMENT_3D ( 'NONE', #1621, #3104, #1885 ) ;
#1879 = LINE ( 'NONE', #1359, #1240 ) ;
#1880 = EDGE_LOOP ( 'NONE', ( #2201, #959, #11, #499 ) ) ;
#1881 = LINE ( 'NONE', #1098, #3003 ) ;
#1882 = DIRECTION ( 'NONE',  ( 0.000000000000000000, 0.000000000000000000, 1.000000000000000000 ) ) ;
#1883 = ORIENTED_EDGE ( 'NONE', *, *, #2107, .F. ) ;
#1884 = CIRCLE ( 'NONE', #372, 2.000000000000000000 ) ;
#1885 = DIRECTION ( 'NONE',  ( 1.000000000000000000, 0.000000000000000000, 0.000000000000000000 ) ) ;
#1886 = EDGE_LOOP ( 'NONE', ( #3312, #2900, #451, #431 ) ) ;
#1887 = FACE_OUTER_BOUND ( 'NONE', #452, .T. ) ;
#1888 = EDGE_LOOP ( 'NONE', ( #2048, #1873, #2216, #2293 ) ) ;
#1889 = CARTESIAN_POINT ( 'NONE',  ( -200.0000000000000568, 200.0000000000000000, 10.00000000000000000 ) ) ;
#1890 = ADVANCED_FACE ( 'NONE', ( #45 ), #1112, .F. ) ;
#1891 = DIRECTION ( 'NONE',  ( 0.000000000000000000, 0.000000000000000000, 1.000000000000000000 ) ) ;
#1892 = EDGE_CURVE ( 'NONE', #2571, #1605, #794, .T. ) ;
#1893 = EDGE_CURVE ( 'NONE', #945, #1206, #457, .T. ) ;
#1894 = DIRECTION ( 'NONE',  ( 1.000000000000000000, 0.000000000000000000, 0.000000000000000000 ) ) ;
#1895 = CYLINDRICAL_SURFACE ( 'NONE', #69, 4.000000000000003553 ) ;
#1896 = VECTOR ( 'NONE', #2379, 1000.000000000000000 ) ;
#1897 = CIRCLE ( 'NONE', #385, 2.000000000000000000 ) ;
#1898 = CARTESIAN_POINT ( 'NONE',  ( 199.9999999999998863, -199.9999999999999432, 10.00000000000000000 ) ) ;
#1899 = CARTESIAN_POINT ( 'NONE',  ( -104.0000000000000568, 2.824543433528785410E-14, 20.00000000000000000 ) ) ;
#1900 = LINE ( 'NONE', #786, #1248 ) ;
#1901 = AXIS2_PLACEMENT_3D ( 'NONE', #304, #1375, #61 ) ;
#1902 = VERTEX_POINT ( 'NONE', #3023 ) ;
#1903 = DIRECTION ( 'NONE',  ( 0.000000000000000000, 0.000000000000000000, 1.000000000000000000 ) ) ;
#1904 = VERTEX_POINT ( 'NONE', #1200 ) ;
#1905 = DIRECTION ( 'NONE',  ( 0.000000000000000000, 0.000000000000000000, 1.000000000000000000 ) ) ;
#1906 = EDGE_LOOP ( 'NONE', ( #504, #1413 ) ) ;
#1907 = CARTESIAN_POINT ( 'NONE',  ( -4.000000000000048850, 100.0000000000000284, 10.00000000000000000 ) ) ;
#1908 = CIRCLE ( 'NONE', #2119, 4.000000000000003553 ) ;
#1909 = DIRECTION ( 'NONE',  ( 1.000000000000000000, 0.000000000000000000, 0.000000000000000000 ) ) ;
#1910 = AXIS2_PLACEMENT_3D ( 'NONE', #856, #1390, #2739 ) ;
#1911 = EDGE_CURVE ( 'NONE', #1746, #1780, #901, .T. ) ;
#1912 = DIRECTION ( 'NONE',  ( -0.000000000000000000, -0.000000000000000000, 1.000000000000000000 ) ) ;
#1913 = ADVANCED_FACE ( 'NONE', ( #2805 ), #921, .F. ) ;
#1914 = AXIS2_PLACEMENT_3D ( 'NONE', #130, #3108, #3393 ) ;
#1915 = CARTESIAN_POINT ( 'NONE',  ( 295.9999999999999432, -99.99999999999997158, 10.00000000000000000 ) ) ;
#1916 = CARTESIAN_POINT ( 'NONE',  ( -100.0000000000000568, 200.0000000000000284, 20.00000000000000000 ) ) ;
#1917 = ORIENTED_EDGE ( 'NONE', *, *, #505, .F. ) ;
#1918 = CARTESIAN_POINT ( 'NONE',  ( 299.9999999999999432, 200.0000000000000568, 10.00000000000000000 ) ) ;
#1919 = VERTEX_POINT ( 'NONE', #956 ) ;
#1920 = CARTESIAN_POINT ( 'NONE',  ( 303.9999999999999432, -99.99999999999997158, 20.00000000000000000 ) ) ;
#1921 = ORIENTED_EDGE ( 'NONE', *, *, #1232, .T. ) ;
#1922 = FACE_OUTER_BOUND ( 'NONE', #995, .T. ) ;
#1923 = VECTOR ( 'NONE', #138, 1000.000000000000000 ) ;
#1924 = AXIS2_PLACEMENT_3D ( 'NONE', #1933, #2794, #1480 ) ;
#1925 = CARTESIAN_POINT ( 'NONE',  ( 199.9999999999998863, 5.551115123125782702E-14, 10.00000000000000000 ) ) ;
#1926 = CARTESIAN_POINT ( 'NONE',  ( -200.0000000000000568, 0.000000000000000000, 10.00000000000000000 ) ) ;
#1927 = ADVANCED_FACE ( 'NONE', ( #1698 ), #2009, .F. ) ;
#1928 = VECTOR ( 'NONE', #3285, 1000.000000000000000 ) ;
#1929 = EDGE_CURVE ( 'NONE', #2114, #470, #312, .T. ) ;
#1930 = CYLINDRICAL_SURFACE ( 'NONE', #334, 4.000000000000003553 ) ;
#1931 = DIRECTION ( 'NONE',  ( -0.000000000000000000, -0.000000000000000000, 1.000000000000000000 ) ) ;
#1932 = CARTESIAN_POINT ( 'NONE',  ( 103.9999999999999147, -99.99999999999997158, 10.00000000000000000 ) ) ;
#1933 = CARTESIAN_POINT ( 'NONE',  ( 359.9999999999999432, -249.9999999999999432, 20.00000000000000000 ) ) ;
#1934 = CARTESIAN_POINT ( 'NONE',  ( -358.0000000000000568, -248.0000000000001137, 2.000000000000000000 ) ) ;
#1935 = ORIENTED_EDGE ( 'NONE', *, *, #309, .F. ) ;
#1936 = EDGE_LOOP ( 'NONE', ( #51, #1840, #1208, #806 ) ) ;
#1937 = CARTESIAN_POINT ( 'NONE',  ( -5.551115123125782702E-14, 200.0000000000000284, 10.00000000000000000 ) ) ;
#1938 = EDGE_LOOP ( 'NONE', ( #1827, #32, #115 ) ) ;
#1939 = EDGE_CURVE ( 'NONE', #3328, #119, #3304, .T. ) ;
#1940 = DIRECTION ( 'NONE',  ( 1.000000000000000000, 0.000000000000000000, 0.000000000000000000 ) ) ;
#1941 = CARTESIAN_POINT ( 'NONE',  ( 303.9999999999999432, 100.0000000000000711, 10.00000000000000000 ) ) ;
#1942 = DIRECTION ( 'NONE',  ( 1.000000000000000000, 0.000000000000000000, 0.000000000000000000 ) ) ;
#1943 = DIRECTION ( 'NONE',  ( -0.000000000000000000, -0.000000000000000000, 1.000000000000000000 ) ) ;
#1944 = LINE ( 'NONE', #3006, #2404 ) ;
#1945 = FACE_OUTER_BOUND ( 'NONE', #1590, .T. ) ;
#1946 = LINE ( 'NONE', #620, #37 ) ;
#1947 = ORIENTED_EDGE ( 'NONE', *, *, #439, .F. ) ;
#1948 = EDGE_LOOP ( 'NONE', ( #2906, #2463, #83, #2694 ) ) ;
#1949 = FACE_OUTER_BOUND ( 'NONE', #3385, .T. ) ;
#1950 = ORIENTED_EDGE ( 'NONE', *, *, #1870, .F. ) ;
#1951 = AXIS2_PLACEMENT_3D ( 'NONE', #2697, #314, #1090 ) ;
#1952 = LINE ( 'NONE', #68, #450 ) ;
#1953 = ADVANCED_FACE ( 'NONE', ( #1421 ), #1161, .T. ) ;
#1954 = EDGE_CURVE ( 'NONE', #1039, #843, #87, .T. ) ;
#1955 = CARTESIAN_POINT ( 'NONE',  ( -5.551115123125782702E-14, -199.9999999999999432, 10.00000000000000000 ) ) ;
#1956 = AXIS2_PLACEMENT_3D ( 'NONE', #1663, #939, #164 ) ;
#1957 = DIRECTION ( 'NONE',  ( 1.000000000000000000, 0.000000000000000000, 0.000000000000000000 ) ) ;
#1958 = DIRECTION ( 'NONE',  ( 1.000000000000000000, 0.000000000000000000, 0.000000000000000000 ) ) ;
#1959 = DIRECTION ( 'NONE',  ( 1.000000000000000000, 0.000000000000000000, -0.000000000000000000 ) ) ;
#1960 = CARTESIAN_POINT ( 'NONE',  ( -96.00000000000007105, 2.775557561562891351E-14, 10.00000000000000000 ) ) ;
#1961 = AXIS2_PLACEMENT_3D ( 'NONE', #886, #95, #391 ) ;
#1962 = CARTESIAN_POINT ( 'NONE',  ( 357.9999999999999432, -249.9999999999999432, 1.999999999999998224 ) ) ;
#1963 = DIRECTION ( 'NONE',  ( 0.000000000000000000, 0.000000000000000000, 1.000000000000000000 ) ) ;
#1964 = EDGE_LOOP ( 'NONE', ( #2398, #1428, #713, #1307 ) ) ;
#1965 = VERTEX_POINT ( 'NONE', #690 ) ;
#1966 = EDGE_CURVE ( 'NONE', #1902, #1156, #3155, .T. ) ;
#1967 = CARTESIAN_POINT ( 'NONE',  ( 303.9999999999999432, 200.0000000000000568, 20.00000000000000000 ) ) ;
#1968 = ORIENTED_EDGE ( 'NONE', *, *, #611, .T. ) ;
#1969 = DIRECTION ( 'NONE',  ( 0.000000000000000000, 0.000000000000000000, 1.000000000000000000 ) ) ;
#1970 = EDGE_CURVE ( 'NONE', #1051, #1024, #3355, .T. ) ;
#1971 = EDGE_CURVE ( 'NONE', #694, #1293, #1430, .T. ) ;
#1972 = DIRECTION ( 'NONE',  ( 1.387778780781444256E-14, 1.000000000000000000, 0.000000000000000000 ) ) ;
#1973 = DIRECTION ( 'NONE',  ( -0.000000000000000000, -0.000000000000000000, 1.000000000000000000 ) ) ;
#1974 = CARTESIAN_POINT ( 'NONE',  ( -300.0000000000000568, 0.000000000000000000, 10.00000000000000000 ) ) ;
#1975 = DIRECTION ( 'NONE',  ( 0.000000000000000000, 0.000000000000000000, 1.000000000000000000 ) ) ;
#1976 = CARTESIAN_POINT ( 'NONE',  ( 195.9999999999998863, 200.0000000000000568, 10.00000000000000000 ) ) ;
#1977 = CARTESIAN_POINT ( 'NONE',  ( 3.999999999999937828, 200.0000000000000284, 10.00000000000000000 ) ) ;
#1978 = FACE_OUTER_BOUND ( 'NONE', #1339, .T. ) ;
#1979 = CIRCLE ( 'NONE', #482, 4.000000000000003553 ) ;
#1980 = FACE_OUTER_BOUND ( 'NONE', #756, .T. ) ;
#1981 = ORIENTED_EDGE ( 'NONE', *, *, #71, .T. ) ;
#1982 = EDGE_LOOP ( 'NONE', ( #3396, #1704 ) ) ;
#1983 = FACE_OUTER_BOUND ( 'NONE', #1265, .T. ) ;
#1984 = ORIENTED_EDGE ( 'NONE', *, *, #1358, .T. ) ;
#1985 = CARTESIAN_POINT ( 'NONE',  ( -5.551115123125782702E-14, -99.99999999999997158, 20.00000000000000000 ) ) ;
#1986 = ADVANCED_FACE ( 'NONE', ( #2546 ), #3320, .F. ) ;
#1987 = CARTESIAN_POINT ( 'NONE',  ( 299.9999999999999432, -199.9999999999999432, 20.00000000000000000 ) ) ;
#1988 = FACE_OUTER_BOUND ( 'NONE', #155, .T. ) ;
#1989 = ADVANCED_FACE ( 'NONE', ( #2530 ), #2473, .T. ) ;
#1990 = DIRECTION ( 'NONE',  ( 0.000000000000000000, 0.000000000000000000, 1.000000000000000000 ) ) ;
#1991 = EDGE_CURVE ( 'NONE', #2270, #1136, #428, .T. ) ;
#1992 = DIRECTION ( 'NONE',  ( -0.000000000000000000, -0.000000000000000000, 1.000000000000000000 ) ) ;
#1993 = LINE ( 'NONE', #957, #1123 ) ;
#1994 = FACE_BOUND ( 'NONE', #3261, .T. ) ;
#1995 = AXIS2_PLACEMENT_3D ( 'NONE', #1918, #2760, #1363 ) ;
#1996 = AXIS2_PLACEMENT_3D ( 'NONE', #3179, #483, #1548 ) ;
#1997 = VERTEX_POINT ( 'NONE', #973 ) ;
#1998 = CARTESIAN_POINT ( 'NONE',  ( -358.0000000000000568, 247.9999999999999147, 18.00000000000000355 ) ) ;
#1999 = EDGE_LOOP ( 'NONE', ( #3431, #2303, #2647, #1391 ) ) ;
#2000 = ORIENTED_EDGE ( 'NONE', *, *, #2174, .F. ) ;
#2001 = DIRECTION ( 'NONE',  ( 0.000000000000000000, 0.000000000000000000, 1.000000000000000000 ) ) ;
#2002 = ORIENTED_EDGE ( 'NONE', *, *, #2623, .T. ) ;
#2003 = DIRECTION ( 'NONE',  ( 0.000000000000000000, 0.000000000000000000, 1.000000000000000000 ) ) ;
#2004 = FACE_OUTER_BOUND ( 'NONE', #781, .T. ) ;
#2005 = CIRCLE ( 'NONE', #507, 4.000000000000003553 ) ;
#2006 = CARTESIAN_POINT ( 'NONE',  ( -304.0000000000000568, 200.0000000000000000, 20.00000000000000000 ) ) ;
#2007 = ADVANCED_FACE ( 'NONE', ( #616 ), #1681, .F. ) ;
#2008 = DIRECTION ( 'NONE',  ( 1.000000000000000000, 0.000000000000000000, -0.000000000000000000 ) ) ;
#2009 = CYLINDRICAL_SURFACE ( 'NONE', #2698, 4.000000000000003553 ) ;
#2010 = EDGE_CURVE ( 'NONE', #2013, #236, #1649, .T. ) ;
#2011 = CARTESIAN_POINT ( 'NONE',  ( -100.0000000000000568, -200.0000000000000000, 10.00000000000000000 ) ) ;
#2012 = DIRECTION ( 'NONE',  ( 0.000000000000000000, 0.000000000000000000, 1.000000000000000000 ) ) ;
#2013 = VERTEX_POINT ( 'NONE', #2822 ) ;
#2014 = FACE_OUTER_BOUND ( 'NONE', #3142, .T. ) ;
#2015 = ORIENTED_EDGE ( 'NONE', *, *, #2095, .T. ) ;
#2016 = VERTEX_POINT ( 'NONE', #445 ) ;
#2017 = LINE ( 'NONE', #3084, #76 ) ;
#2018 = AXIS2_PLACEMENT_3D ( 'NONE', #904, #2990, #2439 ) ;
#2019 = ORIENTED_EDGE ( 'NONE', *, *, #2193, .F. ) ;
#2020 = DIRECTION ( 'NONE',  ( 0.000000000000000000, 0.000000000000000000, 1.000000000000000000 ) ) ;
#2021 = CIRCLE ( 'NONE', #860, 2.000000000000001776 ) ;
#2022 = AXIS2_PLACEMENT_3D ( 'NONE', #2529, #386, #2026 ) ;
#2023 = CARTESIAN_POINT ( 'NONE',  ( -358.0000000000000568, -250.0000000000001137, 20.00000000000000000 ) ) ;
#2024 = DIRECTION ( 'NONE',  ( 0.000000000000000000, 0.000000000000000000, 1.000000000000000000 ) ) ;
#2025 = AXIS2_PLACEMENT_3D ( 'NONE', #842, #1104, #3278 ) ;
#2026 = DIRECTION ( 'NONE',  ( 1.000000000000000000, 0.000000000000000000, -0.000000000000000000 ) ) ;
#2027 = DIRECTION ( 'NONE',  ( 1.000000000000000000, 0.000000000000000000, 0.000000000000000000 ) ) ;
#2028 = DIRECTION ( 'NONE',  ( -0.000000000000000000, -0.000000000000000000, 1.000000000000000000 ) ) ;
#2029 = FACE_OUTER_BOUND ( 'NONE', #2588, .T. ) ;
#2030 = EDGE_CURVE ( 'NONE', #1087, #742, #145, .T. ) ;
#2031 = ORIENTED_EDGE ( 'NONE', *, *, #1712, .T. ) ;
#2032 = DIRECTION ( 'NONE',  ( 0.000000000000000000, 0.000000000000000000, -1.000000000000000000 ) ) ;
#2033 = EDGE_LOOP ( 'NONE', ( #3213, #2708, #1297, #2902 ) ) ;
#2034 = ORIENTED_EDGE ( 'NONE', *, *, #2141, .F. ) ;
#2035 = CARTESIAN_POINT ( 'NONE',  ( -4.000000000000048850, -99.99999999999997158, 10.00000000000000000 ) ) ;
#2036 = ORIENTED_EDGE ( 'NONE', *, *, #1848, .T. ) ;
#2037 = CARTESIAN_POINT ( 'NONE',  ( -196.0000000000000568, -200.0000000000000000, 10.00000000000000000 ) ) ;
#2038 = ORIENTED_EDGE ( 'NONE', *, *, #2470, .T. ) ;
#2039 = EDGE_CURVE ( 'NONE', #343, #2636, #2870, .T. ) ;
#2040 = CARTESIAN_POINT ( 'NONE',  ( 359.9999999999999432, -249.9999999999999432, 1.999999999999998224 ) ) ;
#2041 = DIRECTION ( 'NONE',  ( 0.000000000000000000, 0.000000000000000000, 1.000000000000000000 ) ) ;
#2042 = DIRECTION ( 'NONE',  ( 1.000000000000000000, 0.000000000000000000, 0.000000000000000000 ) ) ;
#2043 = CARTESIAN_POINT ( 'NONE',  ( 357.9999999999999432, 248.0000000000000000, 20.00000000000000000 ) ) ;
#2044 = CYLINDRICAL_SURFACE ( 'NONE', #2905, 3.999999999999993339 ) ;
#2045 = ORIENTED_EDGE ( 'NONE', *, *, #1384, .T. ) ;
#2046 = DIRECTION ( 'NONE',  ( 1.000000000000000000, 0.000000000000000000, 0.000000000000000000 ) ) ;
#2047 = ORIENTED_EDGE ( 'NONE', *, *, #1021, .F. ) ;
#2048 = ORIENTED_EDGE ( 'NONE', *, *, #394, .F. ) ;
#2049 = DIRECTION ( 'NONE',  ( 0.000000000000000000, 0.000000000000000000, 1.000000000000000000 ) ) ;
#2050 = VERTEX_POINT ( 'NONE', #2069 ) ;
#2051 = DIRECTION ( 'NONE',  ( -0.000000000000000000, -0.000000000000000000, 1.000000000000000000 ) ) ;
#2052 = ORIENTED_EDGE ( 'NONE', *, *, #1490, .F. ) ;
#2053 = EDGE_CURVE ( 'NONE', #1449, #3182, #2983, .T. ) ;
#2054 = EDGE_CURVE ( 'NONE', #470, #2114, #1596, .T. ) ;
#2055 = DIRECTION ( 'NONE',  ( 0.000000000000000000, 1.000000000000000000, 0.000000000000000000 ) ) ;
#2056 = CIRCLE ( 'NONE', #558, 4.000000000000003553 ) ;
#2057 = ORIENTED_EDGE ( 'NONE', *, *, #3072, .T. ) ;
#2058 = DIRECTION ( 'NONE',  ( 0.000000000000000000, 0.000000000000000000, -1.000000000000000000 ) ) ;
#2059 = AXIS2_PLACEMENT_3D ( 'NONE', #3264, #1969, #1139 ) ;
#2060 = LINE ( 'NONE', #1512, #3196 ) ;
#2061 = DIRECTION ( 'NONE',  ( 0.000000000000000000, 0.000000000000000000, 1.000000000000000000 ) ) ;
#2062 = FACE_BOUND ( 'NONE', #1816, .T. ) ;
#2063 = VECTOR ( 'NONE', #377, 1000.000000000000000 ) ;
#2064 = AXIS2_PLACEMENT_3D ( 'NONE', #1602, #2654, #1636 ) ;
#2065 = ORIENTED_EDGE ( 'NONE', *, *, #2448, .F. ) ;
#2066 = ORIENTED_EDGE ( 'NONE', *, *, #2158, .T. ) ;
#2067 = LINE ( 'NONE', #2115, #3409 ) ;
#2068 = ORIENTED_EDGE ( 'NONE', *, *, #1839, .F. ) ;
#2069 = CARTESIAN_POINT ( 'NONE',  ( -4.000000000000048850, 100.0000000000000284, 10.00000000000000000 ) ) ;
#2070 = VERTEX_POINT ( 'NONE', #489 ) ;
#2071 = CIRCLE ( 'NONE', #854, 3.999999999999989786 ) ;
#2072 = AXIS2_PLACEMENT_3D ( 'NONE', #2425, #2639, #503 ) ;
#2073 = AXIS2_PLACEMENT_3D ( 'NONE', #27, #1047, #497 ) ;
#2074 = ADVANCED_FACE ( 'NONE', ( #2801 ), #455, .F. ) ;
#2075 = EDGE_CURVE ( 'NONE', #2364, #660, #1541, .T. ) ;
#2076 = ORIENTED_EDGE ( 'NONE', *, *, #2564, .T. ) ;
#2077 = FACE_OUTER_BOUND ( 'NONE', #1936, .T. ) ;
#2078 = DIRECTION ( 'NONE',  ( -0.000000000000000000, -0.000000000000000000, 1.000000000000000000 ) ) ;
#2079 = CARTESIAN_POINT ( 'NONE',  ( -4.000000000000048850, 2.824543433528785410E-14, 10.00000000000000000 ) ) ;
#2080 = CARTESIAN_POINT ( 'NONE',  ( 359.9999999999999432, -249.9999999999999432, 20.00000000000000000 ) ) ;
#2081 = ADVANCED_FACE ( 'NONE', ( #1264 ), #2593, .T. ) ;
#2082 = ORIENTED_EDGE ( 'NONE', *, *, #263, .T. ) ;
#2083 = ORIENTED_EDGE ( 'NONE', *, *, #370, .T. ) ;
#2084 = DIRECTION ( 'NONE',  ( 1.000000000000000000, 0.000000000000000000, 0.000000000000000000 ) ) ;
#2085 = ORIENTED_EDGE ( 'NONE', *, *, #2687, .F. ) ;
#2086 = DIRECTION ( 'NONE',  ( 1.000000000000000000, 0.000000000000000000, 0.000000000000000000 ) ) ;
#2087 = ORIENTED_EDGE ( 'NONE', *, *, #3269, .T. ) ;
#2088 = AXIS2_PLACEMENT_3D ( 'NONE', #437, #1281, #422 ) ;
#2089 = ORIENTED_EDGE ( 'NONE', *, *, #2030, .F. ) ;
#2090 = EDGE_CURVE ( 'NONE', #556, #1553, #1764, .T. ) ;
#2091 = CARTESIAN_POINT ( 'NONE',  ( 95.99999999999992895, 5.600100995091676761E-14, 20.00000000000000000 ) ) ;
#2092 = EDGE_CURVE ( 'NONE', #1138, #198, #2809, .T. ) ;
#2093 = DIRECTION ( 'NONE',  ( 1.000000000000000000, 0.000000000000000000, 0.000000000000000000 ) ) ;
#2094 = FACE_OUTER_BOUND ( 'NONE', #327, .T. ) ;
#2095 = EDGE_CURVE ( 'NONE', #3138, #2995, #3265, .T. ) ;
#2096 = ORIENTED_EDGE ( 'NONE', *, *, #283, .F. ) ;
#2097 = VERTEX_POINT ( 'NONE', #2311 ) ;
#2098 = CARTESIAN_POINT ( 'NONE',  ( 99.99999999999992895, -99.99999999999997158, 20.00000000000000000 ) ) ;
#2099 = ORIENTED_EDGE ( 'NONE', *, *, #3230, .F. ) ;
#2100 = DIRECTION ( 'NONE',  ( 1.000000000000000000, 0.000000000000000000, 0.000000000000000000 ) ) ;
#2101 = ORIENTED_EDGE ( 'NONE', *, *, #1001, .T. ) ;
#2102 = AXIS2_PLACEMENT_3D ( 'NONE', #619, #2740, #1463 ) ;
#2103 = EDGE_LOOP ( 'NONE', ( #1849, #2893, #1740, #438 ) ) ;
#2104 = PLANE ( 'NONE',  #669 ) ;
#2105 = EDGE_LOOP ( 'NONE', ( #2444, #1575 ) ) ;
#2106 = DIRECTION ( 'NONE',  ( 2.312964634635764651E-16, -1.000000000000000000, 0.000000000000000000 ) ) ;
#2107 = EDGE_CURVE ( 'NONE', #2800, #241, #1766, .T. ) ;
#2108 = STYLED_ITEM ( 'NONE', ( #880 ), #2872 ) ;
#2109 = LINE ( 'NONE', #2079, #778 ) ;
#2110 = DIRECTION ( 'NONE',  ( -1.000000000000000000, 0.000000000000000000, 0.000000000000000000 ) ) ;
#2111 = VECTOR ( 'NONE', #637, 1000.000000000000000 ) ;
#2112 = EDGE_CURVE ( 'NONE', #3340, #3415, #2646, .T. ) ;
#2113 = ORIENTED_EDGE ( 'NONE', *, *, #2755, .T. ) ;
#2114 = VERTEX_POINT ( 'NONE', #3347 ) ;
#2115 = CARTESIAN_POINT ( 'NONE',  ( 359.9999999999999432, -247.9999999999999432, 20.00000000000000000 ) ) ;
#2116 = EDGE_LOOP ( 'NONE', ( #3359, #1921 ) ) ;
#2117 = FACE_OUTER_BOUND ( 'NONE', #783, .T. ) ;
#2118 = ORIENTED_EDGE ( 'NONE', *, *, #3354, .T. ) ;
#2119 = AXIS2_PLACEMENT_3D ( 'NONE', #2327, #3433, #1539 ) ;
#2120 = DIRECTION ( 'NONE',  ( 0.000000000000000000, 0.000000000000000000, 1.000000000000000000 ) ) ;
#2121 = ORIENTED_EDGE ( 'NONE', *, *, #347, .F. ) ;
#2122 = ORIENTED_EDGE ( 'NONE', *, *, #2054, .T. ) ;
#2123 = CARTESIAN_POINT ( 'NONE',  ( 299.9999999999999432, 200.0000000000000568, 10.00000000000000000 ) ) ;
#2124 = AXIS2_PLACEMENT_3D ( 'NONE', #3020, #1475, #3051 ) ;
#2125 = VERTEX_POINT ( 'NONE', #2037 ) ;
#2126 = CIRCLE ( 'NONE', #1132, 3.999999999999989786 ) ;
#2127 = FACE_OUTER_BOUND ( 'NONE', #1888, .T. ) ;
#2128 = DIRECTION ( 'NONE',  ( 0.000000000000000000, 0.000000000000000000, 1.000000000000000000 ) ) ;
#2129 = CARTESIAN_POINT ( 'NONE',  ( -4.000000000000048850, 200.0000000000000284, 10.00000000000000000 ) ) ;
#2130 = ORIENTED_EDGE ( 'NONE', *, *, #2668, .T. ) ;
#2131 = DIRECTION ( 'NONE',  ( -0.000000000000000000, -0.000000000000000000, 1.000000000000000000 ) ) ;
#2132 = ADVANCED_FACE ( 'NONE', ( #3384 ), #2345, .F. ) ;
#2133 = VERTEX_POINT ( 'NONE', #1779 ) ;
#2134 = DIRECTION ( 'NONE',  ( 1.000000000000000000, 0.000000000000000000, 0.000000000000000000 ) ) ;
#2135 = DIRECTION ( 'NONE',  ( 0.000000000000000000, 0.000000000000000000, 1.000000000000000000 ) ) ;
#2136 = ORIENTED_EDGE ( 'NONE', *, *, #2863, .F. ) ;
#2137 = ORIENTED_EDGE ( 'NONE', *, *, #1612, .F. ) ;
#2138 = CYLINDRICAL_SURFACE ( 'NONE', #352, 4.000000000000003553 ) ;
#2139 = VERTEX_POINT ( 'NONE', #717 ) ;
#2140 = DIRECTION ( 'NONE',  ( 0.000000000000000000, 0.000000000000000000, 1.000000000000000000 ) ) ;
#2141 = EDGE_CURVE ( 'NONE', #340, #1505, #1155, .T. ) ;
#2142 = ADVANCED_FACE ( 'NONE', ( #3139 ), #3420, .F. ) ;
#2143 = ORIENTED_EDGE ( 'NONE', *, *, #2389, .F. ) ;
#2144 = AXIS2_PLACEMENT_3D ( 'NONE', #1595, #832, #563 ) ;
#2145 = DIRECTION ( 'NONE',  ( 1.000000000000000000, 1.156482317317871478E-16, -0.000000000000000000 ) ) ;
#2146 = DIRECTION ( 'NONE',  ( 0.000000000000000000, 0.000000000000000000, 1.000000000000000000 ) ) ;
#2147 = CARTESIAN_POINT ( 'NONE',  ( -5.551115123125782702E-14, -199.9999999999999432, 10.00000000000000000 ) ) ;
#2148 = FACE_OUTER_BOUND ( 'NONE', #1301, .T. ) ;
#2149 = LINE ( 'NONE', #1915, #1067 ) ;
#2150 = DIRECTION ( 'NONE',  ( 1.000000000000000000, 0.000000000000000000, 0.000000000000000000 ) ) ;
#2151 = ORIENTED_EDGE ( 'NONE', *, *, #518, .F. ) ;
#2152 = CARTESIAN_POINT ( 'NONE',  ( 103.9999999999999147, 100.0000000000000426, 10.00000000000000000 ) ) ;
#2153 = ORIENTED_EDGE ( 'NONE', *, *, #1489, .T. ) ;
#2154 = CARTESIAN_POINT ( 'NONE',  ( -204.0000000000000568, -100.0000000000000284, 10.00000000000000000 ) ) ;
#2155 = ORIENTED_EDGE ( 'NONE', *, *, #917, .F. ) ;
#2156 = CARTESIAN_POINT ( 'NONE',  ( 299.9999999999999432, -99.99999999999997158, 10.00000000000000000 ) ) ;
#2157 = EDGE_CURVE ( 'NONE', #2620, #1222, #122, .T. ) ;
#2158 = EDGE_CURVE ( 'NONE', #1206, #945, #2734, .T. ) ;
#2159 = AXIS2_PLACEMENT_3D ( 'NONE', #333, #2128, #2161 ) ;
#2160 = DIRECTION ( 'NONE',  ( 0.000000000000000000, 0.000000000000000000, 1.000000000000000000 ) ) ;
#2161 = DIRECTION ( 'NONE',  ( 1.000000000000000000, 0.000000000000000000, 0.000000000000000000 ) ) ;
#2162 = AXIS2_PLACEMENT_3D ( 'NONE', #2422, #1609, #2433 ) ;
#2163 = CARTESIAN_POINT ( 'NONE',  ( -4.000000000000048850, -199.9999999999999432, 10.00000000000000000 ) ) ;
#2164 = DIRECTION ( 'NONE',  ( -0.000000000000000000, -0.000000000000000000, 1.000000000000000000 ) ) ;
#2165 = DIRECTION ( 'NONE',  ( 0.000000000000000000, 0.000000000000000000, 1.000000000000000000 ) ) ;
#2166 = VECTOR ( 'NONE', #3005, 1000.000000000000000 ) ;
#2167 = VERTEX_POINT ( 'NONE', #1572 ) ;
#2168 = LINE ( 'NONE', #2441, #1096 ) ;
#2169 = VERTEX_POINT ( 'NONE', #2917 ) ;
#2170 = CARTESIAN_POINT ( 'NONE',  ( -358.0000000000000568, 0.000000000000000000, 18.00000000000000355 ) ) ;
#2171 = VERTEX_POINT ( 'NONE', #1618 ) ;
#2172 = DIRECTION ( 'NONE',  ( -0.000000000000000000, -0.000000000000000000, 1.000000000000000000 ) ) ;
#2173 = EDGE_CURVE ( 'NONE', #343, #514, #1586, .T. ) ;
#2174 = EDGE_CURVE ( 'NONE', #1280, #927, #3301, .T. ) ;
#2175 = DIRECTION ( 'NONE',  ( 0.000000000000000000, 0.000000000000000000, 1.000000000000000000 ) ) ;
#2176 = CIRCLE ( 'NONE', #121, 2.000000000000001776 ) ;
#2177 = CIRCLE ( 'NONE', #2226, 3.999999999999989786 ) ;
#2178 = LINE ( 'NONE', #2986, #2825 ) ;
#2179 = DIRECTION ( 'NONE',  ( -0.000000000000000000, -0.000000000000000000, 1.000000000000000000 ) ) ;
#2180 = CARTESIAN_POINT ( 'NONE',  ( -5.551115123125782702E-14, 2.775557561562891351E-14, 10.00000000000000000 ) ) ;
#2181 = VECTOR ( 'NONE', #1562, 1000.000000000000000 ) ;
#2182 = DIRECTION ( 'NONE',  ( -0.000000000000000000, -0.000000000000000000, 1.000000000000000000 ) ) ;
#2183 = ORIENTED_EDGE ( 'NONE', *, *, #2818, .T. ) ;
#2184 = CARTESIAN_POINT ( 'NONE',  ( -360.0000000000000568, 247.9999999999999432, 1.999999999999998224 ) ) ;
#2185 = ORIENTED_EDGE ( 'NONE', *, *, #951, .T. ) ;
#2186 = DIRECTION ( 'NONE',  ( -0.000000000000000000, -0.000000000000000000, 1.000000000000000000 ) ) ;
#2187 = ORIENTED_EDGE ( 'NONE', *, *, #2240, .F. ) ;
#2188 = CARTESIAN_POINT ( 'NONE',  ( -100.0000000000000568, 100.0000000000000284, 20.00000000000000000 ) ) ;
#2189 = CIRCLE ( 'NONE', #2025, 4.000000000000003553 ) ;
#2190 = CYLINDRICAL_SURFACE ( 'NONE', #3372, 3.999999999999989786 ) ;
#2191 = CYLINDRICAL_SURFACE ( 'NONE', #2124, 3.999999999999989786 ) ;
#2192 = AXIS2_PLACEMENT_3D ( 'NONE', #1235, #1716, #2789 ) ;
#2193 = EDGE_CURVE ( 'NONE', #2139, #1041, #857, .T. ) ;
#2194 = CARTESIAN_POINT ( 'NONE',  ( -196.0000000000000568, 200.0000000000000000, 10.00000000000000000 ) ) ;
#2195 = EDGE_CURVE ( 'NONE', #758, #3419, #3154, .T. ) ;
#2196 = DIRECTION ( 'NONE',  ( 1.000000000000000000, 0.000000000000000000, 0.000000000000000000 ) ) ;
#2197 = DIRECTION ( 'NONE',  ( 1.000000000000000000, 0.000000000000000000, -0.000000000000000000 ) ) ;
#2198 = LINE ( 'NONE', #1164, #1214 ) ;
#2199 = DIRECTION ( 'NONE',  ( -1.156482317317866302E-16, 1.000000000000000000, 0.000000000000000000 ) ) ;
#2200 = VERTEX_POINT ( 'NONE', #3170 ) ;
#2201 = ORIENTED_EDGE ( 'NONE', *, *, #1316, .T. ) ;
#2202 = DIRECTION ( 'NONE',  ( 0.000000000000000000, 0.000000000000000000, 1.000000000000000000 ) ) ;
#2203 = ORIENTED_EDGE ( 'NONE', *, *, #3250, .F. ) ;
#2204 = CARTESIAN_POINT ( 'NONE',  ( -100.0000000000000568, 200.0000000000000284, 20.00000000000000000 ) ) ;
#2205 = DIRECTION ( 'NONE',  ( 1.000000000000000000, 0.000000000000000000, 0.000000000000000000 ) ) ;
#2206 = FACE_OUTER_BOUND ( 'NONE', #2897, .T. ) ;
#2207 = DIRECTION ( 'NONE',  ( 1.000000000000000000, 0.000000000000000000, 0.000000000000000000 ) ) ;
#2208 = ADVANCED_FACE ( 'NONE', ( #272 ), #1311, .F. ) ;
#2209 = AXIS2_PLACEMENT_3D ( 'NONE', #2407, #2146, #1894 ) ;
#2210 = DIRECTION ( 'NONE',  ( 0.000000000000000000, 0.000000000000000000, -1.000000000000000000 ) ) ;
#2211 = CARTESIAN_POINT ( 'NONE',  ( -104.0000000000000568, -100.0000000000000284, 10.00000000000000000 ) ) ;
#2212 = FACE_OUTER_BOUND ( 'NONE', #1653, .T. ) ;
#2213 = CARTESIAN_POINT ( 'NONE',  ( -304.0000000000000568, -200.0000000000000000, 10.00000000000000000 ) ) ;
#2214 = EDGE_CURVE ( 'NONE', #173, #1537, #1900, .T. ) ;
#2215 = DIRECTION ( 'NONE',  ( 1.000000000000000000, 0.000000000000000000, 0.000000000000000000 ) ) ;
#2216 = ORIENTED_EDGE ( 'NONE', *, *, #1695, .T. ) ;
#2217 = ORIENTED_EDGE ( 'NONE', *, *, #3296, .T. ) ;
#2218 = LINE ( 'NONE', #1243, #3255 ) ;
#2219 = ORIENTED_EDGE ( 'NONE', *, *, #2927, .T. ) ;
#2220 = DIRECTION ( 'NONE',  ( 1.000000000000000000, 0.000000000000000000, 0.000000000000000000 ) ) ;
#2221 = AXIS2_PLACEMENT_3D ( 'NONE', #159, #934, #1940 ) ;
#2222 = DIRECTION ( 'NONE',  ( 0.000000000000000000, 0.000000000000000000, 1.000000000000000000 ) ) ;
#2223 = AXIS2_PLACEMENT_3D ( 'NONE', #1079, #3004, #2717 ) ;
#2224 = DIRECTION ( 'NONE',  ( 0.000000000000000000, 0.000000000000000000, 1.000000000000000000 ) ) ;
#2225 = FACE_OUTER_BOUND ( 'NONE', #1643, .T. ) ;
#2226 = AXIS2_PLACEMENT_3D ( 'NONE', #375, #1163, #1461 ) ;
#2227 = CARTESIAN_POINT ( 'NONE',  ( -100.0000000000000568, 200.0000000000000284, 10.00000000000000000 ) ) ;
#2228 = CARTESIAN_POINT ( 'NONE',  ( -4.000000000000048850, 200.0000000000000284, 10.00000000000000000 ) ) ;
#2229 = DIRECTION ( 'NONE',  ( -0.000000000000000000, -0.000000000000000000, 1.000000000000000000 ) ) ;
#2230 = AXIS2_PLACEMENT_3D ( 'NONE', #2514, #355, #3025 ) ;
#2231 = CARTESIAN_POINT ( 'NONE',  ( 195.9999999999998863, -99.99999999999997158, 20.00000000000000000 ) ) ;
#2232 = DIRECTION ( 'NONE',  ( 1.000000000000000000, 0.000000000000000000, 0.000000000000000000 ) ) ;
#2233 = ORIENTED_EDGE ( 'NONE', *, *, #3315, .T. ) ;
#2234 = CIRCLE ( 'NONE', #2968, 4.000000000000003553 ) ;
#2235 = EDGE_CURVE ( 'NONE', #310, #2050, #234, .T. ) ;
#2236 = VERTEX_POINT ( 'NONE', #1865 ) ;
#2237 = CARTESIAN_POINT ( 'NONE',  ( -96.00000000000007105, 200.0000000000000284, 20.00000000000000000 ) ) ;
#2238 = ORIENTED_EDGE ( 'NONE', *, *, #2366, .F. ) ;
#2239 = CARTESIAN_POINT ( 'NONE',  ( 357.9999999999999432, -247.9999999999999432, 1.999999999999998224 ) ) ;
#2240 = EDGE_CURVE ( 'NONE', #1505, #340, #3191, .T. ) ;
#2241 = EDGE_CURVE ( 'NONE', #1482, #2652, #1406, .T. ) ;
#2242 = PRODUCT_DEFINITION_SHAPE ( 'NONE', 'NONE',  #629 ) ;
#2243 = CYLINDRICAL_SURFACE ( 'NONE', #282, 4.000000000000003553 ) ;
#2244 = EDGE_CURVE ( 'NONE', #65, #1106, #1684, .T. ) ;
#2245 = CARTESIAN_POINT ( 'NONE',  ( -100.0000000000000568, -100.0000000000000284, 10.00000000000000000 ) ) ;
#2246 = CARTESIAN_POINT ( 'NONE',  ( 299.9999999999999432, -199.9999999999999432, 10.00000000000000000 ) ) ;
#2247 = DIRECTION ( 'NONE',  ( -0.000000000000000000, -0.000000000000000000, 1.000000000000000000 ) ) ;
#2248 = DIRECTION ( 'NONE',  ( 1.000000000000000000, 0.000000000000000000, 0.000000000000000000 ) ) ;
#2249 = CYLINDRICAL_SURFACE ( 'NONE', #2350, 3.999999999999993339 ) ;
#2250 = CARTESIAN_POINT ( 'NONE',  ( 203.9999999999999147, 200.0000000000000568, 20.00000000000000000 ) ) ;
#2251 = AXIS2_PLACEMENT_3D ( 'NONE', #1477, #1494, #3074 ) ;
#2252 = DIRECTION ( 'NONE',  ( 0.000000000000000000, 0.000000000000000000, 1.000000000000000000 ) ) ;
#2253 = EDGE_LOOP ( 'NONE', ( #3117, #2460 ) ) ;
#2254 = VERTEX_POINT ( 'NONE', #3435 ) ;
#2255 = CARTESIAN_POINT ( 'NONE',  ( 95.99999999999992895, 100.0000000000000426, 20.00000000000000000 ) ) ;
#2256 = ORIENTED_EDGE ( 'NONE', *, *, #2431, .T. ) ;
#2257 = CARTESIAN_POINT ( 'NONE',  ( -304.0000000000000568, -200.0000000000000000, 20.00000000000000000 ) ) ;
#2258 = CLOSED_SHELL ( 'NONE', ( #1357, #1986, #3188, #2505, #1464, #1338, #1927, #2142, #222, #1506, #695, #248, #1532, #1283, #3190, #111, #1732, #1787, #978, #461, #2466, #1552, #2208, #242, #1594, #624, #2074, #2859, #323, #1694, #737, #293, #2282, #766, #2748, #2007, #2542, #55, #2710, #2497, #141, #2649, #2709, #41, #2601, #2446, #481, #5, #612, #2525, #1210, #1890, #3211, #3375, #3161, #2862, #3102, #1483, #2081, #1045, #3297, #2946, #693, #3055, #1234, #1122, #1989, #1394, #1274, #1284, #1141, #651, #441, #2665, #2730, #1913, #1530, #1228, #566, #1102, #1419, #936, #1462, #2132, #247, #107, #654, #1847, #2754, #225, #3034, #498, #2541, #93, #763, #2771, #1254, #364, #1086, #3440, #3351, #2396, #1676, #585, #777, #1535, #1573, #703, #2323, #506, #2752, #1166, #1823, #348, #3080, #847, #2795, #1757, #70, #3275, #1126, #1807, #1953, #3010, #396, #1438, #1610, #1809, #630, #1193, #42 ) ) ;
#2259 = PLANE ( 'NONE',  #3387 ) ;
#2260 = EDGE_CURVE ( 'NONE', #1567, #2852, #573, .T. ) ;
#2261 = PLANE ( 'NONE',  #3017 ) ;
#2262 = FACE_OUTER_BOUND ( 'NONE', #1800, .T. ) ;
#2263 = CARTESIAN_POINT ( 'NONE',  ( 199.9999999999998863, -99.99999999999997158, 10.00000000000000000 ) ) ;
#2264 = DIRECTION ( 'NONE',  ( 0.000000000000000000, -1.000000000000000000, -0.000000000000000000 ) ) ;
#2265 = FACE_BOUND ( 'NONE', #1327, .T. ) ;
#2266 = AXIS2_PLACEMENT_3D ( 'NONE', #2011, #3075, #691 ) ;
#2267 = LINE ( 'NONE', #3307, #158 ) ;
#2268 = DIRECTION ( 'NONE',  ( 1.000000000000000000, 0.000000000000000000, 0.000000000000000000 ) ) ;
#2269 = ORIENTED_EDGE ( 'NONE', *, *, #1709, .T. ) ;
#2270 = VERTEX_POINT ( 'NONE', #1114 ) ;
#2271 = CARTESIAN_POINT ( 'NONE',  ( -96.00000000000007105, -200.0000000000000000, 10.00000000000000000 ) ) ;
#2272 = ORIENTED_EDGE ( 'NONE', *, *, #1550, .T. ) ;
#2273 = CARTESIAN_POINT ( 'NONE',  ( -200.0000000000000568, 0.000000000000000000, 10.00000000000000000 ) ) ;
#2274 = CIRCLE ( 'NONE', #1174, 2.000000000000000000 ) ;
#2275 = DIRECTION ( 'NONE',  ( 1.000000000000000000, 0.000000000000000000, 0.000000000000000000 ) ) ;
#2276 = VECTOR ( 'NONE', #2264, 1000.000000000000000 ) ;
#2277 = DIRECTION ( 'NONE',  ( 0.000000000000000000, 0.000000000000000000, 1.000000000000000000 ) ) ;
#2278 = EDGE_CURVE ( 'NONE', #1054, #433, #2901, .T. ) ;
#2279 = CIRCLE ( 'NONE', #3015, 4.000000000000003553 ) ;
#2280 = DIRECTION ( 'NONE',  ( 0.000000000000000000, 0.000000000000000000, 1.000000000000000000 ) ) ;
#2281 = CARTESIAN_POINT ( 'NONE',  ( -100.0000000000000568, 200.0000000000000284, 10.00000000000000000 ) ) ;
#2282 = ADVANCED_FACE ( 'NONE', ( #2884 ), #2935, .F. ) ;
#2283 = CARTESIAN_POINT ( 'NONE',  ( 299.9999999999999432, 100.0000000000000711, 10.00000000000000000 ) ) ;
#2284 = FACE_BOUND ( 'NONE', #789, .T. ) ;
#2285 = VECTOR ( 'NONE', #632, 1000.000000000000000 ) ;
#2286 = EDGE_LOOP ( 'NONE', ( #3134, #3172, #2203, #273 ) ) ;
#2287 = DIRECTION ( 'NONE',  ( -0.000000000000000000, -0.000000000000000000, 1.000000000000000000 ) ) ;
#2288 = EDGE_CURVE ( 'NONE', #2270, #2873, #183, .T. ) ;
#2289 = ORIENTED_EDGE ( 'NONE', *, *, #3145, .T. ) ;
#2290 = ORIENTED_EDGE ( 'NONE', *, *, #3334, .F. ) ;
#2291 = CARTESIAN_POINT ( 'NONE',  ( -196.0000000000000568, -200.0000000000000000, 10.00000000000000000 ) ) ;
#2292 = VECTOR ( 'NONE', #110, 1000.000000000000000 ) ;
#2293 = ORIENTED_EDGE ( 'NONE', *, *, #2141, .T. ) ;
#2294 = DIRECTION ( 'NONE',  ( 0.000000000000000000, 0.000000000000000000, 1.000000000000000000 ) ) ;
#2295 = ORIENTED_EDGE ( 'NONE', *, *, #2305, .T. ) ;
#2296 = VECTOR ( 'NONE', #1044, 1000.000000000000000 ) ;
#2297 = CARTESIAN_POINT ( 'NONE',  ( 3.999999999999937828, 100.0000000000000284, 10.00000000000000000 ) ) ;
#2298 = DIRECTION ( 'NONE',  ( 1.000000000000000000, 0.000000000000000000, -0.000000000000000000 ) ) ;
#2299 = AXIS2_PLACEMENT_3D ( 'NONE', #2170, #1412, #1905 ) ;
#2300 = DIRECTION ( 'NONE',  ( 1.000000000000000000, 0.000000000000000000, 0.000000000000000000 ) ) ;
#2301 = DIRECTION ( 'NONE',  ( -0.000000000000000000, -0.000000000000000000, 1.000000000000000000 ) ) ;
#2302 = FACE_BOUND ( 'NONE', #212, .T. ) ;
#2303 = ORIENTED_EDGE ( 'NONE', *, *, #1970, .T. ) ;
#2304 = CARTESIAN_POINT ( 'NONE',  ( 295.9999999999999432, -199.9999999999999432, 10.00000000000000000 ) ) ;
#2305 = EDGE_CURVE ( 'NONE', #3376, #2662, #685, .T. ) ;
#2306 = ORIENTED_EDGE ( 'NONE', *, *, #2645, .T. ) ;
#2307 = EDGE_CURVE ( 'NONE', #1051, #2364, #2126, .T. ) ;
#2308 = ORIENTED_EDGE ( 'NONE', *, *, #1004, .T. ) ;
#2309 = DIRECTION ( 'NONE',  ( 1.000000000000000000, 2.312964634635742957E-16, 0.000000000000000000 ) ) ;
#2310 = ORIENTED_EDGE ( 'NONE', *, *, #1145, .F. ) ;
#2311 = CARTESIAN_POINT ( 'NONE',  ( -4.000000000000048850, 200.0000000000000284, 20.00000000000000000 ) ) ;
#2312 = ORIENTED_EDGE ( 'NONE', *, *, #2214, .F. ) ;
#2313 = AXIS2_PLACEMENT_3D ( 'NONE', #984, #2051, #3116 ) ;
#2314 = UNCERTAINTY_MEASURE_WITH_UNIT (LENGTH_MEASURE( 1.000000000000000082E-05 ), #1191, 'distance_accuracy_value', 'NONE');
#2315 = CIRCLE ( 'NONE', #3382, 4.000000000000003553 ) ;
#2316 = CARTESIAN_POINT ( 'NONE',  ( -5.551115123125782702E-14, 2.775557561562891351E-14, 20.00000000000000000 ) ) ;
#2317 = ORIENTED_EDGE ( 'NONE', *, *, #3122, .F. ) ;
#2318 = CARTESIAN_POINT ( 'NONE',  ( -5.551115123125782702E-14, 100.0000000000000284, 10.00000000000000000 ) ) ;
#2319 = AXIS2_PLACEMENT_3D ( 'NONE', #424, #1453, #1491 ) ;
#2320 = DIRECTION ( 'NONE',  ( -0.000000000000000000, -0.000000000000000000, 1.000000000000000000 ) ) ;
#2321 = DIRECTION ( 'NONE',  ( -1.000000000000000000, 0.000000000000000000, 0.000000000000000000 ) ) ;
#2322 = FACE_BOUND ( 'NONE', #1185, .T. ) ;
#2323 = ADVANCED_FACE ( 'NONE', ( #2117 ), #536, .T. ) ;
#2324 = ORIENTED_EDGE ( 'NONE', *, *, #2907, .F. ) ;
#2325 = ORIENTED_EDGE ( 'NONE', *, *, #3118, .T. ) ;
#2326 = ORIENTED_EDGE ( 'NONE', *, *, #1570, .T. ) ;
#2327 = CARTESIAN_POINT ( 'NONE',  ( -200.0000000000000568, -200.0000000000000000, 20.00000000000000000 ) ) ;
#2328 = EDGE_CURVE ( 'NONE', #99, #1221, #1131, .T. ) ;
#2329 = ORIENTED_EDGE ( 'NONE', *, *, #2880, .T. ) ;
#2330 = CARTESIAN_POINT ( 'NONE',  ( 357.9999999999999432, -247.9999999999999432, 1.999999999999998224 ) ) ;
#2331 = EDGE_CURVE ( 'NONE', #173, #556, #2681, .T. ) ;
#2332 = ORIENTED_EDGE ( 'NONE', *, *, #413, .T. ) ;
#2333 = ORIENTED_EDGE ( 'NONE', *, *, #2880, .F. ) ;
#2334 = CARTESIAN_POINT ( 'NONE',  ( -296.0000000000000568, 0.000000000000000000, 20.00000000000000000 ) ) ;
#2335 = AXIS2_PLACEMENT_3D ( 'NONE', #1735, #148, #1959 ) ;
#2336 = CARTESIAN_POINT ( 'NONE',  ( -100.0000000000000568, 2.775557561562891351E-14, 20.00000000000000000 ) ) ;
#2337 = LINE ( 'NONE', #2911, #216 ) ;
#2338 = CARTESIAN_POINT ( 'NONE',  ( 195.9999999999998863, -99.99999999999997158, 10.00000000000000000 ) ) ;
#2339 = CIRCLE ( 'NONE', #2954, 4.000000000000003553 ) ;
#2340 = CIRCLE ( 'NONE', #851, 2.000000000000001776 ) ;
#2341 = EDGE_LOOP ( 'NONE', ( #434, #1329, #400 ) ) ;
#2342 = EDGE_LOOP ( 'NONE', ( #579, #14, #471, #3140 ) ) ;
#2343 = DIRECTION ( 'NONE',  ( -0.000000000000000000, -0.000000000000000000, 1.000000000000000000 ) ) ;
#2344 = ORIENTED_EDGE ( 'NONE', *, *, #2942, .F. ) ;
#2345 = CYLINDRICAL_SURFACE ( 'NONE', #2313, 3.999999999999993339 ) ;
#2346 = EDGE_LOOP ( 'NONE', ( #2879, #313, #2118, #875 ) ) ;
#2347 = AXIS2_PLACEMENT_3D ( 'NONE', #1510, #687, #2560 ) ;
#2348 = EDGE_CURVE ( 'NONE', #119, #526, #1303, .T. ) ;
#2349 = AXIS2_PLACEMENT_3D ( 'NONE', #702, #2672, #240 ) ;
#2350 = AXIS2_PLACEMENT_3D ( 'NONE', #1756, #203, #2807 ) ;
#2351 = EDGE_LOOP ( 'NONE', ( #1020, #2844, #264 ) ) ;
#2352 = EDGE_CURVE ( 'NONE', #1567, #2816, #2457, .T. ) ;
#2353 = CIRCLE ( 'NONE', #465, 4.000000000000003553 ) ;
#2354 = EDGE_CURVE ( 'NONE', #2016, #343, #618, .T. ) ;
#2355 = DIRECTION ( 'NONE',  ( -0.000000000000000000, -0.000000000000000000, 1.000000000000000000 ) ) ;
#2356 = AXIS2_PLACEMENT_3D ( 'NONE', #2443, #578, #2695 ) ;
#2357 = DIRECTION ( 'NONE',  ( 0.000000000000000000, 0.000000000000000000, 1.000000000000000000 ) ) ;
#2358 = PLANE ( 'NONE',  #2453 ) ;
#2359 = ORIENTED_EDGE ( 'NONE', *, *, #2688, .F. ) ;
#2360 = ORIENTED_EDGE ( 'NONE', *, *, #1863, .T. ) ;
#2361 = LINE ( 'NONE', #3397, #757 ) ;
#2362 = ORIENTED_EDGE ( 'NONE', *, *, #3082, .F. ) ;
#2363 = DIRECTION ( 'NONE',  ( 1.000000000000000000, 0.000000000000000000, 0.000000000000000000 ) ) ;
#2364 = VERTEX_POINT ( 'NONE', #1932 ) ;
#2365 = DIRECTION ( 'NONE',  ( 1.000000000000000000, 0.000000000000000000, -0.000000000000000000 ) ) ;
#2366 = EDGE_CURVE ( 'NONE', #554, #863, #3414, .T. ) ;
#2367 = AXIS2_PLACEMENT_3D ( 'NONE', #1817, #2832, #1556 ) ;
#2368 = ORIENTED_EDGE ( 'NONE', *, *, #2769, .F. ) ;
#2369 = CARTESIAN_POINT ( 'NONE',  ( 5.736152293896642967E-14, -248.0000000000000284, 18.00000000000000355 ) ) ;
#2370 = EDGE_CURVE ( 'NONE', #1603, #3181, #1576, .T. ) ;
#2371 = DIRECTION ( 'NONE',  ( 0.000000000000000000, 0.000000000000000000, -1.000000000000000000 ) ) ;
#2372 = DIRECTION ( 'NONE',  ( 1.000000000000000000, 0.000000000000000000, 0.000000000000000000 ) ) ;
#2373 = VERTEX_POINT ( 'NONE', #1423 ) ;
#2374 = ORIENTED_EDGE ( 'NONE', *, *, #1028, .T. ) ;
#2375 = LINE ( 'NONE', #534, #2526 ) ;
#2376 = VERTEX_POINT ( 'NONE', #638 ) ;
#2377 = DIRECTION ( 'NONE',  ( 1.000000000000000000, 0.000000000000000000, 0.000000000000000000 ) ) ;
#2378 = ORIENTED_EDGE ( 'NONE', *, *, #653, .T. ) ;
#2379 = DIRECTION ( 'NONE',  ( 0.000000000000000000, -1.000000000000000000, -0.000000000000000000 ) ) ;
#2380 = ORIENTED_EDGE ( 'NONE', *, *, #1004, .F. ) ;
#2381 = EDGE_LOOP ( 'NONE', ( #2122, #3402 ) ) ;
#2382 = CYLINDRICAL_SURFACE ( 'NONE', #2386, 2.000000000000001776 ) ;
#2383 = EDGE_LOOP ( 'NONE', ( #2883, #321 ) ) ;
#2384 = DIRECTION ( 'NONE',  ( -0.000000000000000000, -0.000000000000000000, 1.000000000000000000 ) ) ;
#2385 = EDGE_CURVE ( 'NONE', #2826, #82, #602, .T. ) ;
#2386 = AXIS2_PLACEMENT_3D ( 'NONE', #2, #278, #1348 ) ;
#2387 = CARTESIAN_POINT ( 'NONE',  ( -304.0000000000000568, -200.0000000000000000, 10.00000000000000000 ) ) ;
#2388 = FACE_OUTER_BOUND ( 'NONE', #1133, .T. ) ;
#2389 = EDGE_CURVE ( 'NONE', #3174, #2816, #2177, .T. ) ;
#2390 = ORIENTED_EDGE ( 'NONE', *, *, #368, .T. ) ;
#2391 = FACE_OUTER_BOUND ( 'NONE', #3195, .T. ) ;
#2392 = ORIENTED_EDGE ( 'NONE', *, *, #1030, .T. ) ;
#2393 = CARTESIAN_POINT ( 'NONE',  ( -300.0000000000000568, 0.000000000000000000, 20.00000000000000000 ) ) ;
#2394 = VERTEX_POINT ( 'NONE', #3258 ) ;
#2395 = AXIS2_PLACEMENT_3D ( 'NONE', #2770, #410, #1734 ) ;
#2396 = ADVANCED_FACE ( 'NONE', ( #2212 ), #2773, .F. ) ;
#2397 = CYLINDRICAL_SURFACE ( 'NONE', #369, 4.000000000000003553 ) ;
#2398 = ORIENTED_EDGE ( 'NONE', *, *, #2010, .F. ) ;
#2399 = DIRECTION ( 'NONE',  ( -0.000000000000000000, -0.000000000000000000, 1.000000000000000000 ) ) ;
#2400 = ORIENTED_EDGE ( 'NONE', *, *, #207, .F. ) ;
#2401 = CARTESIAN_POINT ( 'NONE',  ( -204.0000000000000568, 4.898587196589392121E-16, 10.00000000000000000 ) ) ;
#2402 = CIRCLE ( 'NONE', #744, 4.000000000000003553 ) ;
#2403 = ORIENTED_EDGE ( 'NONE', *, *, #2448, .T. ) ;
#2404 = VECTOR ( 'NONE', #2229, 1000.000000000000000 ) ;
#2405 = LINE ( 'NONE', #1368, #2787 ) ;
#2406 = AXIS2_PLACEMENT_3D ( 'NONE', #469, #3090, #938 ) ;
#2407 = CARTESIAN_POINT ( 'NONE',  ( 0.000000000000000000, 0.000000000000000000, 0.000000000000000000 ) ) ;
#2408 = FACE_OUTER_BOUND ( 'NONE', #801, .T. ) ;
#2409 = LINE ( 'NONE', #586, #2958 ) ;
#2410 = DIRECTION ( 'NONE',  ( 1.000000000000000000, 0.000000000000000000, -0.000000000000000000 ) ) ;
#2411 = CARTESIAN_POINT ( 'NONE',  ( -358.0000000000000568, -248.0000000000001137, 18.00000000000000355 ) ) ;
#2412 = EDGE_LOOP ( 'NONE', ( #448, #239, #2038, #1828 ) ) ;
#2413 = EDGE_CURVE ( 'NONE', #1411, #1322, #1665, .T. ) ;
#2414 = DIRECTION ( 'NONE',  ( 1.000000000000000000, 0.000000000000000000, -0.000000000000000000 ) ) ;
#2415 = EDGE_CURVE ( 'NONE', #206, #3328, #3073, .T. ) ;
#2416 = ORIENTED_EDGE ( 'NONE', *, *, #3118, .F. ) ;
#2417 = LINE ( 'NONE', #2035, #1143 ) ;
#2418 = ORIENTED_EDGE ( 'NONE', *, *, #3201, .F. ) ;
#2419 = FACE_OUTER_BOUND ( 'NONE', #1219, .T. ) ;
#2420 = AXIS2_PLACEMENT_3D ( 'NONE', #43, #2384, #4 ) ;
#2421 = DIRECTION ( 'NONE',  ( 1.000000000000000000, 0.000000000000000000, 0.000000000000000000 ) ) ;
#2422 = CARTESIAN_POINT ( 'NONE',  ( -300.0000000000000568, -200.0000000000000000, 10.00000000000000000 ) ) ;
#2423 = DIRECTION ( 'NONE',  ( -1.000000000000000000, -1.156482317317871478E-16, 0.000000000000000000 ) ) ;
#2424 = LINE ( 'NONE', #46, #2166 ) ;
#2425 = CARTESIAN_POINT ( 'NONE',  ( -200.0000000000000568, 100.0000000000000142, 10.00000000000000000 ) ) ;
#2426 = ORIENTED_EDGE ( 'NONE', *, *, #2793, .T. ) ;
#2427 = PLANE ( 'NONE',  #2605 ) ;
#2428 = EDGE_CURVE ( 'NONE', #3182, #1449, #3021, .T. ) ;
#2429 = EDGE_LOOP ( 'NONE', ( #1743, #3292 ) ) ;
#2430 = CARTESIAN_POINT ( 'NONE',  ( 199.9999999999998863, 5.551115123125782702E-14, 20.00000000000000000 ) ) ;
#2431 = EDGE_CURVE ( 'NONE', #17, #891, #19, .T. ) ;
#2432 = ORIENTED_EDGE ( 'NONE', *, *, #29, .F. ) ;
#2433 = DIRECTION ( 'NONE',  ( 1.000000000000000000, 0.000000000000000000, 0.000000000000000000 ) ) ;
#2434 = AXIS2_PLACEMENT_3D ( 'NONE', #867, #1912, #2650 ) ;
#2435 = LINE ( 'NONE', #3232, #1874 ) ;
#2436 = DIRECTION ( 'NONE',  ( 1.000000000000000000, 0.000000000000000000, -0.000000000000000000 ) ) ;
#2437 = CARTESIAN_POINT ( 'NONE',  ( -100.0000000000000568, 100.0000000000000284, 20.00000000000000000 ) ) ;
#2438 = DIRECTION ( 'NONE',  ( 0.000000000000000000, 1.000000000000000000, 0.000000000000000000 ) ) ;
#2439 = DIRECTION ( 'NONE',  ( 1.000000000000000000, 0.000000000000000000, 0.000000000000000000 ) ) ;
#2440 = ORIENTED_EDGE ( 'NONE', *, *, #1970, .F. ) ;
#2441 = CARTESIAN_POINT ( 'NONE',  ( -360.0000000000000568, -250.0000000000001137, 18.00000000000000355 ) ) ;
#2442 = ORIENTED_EDGE ( 'NONE', *, *, #888, .T. ) ;
#2443 = CARTESIAN_POINT ( 'NONE',  ( -100.0000000000000568, -200.0000000000000000, 10.00000000000000000 ) ) ;
#2444 = ORIENTED_EDGE ( 'NONE', *, *, #1655, .F. ) ;
#2445 = AXIS2_PLACEMENT_3D ( 'NONE', #3183, #1815, #1309 ) ;
#2446 = ADVANCED_FACE ( 'NONE', ( #2475 ), #79, .F. ) ;
#2447 = CARTESIAN_POINT ( 'NONE',  ( -304.0000000000000568, 200.0000000000000000, 10.00000000000000000 ) ) ;
#2448 = EDGE_CURVE ( 'NONE', #2553, #1246, #513, .T. ) ;
#2449 = EDGE_CURVE ( 'NONE', #190, #858, #1944, .T. ) ;
#2450 = CARTESIAN_POINT ( 'NONE',  ( -200.0000000000000568, -200.0000000000000000, 10.00000000000000000 ) ) ;
#2451 = AXIS2_PLACEMENT_3D ( 'NONE', #2976, #3042, #1442 ) ;
#2452 = DIRECTION ( 'NONE',  ( 1.000000000000000000, 0.000000000000000000, 0.000000000000000000 ) ) ;
#2453 = AXIS2_PLACEMENT_3D ( 'NONE', #2080, #2634, #3412 ) ;
#2454 = CARTESIAN_POINT ( 'NONE',  ( -200.0000000000000568, 100.0000000000000142, 10.00000000000000000 ) ) ;
#2455 = LINE ( 'NONE', #552, #388 ) ;
#2456 = CIRCLE ( 'NONE', #972, 3.999999999999989786 ) ;
#2457 = LINE ( 'NONE', #2492, #1470 ) ;
#2458 = DIRECTION ( 'NONE',  ( -0.000000000000000000, -0.000000000000000000, 1.000000000000000000 ) ) ;
#2459 = CARTESIAN_POINT ( 'NONE',  ( 95.99999999999992895, -199.9999999999999432, 10.00000000000000000 ) ) ;
#2460 = ORIENTED_EDGE ( 'NONE', *, *, #1300, .T. ) ;
#2461 = ORIENTED_EDGE ( 'NONE', *, *, #309, .T. ) ;
#2462 = CARTESIAN_POINT ( 'NONE',  ( -100.0000000000000568, -100.0000000000000284, 10.00000000000000000 ) ) ;
#2463 = ORIENTED_EDGE ( 'NONE', *, *, #1105, .T. ) ;
#2464 = CARTESIAN_POINT ( 'NONE',  ( 295.9999999999999432, -199.9999999999999432, 20.00000000000000000 ) ) ;
#2465 = AXIS2_PLACEMENT_3D ( 'NONE', #3293, #380, #1188 ) ;
#2466 = ADVANCED_FACE ( 'NONE', ( #3306 ), #923, .F. ) ;
#2467 = CARTESIAN_POINT ( 'NONE',  ( 299.9999999999999432, -199.9999999999999432, 10.00000000000000000 ) ) ;
#2468 = FACE_OUTER_BOUND ( 'NONE', #2640, .T. ) ;
#2469 = CIRCLE ( 'NONE', #479, 4.000000000000003553 ) ;
#2470 = EDGE_CURVE ( 'NONE', #879, #514, #2021, .T. ) ;
#2471 = CARTESIAN_POINT ( 'NONE',  ( 103.9999999999999147, -99.99999999999997158, 20.00000000000000000 ) ) ;
#2472 = AXIS2_PLACEMENT_3D ( 'NONE', #2227, #1975, #3040 ) ;
#2473 = PLANE ( 'NONE',  #1319 ) ;
#2474 = CARTESIAN_POINT ( 'NONE',  ( 357.9999999999999432, 0.000000000000000000, 18.00000000000000355 ) ) ;
#2475 = FACE_OUTER_BOUND ( 'NONE', #733, .T. ) ;
#2476 = CIRCLE ( 'NONE', #991, 3.999999999999989786 ) ;
#2477 = DIRECTION ( 'NONE',  ( 0.000000000000000000, 0.000000000000000000, 1.000000000000000000 ) ) ;
#2478 = CARTESIAN_POINT ( 'NONE',  ( 357.9999999999999432, 250.0000000000000000, 18.00000000000000355 ) ) ;
#2479 = ORIENTED_EDGE ( 'NONE', *, *, #2584, .F. ) ;
#2480 = ORIENTED_EDGE ( 'NONE', *, *, #2926, .F. ) ;
#2481 = CARTESIAN_POINT ( 'NONE',  ( 203.9999999999999147, -99.99999999999997158, 10.00000000000000000 ) ) ;
#2482 = ORIENTED_EDGE ( 'NONE', *, *, #720, .T. ) ;
#2483 = DIRECTION ( 'NONE',  ( 0.000000000000000000, 0.000000000000000000, 1.000000000000000000 ) ) ;
#2484 = CIRCLE ( 'NONE', #3291, 2.000000000000001776 ) ;
#2485 = DIRECTION ( 'NONE',  ( 1.000000000000000000, 0.000000000000000000, -0.000000000000000000 ) ) ;
#2486 = LINE ( 'NONE', #74, #2285 ) ;
#2487 = CARTESIAN_POINT ( 'NONE',  ( -300.0000000000000568, -200.0000000000000000, 10.00000000000000000 ) ) ;
#2488 = EDGE_CURVE ( 'NONE', #1054, #2636, #2586, .T. ) ;
#2489 =( GEOMETRIC_REPRESENTATION_CONTEXT ( 3 ) GLOBAL_UNCERTAINTY_ASSIGNED_CONTEXT ( ( #1714 ) ) GLOBAL_UNIT_ASSIGNED_CONTEXT ( ( #2970, #267, #3268 ) ) REPRESENTATION_CONTEXT ( 'NONE', 'WORKASPACE' ) );
#2490 = CARTESIAN_POINT ( 'NONE',  ( -296.0000000000000568, 100.0000000000000000, 10.00000000000000000 ) ) ;
#2491 = CARTESIAN_POINT ( 'NONE',  ( 303.9999999999999432, 100.0000000000000711, 20.00000000000000000 ) ) ;
#2492 = CARTESIAN_POINT ( 'NONE',  ( -96.00000000000007105, -200.0000000000000000, 10.00000000000000000 ) ) ;
#2493 = VECTOR ( 'NONE', #721, 1000.000000000000000 ) ;
#2494 = DIRECTION ( 'NONE',  ( 1.000000000000000000, 0.000000000000000000, 0.000000000000000000 ) ) ;
#2495 = PLANE ( 'NONE',  #3408 ) ;
#2496 = AXIS2_PLACEMENT_3D ( 'NONE', #2123, #3194, #1591 ) ;
#2497 = ADVANCED_FACE ( 'NONE', ( #2029, #1273, #1736, #1534, #3076, #2824, #2861, #2265, #1013, #1994, #692, #2062, #412, #3059, #484, #2548, #1256, #941, #3339, #166, #1479, #1237, #186, #447, #2532, #1515, #1549, #3093, #2284, #2600, #149, #675, #2302, #3131, #750, #2322 ), #3374, .T. ) ;
#2498 = EDGE_LOOP ( 'NONE', ( #2742, #1471, #101, #3187 ) ) ;
#2499 = EDGE_CURVE ( 'NONE', #2995, #3138, #3358, .T. ) ;
#2500 = EDGE_LOOP ( 'NONE', ( #1845, #1853, #3158, #359 ) ) ;
#2501 = DIRECTION ( 'NONE',  ( 1.000000000000000000, 0.000000000000000000, 0.000000000000000000 ) ) ;
#2502 = ORIENTED_EDGE ( 'NONE', *, *, #480, .F. ) ;
#2503 = CIRCLE ( 'NONE', #2059, 4.000000000000003553 ) ;
#2504 = CARTESIAN_POINT ( 'NONE',  ( -296.0000000000000568, -200.0000000000000000, 10.00000000000000000 ) ) ;
#2505 = ADVANCED_FACE ( 'NONE', ( #430 ), #2249, .F. ) ;
#2506 = AXIS2_PLACEMENT_3D ( 'NONE', #2722, #3008, #1408 ) ;
#2507 = CARTESIAN_POINT ( 'NONE',  ( 199.9999999999998863, 200.0000000000000568, 10.00000000000000000 ) ) ;
#2508 = AXIS2_PLACEMENT_3D ( 'NONE', #2454, #1147, #853 ) ;
#2509 = CARTESIAN_POINT ( 'NONE',  ( 95.99999999999992895, 200.0000000000000568, 10.00000000000000000 ) ) ;
#2510 = DIRECTION ( 'NONE',  ( 0.000000000000000000, 0.000000000000000000, 1.000000000000000000 ) ) ;
#2511 = CIRCLE ( 'NONE', #1302, 4.000000000000003553 ) ;
#2512 = CARTESIAN_POINT ( 'NONE',  ( -300.0000000000000568, 0.000000000000000000, 10.00000000000000000 ) ) ;
#2513 = DIRECTION ( 'NONE',  ( 1.000000000000000000, 0.000000000000000000, 0.000000000000000000 ) ) ;
#2514 = CARTESIAN_POINT ( 'NONE',  ( -300.0000000000000568, 100.0000000000000000, 20.00000000000000000 ) ) ;
#2515 = VECTOR ( 'NONE', #710, 1000.000000000000000 ) ;
#2516 = CARTESIAN_POINT ( 'NONE',  ( -200.0000000000000568, -200.0000000000000000, 10.00000000000000000 ) ) ;
#2517 = DIRECTION ( 'NONE',  ( -0.000000000000000000, 1.000000000000000000, -0.000000000000000000 ) ) ;
#2518 = VERTEX_POINT ( 'NONE', #3357 ) ;
#2519 = AXIS2_PLACEMENT_3D ( 'NONE', #1974, #2280, #3352 ) ;
#2520 = ORIENTED_EDGE ( 'NONE', *, *, #2449, .T. ) ;
#2521 = CARTESIAN_POINT ( 'NONE',  ( 99.99999999999992895, -99.99999999999997158, 10.00000000000000000 ) ) ;
#2522 = ORIENTED_EDGE ( 'NONE', *, *, #91, .T. ) ;
#2523 = PRODUCT_RELATED_PRODUCT_CATEGORY ( 'part', '', ( #634 ) ) ;
#2524 = EDGE_CURVE ( 'NONE', #1707, #1156, #975, .T. ) ;
#2525 = ADVANCED_FACE ( 'NONE', ( #1772 ), #2044, .F. ) ;
#2526 = VECTOR ( 'NONE', #2343, 1000.000000000000000 ) ;
#2527 = CARTESIAN_POINT ( 'NONE',  ( -200.0000000000000568, 200.0000000000000000, 10.00000000000000000 ) ) ;
#2528 = DIRECTION ( 'NONE',  ( -0.000000000000000000, 1.000000000000000000, 0.000000000000000000 ) ) ;
#2529 = CARTESIAN_POINT ( 'NONE',  ( -5.551115123125782702E-14, -99.99999999999997158, 10.00000000000000000 ) ) ;
#2530 = FACE_OUTER_BOUND ( 'NONE', #2778, .T. ) ;
#2531 = FACE_OUTER_BOUND ( 'NONE', #1999, .T. ) ;
#2532 = FACE_BOUND ( 'NONE', #1282, .T. ) ;
#2533 = CYLINDRICAL_SURFACE ( 'NONE', #3446, 2.000000000000000000 ) ;
#2534 = VECTOR ( 'NONE', #2851, 1000.000000000000000 ) ;
#2535 = CYLINDRICAL_SURFACE ( 'NONE', #1033, 4.000000000000003553 ) ;
#2536 = ORIENTED_EDGE ( 'NONE', *, *, #2688, .T. ) ;
#2537 = ORIENTED_EDGE ( 'NONE', *, *, #2834, .T. ) ;
#2538 = DIRECTION ( 'NONE',  ( -0.000000000000000000, -0.000000000000000000, 1.000000000000000000 ) ) ;
#2539 = ORIENTED_EDGE ( 'NONE', *, *, #648, .T. ) ;
#2540 = CARTESIAN_POINT ( 'NONE',  ( 99.99999999999992895, 100.0000000000000426, 20.00000000000000000 ) ) ;
#2541 = ADVANCED_FACE ( 'NONE', ( #2094 ), #765, .T. ) ;
#2542 = ADVANCED_FACE ( 'NONE', ( #1565 ), #2358, .F. ) ;
#2543 = DIRECTION ( 'NONE',  ( 1.000000000000000000, 0.000000000000000000, 0.000000000000000000 ) ) ;
#2544 = CYLINDRICAL_SURFACE ( 'NONE', #1247, 3.999999999999989786 ) ;
#2545 = DIRECTION ( 'NONE',  ( 1.000000000000000000, 0.000000000000000000, 0.000000000000000000 ) ) ;
#2546 = FACE_OUTER_BOUND ( 'NONE', #3081, .T. ) ;
#2547 = DIRECTION ( 'NONE',  ( 0.000000000000000000, 0.000000000000000000, 1.000000000000000000 ) ) ;
#2548 = FACE_BOUND ( 'NONE', #2808, .T. ) ;
#2549 = PRODUCT_DEFINITION_FORMATION_WITH_SPECIFIED_SOURCE ( 'ANY', '', #634, .NOT_KNOWN. ) ;
#2550 = ORIENTED_EDGE ( 'NONE', *, *, #994, .F. ) ;
#2551 = DIRECTION ( 'NONE',  ( 1.000000000000000000, 0.000000000000000000, 0.000000000000000000 ) ) ;
#2552 = ORIENTED_EDGE ( 'NONE', *, *, #739, .T. ) ;
#2553 = VERTEX_POINT ( 'NONE', #1337 ) ;
#2554 = CARTESIAN_POINT ( 'NONE',  ( 99.99999999999992895, -99.99999999999997158, 10.00000000000000000 ) ) ;
#2555 = ORIENTED_EDGE ( 'NONE', *, *, #2157, .F. ) ;
#2556 = DIRECTION ( 'NONE',  ( 1.000000000000000000, 0.000000000000000000, 0.000000000000000000 ) ) ;
#2557 = ORIENTED_EDGE ( 'NONE', *, *, #951, .F. ) ;
#2558 = VECTOR ( 'NONE', #1450, 1000.000000000000000 ) ;
#2559 = CARTESIAN_POINT ( 'NONE',  ( 357.9999999999999432, -247.9999999999999432, 2.000000000000000000 ) ) ;
#2560 = DIRECTION ( 'NONE',  ( 1.000000000000000000, 0.000000000000000000, 0.000000000000000000 ) ) ;
#2561 = AXIS2_PLACEMENT_3D ( 'NONE', #254, #2049, #1038 ) ;
#2562 = EDGE_CURVE ( 'NONE', #1904, #1841, #970, .T. ) ;
#2563 = LINE ( 'NONE', #215, #2296 ) ;
#2564 = EDGE_CURVE ( 'NONE', #2603, #758, #2966, .T. ) ;
#2565 = FACE_OUTER_BOUND ( 'NONE', #727, .T. ) ;
#2566 = DIRECTION ( 'NONE',  ( -1.000000000000000000, 0.000000000000000000, 0.000000000000000000 ) ) ;
#2567 = CIRCLE ( 'NONE', #180, 3.999999999999989786 ) ;
#2568 = EDGE_LOOP ( 'NONE', ( #2653, #134 ) ) ;
#2569 = DIRECTION ( 'NONE',  ( 0.000000000000000000, 0.000000000000000000, 1.000000000000000000 ) ) ;
#2570 = ORIENTED_EDGE ( 'NONE', *, *, #3336, .T. ) ;
#2571 = VERTEX_POINT ( 'NONE', #2618 ) ;
#2572 = CARTESIAN_POINT ( 'NONE',  ( -100.0000000000000568, 2.775557561562891351E-14, 10.00000000000000000 ) ) ;
#2573 = AXIS2_PLACEMENT_3D ( 'NONE', #1916, #1652, #3272 ) ;
#2574 = VERTEX_POINT ( 'NONE', #1826 ) ;
#2575 = DIRECTION ( 'NONE',  ( 0.000000000000000000, 0.000000000000000000, -1.000000000000000000 ) ) ;
#2576 = VERTEX_POINT ( 'NONE', #2912 ) ;
#2577 = DIRECTION ( 'NONE',  ( 1.000000000000000000, 0.000000000000000000, 0.000000000000000000 ) ) ;
#2578 = VERTEX_POINT ( 'NONE', #1095 ) ;
#2579 = CARTESIAN_POINT ( 'NONE',  ( 357.9999999999999432, -247.9999999999999432, 18.00000000000000355 ) ) ;
#2580 = EDGE_CURVE ( 'NONE', #3121, #2097, #798, .T. ) ;
#2581 = AXIS2_PLACEMENT_3D ( 'NONE', #2867, #1294, #769 ) ;
#2582 = LINE ( 'NONE', #1288, #1692 ) ;
#2583 = EDGE_CURVE ( 'NONE', #843, #1039, #1194, .T. ) ;
#2584 = EDGE_CURVE ( 'NONE', #1560, #20, #747, .T. ) ;
#2585 = LINE ( 'NONE', #3429, #1448 ) ;
#2586 = LINE ( 'NONE', #726, #125 ) ;
#2587 = FACE_OUTER_BOUND ( 'NONE', #3439, .T. ) ;
#2588 = EDGE_LOOP ( 'NONE', ( #1778, #2847, #827, #3243 ) ) ;
#2589 = ORIENTED_EDGE ( 'NONE', *, *, #326, .T. ) ;
#2590 = PLANE ( 'NONE',  #1351 ) ;
#2591 = AXIS2_PLACEMENT_3D ( 'NONE', #1925, #795, #596 ) ;
#2592 = ORIENTED_EDGE ( 'NONE', *, *, #1160, .T. ) ;
#2593 = PLANE ( 'NONE',  #2088 ) ;
#2594 = AXIS2_PLACEMENT_3D ( 'NONE', #2316, #1267, #3388 ) ;
#2595 = ORIENTED_EDGE ( 'NONE', *, *, #1440, .T. ) ;
#2596 = ORIENTED_EDGE ( 'NONE', *, *, #263, .F. ) ;
#2597 = CARTESIAN_POINT ( 'NONE',  ( 195.9999999999998863, -199.9999999999999432, 20.00000000000000000 ) ) ;
#2598 = DIRECTION ( 'NONE',  ( 0.000000000000000000, 0.000000000000000000, 1.000000000000000000 ) ) ;
#2599 = CARTESIAN_POINT ( 'NONE',  ( -296.0000000000000568, 100.0000000000000000, 10.00000000000000000 ) ) ;
#2600 = FACE_BOUND ( 'NONE', #731, .T. ) ;
#2601 = ADVANCED_FACE ( 'NONE', ( #531 ), #2878, .T. ) ;
#2602 = EDGE_LOOP ( 'NONE', ( #985, #2076 ) ) ;
#2603 = VERTEX_POINT ( 'NONE', #817 ) ;
#2604 = LINE ( 'NONE', #1584, #402 ) ;
#2605 = AXIS2_PLACEMENT_3D ( 'NONE', #640, #1151, #2414 ) ;
#2606 = ORIENTED_EDGE ( 'NONE', *, *, #71, .F. ) ;
#2607 = AXIS2_PLACEMENT_3D ( 'NONE', #816, #59, #1597 ) ;
#2608 = CARTESIAN_POINT ( 'NONE',  ( 103.9999999999999147, -99.99999999999997158, 10.00000000000000000 ) ) ;
#2609 = ORIENTED_EDGE ( 'NONE', *, *, #1509, .F. ) ;
#2610 = EDGE_CURVE ( 'NONE', #236, #1449, #1598, .T. ) ;
#2611 = EDGE_CURVE ( 'NONE', #2236, #378, #1135, .T. ) ;
#2612 = ORIENTED_EDGE ( 'NONE', *, *, #720, .F. ) ;
#2613 = AXIS2_PLACEMENT_3D ( 'NONE', #2982, #1872, #2365 ) ;
#2614 = CARTESIAN_POINT ( 'NONE',  ( 199.9999999999998863, 5.551115123125782702E-14, 10.00000000000000000 ) ) ;
#2615 = CIRCLE ( 'NONE', #1675, 2.000000000000001776 ) ;
#2616 = DIRECTION ( 'NONE',  ( -0.000000000000000000, -0.000000000000000000, 1.000000000000000000 ) ) ;
#2617 = CARTESIAN_POINT ( 'NONE',  ( -100.0000000000000568, 2.775557561562891351E-14, 10.00000000000000000 ) ) ;
#2618 = CARTESIAN_POINT ( 'NONE',  ( 203.9999999999999147, -199.9999999999999432, 10.00000000000000000 ) ) ;
#2619 = AXIS2_PLACEMENT_3D ( 'NONE', #1998, #132, #1204 ) ;
#2620 = VERTEX_POINT ( 'NONE', #2338 ) ;
#2621 = EDGE_LOOP ( 'NONE', ( #3310, #2479, #2360, #2256 ) ) ;
#2622 = CARTESIAN_POINT ( 'NONE',  ( 195.9999999999998863, 100.0000000000000568, 10.00000000000000000 ) ) ;
#2623 = EDGE_CURVE ( 'NONE', #1773, #2518, #1473, .T. ) ;
#2624 = ORIENTED_EDGE ( 'NONE', *, *, #2927, .F. ) ;
#2625 = DIRECTION ( 'NONE',  ( 1.000000000000000000, 0.000000000000000000, 0.000000000000000000 ) ) ;
#2626 = EDGE_LOOP ( 'NONE', ( #2994, #2798, #1834, #3432 ) ) ;
#2627 = DIRECTION ( 'NONE',  ( -0.000000000000000000, -0.000000000000000000, 1.000000000000000000 ) ) ;
#2628 = EDGE_CURVE ( 'NONE', #2133, #3011, #834, .T. ) ;
#2629 = ORIENTED_EDGE ( 'NONE', *, *, #1641, .F. ) ;
#2630 = AXIS2_PLACEMENT_3D ( 'NONE', #1808, #249, #1577 ) ;
#2631 = CARTESIAN_POINT ( 'NONE',  ( 359.9999999999999432, 248.0000000000000000, 18.00000000000000355 ) ) ;
#2632 = VECTOR ( 'NONE', #3226, 1000.000000000000000 ) ;
#2633 = CARTESIAN_POINT ( 'NONE',  ( -200.0000000000000568, -100.0000000000000284, 10.00000000000000000 ) ) ;
#2634 = DIRECTION ( 'NONE',  ( -2.312964634635742957E-16, 1.000000000000000000, 0.000000000000000000 ) ) ;
#2635 = ORIENTED_EDGE ( 'NONE', *, *, #368, .F. ) ;
#2636 = VERTEX_POINT ( 'NONE', #1060 ) ;
#2637 = DIRECTION ( 'NONE',  ( -0.000000000000000000, -0.000000000000000000, 1.000000000000000000 ) ) ;
#2638 = ORIENTED_EDGE ( 'NONE', *, *, #1824, .T. ) ;
#2639 = DIRECTION ( 'NONE',  ( 0.000000000000000000, 0.000000000000000000, 1.000000000000000000 ) ) ;
#2640 = EDGE_LOOP ( 'NONE', ( #1519, #2426 ) ) ;
#2641 = DIRECTION ( 'NONE',  ( 1.000000000000000000, 0.000000000000000000, 0.000000000000000000 ) ) ;
#2642 = ORIENTED_EDGE ( 'NONE', *, *, #3082, .T. ) ;
#2643 = ORIENTED_EDGE ( 'NONE', *, *, #3314, .F. ) ;
#2644 = LINE ( 'NONE', #1907, #2664 ) ;
#2645 = EDGE_CURVE ( 'NONE', #1136, #535, #1578, .T. ) ;
#2646 = CIRCLE ( 'NONE', #365, 4.000000000000003553 ) ;
#2647 = ORIENTED_EDGE ( 'NONE', *, *, #3234, .T. ) ;
#2648 = DIRECTION ( 'NONE',  ( 0.000000000000000000, 0.000000000000000000, 1.000000000000000000 ) ) ;
#2649 = ADVANCED_FACE ( 'NONE', ( #2388 ), #3180, .F. ) ;
#2650 = DIRECTION ( 'NONE',  ( 1.000000000000000000, 0.000000000000000000, 0.000000000000000000 ) ) ;
#2651 = DIRECTION ( 'NONE',  ( 1.000000000000000000, 0.000000000000000000, 0.000000000000000000 ) ) ;
#2652 = VERTEX_POINT ( 'NONE', #284 ) ;
#2653 = ORIENTED_EDGE ( 'NONE', *, *, #2241, .T. ) ;
#2654 = DIRECTION ( 'NONE',  ( 0.000000000000000000, 0.000000000000000000, 1.000000000000000000 ) ) ;
#2655 = ORIENTED_EDGE ( 'NONE', *, *, #3445, .T. ) ;
#2656 = CARTESIAN_POINT ( 'NONE',  ( -300.0000000000000568, -100.0000000000000284, 10.00000000000000000 ) ) ;
#2657 = ORIENTED_EDGE ( 'NONE', *, *, #1991, .T. ) ;
#2658 = CARTESIAN_POINT ( 'NONE',  ( -360.0000000000000568, 247.9999999999999432, 18.00000000000000355 ) ) ;
#2659 = ORIENTED_EDGE ( 'NONE', *, *, #1966, .T. ) ;
#2660 = ORIENTED_EDGE ( 'NONE', *, *, #1025, .T. ) ;
#2661 = CARTESIAN_POINT ( 'NONE',  ( 357.9999999999999432, -249.9999999999999432, 18.00000000000000355 ) ) ;
#2662 = VERTEX_POINT ( 'NONE', #1632 ) ;
#2663 = CARTESIAN_POINT ( 'NONE',  ( 3.999999999999937828, 2.775557561562891351E-14, 20.00000000000000000 ) ) ;
#2664 = VECTOR ( 'NONE', #1331, 1000.000000000000000 ) ;
#2665 = ADVANCED_FACE ( 'NONE', ( #2408 ), #1895, .F. ) ;
#2666 = APPLICATION_PROTOCOL_DEFINITION ( 'draft international standard', 'automotive_design', 1998, #776 ) ;
#2667 = CARTESIAN_POINT ( 'NONE',  ( 199.9999999999998863, 200.0000000000000568, 10.00000000000000000 ) ) ;
#2668 = EDGE_CURVE ( 'NONE', #1350, #277, #2686, .T. ) ;
#2669 = CARTESIAN_POINT ( 'NONE',  ( 199.9999999999998863, -99.99999999999997158, 20.00000000000000000 ) ) ;
#2670 = CIRCLE ( 'NONE', #1626, 4.000000000000003553 ) ;
#2671 = DIRECTION ( 'NONE',  ( -0.000000000000000000, -0.000000000000000000, 1.000000000000000000 ) ) ;
#2672 = DIRECTION ( 'NONE',  ( 0.000000000000000000, 0.000000000000000000, 1.000000000000000000 ) ) ;
#2673 = ORIENTED_EDGE ( 'NONE', *, *, #2195, .T. ) ;
#2674 = CIRCLE ( 'NONE', #738, 3.999999999999989786 ) ;
#2675 = DIRECTION ( 'NONE',  ( -0.000000000000000000, -0.000000000000000000, 1.000000000000000000 ) ) ;
#2676 = ORIENTED_EDGE ( 'NONE', *, *, #3404, .T. ) ;
#2677 = DIRECTION ( 'NONE',  ( -0.000000000000000000, -0.000000000000000000, 1.000000000000000000 ) ) ;
#2678 = ORIENTED_EDGE ( 'NONE', *, *, #1021, .T. ) ;
#2679 = PLANE ( 'NONE',  #1511 ) ;
#2680 = CIRCLE ( 'NONE', #1186, 2.000000000000001776 ) ;
#2681 = CIRCLE ( 'NONE', #2451, 4.000000000000003553 ) ;
#2682 = VECTOR ( 'NONE', #3199, 1000.000000000000000 ) ;
#2683 = CARTESIAN_POINT ( 'NONE',  ( 299.9999999999999432, 5.551115123125782702E-14, 10.00000000000000000 ) ) ;
#2684 = CIRCLE ( 'NONE', #3141, 4.000000000000003553 ) ;
#2685 = CYLINDRICAL_SURFACE ( 'NONE', #2434, 4.000000000000003553 ) ;
#2686 = LINE ( 'NONE', #1370, #517 ) ;
#2687 = EDGE_CURVE ( 'NONE', #3415, #3340, #1270, .T. ) ;
#2688 = EDGE_CURVE ( 'NONE', #1222, #2620, #226, .T. ) ;
#2689 = AXIS2_PLACEMENT_3D ( 'NONE', #1050, #1569, #1279 ) ;
#2690 = CARTESIAN_POINT ( 'NONE',  ( 3.999999999999937828, 100.0000000000000284, 20.00000000000000000 ) ) ;
#2691 = DIRECTION ( 'NONE',  ( 1.000000000000000000, 0.000000000000000000, 0.000000000000000000 ) ) ;
#2692 = VERTEX_POINT ( 'NONE', #1646 ) ;
#2693 = FACE_OUTER_BOUND ( 'NONE', #67, .T. ) ;
#2694 = ORIENTED_EDGE ( 'NONE', *, *, #1863, .F. ) ;
#2695 = DIRECTION ( 'NONE',  ( 1.000000000000000000, 0.000000000000000000, -0.000000000000000000 ) ) ;
#2696 = EDGE_LOOP ( 'NONE', ( #3113, #2113, #2570, #1308 ) ) ;
#2697 = CARTESIAN_POINT ( 'NONE',  ( 199.9999999999998863, 5.551115123125782702E-14, 10.00000000000000000 ) ) ;
#2698 = AXIS2_PLACEMENT_3D ( 'NONE', #92, #655, #2756 ) ;
#2699 = DIRECTION ( 'NONE',  ( 0.000000000000000000, 0.000000000000000000, 1.000000000000000000 ) ) ;
#2700 = FACE_OUTER_BOUND ( 'NONE', #1582, .T. ) ;
#2701 = EDGE_CURVE ( 'NONE', #1780, #1746, #108, .T. ) ;
#2702 = DIRECTION ( 'NONE',  ( 0.000000000000000000, 0.000000000000000000, 1.000000000000000000 ) ) ;
#2703 = DIRECTION ( 'NONE',  ( -0.000000000000000000, -0.000000000000000000, 1.000000000000000000 ) ) ;
#2704 = ORIENTED_EDGE ( 'NONE', *, *, #719, .F. ) ;
#2705 = LINE ( 'NONE', #97, #1372 ) ;
#2706 = VERTEX_POINT ( 'NONE', #2661 ) ;
#2707 = DIRECTION ( 'NONE',  ( 1.000000000000000000, 0.000000000000000000, 0.000000000000000000 ) ) ;
#2708 = ORIENTED_EDGE ( 'NONE', *, *, #3208, .T. ) ;
#2709 = ADVANCED_FACE ( 'NONE', ( #1922 ), #298, .T. ) ;
#2710 = ADVANCED_FACE ( 'NONE', ( #54 ), #2679, .F. ) ;
#2711 = AXIS2_PLACEMENT_3D ( 'NONE', #2516, #3043, #1203 ) ;
#2712 = CIRCLE ( 'NONE', #1227, 4.000000000000003553 ) ;
#2713 = CARTESIAN_POINT ( 'NONE',  ( -4.000000000000048850, 2.824543433528785410E-14, 20.00000000000000000 ) ) ;
#2714 = CARTESIAN_POINT ( 'NONE',  ( 203.9999999999999147, -99.99999999999997158, 20.00000000000000000 ) ) ;
#2715 = CYLINDRICAL_SURFACE ( 'NONE', #3109, 4.000000000000003553 ) ;
#2716 = COLOUR_RGB ( '',0.7921568627450980005, 0.8196078431372548767, 0.9333333333333333481 ) ;
#2717 = DIRECTION ( 'NONE',  ( 0.000000000000000000, 0.000000000000000000, -1.000000000000000000 ) ) ;
#2718 = DIRECTION ( 'NONE',  ( 0.000000000000000000, 0.000000000000000000, 1.000000000000000000 ) ) ;
#2719 = CARTESIAN_POINT ( 'NONE',  ( 99.99999999999992895, 200.0000000000000568, 20.00000000000000000 ) ) ;
#2720 = AXIS2_PLACEMENT_3D ( 'NONE', #354, #30, #2989 ) ;
#2721 = DIRECTION ( 'NONE',  ( -0.000000000000000000, -0.000000000000000000, 1.000000000000000000 ) ) ;
#2722 = CARTESIAN_POINT ( 'NONE',  ( 99.99999999999992895, 200.0000000000000568, 20.00000000000000000 ) ) ;
#2723 = ORIENTED_EDGE ( 'NONE', *, *, #1929, .F. ) ;
#2724 = ORIENTED_EDGE ( 'NONE', *, *, #1062, .T. ) ;
#2725 = EDGE_CURVE ( 'NONE', #1138, #3011, #787, .T. ) ;
#2726 = CARTESIAN_POINT ( 'NONE',  ( 103.9999999999999147, 5.551115123125782702E-14, 10.00000000000000000 ) ) ;
#2727 = ORIENTED_EDGE ( 'NONE', *, *, #2687, .T. ) ;
#2728 = DIRECTION ( 'NONE',  ( -1.000000000000000000, -0.000000000000000000, -0.000000000000000000 ) ) ;
#2729 = AXIS2_PLACEMENT_3D ( 'NONE', #1388, #2179, #2988 ) ;
#2730 = ADVANCED_FACE ( 'NONE', ( #2419 ), #1625, .T. ) ;
#2731 = AXIS2_PLACEMENT_3D ( 'NONE', #350, #1730, #1418 ) ;
#2732 = FACE_OUTER_BOUND ( 'NONE', #1257, .T. ) ;
#2733 = DIRECTION ( 'NONE',  ( -1.000000000000000000, 0.000000000000000000, 0.000000000000000000 ) ) ;
#2734 = CIRCLE ( 'NONE', #2349, 3.999999999999989786 ) ;
#2735 = DIRECTION ( 'NONE',  ( 1.000000000000000000, 0.000000000000000000, 0.000000000000000000 ) ) ;
#2736 = CARTESIAN_POINT ( 'NONE',  ( -360.0000000000000568, -250.0000000000001137, 20.00000000000000000 ) ) ;
#2737 = CARTESIAN_POINT ( 'NONE',  ( 299.9999999999999432, 200.0000000000000568, 20.00000000000000000 ) ) ;
#2738 = VECTOR ( 'NONE', #1835, 1000.000000000000000 ) ;
#2739 = DIRECTION ( 'NONE',  ( 1.000000000000000000, 0.000000000000000000, 0.000000000000000000 ) ) ;
#2740 = DIRECTION ( 'NONE',  ( -0.000000000000000000, -0.000000000000000000, 1.000000000000000000 ) ) ;
#2741 = DIRECTION ( 'NONE',  ( 1.000000000000000000, 1.156482317317871478E-16, -0.000000000000000000 ) ) ;
#2742 = ORIENTED_EDGE ( 'NONE', *, *, #9, .F. ) ;
#2743 = ORIENTED_EDGE ( 'NONE', *, *, #136, .F. ) ;
#2744 = CARTESIAN_POINT ( 'NONE',  ( -5.551115123125782702E-14, 200.0000000000000284, 20.00000000000000000 ) ) ;
#2745 = EDGE_LOOP ( 'NONE', ( #3185, #341 ) ) ;
#2746 = LINE ( 'NONE', #2504, #2558 ) ;
#2747 = AXIS2_PLACEMENT_3D ( 'NONE', #826, #2202, #862 ) ;
#2748 = ADVANCED_FACE ( 'NONE', ( #1107 ), #792, .F. ) ;
#2749 = DIRECTION ( 'NONE',  ( 0.000000000000000000, -0.000000000000000000, 1.000000000000000000 ) ) ;
#2750 = CARTESIAN_POINT ( 'NONE',  ( 195.9999999999998863, 200.0000000000000568, 20.00000000000000000 ) ) ;
#2751 = CIRCLE ( 'NONE', #2591, 4.000000000000003553 ) ;
#2752 = ADVANCED_FACE ( 'NONE', ( #845 ), #2104, .T. ) ;
#2753 = PLANE ( 'NONE',  #2519 ) ;
#2754 = ADVANCED_FACE ( 'NONE', ( #811 ), #2904, .T. ) ;
#2755 = EDGE_CURVE ( 'NONE', #2050, #2576, #2644, .T. ) ;
#2756 = DIRECTION ( 'NONE',  ( 1.000000000000000000, 0.000000000000000000, 0.000000000000000000 ) ) ;
#2757 = CYLINDRICAL_SURFACE ( 'NONE', #790, 3.999999999999989786 ) ;
#2758 = DIRECTION ( 'NONE',  ( 1.000000000000000000, 0.000000000000000000, 0.000000000000000000 ) ) ;
#2759 = CYLINDRICAL_SURFACE ( 'NONE', #2711, 4.000000000000003553 ) ;
#2760 = DIRECTION ( 'NONE',  ( 0.000000000000000000, 0.000000000000000000, 1.000000000000000000 ) ) ;
#2761 = EDGE_LOOP ( 'NONE', ( #735, #1393, #1670, #2914 ) ) ;
#2762 = ORIENTED_EDGE ( 'NONE', *, *, #1358, .F. ) ;
#2763 = DIRECTION ( 'NONE',  ( -0.000000000000000000, -0.000000000000000000, 1.000000000000000000 ) ) ;
#2764 = ORIENTED_EDGE ( 'NONE', *, *, #2366, .T. ) ;
#2765 = VECTOR ( 'NONE', #3069, 1000.000000000000000 ) ;
#2766 = LINE ( 'NONE', #3299, #997 ) ;
#2767 = SPHERICAL_SURFACE ( 'NONE', #403, 2.000000000000000000 ) ;
#2768 = PLANE ( 'NONE',  #2022 ) ;
#2769 = EDGE_CURVE ( 'NONE', #2518, #1431, #595, .T. ) ;
#2770 = CARTESIAN_POINT ( 'NONE',  ( -100.0000000000000568, 100.0000000000000284, 10.00000000000000000 ) ) ;
#2771 = ADVANCED_FACE ( 'NONE', ( #580 ), #3438, .F. ) ;
#2772 = DIRECTION ( 'NONE',  ( 1.000000000000000000, 0.000000000000000000, 0.000000000000000000 ) ) ;
#2773 = CYLINDRICAL_SURFACE ( 'NONE', #799, 3.999999999999989786 ) ;
#2774 = CARTESIAN_POINT ( 'NONE',  ( 95.99999999999992895, 200.0000000000000568, 10.00000000000000000 ) ) ;
#2775 = CARTESIAN_POINT ( 'NONE',  ( -300.0000000000000568, 200.0000000000000000, 20.00000000000000000 ) ) ;
#2776 = CIRCLE ( 'NONE', #1452, 3.999999999999989786 ) ;
#2777 = ORIENTED_EDGE ( 'NONE', *, *, #1911, .F. ) ;
#2778 = EDGE_LOOP ( 'NONE', ( #3326, #3209 ) ) ;
#2779 = DIRECTION ( 'NONE',  ( -0.000000000000000000, -0.000000000000000000, 1.000000000000000000 ) ) ;
#2780 = EDGE_LOOP ( 'NONE', ( #2612, #3437, #3383, #3406 ) ) ;
#2781 = CIRCLE ( 'NONE', #2720, 4.000000000000003553 ) ;
#2782 = DIRECTION ( 'NONE',  ( 1.000000000000000000, 0.000000000000000000, 0.000000000000000000 ) ) ;
#2783 = CIRCLE ( 'NONE', #1022, 4.000000000000003553 ) ;
#2784 = CARTESIAN_POINT ( 'NONE',  ( -304.0000000000000568, 100.0000000000000000, 10.00000000000000000 ) ) ;
#2785 = CARTESIAN_POINT ( 'NONE',  ( 357.9999999999999432, 248.0000000000000000, 1.999999999999998224 ) ) ;
#2786 = FACE_OUTER_BOUND ( 'NONE', #3309, .T. ) ;
#2787 = VECTOR ( 'NONE', #2909, 1000.000000000000000 ) ;
#2788 = AXIS2_PLACEMENT_3D ( 'NONE', #2656, #1361, #1326 ) ;
#2789 = DIRECTION ( 'NONE',  ( 1.000000000000000000, 0.000000000000000000, 0.000000000000000000 ) ) ;
#2790 = CYLINDRICAL_SURFACE ( 'NONE', #3236, 2.000000000000001776 ) ;
#2791 = DIRECTION ( 'NONE',  ( -1.000000000000000000, -1.156482317317871478E-16, 0.000000000000000000 ) ) ;
#2792 = VECTOR ( 'NONE', #268, 1000.000000000000000 ) ;
#2793 = EDGE_CURVE ( 'NONE', #1540, #976, #3119, .T. ) ;
#2794 = DIRECTION ( 'NONE',  ( -1.000000000000000000, 0.000000000000000000, 0.000000000000000000 ) ) ;
#2795 = ADVANCED_FACE ( 'NONE', ( #2923 ), #2382, .T. ) ;
#2796 = CARTESIAN_POINT ( 'NONE',  ( 103.9999999999999147, -199.9999999999999432, 20.00000000000000000 ) ) ;
#2797 = ORIENTED_EDGE ( 'NONE', *, *, #91, .F. ) ;
#2798 = ORIENTED_EDGE ( 'NONE', *, *, #2580, .T. ) ;
#2799 = DIRECTION ( 'NONE',  ( -0.000000000000000000, -0.000000000000000000, 1.000000000000000000 ) ) ;
#2800 = VERTEX_POINT ( 'NONE', #2401 ) ;
#2801 = FACE_OUTER_BOUND ( 'NONE', #1168, .T. ) ;
#2802 = CARTESIAN_POINT ( 'NONE',  ( 357.9999999999999432, 248.0000000000000000, 2.000000000000000000 ) ) ;
#2803 = CARTESIAN_POINT ( 'NONE',  ( 295.9999999999999432, 5.600100995091676761E-14, 10.00000000000000000 ) ) ;
#2804 = DIRECTION ( 'NONE',  ( 0.000000000000000000, 0.000000000000000000, 1.000000000000000000 ) ) ;
#2805 = FACE_OUTER_BOUND ( 'NONE', #1325, .T. ) ;
#2806 = CARTESIAN_POINT ( 'NONE',  ( 3.999999999999937828, 2.775557561562891351E-14, 10.00000000000000000 ) ) ;
#2807 = DIRECTION ( 'NONE',  ( 1.000000000000000000, 0.000000000000000000, 0.000000000000000000 ) ) ;
#2808 = EDGE_LOOP ( 'NONE', ( #533, #2143 ) ) ;
#2809 = CIRCLE ( 'NONE', #1488, 2.000000000000001776 ) ;
#2810 = CARTESIAN_POINT ( 'NONE',  ( 303.9999999999999432, 200.0000000000000568, 10.00000000000000000 ) ) ;
#2811 = ORIENTED_EDGE ( 'NONE', *, *, #1781, .T. ) ;
#2812 = EDGE_LOOP ( 'NONE', ( #730, #1312 ) ) ;
#2813 = CARTESIAN_POINT ( 'NONE',  ( 103.9999999999999147, 200.0000000000000568, 10.00000000000000000 ) ) ;
#2814 = ORIENTED_EDGE ( 'NONE', *, *, #3404, .F. ) ;
#2815 = DIRECTION ( 'NONE',  ( -0.000000000000000000, -0.000000000000000000, 1.000000000000000000 ) ) ;
#2816 = VERTEX_POINT ( 'NONE', #23 ) ;
#2817 = EDGE_CURVE ( 'NONE', #2852, #3174, #1952, .T. ) ;
#2818 = EDGE_CURVE ( 'NONE', #1516, #2200, #2776, .T. ) ;
#2819 = DIRECTION ( 'NONE',  ( 1.000000000000000000, 0.000000000000000000, 0.000000000000000000 ) ) ;
#2820 = FACE_OUTER_BOUND ( 'NONE', #2621, .T. ) ;
#2821 = DIRECTION ( 'NONE',  ( 1.000000000000000000, 0.000000000000000000, 0.000000000000000000 ) ) ;
#2822 = CARTESIAN_POINT ( 'NONE',  ( 295.9999999999999432, -99.99999999999997158, 10.00000000000000000 ) ) ;
#2823 = LINE ( 'NONE', #2806, #228 ) ;
#2824 = FACE_BOUND ( 'NONE', #1982, .T. ) ;
#2825 = VECTOR ( 'NONE', #548, 1000.000000000000000 ) ;
#2826 = VERTEX_POINT ( 'NONE', #610 ) ;
#2827 = CARTESIAN_POINT ( 'NONE',  ( -300.0000000000000568, 0.000000000000000000, 10.00000000000000000 ) ) ;
#2828 = VERTEX_POINT ( 'NONE', #2257 ) ;
#2829 = ORIENTED_EDGE ( 'NONE', *, *, #2838, .T. ) ;
#2830 = LINE ( 'NONE', #1169, #3032 ) ;
#2831 = VERTEX_POINT ( 'NONE', #2464 ) ;
#2832 = DIRECTION ( 'NONE',  ( 0.000000000000000000, 1.000000000000000000, -0.000000000000000000 ) ) ;
#2833 = ORIENTED_EDGE ( 'NONE', *, *, #2193, .T. ) ;
#2834 = EDGE_CURVE ( 'NONE', #3011, #198, #2274, .T. ) ;
#2835 = AXIS2_PLACEMENT_3D ( 'NONE', #617, #1931, #1081 ) ;
#2836 = PRODUCT_DEFINITION_CONTEXT ( 'detailed design', #2952, 'design' ) ;
#2837 = CARTESIAN_POINT ( 'NONE',  ( 5.736152293896642967E-14, -248.0000000000000284, 0.000000000000000000 ) ) ;
#2838 = EDGE_CURVE ( 'NONE', #3181, #1603, #953, .T. ) ;
#2839 = CARTESIAN_POINT ( 'NONE',  ( 299.9999999999999432, 100.0000000000000711, 10.00000000000000000 ) ) ;
#2840 = CIRCLE ( 'NONE', #2064, 2.000000000000001776 ) ;
#2841 = CARTESIAN_POINT ( 'NONE',  ( -296.0000000000000568, -200.0000000000000000, 20.00000000000000000 ) ) ;
#2842 = PLANE ( 'NONE',  #1720 ) ;
#2843 = CARTESIAN_POINT ( 'NONE',  ( -5.551115123125782702E-14, 2.775557561562891351E-14, 10.00000000000000000 ) ) ;
#2844 = ORIENTED_EDGE ( 'NONE', *, *, #1145, .T. ) ;
#2845 = CARTESIAN_POINT ( 'NONE',  ( 199.9999999999998863, 100.0000000000000568, 20.00000000000000000 ) ) ;
#2846 = ORIENTED_EDGE ( 'NONE', *, *, #1383, .T. ) ;
#2847 = ORIENTED_EDGE ( 'NONE', *, *, #2488, .T. ) ;
#2848 = FACE_OUTER_BOUND ( 'NONE', #1542, .T. ) ;
#2849 = AXIS2_PLACEMENT_3D ( 'NONE', #16, #1052, #2100 ) ;
#2850 = EDGE_LOOP ( 'NONE', ( #839, #1545, #213 ) ) ;
#2851 = DIRECTION ( 'NONE',  ( -0.000000000000000000, -0.000000000000000000, 1.000000000000000000 ) ) ;
#2852 = VERTEX_POINT ( 'NONE', #3280 ) ;
#2853 = AXIS2_PLACEMENT_3D ( 'NONE', #1476, #707, #1420 ) ;
#2854 = DIRECTION ( 'NONE',  ( -0.000000000000000000, -0.000000000000000000, 1.000000000000000000 ) ) ;
#2855 = EDGE_LOOP ( 'NONE', ( #2777, #3045, #2101, #1601 ) ) ;
#2856 = CYLINDRICAL_SURFACE ( 'NONE', #13, 3.999999999999993339 ) ;
#2857 = EDGE_CURVE ( 'NONE', #863, #554, #1011, .T. ) ;
#2858 = CARTESIAN_POINT ( 'NONE',  ( 357.9999999999999432, -249.9999999999999432, 20.00000000000000000 ) ) ;
#2859 = ADVANCED_FACE ( 'NONE', ( #948 ), #362, .F. ) ;
#2860 = DIRECTION ( 'NONE',  ( 0.000000000000000000, 0.000000000000000000, 1.000000000000000000 ) ) ;
#2861 = FACE_BOUND ( 'NONE', #3013, .T. ) ;
#2862 = ADVANCED_FACE ( 'NONE', ( #913 ), #328, .F. ) ;
#2863 = EDGE_CURVE ( 'NONE', #800, #2828, #2503, .T. ) ;
#2864 = EDGE_LOOP ( 'NONE', ( #2894, #1486 ) ) ;
#2865 = ORIENTED_EDGE ( 'NONE', *, *, #40, .F. ) ;
#2866 = ORIENTED_EDGE ( 'NONE', *, *, #1892, .F. ) ;
#2867 = CARTESIAN_POINT ( 'NONE',  ( -358.0000000000000568, -250.0000000000001137, 1.999999999999998224 ) ) ;
#2868 = ORIENTED_EDGE ( 'NONE', *, *, #917, .T. ) ;
#2869 = DIRECTION ( 'NONE',  ( 0.000000000000000000, 0.000000000000000000, 1.000000000000000000 ) ) ;
#2870 = CIRCLE ( 'NONE', #2367, 2.000000000000001776 ) ;
#2871 = CIRCLE ( 'NONE', #1544, 2.000000000000000000 ) ;
#2872 = MANIFOLD_SOLID_BREP ( 'Fillet1', #2258 ) ;
#2873 = VERTEX_POINT ( 'NONE', #1172 ) ;
#2874 = EDGE_LOOP ( 'NONE', ( #2099, #1187 ) ) ;
#2875 = DIRECTION ( 'NONE',  ( 0.000000000000000000, 0.000000000000000000, 1.000000000000000000 ) ) ;
#2876 = CARTESIAN_POINT ( 'NONE',  ( 95.99999999999992895, 200.0000000000000568, 20.00000000000000000 ) ) ;
#2877 = DIRECTION ( 'NONE',  ( -0.000000000000000000, -0.000000000000000000, 1.000000000000000000 ) ) ;
#2878 = PLANE ( 'NONE',  #238 ) ;
#2879 = ORIENTED_EDGE ( 'NONE', *, *, #2899, .F. ) ;
#2880 = EDGE_CURVE ( 'NONE', #476, #1690, #1231, .T. ) ;
#2881 = ORIENTED_EDGE ( 'NONE', *, *, #883, .F. ) ;
#2882 = DIRECTION ( 'NONE',  ( 0.000000000000000000, 0.000000000000000000, 1.000000000000000000 ) ) ;
#2883 = ORIENTED_EDGE ( 'NONE', *, *, #207, .T. ) ;
#2884 = FACE_OUTER_BOUND ( 'NONE', #486, .T. ) ;
#2885 = ORIENTED_EDGE ( 'NONE', *, *, #2095, .F. ) ;
#2886 = EDGE_LOOP ( 'NONE', ( #2290, #714, #1760, #3421 ) ) ;
#2887 = CIRCLE ( 'NONE', #1397, 3.999999999999993339 ) ;
#2888 = AXIS2_PLACEMENT_3D ( 'NONE', #837, #2702, #855 ) ;
#2889 = DIRECTION ( 'NONE',  ( -0.000000000000000000, -0.000000000000000000, 1.000000000000000000 ) ) ;
#2890 = CIRCLE ( 'NONE', #3178, 3.999999999999989786 ) ;
#2891 = PLANE ( 'NONE',  #666 ) ;
#2892 = CARTESIAN_POINT ( 'NONE',  ( 99.99999999999992895, 200.0000000000000568, 10.00000000000000000 ) ) ;
#2893 = ORIENTED_EDGE ( 'NONE', *, *, #413, .F. ) ;
#2894 = ORIENTED_EDGE ( 'NONE', *, *, #569, .T. ) ;
#2895 = DIRECTION ( 'NONE',  ( 0.000000000000000000, 0.000000000000000000, 1.000000000000000000 ) ) ;
#2896 = EDGE_CURVE ( 'NONE', #3340, #800, #2746, .T. ) ;
#2897 = EDGE_LOOP ( 'NONE', ( #3046, #2811, #1068 ) ) ;
#2898 = DIRECTION ( 'NONE',  ( 0.000000000000000000, 0.000000000000000000, 1.000000000000000000 ) ) ;
#2899 = EDGE_CURVE ( 'NONE', #2662, #3376, #3401, .T. ) ;
#2900 = ORIENTED_EDGE ( 'NONE', *, *, #2214, .T. ) ;
#2901 = CIRCLE ( 'NONE', #3353, 2.000000000000001776 ) ;
#2902 = ORIENTED_EDGE ( 'NONE', *, *, #3330, .F. ) ;
#2903 = ORIENTED_EDGE ( 'NONE', *, *, #3445, .F. ) ;
#2904 = PLANE ( 'NONE',  #2613 ) ;
#2905 = AXIS2_PLACEMENT_3D ( 'NONE', #2843, #467, #3149 ) ;
#2906 = ORIENTED_EDGE ( 'NONE', *, *, #3145, .F. ) ;
#2907 = EDGE_CURVE ( 'NONE', #947, #1007, #2887, .T. ) ;
#2908 = VECTOR ( 'NONE', #2320, 1000.000000000000000 ) ;
#2909 = DIRECTION ( 'NONE',  ( -0.000000000000000000, -0.000000000000000000, 1.000000000000000000 ) ) ;
#2910 = AXIS2_PLACEMENT_3D ( 'NONE', #928, #2538, #154 ) ;
#2911 = CARTESIAN_POINT ( 'NONE',  ( -4.000000000000048850, -199.9999999999999432, 10.00000000000000000 ) ) ;
#2912 = CARTESIAN_POINT ( 'NONE',  ( -4.000000000000048850, 100.0000000000000284, 20.00000000000000000 ) ) ;
#2913 = EDGE_LOOP ( 'NONE', ( #2865, #3156 ) ) ;
#2914 = ORIENTED_EDGE ( 'NONE', *, *, #673, .T. ) ;
#2915 = CYLINDRICAL_SURFACE ( 'NONE', #1627, 2.000000000000001776 ) ;
#2916 = ORIENTED_EDGE ( 'NONE', *, *, #1335, .F. ) ;
#2917 = CARTESIAN_POINT ( 'NONE',  ( -296.0000000000000568, 200.0000000000000000, 20.00000000000000000 ) ) ;
#2918 = ORIENTED_EDGE ( 'NONE', *, *, #829, .T. ) ;
#2919 = CARTESIAN_POINT ( 'NONE',  ( -196.0000000000000568, 100.0000000000000142, 20.00000000000000000 ) ) ;
#2920 = CIRCLE ( 'NONE', #201, 4.000000000000003553 ) ;
#2921 = ORIENTED_EDGE ( 'NONE', *, *, #2244, .F. ) ;
#2922 = ORIENTED_EDGE ( 'NONE', *, *, #2331, .T. ) ;
#2923 = FACE_OUTER_BOUND ( 'NONE', #3031, .T. ) ;
#2924 = AXIS2_PLACEMENT_3D ( 'NONE', #389, #2247, #1958 ) ;
#2925 = ORIENTED_EDGE ( 'NONE', *, *, #831, .F. ) ;
#2926 = EDGE_CURVE ( 'NONE', #1206, #2200, #1727, .T. ) ;
#2927 = EDGE_CURVE ( 'NONE', #1, #1183, #3175, .T. ) ;
#2928 = CIRCLE ( 'NONE', #2594, 3.999999999999993339 ) ;
#2929 = CARTESIAN_POINT ( 'NONE',  ( -2.868076146948320852E-14, 247.9999999999999716, 0.000000000000000000 ) ) ;
#2930 = CIRCLE ( 'NONE', #2319, 3.999999999999989786 ) ;
#2931 = FACE_OUTER_BOUND ( 'NONE', #3279, .T. ) ;
#2932 = DIRECTION ( 'NONE',  ( 1.000000000000000000, 0.000000000000000000, 0.000000000000000000 ) ) ;
#2933 = SPHERICAL_SURFACE ( 'NONE', #2223, 2.000000000000000000 ) ;
#2934 = DIRECTION ( 'NONE',  ( 0.000000000000000000, 0.000000000000000000, 1.000000000000000000 ) ) ;
#2935 = CYLINDRICAL_SURFACE ( 'NONE', #2788, 4.000000000000003553 ) ;
#2936 = ORIENTED_EDGE ( 'NONE', *, *, #2389, .T. ) ;
#2937 = CARTESIAN_POINT ( 'NONE',  ( 299.9999999999999432, 100.0000000000000711, 20.00000000000000000 ) ) ;
#2938 = EDGE_LOOP ( 'NONE', ( #2557, #2068, #1484, #2833 ) ) ;
#2939 = DIRECTION ( 'NONE',  ( 0.000000000000000000, 0.000000000000000000, 1.000000000000000000 ) ) ;
#2940 = ORIENTED_EDGE ( 'NONE', *, *, #3254, .F. ) ;
#2941 = CARTESIAN_POINT ( 'NONE',  ( -300.0000000000000568, 200.0000000000000000, 10.00000000000000000 ) ) ;
#2942 = EDGE_CURVE ( 'NONE', #2013, #3182, #2149, .T. ) ;
#2943 = CIRCLE ( 'NONE', #3227, 3.999999999999993339 ) ;
#2944 = EDGE_CURVE ( 'NONE', #879, #277, #1897, .T. ) ;
#2945 = CIRCLE ( 'NONE', #1615, 4.000000000000003553 ) ;
#2946 = ADVANCED_FACE ( 'NONE', ( #871 ), #15, .F. ) ;
#2947 = DIRECTION ( 'NONE',  ( 0.000000000000000000, 0.000000000000000000, 1.000000000000000000 ) ) ;
#2948 = AXIS2_PLACEMENT_3D ( 'NONE', #1985, #1414, #1691 ) ;
#2949 = AXIS2_PLACEMENT_3D ( 'NONE', #601, #2438, #3221 ) ;
#2950 = DIRECTION ( 'NONE',  ( -0.000000000000000000, -0.000000000000000000, 1.000000000000000000 ) ) ;
#2951 = CARTESIAN_POINT ( 'NONE',  ( -300.0000000000000568, 100.0000000000000000, 10.00000000000000000 ) ) ;
#2952 = APPLICATION_CONTEXT ( 'automotive_design' ) ;
#2953 = CARTESIAN_POINT ( 'NONE',  ( -96.00000000000007105, -100.0000000000000284, 10.00000000000000000 ) ) ;
#2954 = AXIS2_PLACEMENT_3D ( 'NONE', #449, #1239, #2046 ) ;
#2955 = DIRECTION ( 'NONE',  ( 1.000000000000000000, 0.000000000000000000, 0.000000000000000000 ) ) ;
#2956 = DIRECTION ( 'NONE',  ( -0.000000000000000000, -0.000000000000000000, 1.000000000000000000 ) ) ;
#2957 = ORIENTED_EDGE ( 'NONE', *, *, #980, .F. ) ;
#2958 = VECTOR ( 'NONE', #2131, 1000.000000000000000 ) ;
#2959 = DIRECTION ( 'NONE',  ( 0.000000000000000000, 0.000000000000000000, 1.000000000000000000 ) ) ;
#2960 = ORIENTED_EDGE ( 'NONE', *, *, #1893, .F. ) ;
#2961 = FACE_OUTER_BOUND ( 'NONE', #2116, .T. ) ;
#2962 = EDGE_LOOP ( 'NONE', ( #2762, #258 ) ) ;
#2963 = CARTESIAN_POINT ( 'NONE',  ( 303.9999999999999432, -199.9999999999999432, 10.00000000000000000 ) ) ;
#2964 = CIRCLE ( 'NONE', #1629, 2.000000000000000000 ) ;
#2965 = AXIS2_PLACEMENT_3D ( 'NONE', #2393, #1342, #2625 ) ;
#2966 = CIRCLE ( 'NONE', #2073, 4.000000000000003553 ) ;
#2967 = DIRECTION ( 'NONE',  ( 1.000000000000000000, 0.000000000000000000, 0.000000000000000000 ) ) ;
#2968 = AXIS2_PLACEMENT_3D ( 'NONE', #652, #163, #2735 ) ;
#2969 = EDGE_CURVE ( 'NONE', #1965, #2977, #1881, .T. ) ;
#2970 =( LENGTH_UNIT ( ) NAMED_UNIT ( * ) SI_UNIT ( .MILLI., .METRE. ) );
#2971 = CIRCLE ( 'NONE', #1313, 3.999999999999993339 ) ;
#2972 = EDGE_CURVE ( 'NONE', #1246, #2553, #1786, .T. ) ;
#2973 = DIRECTION ( 'NONE',  ( 1.000000000000000000, 0.000000000000000000, 0.000000000000000000 ) ) ;
#2974 = EDGE_CURVE ( 'NONE', #1553, #1537, #729, .T. ) ;
#2975 = CARTESIAN_POINT ( 'NONE',  ( -96.00000000000007105, 100.0000000000000284, 10.00000000000000000 ) ) ;
#2976 = CARTESIAN_POINT ( 'NONE',  ( 299.9999999999999432, 200.0000000000000568, 10.00000000000000000 ) ) ;
#2977 = VERTEX_POINT ( 'NONE', #1899 ) ;
#2978 = FACE_OUTER_BOUND ( 'NONE', #1668, .T. ) ;
#2979 = ORIENTED_EDGE ( 'NONE', *, *, #1251, .T. ) ;
#2980 = DIRECTION ( 'NONE',  ( -0.000000000000000000, -0.000000000000000000, 1.000000000000000000 ) ) ;
#2981 = ORIENTED_EDGE ( 'NONE', *, *, #2623, .F. ) ;
#2982 = CARTESIAN_POINT ( 'NONE',  ( 199.9999999999998863, -199.9999999999999432, 10.00000000000000000 ) ) ;
#2983 = CIRCLE ( 'NONE', #257, 4.000000000000003553 ) ;
#2984 = DIRECTION ( 'NONE',  ( -0.000000000000000000, -0.000000000000000000, 1.000000000000000000 ) ) ;
#2985 = DIRECTION ( 'NONE',  ( 1.000000000000000000, 0.000000000000000000, -0.000000000000000000 ) ) ;
#2986 = CARTESIAN_POINT ( 'NONE',  ( 95.99999999999992895, -199.9999999999999432, 10.00000000000000000 ) ) ;
#2987 = EDGE_CURVE ( 'NONE', #1537, #1553, #332, .T. ) ;
#2988 = DIRECTION ( 'NONE',  ( 1.000000000000000000, 0.000000000000000000, 0.000000000000000000 ) ) ;
#2989 = DIRECTION ( 'NONE',  ( 1.000000000000000000, 0.000000000000000000, 0.000000000000000000 ) ) ;
#2990 = DIRECTION ( 'NONE',  ( 0.000000000000000000, 0.000000000000000000, 1.000000000000000000 ) ) ;
#2991 = CARTESIAN_POINT ( 'NONE',  ( -200.0000000000000568, 100.0000000000000142, 20.00000000000000000 ) ) ;
#2992 = CARTESIAN_POINT ( 'NONE',  ( -2.868076146948320852E-14, 247.9999999999999716, 18.00000000000000355 ) ) ;
#2993 = EDGE_CURVE ( 'NONE', #944, #644, #2455, .T. ) ;
#2994 = ORIENTED_EDGE ( 'NONE', *, *, #1160, .F. ) ;
#2995 = VERTEX_POINT ( 'NONE', #1682 ) ;
#2996 = LINE ( 'NONE', #2726, #2632 ) ;
#2997 = ORIENTED_EDGE ( 'NONE', *, *, #888, .F. ) ;
#2998 = DIRECTION ( 'NONE',  ( -0.000000000000000000, -0.000000000000000000, 1.000000000000000000 ) ) ;
#2999 = VECTOR ( 'NONE', #2721, 1000.000000000000000 ) ;
#3000 = CIRCLE ( 'NONE', #3333, 3.999999999999989786 ) ;
#3001 = DIRECTION ( 'NONE',  ( -0.000000000000000000, 0.000000000000000000, -1.000000000000000000 ) ) ;
#3002 = LINE ( 'NONE', #2509, #1680 ) ;
#3003 = VECTOR ( 'NONE', #820, 1000.000000000000000 ) ;
#3004 = DIRECTION ( 'NONE',  ( -0.000000000000000000, 1.000000000000000000, 0.000000000000000000 ) ) ;
#3005 = DIRECTION ( 'NONE',  ( -0.000000000000000000, -0.000000000000000000, 1.000000000000000000 ) ) ;
#3006 = CARTESIAN_POINT ( 'NONE',  ( 359.9999999999999432, 248.0000000000000000, 20.00000000000000000 ) ) ;
#3007 = CARTESIAN_POINT ( 'NONE',  ( 203.9999999999999147, 200.0000000000000568, 10.00000000000000000 ) ) ;
#3008 = DIRECTION ( 'NONE',  ( 0.000000000000000000, 0.000000000000000000, 1.000000000000000000 ) ) ;
#3009 = VERTEX_POINT ( 'NONE', #1664 ) ;
#3010 = ADVANCED_FACE ( 'NONE', ( #319 ), #571, .T. ) ;
#3011 = VERTEX_POINT ( 'NONE', #1389 ) ;
#3012 = DIRECTION ( 'NONE',  ( 0.000000000000000000, 0.000000000000000000, 1.000000000000000000 ) ) ;
#3013 = EDGE_LOOP ( 'NONE', ( #1225, #1620 ) ) ;
#3014 = CARTESIAN_POINT ( 'NONE',  ( 299.9999999999999432, 100.0000000000000711, 10.00000000000000000 ) ) ;
#3015 = AXIS2_PLACEMENT_3D ( 'NONE', #3238, #570, #1129 ) ;
#3016 = EDGE_CURVE ( 'NONE', #2828, #800, #1454, .T. ) ;
#3017 = AXIS2_PLACEMENT_3D ( 'NONE', #937, #950, #2985 ) ;
#3018 = DIRECTION ( 'NONE',  ( 0.000000000000000000, 0.000000000000000000, 1.000000000000000000 ) ) ;
#3019 = EDGE_CURVE ( 'NONE', #3192, #559, #2781, .T. ) ;
#3020 = CARTESIAN_POINT ( 'NONE',  ( -100.0000000000000568, 200.0000000000000284, 10.00000000000000000 ) ) ;
#3021 = CIRCLE ( 'NONE', #1526, 4.000000000000003553 ) ;
#3022 = CARTESIAN_POINT ( 'NONE',  ( 99.99999999999992895, -199.9999999999999432, 10.00000000000000000 ) ) ;
#3023 = CARTESIAN_POINT ( 'NONE',  ( 203.9999999999999147, 100.0000000000000568, 20.00000000000000000 ) ) ;
#3024 = CARTESIAN_POINT ( 'NONE',  ( -360.0000000000000568, -250.0000000000001137, 1.999999999999998224 ) ) ;
#3025 = DIRECTION ( 'NONE',  ( 1.000000000000000000, 0.000000000000000000, 0.000000000000000000 ) ) ;
#3026 = FACE_OUTER_BOUND ( 'NONE', #3346, .T. ) ;
#3027 = CARTESIAN_POINT ( 'NONE',  ( 199.9999999999998863, 200.0000000000000568, 10.00000000000000000 ) ) ;
#3028 = ORIENTED_EDGE ( 'NONE', *, *, #547, .T. ) ;
#3029 = ORIENTED_EDGE ( 'NONE', *, *, #505, .T. ) ;
#3030 = CARTESIAN_POINT ( 'NONE',  ( -100.0000000000000568, -200.0000000000000000, 20.00000000000000000 ) ) ;
#3031 = EDGE_LOOP ( 'NONE', ( #1018, #1520, #1917, #2925 ) ) ;
#3032 = VECTOR ( 'NONE', #2763, 1000.000000000000000 ) ;
#3033 = CARTESIAN_POINT ( 'NONE',  ( -296.0000000000000568, 0.000000000000000000, 10.00000000000000000 ) ) ;
#3034 = ADVANCED_FACE ( 'NONE', ( #1617 ), #289, .T. ) ;
#3035 = EDGE_CURVE ( 'NONE', #976, #1540, #174, .T. ) ;
#3036 = FACE_OUTER_BOUND ( 'NONE', #2850, .T. ) ;
#3037 = CIRCLE ( 'NONE', #1266, 4.000000000000003553 ) ;
#3038 = VECTOR ( 'NONE', #2741, 1000.000000000000000 ) ;
#3039 = DIRECTION ( 'NONE',  ( -0.000000000000000000, -0.000000000000000000, 1.000000000000000000 ) ) ;
#3040 = DIRECTION ( 'NONE',  ( 1.000000000000000000, 0.000000000000000000, 0.000000000000000000 ) ) ;
#3041 = CARTESIAN_POINT ( 'NONE',  ( -296.0000000000000568, 200.0000000000000000, 10.00000000000000000 ) ) ;
#3042 = DIRECTION ( 'NONE',  ( 0.000000000000000000, 0.000000000000000000, 1.000000000000000000 ) ) ;
#3043 = DIRECTION ( 'NONE',  ( -0.000000000000000000, -0.000000000000000000, 1.000000000000000000 ) ) ;
#3044 = PLANE ( 'NONE',  #3126 ) ;
#3045 = ORIENTED_EDGE ( 'NONE', *, *, #157, .T. ) ;
#3046 = ORIENTED_EDGE ( 'NONE', *, *, #3250, .T. ) ;
#3047 = PLANE ( 'NONE',  #529 ) ;
#3048 = EDGE_LOOP ( 'NONE', ( #2537, #3078, #2502, #395 ) ) ;
#3049 = CARTESIAN_POINT ( 'NONE',  ( 99.99999999999992895, 5.551115123125782702E-14, 10.00000000000000000 ) ) ;
#3050 = DIRECTION ( 'NONE',  ( -0.000000000000000000, -0.000000000000000000, 1.000000000000000000 ) ) ;
#3051 = DIRECTION ( 'NONE',  ( 1.000000000000000000, 0.000000000000000000, 0.000000000000000000 ) ) ;
#3052 = CIRCLE ( 'NONE', #1558, 2.000000000000001776 ) ;
#3053 = EDGE_CURVE ( 'NONE', #1780, #1997, #2424, .T. ) ;
#3054 = CIRCLE ( 'NONE', #608, 3.999999999999989786 ) ;
#3055 = ADVANCED_FACE ( 'NONE', ( #336 ), #1404, .F. ) ;
#3056 = CARTESIAN_POINT ( 'NONE',  ( -5.551115123125782702E-14, 2.775557561562891351E-14, 10.00000000000000000 ) ) ;
#3057 = DIRECTION ( 'NONE',  ( 1.000000000000000000, 0.000000000000000000, 0.000000000000000000 ) ) ;
#3058 = CARTESIAN_POINT ( 'NONE',  ( -5.551115123125782702E-14, 200.0000000000000284, 20.00000000000000000 ) ) ;
#3059 = FACE_BOUND ( 'NONE', #716, .T. ) ;
#3060 = LINE ( 'NONE', #2213, #772 ) ;
#3061 = DIRECTION ( 'NONE',  ( 0.000000000000000000, 0.000000000000000000, 1.000000000000000000 ) ) ;
#3062 = AXIS2_PLACEMENT_3D ( 'NONE', #1367, #864, #3173 ) ;
#3063 = ORIENTED_EDGE ( 'NONE', *, *, #1971, .F. ) ;
#3064 = ORIENTED_EDGE ( 'NONE', *, *, #3125, .T. ) ;
#3065 = CARTESIAN_POINT ( 'NONE',  ( 295.9999999999999432, 200.0000000000000568, 20.00000000000000000 ) ) ;
#3066 = ORIENTED_EDGE ( 'NONE', *, *, #2053, .T. ) ;
#3067 = CIRCLE ( 'NONE', #1398, 3.999999999999993339 ) ;
#3068 = DIRECTION ( 'NONE',  ( 1.000000000000000000, 0.000000000000000000, 0.000000000000000000 ) ) ;
#3069 = DIRECTION ( 'NONE',  ( -0.000000000000000000, -0.000000000000000000, 1.000000000000000000 ) ) ;
#3070 = CARTESIAN_POINT ( 'NONE',  ( -358.0000000000000568, -248.0000000000001137, 0.000000000000000000 ) ) ;
#3071 = CARTESIAN_POINT ( 'NONE',  ( 199.9999999999998863, -99.99999999999997158, 10.00000000000000000 ) ) ;
#3072 = EDGE_CURVE ( 'NONE', #514, #535, #3271, .T. ) ;
#3073 = CIRCLE ( 'NONE', #2018, 4.000000000000003553 ) ;
#3074 = DIRECTION ( 'NONE',  ( 1.000000000000000000, 0.000000000000000000, 0.000000000000000000 ) ) ;
#3075 = DIRECTION ( 'NONE',  ( -0.000000000000000000, -0.000000000000000000, 1.000000000000000000 ) ) ;
#3076 = FACE_BOUND ( 'NONE', #626, .T. ) ;
#3077 = AXIS2_PLACEMENT_3D ( 'NONE', #2667, #1580, #2372 ) ;
#3078 = ORIENTED_EDGE ( 'NONE', *, *, #3269, .F. ) ;
#3079 = DIRECTION ( 'NONE',  ( 0.000000000000000000, 0.000000000000000000, 1.000000000000000000 ) ) ;
#3080 = ADVANCED_FACE ( 'NONE', ( #374 ), #2790, .T. ) ;
#3081 = EDGE_LOOP ( 'NONE', ( #2555, #2918, #1687, #193 ) ) ;
#3082 = EDGE_CURVE ( 'NONE', #2236, #1183, #1181, .T. ) ;
#3083 = VERTEX_POINT ( 'NONE', #2491 ) ;
#3084 = CARTESIAN_POINT ( 'NONE',  ( 3.999999999999937828, 100.0000000000000284, 10.00000000000000000 ) ) ;
#3085 = EDGE_LOOP ( 'NONE', ( #229, #1818 ) ) ;
#3086 = DIRECTION ( 'NONE',  ( 1.000000000000000000, 0.000000000000000000, 0.000000000000000000 ) ) ;
#3087 = AXIS2_PLACEMENT_3D ( 'NONE', #2554, #1469, #2501 ) ;
#3088 = DIRECTION ( 'NONE',  ( 0.000000000000000000, 1.000000000000000000, 0.000000000000000000 ) ) ;
#3089 = PLANE ( 'NONE',  #622 ) ;
#3090 = DIRECTION ( 'NONE',  ( 0.000000000000000000, 0.000000000000000000, 1.000000000000000000 ) ) ;
#3091 = CARTESIAN_POINT ( 'NONE',  ( 299.9999999999999432, -99.99999999999997158, 10.00000000000000000 ) ) ;
#3092 = DIRECTION ( 'NONE',  ( 1.000000000000000000, 0.000000000000000000, 0.000000000000000000 ) ) ;
#3093 = FACE_BOUND ( 'NONE', #2812, .T. ) ;
#3094 = EDGE_CURVE ( 'NONE', #2636, #2167, #2615, .T. ) ;
#3095 = ORIENTED_EDGE ( 'NONE', *, *, #2112, .T. ) ;
#3096 = CARTESIAN_POINT ( 'NONE',  ( -360.0000000000000568, -248.0000000000001137, 1.999999999999998224 ) ) ;
#3097 = EDGE_LOOP ( 'NONE', ( #537, #1589, #541, #2272 ) ) ;
#3098 = ORIENTED_EDGE ( 'NONE', *, *, #1713, .F. ) ;
#3099 = DIRECTION ( 'NONE',  ( -0.000000000000000000, -0.000000000000000000, 1.000000000000000000 ) ) ;
#3100 = ORIENTED_EDGE ( 'NONE', *, *, #870, .T. ) ;
#3101 = DIRECTION ( 'NONE',  ( 1.000000000000000000, 0.000000000000000000, 0.000000000000000000 ) ) ;
#3102 = ADVANCED_FACE ( 'NONE', ( #446 ), #3286, .T. ) ;
#3103 = ORIENTED_EDGE ( 'NONE', *, *, #2241, .F. ) ;
#3104 = DIRECTION ( 'NONE',  ( 0.000000000000000000, 0.000000000000000000, 1.000000000000000000 ) ) ;
#3105 = CARTESIAN_POINT ( 'NONE',  ( -200.0000000000000568, 200.0000000000000000, 10.00000000000000000 ) ) ;
#3106 = DIRECTION ( 'NONE',  ( 1.000000000000000000, 0.000000000000000000, 0.000000000000000000 ) ) ;
#3107 = FACE_OUTER_BOUND ( 'NONE', #2381, .T. ) ;
#3108 = DIRECTION ( 'NONE',  ( -0.000000000000000000, -0.000000000000000000, 1.000000000000000000 ) ) ;
#3109 = AXIS2_PLACEMENT_3D ( 'NONE', #1926, #852, #3198 ) ;
#3110 = ORIENTED_EDGE ( 'NONE', *, *, #1374, .T. ) ;
#3111 = CYLINDRICAL_SURFACE ( 'NONE', #850, 3.999999999999989786 ) ;
#3112 = EDGE_LOOP ( 'NONE', ( #642, #2921 ) ) ;
#3113 = ORIENTED_EDGE ( 'NONE', *, *, #1251, .F. ) ;
#3114 = DIRECTION ( 'NONE',  ( 1.000000000000000000, 0.000000000000000000, 0.000000000000000000 ) ) ;
#3115 = ORIENTED_EDGE ( 'NONE', *, *, #3234, .F. ) ;
#3116 = DIRECTION ( 'NONE',  ( 1.000000000000000000, 0.000000000000000000, 0.000000000000000000 ) ) ;
#3117 = ORIENTED_EDGE ( 'NONE', *, *, #2030, .T. ) ;
#3118 = EDGE_CURVE ( 'NONE', #1242, #2578, #3403, .T. ) ;
#3119 = CIRCLE ( 'NONE', #1673, 3.999999999999993339 ) ;
#3120 = DIRECTION ( 'NONE',  ( 0.000000000000000000, 0.000000000000000000, -1.000000000000000000 ) ) ;
#3121 = VERTEX_POINT ( 'NONE', #2228 ) ;
#3122 = EDGE_CURVE ( 'NONE', #1605, #1242, #1993, .T. ) ;
#3123 = CARTESIAN_POINT ( 'NONE',  ( 357.9999999999999432, -247.9999999999999432, 18.00000000000000355 ) ) ;
#3124 = AXIS2_PLACEMENT_3D ( 'NONE', #2467, #3050, #88 ) ;
#3125 = EDGE_CURVE ( 'NONE', #976, #1007, #2823, .T. ) ;
#3126 = AXIS2_PLACEMENT_3D ( 'NONE', #3341, #3079, #696 ) ;
#3127 = AXIS2_PLACEMENT_3D ( 'NONE', #221, #2895, #516 ) ;
#3128 = EDGE_CURVE ( 'NONE', #2097, #82, #3067, .T. ) ;
#3129 = DIRECTION ( 'NONE',  ( -0.000000000000000000, -1.000000000000000000, -0.000000000000000000 ) ) ;
#3130 = DIRECTION ( 'NONE',  ( 1.000000000000000000, 0.000000000000000000, -0.000000000000000000 ) ) ;
#3131 = FACE_BOUND ( 'NONE', #3447, .T. ) ;
#3132 = AXIS2_PLACEMENT_3D ( 'NONE', #1785, #2041, #722 ) ;
#3133 = AXIS2_PLACEMENT_3D ( 'NONE', #3452, #1099, #2150 ) ;
#3134 = ORIENTED_EDGE ( 'NONE', *, *, #1315, .T. ) ;
#3135 = EDGE_LOOP ( 'NONE', ( #998, #3115 ) ) ;
#3136 = DIRECTION ( 'NONE',  ( -0.000000000000000000, 0.000000000000000000, 1.000000000000000000 ) ) ;
#3137 = AXIS2_PLACEMENT_3D ( 'NONE', #2892, #1290, #2651 ) ;
#3138 = VERTEX_POINT ( 'NONE', #3041 ) ;
#3139 = FACE_OUTER_BOUND ( 'NONE', #3241, .T. ) ;
#3140 = ORIENTED_EDGE ( 'NONE', *, *, #3125, .F. ) ;
#3141 = AXIS2_PLACEMENT_3D ( 'NONE', #1199, #1233, #1715 ) ;
#3142 = EDGE_LOOP ( 'NONE', ( #2066, #491 ) ) ;
#3143 = VECTOR ( 'NONE', #1395, 1000.000000000000000 ) ;
#3144 = CARTESIAN_POINT ( 'NONE',  ( -5.551115123125782702E-14, -199.9999999999999432, 10.00000000000000000 ) ) ;
#3145 = EDGE_CURVE ( 'NONE', #20, #1560, #1566, .T. ) ;
#3146 = DIRECTION ( 'NONE',  ( 1.000000000000000000, 0.000000000000000000, 0.000000000000000000 ) ) ;
#3147 = EDGE_CURVE ( 'NONE', #1574, #2692, #2005, .T. ) ;
#3148 = CARTESIAN_POINT ( 'NONE',  ( 99.99999999999992895, 100.0000000000000426, 10.00000000000000000 ) ) ;
#3149 = DIRECTION ( 'NONE',  ( 1.000000000000000000, 0.000000000000000000, 0.000000000000000000 ) ) ;
#3150 = EDGE_LOOP ( 'NONE', ( #1261, #3294, #2936, #1688 ) ) ;
#3151 = ORIENTED_EDGE ( 'NONE', *, *, #283, .T. ) ;
#3152 = FACE_OUTER_BOUND ( 'NONE', #3048, .T. ) ;
#3153 = ORIENTED_EDGE ( 'NONE', *, *, #760, .F. ) ;
#3154 = LINE ( 'NONE', #838, #404 ) ;
#3155 = CIRCLE ( 'NONE', #2192, 4.000000000000003553 ) ;
#3156 = ORIENTED_EDGE ( 'NONE', *, *, #3386, .F. ) ;
#3157 = CIRCLE ( 'NONE', #135, 4.000000000000003553 ) ;
#3158 = ORIENTED_EDGE ( 'NONE', *, *, #1593, .T. ) ;
#3159 = LINE ( 'NONE', #510, #2181 ) ;
#3160 = EDGE_CURVE ( 'NONE', #3228, #2254, #1771, .T. ) ;
#3161 = ADVANCED_FACE ( 'NONE', ( #674 ), #1699, .T. ) ;
#3162 = CARTESIAN_POINT ( 'NONE',  ( -296.0000000000000568, -200.0000000000000000, 10.00000000000000000 ) ) ;
#3163 = DIRECTION ( 'NONE',  ( 0.000000000000000000, 0.000000000000000000, 1.000000000000000000 ) ) ;
#3164 = AXIS2_PLACEMENT_3D ( 'NONE', #1702, #2458, #96 ) ;
#3165 = ORIENTED_EDGE ( 'NONE', *, *, #480, .T. ) ;
#3166 = ORIENTED_EDGE ( 'NONE', *, *, #2354, .T. ) ;
#3167 = DIRECTION ( 'NONE',  ( 1.000000000000000000, 2.312964634635742957E-16, 0.000000000000000000 ) ) ;
#3168 = ORIENTED_EDGE ( 'NONE', *, *, #760, .T. ) ;
#3169 = AXIS2_PLACEMENT_3D ( 'NONE', #3411, #2357, #2093 ) ;
#3170 = CARTESIAN_POINT ( 'NONE',  ( -96.00000000000007105, 100.0000000000000284, 20.00000000000000000 ) ) ;
#3171 = ORIENTED_EDGE ( 'NONE', *, *, #2524, .F. ) ;
#3172 = ORIENTED_EDGE ( 'NONE', *, *, #935, .F. ) ;
#3173 = DIRECTION ( 'NONE',  ( 0.000000000000000000, 0.000000000000000000, -1.000000000000000000 ) ) ;
#3174 = VERTEX_POINT ( 'NONE', #429 ) ;
#3175 = CIRCLE ( 'NONE', #169, 4.000000000000003553 ) ;
#3176 = AXIS2_PLACEMENT_3D ( 'NONE', #1360, #1130, #2410 ) ;
#3177 = DIRECTION ( 'NONE',  ( 0.000000000000000000, 0.000000000000000000, 1.000000000000000000 ) ) ;
#3178 = AXIS2_PLACEMENT_3D ( 'NONE', #2437, #1403, #77 ) ;
#3179 = CARTESIAN_POINT ( 'NONE',  ( -5.551115123125782702E-14, -199.9999999999999432, 10.00000000000000000 ) ) ;
#3180 = CYLINDRICAL_SURFACE ( 'NONE', #1748, 4.000000000000003553 ) ;
#3181 = VERTEX_POINT ( 'NONE', #1441 ) ;
#3182 = VERTEX_POINT ( 'NONE', #1717 ) ;
#3183 = CARTESIAN_POINT ( 'NONE',  ( -100.0000000000000568, 100.0000000000000284, 10.00000000000000000 ) ) ;
#3184 = AXIS2_PLACEMENT_3D ( 'NONE', #2318, #2277, #3350 ) ;
#3185 = ORIENTED_EDGE ( 'NONE', *, *, #2701, .T. ) ;
#3186 = DIRECTION ( 'NONE',  ( -0.000000000000000000, -0.000000000000000000, 1.000000000000000000 ) ) ;
#3187 = ORIENTED_EDGE ( 'NONE', *, *, #2863, .T. ) ;
#3188 = ADVANCED_FACE ( 'NONE', ( #2531 ), #2757, .F. ) ;
#3189 = DIRECTION ( 'NONE',  ( 0.000000000000000000, 0.000000000000000000, 1.000000000000000000 ) ) ;
#3190 = ADVANCED_FACE ( 'NONE', ( #1217 ), #3338, .F. ) ;
#3191 = CIRCLE ( 'NONE', #1854, 3.999999999999989786 ) ;
#3192 = VERTEX_POINT ( 'NONE', #1755 ) ;
#3193 = ORIENTED_EDGE ( 'NONE', *, *, #2288, .T. ) ;
#3194 = DIRECTION ( 'NONE',  ( 0.000000000000000000, 0.000000000000000000, 1.000000000000000000 ) ) ;
#3195 = EDGE_LOOP ( 'NONE', ( #1089, #2550, #841, #2606 ) ) ;
#3196 = VECTOR ( 'NONE', #2355, 1000.000000000000000 ) ;
#3197 = CARTESIAN_POINT ( 'NONE',  ( 357.9999999999999432, 248.0000000000000284, 20.00000000000000000 ) ) ;
#3198 = DIRECTION ( 'NONE',  ( 1.000000000000000000, 0.000000000000000000, 0.000000000000000000 ) ) ;
#3199 = DIRECTION ( 'NONE',  ( -0.000000000000000000, -0.000000000000000000, 1.000000000000000000 ) ) ;
#3200 = CARTESIAN_POINT ( 'NONE',  ( -200.0000000000000568, -200.0000000000000000, 10.00000000000000000 ) ) ;
#3201 = EDGE_CURVE ( 'NONE', #417, #661, #2943, .T. ) ;
#3202 = ORIENTED_EDGE ( 'NONE', *, *, #1655, .T. ) ;
#3203 = CARTESIAN_POINT ( 'NONE',  ( 299.9999999999999432, 5.551115123125782702E-14, 10.00000000000000000 ) ) ;
#3204 = DIRECTION ( 'NONE',  ( 0.000000000000000000, 0.000000000000000000, -1.000000000000000000 ) ) ;
#3205 = ORIENTED_EDGE ( 'NONE', *, *, #3016, .T. ) ;
#3206 = FACE_OUTER_BOUND ( 'NONE', #1568, .T. ) ;
#3207 = VECTOR ( 'NONE', #300, 1000.000000000000000 ) ;
#3208 = EDGE_CURVE ( 'NONE', #2652, #2376, #2585, .T. ) ;
#3209 = ORIENTED_EDGE ( 'NONE', *, *, #2583, .T. ) ;
#3210 = CYLINDRICAL_SURFACE ( 'NONE', #2299, 2.000000000000001776 ) ;
#3211 = ADVANCED_FACE ( 'NONE', ( #2565 ), #466, .T. ) ;
#3212 = EDGE_CURVE ( 'NONE', #1540, #947, #2109, .T. ) ;
#3213 = ORIENTED_EDGE ( 'NONE', *, *, #543, .F. ) ;
#3214 = DIRECTION ( 'NONE',  ( 1.000000000000000000, 1.156482317317871478E-16, 0.000000000000000000 ) ) ;
#3215 = AXIS2_PLACEMENT_3D ( 'NONE', #2512, #128, #902 ) ;
#3216 = ORIENTED_EDGE ( 'NONE', *, *, #2328, .T. ) ;
#3217 = CARTESIAN_POINT ( 'NONE',  ( 103.9999999999999147, -199.9999999999999432, 10.00000000000000000 ) ) ;
#3218 = LINE ( 'NONE', #1336, #1111 ) ;
#3219 = DIRECTION ( 'NONE',  ( 0.000000000000000000, 0.000000000000000000, 1.000000000000000000 ) ) ;
#3220 = DIRECTION ( 'NONE',  ( 0.000000000000000000, 0.000000000000000000, 1.000000000000000000 ) ) ;
#3221 = DIRECTION ( 'NONE',  ( 0.000000000000000000, 0.000000000000000000, -1.000000000000000000 ) ) ;
#3222 = DIRECTION ( 'NONE',  ( 0.000000000000000000, 0.000000000000000000, 1.000000000000000000 ) ) ;
#3223 = ORIENTED_EDGE ( 'NONE', *, *, #1399, .T. ) ;
#3224 = DIRECTION ( 'NONE',  ( 1.000000000000000000, 0.000000000000000000, 0.000000000000000000 ) ) ;
#3225 = ORIENTED_EDGE ( 'NONE', *, *, #2899, .T. ) ;
#3226 = DIRECTION ( 'NONE',  ( -0.000000000000000000, -0.000000000000000000, 1.000000000000000000 ) ) ;
#3227 = AXIS2_PLACEMENT_3D ( 'NONE', #1495, #2547, #165 ) ;
#3228 = VERTEX_POINT ( 'NONE', #511 ) ;
#3229 = DIRECTION ( 'NONE',  ( 1.000000000000000000, 0.000000000000000000, -0.000000000000000000 ) ) ;
#3230 = EDGE_CURVE ( 'NONE', #1871, #2576, #1170, .T. ) ;
#3231 = CIRCLE ( 'NONE', #443, 4.000000000000003553 ) ;
#3232 = CARTESIAN_POINT ( 'NONE',  ( -204.0000000000000568, -200.0000000000000000, 10.00000000000000000 ) ) ;
#3233 = AXIS2_PLACEMENT_3D ( 'NONE', #1889, #828, #1055 ) ;
#3234 = EDGE_CURVE ( 'NONE', #1024, #660, #3054, .T. ) ;
#3235 = EDGE_CURVE ( 'NONE', #1707, #774, #1725, .T. ) ;
#3236 = AXIS2_PLACEMENT_3D ( 'NONE', #2474, #94, #1162 ) ;
#3237 = DIRECTION ( 'NONE',  ( 1.000000000000000000, 0.000000000000000000, 0.000000000000000000 ) ) ;
#3238 = CARTESIAN_POINT ( 'NONE',  ( 299.9999999999999432, 5.551115123125782702E-14, 20.00000000000000000 ) ) ;
#3239 = DIRECTION ( 'NONE',  ( 1.000000000000000000, 0.000000000000000000, 0.000000000000000000 ) ) ;
#3240 = CARTESIAN_POINT ( 'NONE',  ( -360.0000000000000568, 249.9999999999999147, 18.00000000000000355 ) ) ;
#3241 = EDGE_LOOP ( 'NONE', ( #1341, #609, #894, #1190 ) ) ;
#3242 = DIRECTION ( 'NONE',  ( -0.000000000000000000, -0.000000000000000000, 1.000000000000000000 ) ) ;
#3243 = ORIENTED_EDGE ( 'NONE', *, *, #1637, .T. ) ;
#3244 = DIRECTION ( 'NONE',  ( 1.000000000000000000, 0.000000000000000000, 0.000000000000000000 ) ) ;
#3245 = ORIENTED_EDGE ( 'NONE', *, *, #547, .F. ) ;
#3246 = DIRECTION ( 'NONE',  ( 1.000000000000000000, 0.000000000000000000, 0.000000000000000000 ) ) ;
#3247 = AXIS2_PLACEMENT_3D ( 'NONE', #2450, #615, #144 ) ;
#3248 = AXIS2_PLACEMENT_3D ( 'NONE', #966, #2020, #3086 ) ;
#3249 = AXIS2_PLACEMENT_3D ( 'NONE', #1035, #3219, #2932 ) ;
#3250 = EDGE_CURVE ( 'NONE', #1054, #858, #3394, .T. ) ;
#3251 = CARTESIAN_POINT ( 'NONE',  ( -104.0000000000000568, 100.0000000000000284, 10.00000000000000000 ) ) ;
#3252 = AXIS2_PLACEMENT_3D ( 'NONE', #2487, #3039, #371 ) ;
#3253 = CARTESIAN_POINT ( 'NONE',  ( 103.9999999999999147, 5.551115123125782702E-14, 10.00000000000000000 ) ) ;
#3254 = EDGE_CURVE ( 'NONE', #2571, #2578, #3373, .T. ) ;
#3255 = VECTOR ( 'NONE', #1485, 1000.000000000000000 ) ;
#3256 = SPHERICAL_SURFACE ( 'NONE', #1023, 2.000000000000000000 ) ;
#3257 = DIRECTION ( 'NONE',  ( -1.000000000000000000, 0.000000000000000000, 0.000000000000000000 ) ) ;
#3258 = CARTESIAN_POINT ( 'NONE',  ( -204.0000000000000568, -100.0000000000000284, 10.00000000000000000 ) ) ;
#3259 = EDGE_LOOP ( 'NONE', ( #152, #711, #1600, #540 ) ) ;
#3260 = FACE_OUTER_BOUND ( 'NONE', #1522, .T. ) ;
#3261 = EDGE_LOOP ( 'NONE', ( #2000, #1061 ) ) ;
#3262 = PLANE ( 'NONE',  #1752 ) ;
#3263 = ORIENTED_EDGE ( 'NONE', *, *, #2348, .T. ) ;
#3264 = CARTESIAN_POINT ( 'NONE',  ( -300.0000000000000568, -200.0000000000000000, 20.00000000000000000 ) ) ;
#3265 = CIRCLE ( 'NONE', #3377, 4.000000000000003553 ) ;
#3266 = CARTESIAN_POINT ( 'NONE',  ( 357.9999999999999432, -249.9999999999999432, 1.999999999999998224 ) ) ;
#3267 = CARTESIAN_POINT ( 'NONE',  ( 357.9999999999999432, 248.0000000000000000, 18.00000000000000355 ) ) ;
#3268 =( NAMED_UNIT ( * ) SI_UNIT ( $, .STERADIAN. ) SOLID_ANGLE_UNIT ( ) );
#3269 = EDGE_CURVE ( 'NONE', #1136, #198, #1837, .T. ) ;
#3270 = FACE_OUTER_BOUND ( 'NONE', #2033, .T. ) ;
#3271 = LINE ( 'NONE', #3024, #2276 ) ;
#3272 = DIRECTION ( 'NONE',  ( 1.000000000000000000, 0.000000000000000000, 0.000000000000000000 ) ) ;
#3273 = CYLINDRICAL_SURFACE ( 'NONE', #3427, 4.000000000000003553 ) ;
#3274 = CARTESIAN_POINT ( 'NONE',  ( -300.0000000000000568, 100.0000000000000000, 10.00000000000000000 ) ) ;
#3275 = ADVANCED_FACE ( 'NONE', ( #250 ), #1012, .T. ) ;
#3276 = ORIENTED_EDGE ( 'NONE', *, *, #1489, .F. ) ;
#3277 = ORIENTED_EDGE ( 'NONE', *, *, #2769, .T. ) ;
#3278 = DIRECTION ( 'NONE',  ( 1.000000000000000000, 0.000000000000000000, 0.000000000000000000 ) ) ;
#3279 = EDGE_LOOP ( 'NONE', ( #2814, #269, #2724, #1555 ) ) ;
#3280 = CARTESIAN_POINT ( 'NONE',  ( -104.0000000000000568, -200.0000000000000000, 10.00000000000000000 ) ) ;
#3281 = PLANE ( 'NONE',  #1791 ) ;
#3282 = DIRECTION ( 'NONE',  ( -0.000000000000000000, -0.000000000000000000, 1.000000000000000000 ) ) ;
#3283 = CYLINDRICAL_SURFACE ( 'NONE', #748, 3.999999999999993339 ) ;
#3284 = AXIS2_PLACEMENT_3D ( 'NONE', #2204, #664, #3329 ) ;
#3285 = DIRECTION ( 'NONE',  ( -0.000000000000000000, -0.000000000000000000, 1.000000000000000000 ) ) ;
#3286 = PLANE ( 'NONE',  #1014 ) ;
#3287 = DIRECTION ( 'NONE',  ( 1.000000000000000000, 0.000000000000000000, 0.000000000000000000 ) ) ;
#3288 = DIRECTION ( 'NONE',  ( -0.000000000000000000, -0.000000000000000000, 1.000000000000000000 ) ) ;
#3289 = CYLINDRICAL_SURFACE ( 'NONE', #933, 2.000000000000001776 ) ;
#3290 = ORIENTED_EDGE ( 'NONE', *, *, #1669, .T. ) ;
#3291 = AXIS2_PLACEMENT_3D ( 'NONE', #1728, #3001, #2543 ) ;
#3292 = ORIENTED_EDGE ( 'NONE', *, *, #2838, .F. ) ;
#3293 = CARTESIAN_POINT ( 'NONE',  ( -5.551115123125782702E-14, 100.0000000000000284, 10.00000000000000000 ) ) ;
#3294 = ORIENTED_EDGE ( 'NONE', *, *, #2817, .T. ) ;
#3295 = CARTESIAN_POINT ( 'NONE',  ( 299.9999999999999432, 100.0000000000000711, 10.00000000000000000 ) ) ;
#3296 = EDGE_CURVE ( 'NONE', #694, #927, #1059, .T. ) ;
#3297 = ADVANCED_FACE ( 'NONE', ( #3107 ), #2842, .T. ) ;
#3298 = AXIS2_PLACEMENT_3D ( 'NONE', #3105, #969, #2298 ) ;
#3299 = CARTESIAN_POINT ( 'NONE',  ( -204.0000000000000568, 200.0000000000000000, 10.00000000000000000 ) ) ;
#3300 = DIRECTION ( 'NONE',  ( 0.000000000000000000, 0.000000000000000000, 1.000000000000000000 ) ) ;
#3301 = CIRCLE ( 'NONE', #2965, 4.000000000000003553 ) ;
#3302 = CIRCLE ( 'NONE', #1805, 4.000000000000003553 ) ;
#3303 = DIRECTION ( 'NONE',  ( 1.000000000000000000, 0.000000000000000000, 0.000000000000000000 ) ) ;
#3304 = LINE ( 'NONE', #2490, #3436 ) ;
#3305 = DIRECTION ( 'NONE',  ( 0.000000000000000000, 0.000000000000000000, 1.000000000000000000 ) ) ;
#3306 = FACE_OUTER_BOUND ( 'NONE', #1948, .T. ) ;
#3307 = CARTESIAN_POINT ( 'NONE',  ( 359.9999999999999432, 250.0000000000000000, 1.999999999999998224 ) ) ;
#3308 = FACE_OUTER_BOUND ( 'NONE', #2341, .T. ) ;
#3309 = EDGE_LOOP ( 'NONE', ( #2085, #1091, #3205, #1551 ) ) ;
#3310 = ORIENTED_EDGE ( 'NONE', *, *, #1105, .F. ) ;
#3311 = CARTESIAN_POINT ( 'NONE',  ( 195.9999999999998863, -199.9999999999999432, 10.00000000000000000 ) ) ;
#3312 = ORIENTED_EDGE ( 'NONE', *, *, #2331, .F. ) ;
#3313 = DIRECTION ( 'NONE',  ( 0.000000000000000000, 0.000000000000000000, 1.000000000000000000 ) ) ;
#3314 = EDGE_CURVE ( 'NONE', #3419, #1761, #2712, .T. ) ;
#3315 = EDGE_CURVE ( 'NONE', #1841, #1904, #1387, .T. ) ;
#3316 = LINE ( 'NONE', #3033, #2765 ) ;
#3317 = DIRECTION ( 'NONE',  ( 0.000000000000000000, 0.000000000000000000, -1.000000000000000000 ) ) ;
#3318 = VECTOR ( 'NONE', #211, 1000.000000000000000 ) ;
#3319 = FACE_OUTER_BOUND ( 'NONE', #170, .T. ) ;
#3320 = CYLINDRICAL_SURFACE ( 'NONE', #932, 4.000000000000003553 ) ;
#3321 = DIRECTION ( 'NONE',  ( 0.000000000000000000, 0.000000000000000000, 1.000000000000000000 ) ) ;
#3322 = DIRECTION ( 'NONE',  ( 0.000000000000000000, -0.000000000000000000, 1.000000000000000000 ) ) ;
#3323 = FACE_OUTER_BOUND ( 'NONE', #2412, .T. ) ;
#3324 = CARTESIAN_POINT ( 'NONE',  ( -300.0000000000000568, -100.0000000000000284, 10.00000000000000000 ) ) ;
#3325 = ORIENTED_EDGE ( 'NONE', *, *, #142, .F. ) ;
#3326 = ORIENTED_EDGE ( 'NONE', *, *, #1954, .T. ) ;
#3327 = CARTESIAN_POINT ( 'NONE',  ( -300.0000000000000568, 100.0000000000000000, 10.00000000000000000 ) ) ;
#3328 = VERTEX_POINT ( 'NONE', #2599 ) ;
#3329 = DIRECTION ( 'NONE',  ( 1.000000000000000000, 0.000000000000000000, 0.000000000000000000 ) ) ;
#3330 = EDGE_CURVE ( 'NONE', #1482, #252, #217, .T. ) ;
#3331 = DIRECTION ( 'NONE',  ( 0.000000000000000000, 0.000000000000000000, 1.000000000000000000 ) ) ;
#3332 = FACE_OUTER_BOUND ( 'NONE', #594, .T. ) ;
#3333 = AXIS2_PLACEMENT_3D ( 'NONE', #1146, #567, #1402 ) ;
#3334 = EDGE_CURVE ( 'NONE', #1841, #661, #2337, .T. ) ;
#3335 = FACE_OUTER_BOUND ( 'NONE', #591, .T. ) ;
#3336 = EDGE_CURVE ( 'NONE', #2576, #1871, #893, .T. ) ;
#3337 = DIRECTION ( 'NONE',  ( 0.000000000000000000, 0.000000000000000000, 1.000000000000000000 ) ) ;
#3338 = CYLINDRICAL_SURFACE ( 'NONE', #2266, 3.999999999999989786 ) ;
#3339 = FACE_BOUND ( 'NONE', #2913, .T. ) ;
#3340 = VERTEX_POINT ( 'NONE', #3162 ) ;
#3341 = CARTESIAN_POINT ( 'NONE',  ( -100.0000000000000568, 100.0000000000000284, 10.00000000000000000 ) ) ;
#3342 = VECTOR ( 'NONE', #2164, 1000.000000000000000 ) ;
#3343 = ORIENTED_EDGE ( 'NONE', *, *, #2370, .T. ) ;
#3344 = ORIENTED_EDGE ( 'NONE', *, *, #3334, .T. ) ;
#3345 = DIRECTION ( 'NONE',  ( 1.000000000000000000, 0.000000000000000000, 0.000000000000000000 ) ) ;
#3346 = EDGE_LOOP ( 'NONE', ( #1292, #1377, #1571, #1238 ) ) ;
#3347 = CARTESIAN_POINT ( 'NONE',  ( 95.99999999999992895, 100.0000000000000426, 10.00000000000000000 ) ) ;
#3348 = AXIS2_PLACEMENT_3D ( 'NONE', #550, #2423, #1340 ) ;
#3349 = DIRECTION ( 'NONE',  ( 0.000000000000000000, 0.000000000000000000, 1.000000000000000000 ) ) ;
#3350 = DIRECTION ( 'NONE',  ( 1.000000000000000000, 0.000000000000000000, 0.000000000000000000 ) ) ;
#3351 = ADVANCED_FACE ( 'NONE', ( #779 ), #2891, .T. ) ;
#3352 = DIRECTION ( 'NONE',  ( 1.000000000000000000, 0.000000000000000000, -0.000000000000000000 ) ) ;
#3353 = AXIS2_PLACEMENT_3D ( 'NONE', #290, #1844, #805 ) ;
#3354 = EDGE_CURVE ( 'NONE', #825, #3009, #1287, .T. ) ;
#3355 = LINE ( 'NONE', #1459, #1928 ) ;
#3356 = DIRECTION ( 'NONE',  ( 1.000000000000000000, 0.000000000000000000, -0.000000000000000000 ) ) ;
#3357 = CARTESIAN_POINT ( 'NONE',  ( 303.9999999999999432, -199.9999999999999432, 10.00000000000000000 ) ) ;
#3358 = CIRCLE ( 'NONE', #576, 4.000000000000003553 ) ;
#3359 = ORIENTED_EDGE ( 'NONE', *, *, #2260, .T. ) ;
#3360 = LINE ( 'NONE', #960, #399 ) ;
#3361 = ORIENTED_EDGE ( 'NONE', *, *, #40, .T. ) ;
#3362 = ORIENTED_EDGE ( 'NONE', *, *, #1765, .F. ) ;
#3363 = CARTESIAN_POINT ( 'NONE',  ( 99.99999999999992895, -199.9999999999999432, 10.00000000000000000 ) ) ;
#3364 = AXIS2_PLACEMENT_3D ( 'NONE', #1547, #3177, #2300 ) ;
#3365 = EDGE_LOOP ( 'NONE', ( #2868, #1260 ) ) ;
#3366 = DIRECTION ( 'NONE',  ( 0.000000000000000000, 0.000000000000000000, 1.000000000000000000 ) ) ;
#3367 = EDGE_LOOP ( 'NONE', ( #3153, #260, #979, #1427 ) ) ;
#3368 = AXIS2_PLACEMENT_3D ( 'NONE', #2462, #2980, #592 ) ;
#3369 = CARTESIAN_POINT ( 'NONE',  ( -200.0000000000000568, 0.000000000000000000, 10.00000000000000000 ) ) ;
#3370 = DIRECTION ( 'NONE',  ( 1.000000000000000000, 0.000000000000000000, 0.000000000000000000 ) ) ;
#3371 = DIRECTION ( 'NONE',  ( 0.000000000000000000, 0.000000000000000000, 1.000000000000000000 ) ) ;
#3372 = AXIS2_PLACEMENT_3D ( 'NONE', #281, #25, #2967 ) ;
#3373 = LINE ( 'NONE', #496, #1507 ) ;
#3374 = PLANE ( 'NONE',  #407 ) ;
#3375 = ADVANCED_FACE ( 'NONE', ( #2931 ), #2715, .F. ) ;
#3376 = VERTEX_POINT ( 'NONE', #3253 ) ;
#3377 = AXIS2_PLACEMENT_3D ( 'NONE', #194, #175, #1245 ) ;
#3378 = CARTESIAN_POINT ( 'NONE',  ( -5.551115123125782702E-14, -99.99999999999997158, 10.00000000000000000 ) ) ;
#3379 = VERTEX_POINT ( 'NONE', #317 ) ;
#3380 = EDGE_LOOP ( 'NONE', ( #1585, #1053, #2325, #2940 ) ) ;
#3381 = CARTESIAN_POINT ( 'NONE',  ( -100.0000000000000568, -100.0000000000000284, 10.00000000000000000 ) ) ;
#3382 = AXIS2_PLACEMENT_3D ( 'NONE', #807, #538, #1606 ) ;
#3383 = ORIENTED_EDGE ( 'NONE', *, *, #1058, .T. ) ;
#3384 = FACE_OUTER_BOUND ( 'NONE', #2886, .T. ) ;
#3385 = EDGE_LOOP ( 'NONE', ( #3028, #1295, #379, #1850 ) ) ;
#3386 = EDGE_CURVE ( 'NONE', #2376, #252, #1833, .T. ) ;
#3387 = AXIS2_PLACEMENT_3D ( 'NONE', #686, #2749, #667 ) ;
#3388 = DIRECTION ( 'NONE',  ( 1.000000000000000000, 0.000000000000000000, 0.000000000000000000 ) ) ;
#3389 = ORIENTED_EDGE ( 'NONE', *, *, #3160, .F. ) ;
#3390 = DIRECTION ( 'NONE',  ( 0.000000000000000000, 0.000000000000000000, 1.000000000000000000 ) ) ;
#3391 = CARTESIAN_POINT ( 'NONE',  ( -104.0000000000000568, 200.0000000000000284, 10.00000000000000000 ) ) ;
#3392 = DIRECTION ( 'NONE',  ( -0.000000000000000000, -0.000000000000000000, 1.000000000000000000 ) ) ;
#3393 = DIRECTION ( 'NONE',  ( 1.000000000000000000, 0.000000000000000000, 0.000000000000000000 ) ) ;
#3394 = CIRCLE ( 'NONE', #836, 2.000000000000001776 ) ;
#3395 = ORIENTED_EDGE ( 'NONE', *, *, #423, .F. ) ;
#3396 = ORIENTED_EDGE ( 'NONE', *, *, #205, .F. ) ;
#3397 = CARTESIAN_POINT ( 'NONE',  ( 359.9999999999999432, -247.9999999999999432, 20.00000000000000000 ) ) ;
#3398 = EDGE_LOOP ( 'NONE', ( #2418, #2137 ) ) ;
#3399 = VECTOR ( 'NONE', #3088, 1000.000000000000000 ) ;
#3400 = CARTESIAN_POINT ( 'NONE',  ( 99.99999999999992895, 100.0000000000000426, 10.00000000000000000 ) ) ;
#3401 = CIRCLE ( 'NONE', #897, 3.999999999999989786 ) ;
#3402 = ORIENTED_EDGE ( 'NONE', *, *, #1929, .T. ) ;
#3403 = CIRCLE ( 'NONE', #1729, 4.000000000000003553 ) ;
#3404 = EDGE_CURVE ( 'NONE', #2800, #554, #3218, .T. ) ;
#3405 = EDGE_CURVE ( 'NONE', #944, #521, #3000, .T. ) ;
#3406 = ORIENTED_EDGE ( 'NONE', *, *, #2413, .F. ) ;
#3407 = CARTESIAN_POINT ( 'NONE',  ( -196.0000000000000568, -100.0000000000000284, 20.00000000000000000 ) ) ;
#3408 = AXIS2_PLACEMENT_3D ( 'NONE', #114, #2252, #1498 ) ;
#3409 = VECTOR ( 'NONE', #472, 1000.000000000000000 ) ;
#3410 = LINE ( 'NONE', #2858, #2908 ) ;
#3411 = CARTESIAN_POINT ( 'NONE',  ( -5.551115123125782702E-14, 100.0000000000000284, 20.00000000000000000 ) ) ;
#3412 = DIRECTION ( 'NONE',  ( -1.000000000000000000, -2.312964634635742957E-16, 0.000000000000000000 ) ) ;
#3413 = AXIS2_PLACEMENT_3D ( 'NONE', #425, #442, #3370 ) ;
#3414 = CIRCLE ( 'NONE', #1910, 4.000000000000003553 ) ;
#3415 = VERTEX_POINT ( 'NONE', #2387 ) ;
#3416 = EDGE_LOOP ( 'NONE', ( #1763, #245, #1002, #1984 ) ) ;
#3417 = DIRECTION ( 'NONE',  ( 0.000000000000000000, 0.000000000000000000, 1.000000000000000000 ) ) ;
#3418 = AXIS2_PLACEMENT_3D ( 'NONE', #1877, #3163, #780 ) ;
#3419 = VERTEX_POINT ( 'NONE', #1386 ) ;
#3420 = CYLINDRICAL_SURFACE ( 'NONE', #1077, 4.000000000000003553 ) ;
#3421 = ORIENTED_EDGE ( 'NONE', *, *, #3201, .T. ) ;
#3422 = AXIS2_PLACEMENT_3D ( 'NONE', #954, #2510, #2008 ) ;
#3423 = EDGE_CURVE ( 'NONE', #3228, #1864, #495, .T. ) ;
#3424 = EDGE_CURVE ( 'NONE', #521, #589, #2178, .T. ) ;
#3425 = ORIENTED_EDGE ( 'NONE', *, *, #2053, .F. ) ;
#3426 = AXIS2_PLACEMENT_3D ( 'NONE', #1429, #557, #1623 ) ;
#3427 = AXIS2_PLACEMENT_3D ( 'NONE', #392, #3288, #905 ) ;
#3428 = CYLINDRICAL_SURFACE ( 'NONE', #34, 3.999999999999989786 ) ;
#3429 = CARTESIAN_POINT ( 'NONE',  ( -204.0000000000000568, 100.0000000000000142, 10.00000000000000000 ) ) ;
#3430 = DIRECTION ( 'NONE',  ( 1.000000000000000000, 0.000000000000000000, -0.000000000000000000 ) ) ;
#3431 = ORIENTED_EDGE ( 'NONE', *, *, #2307, .F. ) ;
#3432 = ORIENTED_EDGE ( 'NONE', *, *, #2385, .F. ) ;
#3433 = DIRECTION ( 'NONE',  ( 0.000000000000000000, 0.000000000000000000, 1.000000000000000000 ) ) ;
#3434 = ORIENTED_EDGE ( 'NONE', *, *, #2583, .F. ) ;
#3435 = CARTESIAN_POINT ( 'NONE',  ( -104.0000000000000568, -100.0000000000000284, 20.00000000000000000 ) ) ;
#3436 = VECTOR ( 'NONE', #373, 1000.000000000000000 ) ;
#3437 = ORIENTED_EDGE ( 'NONE', *, *, #1416, .T. ) ;
#3438 = CYLINDRICAL_SURFACE ( 'NONE', #1951, 4.000000000000003553 ) ;
#3439 = EDGE_LOOP ( 'NONE', ( #1083, #3168 ) ) ;
#3440 = ADVANCED_FACE ( 'NONE', ( #1369 ), #2685, .F. ) ;
#3441 = DIRECTION ( 'NONE',  ( 0.000000000000000000, 1.000000000000000000, 0.000000000000000000 ) ) ;
#3442 = EDGE_CURVE ( 'NONE', #1039, #1603, #833, .T. ) ;
#3443 = CARTESIAN_POINT ( 'NONE',  ( -304.0000000000000568, 4.898587196589404940E-16, 10.00000000000000000 ) ) ;
#3444 = CARTESIAN_POINT ( 'NONE',  ( 357.9999999999999432, 0.000000000000000000, 0.000000000000000000 ) ) ;
#3445 = EDGE_CURVE ( 'NONE', #2578, #1242, #3231, .T. ) ;
#3446 = AXIS2_PLACEMENT_3D ( 'NONE', #1962, #150, #2477 ) ;
#3447 = EDGE_LOOP ( 'NONE', ( #1037, #187 ) ) ;
#3448 = ORIENTED_EDGE ( 'NONE', *, *, #394, .T. ) ;
#3449 = DIRECTION ( 'NONE',  ( 1.000000000000000000, 0.000000000000000000, 0.000000000000000000 ) ) ;
#3450 = ORIENTED_EDGE ( 'NONE', *, *, #1713, .T. ) ;
#3451 = VECTOR ( 'NONE', #1034, 1000.000000000000000 ) ;
#3452 = CARTESIAN_POINT ( 'NONE',  ( 99.99999999999992895, 5.551115123125782702E-14, 10.00000000000000000 ) ) ;
#3453 = ORIENTED_EDGE ( 'NONE', *, *, #1634, .T. ) ;
#3454 = DIRECTION ( 'NONE',  ( 1.000000000000000000, 0.000000000000000000, 0.000000000000000000 ) ) ;
#3455 = ORIENTED_EDGE ( 'NONE', *, *, #113, .F. ) ;
ENDSEC;
END-ISO-10303-21;
